analysis_version,analysis_status,sensitivity_family,scenario,metric,scenario_total_N,numerator,denominator,missing_or_unavailable_n,proportion,observed_fraction_of_scenario_total,wilson95_low,wilson95_high,positive_paper_ids,available_paper_ids
WP9.8-R1-AUTHOR-VERIFIED-2026-08-01,author_verified_wp9_8_r1_controlled_integration,peer_review_status,main_claim_eligible_reference,synthetic_led_evidence,57,44,55,2,0.800,0.772,0.676,0.884,Baek2023_WellboreLeakage;Crain2023_MonitoringHistory;Diplas2026_DOEInjection;ESR_Chan2024_124;ESR_Chen2024_119;ESR_Falola2024_123;ESR_Hassani2024_118;ESR_Kadeethum2024_128;ESR_Kanakaki2025_045;ESR_Liu2025_121;ESR_Lozano2025_215;ESR_Nunez2023_166;ESR_Park2025_223;ESR_Pawar2023_168;ESR_Tang2024_135;ESR_Tariq2023_174;ESR_Wu2025_042;ESR_Zhang2025_115;ESR_Zheng2025_207;ESR_Zhou2026_127;Gahlot2025_DigitalShadow;Han2024_HierarchicalMCMC;Jiang2024_DSIHistoryMatching;Lin2020_PressureLeakage;Lu2022_BayesianOptimization;Mo2018_EncoderDecoderUQ;Seabra2024_AIEnhancedDA;Shokouhi2021_PhysicsInformedSite;TARGET_DRLGeoRisk2026_214483;TARGET_JointInversion2023_2022JB025372;Tang2022_DLDataAssimilationForecasting;Tang2024_GNNFaulted;Teng2024_LikelihoodFreeDA;VoThanh2026_DigitalTwinGNN;Wang2025_4DHistoryMatching;Wen2021_CCSNet;Wen2021_PlumeDNN;Wen2022_UFNO;Wen2023_NestedFNO;Witte2023_WNO;Yan2021_RobustDLWorkflow;Yin2022_XAILeakage;Zhang2021_LearningInversionFreeForecast;Zhong2019_PressureAnomaly,Arafath2025_MalayBasinML;Attanasi2025_ResourceML;Baek2023_WellboreLeakage;Crain2023_MonitoringHistory;Diplas2026_DOEInjection;ESR_Chan2024_124;ESR_Chen2024_119;ESR_Falola2024_123;ESR_Hassani2024_118;ESR_Kadeethum2024_128;ESR_Kanakaki2025_045;ESR_Liu2025_121;ESR_Lozano2025_215;ESR_Nunez2023_166;ESR_Park2025_223;ESR_Pawar2023_168;ESR_RefNone_173;ESR_Tang2022_226;ESR_Tang2024_135;ESR_Tariq2023_174;ESR_Um2024_091;ESR_Vishal2025_213;ESR_Wang2024_089;ESR_Wu2025_042;ESR_Zhang2025_115;ESR_Zhang2025_178;ESR_Zheng2025_207;ESR_Zhou2026_127;Gahlot2025_DigitalShadow;Han2024_HierarchicalMCMC;Jiang2024_DSIHistoryMatching;Leong2024_SeisCO2Net;Lin2020_PressureLeakage;Lu2022_BayesianOptimization;Lu2025_GISMLSite;Mo2018_EncoderDecoderUQ;Nassabeh2024_OffshoreSite;Seabra2024_AIEnhancedDA;Shokouhi2021_PhysicsInformedSite;TARGET_DRLGeoRisk2026_214483;TARGET_JointInversion2023_2022JB025372;Tang2022_DLDataAssimilationForecasting;Tang2024_GNNFaulted;Teng2024_LikelihoodFreeDA;VoThanh2026_DigitalTwinGNN;Wang2025_4DHistoryMatching;Wen2021_CCSNet;Wen2021_PlumeDNN;Wen2022_UFNO;Wen2023_NestedFNO;Witte2023_WNO;Yan2021_RobustDLWorkflow;Yin2022_XAILeakage;Zhang2021_LearningInversionFreeForecast;Zhong2019_PressureAnomaly
WP9.8-R1-AUTHOR-VERIFIED-2026-08-01,author_verified_wp9_8_r1_controlled_integration,peer_review_status,main_claim_eligible_reference,score_ge3::field_evidence_score,57,5,56,1,0.089,0.088,0.039,0.193,Arafath2025_MalayBasinML;ESR_Vishal2025_213;ESR_Wang2024_089;ESR_Zhang2025_178;Lu2025_GISMLSite,Arafath2025_MalayBasinML;Attanasi2025_ResourceML;Baek2023_WellboreLeakage;Crain2023_MonitoringHistory;Diplas2026_DOEInjection;ESR_Chan2024_124;ESR_Chen2024_119;ESR_Falola2024_123;ESR_Hassani2024_118;ESR_Kadeethum2024_128;ESR_Kanakaki2025_045;ESR_Lozano2025_215;ESR_Meng2025_211;ESR_Nunez2023_166;ESR_Park2025_223;ESR_Pawar2023_168;ESR_RefNone_173;ESR_Tang2022_226;ESR_Tang2024_135;ESR_Tariq2023_174;ESR_Um2024_091;ESR_Um2024_104;ESR_Vishal2025_213;ESR_Wang2024_089;ESR_Wu2025_042;ESR_Zhang2025_115;ESR_Zhang2025_178;ESR_Zheng2025_207;ESR_Zhou2026_127;Gahlot2025_DigitalShadow;Han2024_HierarchicalMCMC;Jiang2024_DSIHistoryMatching;Leong2024_SeisCO2Net;Lin2020_PressureLeakage;Lu2022_BayesianOptimization;Lu2025_GISMLSite;Mo2018_EncoderDecoderUQ;Nassabeh2024_OffshoreSite;Seabra2024_AIEnhancedDA;Shokouhi2021_PhysicsInformedSite;TARGET_DRLGeoRisk2026_214483;TARGET_JointInversion2023_2022JB025372;Tang2022_DLDataAssimilationForecasting;Tang2024_GNNFaulted;Teng2024_LikelihoodFreeDA;VoThanh2026_DigitalTwinGNN;Wang2025_4DHistoryMatching;Wen2021_CCSNet;Wen2021_PlumeDNN;Wen2022_UFNO;Wen2023_NestedFNO;Witte2023_WNO;Yan2021_RobustDLWorkflow;Yin2022_XAILeakage;Zhang2021_LearningInversionFreeForecast;Zhong2019_PressureAnomaly
WP9.8-R1-AUTHOR-VERIFIED-2026-08-01,author_verified_wp9_8_r1_controlled_integration,peer_review_status,main_claim_eligible_reference,score_ge3::physical_consistency_score,57,41,57,0,0.719,0.719,0.592,0.819,Baek2023_WellboreLeakage;Crain2023_MonitoringHistory;Diplas2026_DOEInjection;ESR_Chan2024_124;ESR_Chen2024_119;ESR_Falola2024_123;ESR_Kanakaki2025_045;ESR_Lozano2025_215;ESR_Meng2025_211;ESR_Nunez2023_166;ESR_Park2025_223;ESR_Tang2022_226;ESR_Tang2024_135;ESR_Tariq2023_174;ESR_Um2024_091;ESR_Um2024_104;ESR_Zhang2025_115;ESR_Zhang2025_178;ESR_Zheng2025_207;ESR_Zhou2026_127;Gahlot2025_DigitalShadow;Han2024_HierarchicalMCMC;Jiang2024_DSIHistoryMatching;Leong2024_SeisCO2Net;Lu2022_BayesianOptimization;Mo2018_EncoderDecoderUQ;Seabra2024_AIEnhancedDA;TARGET_DRLGeoRisk2026_214483;TARGET_JointInversion2023_2022JB025372;Tang2022_DLDataAssimilationForecasting;Tang2024_GNNFaulted;Teng2024_LikelihoodFreeDA;VoThanh2026_DigitalTwinGNN;Wang2025_4DHistoryMatching;Wen2021_CCSNet;Wen2021_PlumeDNN;Wen2022_UFNO;Wen2023_NestedFNO;Witte2023_WNO;Yan2021_RobustDLWorkflow;Yin2022_XAILeakage,Arafath2025_MalayBasinML;Attanasi2025_ResourceML;Baek2023_WellboreLeakage;Crain2023_MonitoringHistory;Diplas2026_DOEInjection;ESR_Chan2024_124;ESR_Chen2024_119;ESR_Falola2024_123;ESR_Hassani2024_118;ESR_Kadeethum2024_128;ESR_Kanakaki2025_045;ESR_Liu2025_121;ESR_Lozano2025_215;ESR_Meng2025_211;ESR_Nunez2023_166;ESR_Park2025_223;ESR_Pawar2023_168;ESR_RefNone_173;ESR_Tang2022_226;ESR_Tang2024_135;ESR_Tariq2023_174;ESR_Um2024_091;ESR_Um2024_104;ESR_Vishal2025_213;ESR_Wang2024_089;ESR_Wu2025_042;ESR_Zhang2025_115;ESR_Zhang2025_178;ESR_Zheng2025_207;ESR_Zhou2026_127;Gahlot2025_DigitalShadow;Han2024_HierarchicalMCMC;Jiang2024_DSIHistoryMatching;Leong2024_SeisCO2Net;Lin2020_PressureLeakage;Lu2022_BayesianOptimization;Lu2025_GISMLSite;Mo2018_EncoderDecoderUQ;Nassabeh2024_OffshoreSite;Seabra2024_AIEnhancedDA;Shokouhi2021_PhysicsInformedSite;TARGET_DRLGeoRisk2026_214483;TARGET_JointInversion2023_2022JB025372;Tang2022_DLDataAssimilationForecasting;Tang2024_GNNFaulted;Teng2024_LikelihoodFreeDA;VoThanh2026_DigitalTwinGNN;Wang2025_4DHistoryMatching;Wen2021_CCSNet;Wen2021_PlumeDNN;Wen2022_UFNO;Wen2023_NestedFNO;Witte2023_WNO;Yan2021_RobustDLWorkflow;Yin2022_XAILeakage;Zhang2021_LearningInversionFreeForecast;Zhong2019_PressureAnomaly
WP9.8-R1-AUTHOR-VERIFIED-2026-08-01,author_verified_wp9_8_r1_controlled_integration,peer_review_status,main_claim_eligible_reference,score_ge3::uncertainty_score,57,13,56,1,0.232,0.228,0.141,0.358,Crain2023_MonitoringHistory;ESR_Lozano2025_215;ESR_Tang2022_226;Gahlot2025_DigitalShadow;Han2024_HierarchicalMCMC;Jiang2024_DSIHistoryMatching;Mo2018_EncoderDecoderUQ;Seabra2024_AIEnhancedDA;Tang2022_DLDataAssimilationForecasting;Teng2024_LikelihoodFreeDA;VoThanh2026_DigitalTwinGNN;Wang2025_4DHistoryMatching;Zhang2021_LearningInversionFreeForecast,Arafath2025_MalayBasinML;Attanasi2025_ResourceML;Baek2023_WellboreLeakage;Crain2023_MonitoringHistory;Diplas2026_DOEInjection;ESR_Chan2024_124;ESR_Chen2024_119;ESR_Falola2024_123;ESR_Hassani2024_118;ESR_Kadeethum2024_128;ESR_Kanakaki2025_045;ESR_Lozano2025_215;ESR_Meng2025_211;ESR_Nunez2023_166;ESR_Park2025_223;ESR_Pawar2023_168;ESR_RefNone_173;ESR_Tang2022_226;ESR_Tang2024_135;ESR_Tariq2023_174;ESR_Um2024_091;ESR_Um2024_104;ESR_Vishal2025_213;ESR_Wang2024_089;ESR_Wu2025_042;ESR_Zhang2025_115;ESR_Zhang2025_178;ESR_Zheng2025_207;ESR_Zhou2026_127;Gahlot2025_DigitalShadow;Han2024_HierarchicalMCMC;Jiang2024_DSIHistoryMatching;Leong2024_SeisCO2Net;Lin2020_PressureLeakage;Lu2022_BayesianOptimization;Lu2025_GISMLSite;Mo2018_EncoderDecoderUQ;Nassabeh2024_OffshoreSite;Seabra2024_AIEnhancedDA;Shokouhi2021_PhysicsInformedSite;TARGET_DRLGeoRisk2026_214483;TARGET_JointInversion2023_2022JB025372;Tang2022_DLDataAssimilationForecasting;Tang2024_GNNFaulted;Teng2024_LikelihoodFreeDA;VoThanh2026_DigitalTwinGNN;Wang2025_4DHistoryMatching;Wen2021_CCSNet;Wen2021_PlumeDNN;Wen2022_UFNO;Wen2023_NestedFNO;Witte2023_WNO;Yan2021_RobustDLWorkflow;Yin2022_XAILeakage;Zhang2021_LearningInversionFreeForecast;Zhong2019_PressureAnomaly
WP9.8-R1-AUTHOR-VERIFIED-2026-08-01,author_verified_wp9_8_r1_controlled_integration,peer_review_status,main_claim_eligible_reference,score_ge3::transferability_score,57,6,56,1,0.107,0.105,0.050,0.215,ESR_Wu2025_042;Leong2024_SeisCO2Net;Lin2020_PressureLeakage;Seabra2024_AIEnhancedDA;Tang2022_DLDataAssimilationForecasting;Zhong2019_PressureAnomaly,Arafath2025_MalayBasinML;Attanasi2025_ResourceML;Baek2023_WellboreLeakage;Crain2023_MonitoringHistory;Diplas2026_DOEInjection;ESR_Chan2024_124;ESR_Chen2024_119;ESR_Falola2024_123;ESR_Hassani2024_118;ESR_Kadeethum2024_128;ESR_Kanakaki2025_045;ESR_Lozano2025_215;ESR_Meng2025_211;ESR_Nunez2023_166;ESR_Park2025_223;ESR_Pawar2023_168;ESR_RefNone_173;ESR_Tang2022_226;ESR_Tang2024_135;ESR_Tariq2023_174;ESR_Um2024_091;ESR_Um2024_104;ESR_Vishal2025_213;ESR_Wang2024_089;ESR_Wu2025_042;ESR_Zhang2025_115;ESR_Zhang2025_178;ESR_Zheng2025_207;ESR_Zhou2026_127;Gahlot2025_DigitalShadow;Han2024_HierarchicalMCMC;Jiang2024_DSIHistoryMatching;Leong2024_SeisCO2Net;Lin2020_PressureLeakage;Lu2022_BayesianOptimization;Lu2025_GISMLSite;Mo2018_EncoderDecoderUQ;Nassabeh2024_OffshoreSite;Seabra2024_AIEnhancedDA;Shokouhi2021_PhysicsInformedSite;TARGET_DRLGeoRisk2026_214483;TARGET_JointInversion2023_2022JB025372;Tang2022_DLDataAssimilationForecasting;Tang2024_GNNFaulted;Teng2024_LikelihoodFreeDA;VoThanh2026_DigitalTwinGNN;Wang2025_4DHistoryMatching;Wen2021_CCSNet;Wen2021_PlumeDNN;Wen2022_UFNO;Wen2023_NestedFNO;Witte2023_WNO;Yan2021_RobustDLWorkflow;Yin2022_XAILeakage;Zhang2021_LearningInversionFreeForecast;Zhong2019_PressureAnomaly
WP9.8-R1-AUTHOR-VERIFIED-2026-08-01,author_verified_wp9_8_r1_controlled_integration,peer_review_status,main_claim_eligible_reference,score_ge3::decision_readiness_score,57,8,57,0,0.140,0.140,0.073,0.253,Crain2023_MonitoringHistory;Diplas2026_DOEInjection;ESR_Tang2022_226;Lin2020_PressureLeakage;Lu2022_BayesianOptimization;TARGET_DRLGeoRisk2026_214483;Wang2025_4DHistoryMatching;Zhong2019_PressureAnomaly,Arafath2025_MalayBasinML;Attanasi2025_ResourceML;Baek2023_WellboreLeakage;Crain2023_MonitoringHistory;Diplas2026_DOEInjection;ESR_Chan2024_124;ESR_Chen2024_119;ESR_Falola2024_123;ESR_Hassani2024_118;ESR_Kadeethum2024_128;ESR_Kanakaki2025_045;ESR_Liu2025_121;ESR_Lozano2025_215;ESR_Meng2025_211;ESR_Nunez2023_166;ESR_Park2025_223;ESR_Pawar2023_168;ESR_RefNone_173;ESR_Tang2022_226;ESR_Tang2024_135;ESR_Tariq2023_174;ESR_Um2024_091;ESR_Um2024_104;ESR_Vishal2025_213;ESR_Wang2024_089;ESR_Wu2025_042;ESR_Zhang2025_115;ESR_Zhang2025_178;ESR_Zheng2025_207;ESR_Zhou2026_127;Gahlot2025_DigitalShadow;Han2024_HierarchicalMCMC;Jiang2024_DSIHistoryMatching;Leong2024_SeisCO2Net;Lin2020_PressureLeakage;Lu2022_BayesianOptimization;Lu2025_GISMLSite;Mo2018_EncoderDecoderUQ;Nassabeh2024_OffshoreSite;Seabra2024_AIEnhancedDA;Shokouhi2021_PhysicsInformedSite;TARGET_DRLGeoRisk2026_214483;TARGET_JointInversion2023_2022JB025372;Tang2022_DLDataAssimilationForecasting;Tang2024_GNNFaulted;Teng2024_LikelihoodFreeDA;VoThanh2026_DigitalTwinGNN;Wang2025_4DHistoryMatching;Wen2021_CCSNet;Wen2021_PlumeDNN;Wen2022_UFNO;Wen2023_NestedFNO;Witte2023_WNO;Yan2021_RobustDLWorkflow;Yin2022_XAILeakage;Zhang2021_LearningInversionFreeForecast;Zhong2019_PressureAnomaly
WP9.8-R1-AUTHOR-VERIFIED-2026-08-01,author_verified_wp9_8_r1_controlled_integration,peer_review_status,main_claim_eligible_reference,direct_field_validation,57,5,56,1,0.089,0.088,0.039,0.193,Arafath2025_MalayBasinML;ESR_Vishal2025_213;ESR_Wang2024_089;ESR_Zhang2025_178;Lu2025_GISMLSite,Arafath2025_MalayBasinML;Attanasi2025_ResourceML;Baek2023_WellboreLeakage;Crain2023_MonitoringHistory;Diplas2026_DOEInjection;ESR_Chan2024_124;ESR_Chen2024_119;ESR_Falola2024_123;ESR_Hassani2024_118;ESR_Kadeethum2024_128;ESR_Kanakaki2025_045;ESR_Lozano2025_215;ESR_Meng2025_211;ESR_Nunez2023_166;ESR_Park2025_223;ESR_Pawar2023_168;ESR_RefNone_173;ESR_Tang2022_226;ESR_Tang2024_135;ESR_Tariq2023_174;ESR_Um2024_091;ESR_Um2024_104;ESR_Vishal2025_213;ESR_Wang2024_089;ESR_Wu2025_042;ESR_Zhang2025_115;ESR_Zhang2025_178;ESR_Zheng2025_207;ESR_Zhou2026_127;Gahlot2025_DigitalShadow;Han2024_HierarchicalMCMC;Jiang2024_DSIHistoryMatching;Leong2024_SeisCO2Net;Lin2020_PressureLeakage;Lu2022_BayesianOptimization;Lu2025_GISMLSite;Mo2018_EncoderDecoderUQ;Nassabeh2024_OffshoreSite;Seabra2024_AIEnhancedDA;Shokouhi2021_PhysicsInformedSite;TARGET_DRLGeoRisk2026_214483;TARGET_JointInversion2023_2022JB025372;Tang2022_DLDataAssimilationForecasting;Tang2024_GNNFaulted;Teng2024_LikelihoodFreeDA;VoThanh2026_DigitalTwinGNN;Wang2025_4DHistoryMatching;Wen2021_CCSNet;Wen2021_PlumeDNN;Wen2022_UFNO;Wen2023_NestedFNO;Witte2023_WNO;Yan2021_RobustDLWorkflow;Yin2022_XAILeakage;Zhang2021_LearningInversionFreeForecast;Zhong2019_PressureAnomaly
WP9.8-R1-AUTHOR-VERIFIED-2026-08-01,author_verified_wp9_8_r1_controlled_integration,peer_review_status,main_claim_eligible_reference,controlled_release_ml_validation,57,5,56,1,0.089,0.088,0.039,0.193,ESR_Wang2024_089;ESR_Zhang2025_178;Leong2024_SeisCO2Net;Lin2020_PressureLeakage;Zhong2019_PressureAnomaly,Arafath2025_MalayBasinML;Attanasi2025_ResourceML;Baek2023_WellboreLeakage;Crain2023_MonitoringHistory;Diplas2026_DOEInjection;ESR_Chan2024_124;ESR_Chen2024_119;ESR_Falola2024_123;ESR_Hassani2024_118;ESR_Kadeethum2024_128;ESR_Kanakaki2025_045;ESR_Lozano2025_215;ESR_Meng2025_211;ESR_Nunez2023_166;ESR_Park2025_223;ESR_Pawar2023_168;ESR_RefNone_173;ESR_Tang2022_226;ESR_Tang2024_135;ESR_Tariq2023_174;ESR_Um2024_091;ESR_Um2024_104;ESR_Vishal2025_213;ESR_Wang2024_089;ESR_Wu2025_042;ESR_Zhang2025_115;ESR_Zhang2025_178;ESR_Zheng2025_207;ESR_Zhou2026_127;Gahlot2025_DigitalShadow;Han2024_HierarchicalMCMC;Jiang2024_DSIHistoryMatching;Leong2024_SeisCO2Net;Lin2020_PressureLeakage;Lu2022_BayesianOptimization;Lu2025_GISMLSite;Mo2018_EncoderDecoderUQ;Nassabeh2024_OffshoreSite;Seabra2024_AIEnhancedDA;Shokouhi2021_PhysicsInformedSite;TARGET_DRLGeoRisk2026_214483;TARGET_JointInversion2023_2022JB025372;Tang2022_DLDataAssimilationForecasting;Tang2024_GNNFaulted;Teng2024_LikelihoodFreeDA;VoThanh2026_DigitalTwinGNN;Wang2025_4DHistoryMatching;Wen2021_CCSNet;Wen2021_PlumeDNN;Wen2022_UFNO;Wen2023_NestedFNO;Witte2023_WNO;Yan2021_RobustDLWorkflow;Yin2022_XAILeakage;Zhang2021_LearningInversionFreeForecast;Zhong2019_PressureAnomaly
WP9.8-R1-AUTHOR-VERIFIED-2026-08-01,author_verified_wp9_8_r1_controlled_integration,peer_review_status,main_claim_eligible_reference,explicit_ood_testing,57,13,54,3,0.241,0.228,0.146,0.369,ESR_Chan2024_124;ESR_Hassani2024_118;ESR_Tang2022_226;ESR_Wu2025_042;ESR_Zhang2025_115;Leong2024_SeisCO2Net;Lin2020_PressureLeakage;Seabra2024_AIEnhancedDA;Tang2022_DLDataAssimilationForecasting;Tang2024_GNNFaulted;Wen2021_PlumeDNN;Wen2022_UFNO;Zhong2019_PressureAnomaly,Arafath2025_MalayBasinML;Attanasi2025_ResourceML;Baek2023_WellboreLeakage;Crain2023_MonitoringHistory;Diplas2026_DOEInjection;ESR_Chan2024_124;ESR_Chen2024_119;ESR_Falola2024_123;ESR_Hassani2024_118;ESR_Kadeethum2024_128;ESR_Kanakaki2025_045;ESR_Lozano2025_215;ESR_Meng2025_211;ESR_Nunez2023_166;ESR_Park2025_223;ESR_Pawar2023_168;ESR_RefNone_173;ESR_Tang2022_226;ESR_Tang2024_135;ESR_Tariq2023_174;ESR_Um2024_091;ESR_Um2024_104;ESR_Wang2024_089;ESR_Wu2025_042;ESR_Zhang2025_115;ESR_Zhang2025_178;ESR_Zheng2025_207;ESR_Zhou2026_127;Gahlot2025_DigitalShadow;Han2024_HierarchicalMCMC;Jiang2024_DSIHistoryMatching;Leong2024_SeisCO2Net;Lin2020_PressureLeakage;Lu2022_BayesianOptimization;Lu2025_GISMLSite;Mo2018_EncoderDecoderUQ;Nassabeh2024_OffshoreSite;Seabra2024_AIEnhancedDA;TARGET_DRLGeoRisk2026_214483;TARGET_JointInversion2023_2022JB025372;Tang2022_DLDataAssimilationForecasting;Tang2024_GNNFaulted;Teng2024_LikelihoodFreeDA;VoThanh2026_DigitalTwinGNN;Wang2025_4DHistoryMatching;Wen2021_CCSNet;Wen2021_PlumeDNN;Wen2022_UFNO;Wen2023_NestedFNO;Witte2023_WNO;Yan2021_RobustDLWorkflow;Yin2022_XAILeakage;Zhang2021_LearningInversionFreeForecast;Zhong2019_PressureAnomaly
WP9.8-R1-AUTHOR-VERIFIED-2026-08-01,author_verified_wp9_8_r1_controlled_integration,peer_review_status,main_claim_eligible_reference,explicit_cross_site_testing,57,1,55,2,0.018,0.018,0.003,0.096,ESR_Wu2025_042,Arafath2025_MalayBasinML;Attanasi2025_ResourceML;Baek2023_WellboreLeakage;Crain2023_MonitoringHistory;Diplas2026_DOEInjection;ESR_Chan2024_124;ESR_Chen2024_119;ESR_Falola2024_123;ESR_Hassani2024_118;ESR_Kadeethum2024_128;ESR_Kanakaki2025_045;ESR_Lozano2025_215;ESR_Meng2025_211;ESR_Nunez2023_166;ESR_Park2025_223;ESR_Pawar2023_168;ESR_RefNone_173;ESR_Tang2022_226;ESR_Tang2024_135;ESR_Tariq2023_174;ESR_Um2024_091;ESR_Um2024_104;ESR_Wang2024_089;ESR_Wu2025_042;ESR_Zhang2025_115;ESR_Zhang2025_178;ESR_Zheng2025_207;ESR_Zhou2026_127;Gahlot2025_DigitalShadow;Han2024_HierarchicalMCMC;Jiang2024_DSIHistoryMatching;Leong2024_SeisCO2Net;Lin2020_PressureLeakage;Lu2022_BayesianOptimization;Lu2025_GISMLSite;Mo2018_EncoderDecoderUQ;Nassabeh2024_OffshoreSite;Seabra2024_AIEnhancedDA;Shokouhi2021_PhysicsInformedSite;TARGET_DRLGeoRisk2026_214483;TARGET_JointInversion2023_2022JB025372;Tang2022_DLDataAssimilationForecasting;Tang2024_GNNFaulted;Teng2024_LikelihoodFreeDA;VoThanh2026_DigitalTwinGNN;Wang2025_4DHistoryMatching;Wen2021_CCSNet;Wen2021_PlumeDNN;Wen2022_UFNO;Wen2023_NestedFNO;Witte2023_WNO;Yan2021_RobustDLWorkflow;Yin2022_XAILeakage;Zhang2021_LearningInversionFreeForecast;Zhong2019_PressureAnomaly
WP9.8-R1-AUTHOR-VERIFIED-2026-08-01,author_verified_wp9_8_r1_controlled_integration,peer_review_status,main_claim_eligible_reference,uncertainty_calibration_or_posterior_check,57,13,47,10,0.277,0.228,0.169,0.418,Crain2023_MonitoringHistory;ESR_Lozano2025_215;ESR_Tang2022_226;Gahlot2025_DigitalShadow;Han2024_HierarchicalMCMC;Jiang2024_DSIHistoryMatching;Mo2018_EncoderDecoderUQ;Seabra2024_AIEnhancedDA;Tang2022_DLDataAssimilationForecasting;Teng2024_LikelihoodFreeDA;VoThanh2026_DigitalTwinGNN;Wang2025_4DHistoryMatching;Zhang2021_LearningInversionFreeForecast,Arafath2025_MalayBasinML;Attanasi2025_ResourceML;Crain2023_MonitoringHistory;Diplas2026_DOEInjection;ESR_Chan2024_124;ESR_Chen2024_119;ESR_Falola2024_123;ESR_Hassani2024_118;ESR_Kadeethum2024_128;ESR_Kanakaki2025_045;ESR_Lozano2025_215;ESR_Meng2025_211;ESR_Nunez2023_166;ESR_Park2025_223;ESR_Pawar2023_168;ESR_RefNone_173;ESR_Tang2022_226;ESR_Tang2024_135;ESR_Tariq2023_174;ESR_Um2024_091;ESR_Um2024_104;ESR_Wang2024_089;ESR_Zhang2025_115;ESR_Zhang2025_178;ESR_Zheng2025_207;ESR_Zhou2026_127;Gahlot2025_DigitalShadow;Han2024_HierarchicalMCMC;Jiang2024_DSIHistoryMatching;Lu2022_BayesianOptimization;Lu2025_GISMLSite;Mo2018_EncoderDecoderUQ;Nassabeh2024_OffshoreSite;Seabra2024_AIEnhancedDA;Shokouhi2021_PhysicsInformedSite;Tang2022_DLDataAssimilationForecasting;Tang2024_GNNFaulted;Teng2024_LikelihoodFreeDA;VoThanh2026_DigitalTwinGNN;Wang2025_4DHistoryMatching;Wen2021_PlumeDNN;Wen2022_UFNO;Witte2023_WNO;Yan2021_RobustDLWorkflow;Yin2022_XAILeakage;Zhang2021_LearningInversionFreeForecast;Zhong2019_PressureAnomaly
WP9.8-R1-AUTHOR-VERIFIED-2026-08-01,author_verified_wp9_8_r1_controlled_integration,peer_review_status,main_claim_eligible_reference,surrogate_error_propagation,57,4,20,37,0.200,0.070,0.081,0.416,Diplas2026_DOEInjection;Han2024_HierarchicalMCMC;Lu2022_BayesianOptimization;Wang2025_4DHistoryMatching,Attanasi2025_ResourceML;Baek2023_WellboreLeakage;Diplas2026_DOEInjection;ESR_Chan2024_124;ESR_Chen2024_119;ESR_Lozano2025_215;ESR_Meng2025_211;ESR_Tang2022_226;ESR_Wu2025_042;ESR_Zheng2025_207;Han2024_HierarchicalMCMC;Lu2022_BayesianOptimization;Mo2018_EncoderDecoderUQ;Seabra2024_AIEnhancedDA;TARGET_DRLGeoRisk2026_214483;Tang2022_DLDataAssimilationForecasting;Teng2024_LikelihoodFreeDA;Wang2025_4DHistoryMatching;Wen2021_CCSNet;Wen2023_NestedFNO
WP9.8-R1-AUTHOR-VERIFIED-2026-08-01,author_verified_wp9_8_r1_controlled_integration,peer_review_status,main_claim_eligible_reference,any_physical_diagnostic_checked,57,23,42,15,0.548,0.404,0.399,0.688,Baek2023_WellboreLeakage;Crain2023_MonitoringHistory;Diplas2026_DOEInjection;ESR_Chan2024_124;ESR_Kanakaki2025_045;ESR_Tang2022_226;ESR_Tang2024_135;ESR_Um2024_091;ESR_Zheng2025_207;Han2024_HierarchicalMCMC;Jiang2024_DSIHistoryMatching;Leong2024_SeisCO2Net;Mo2018_EncoderDecoderUQ;TARGET_DRLGeoRisk2026_214483;Tang2024_GNNFaulted;VoThanh2026_DigitalTwinGNN;Wen2021_CCSNet;Wen2021_PlumeDNN;Wen2022_UFNO;Wen2023_NestedFNO;Yan2021_RobustDLWorkflow;Yin2022_XAILeakage;Zhong2019_PressureAnomaly,Arafath2025_MalayBasinML;Attanasi2025_ResourceML;Baek2023_WellboreLeakage;Crain2023_MonitoringHistory;Diplas2026_DOEInjection;ESR_Chan2024_124;ESR_Chen2024_119;ESR_Hassani2024_118;ESR_Kanakaki2025_045;ESR_Meng2025_211;ESR_RefNone_173;ESR_Tang2022_226;ESR_Tang2024_135;ESR_Um2024_091;ESR_Um2024_104;ESR_Wang2024_089;ESR_Zheng2025_207;ESR_Zhou2026_127;Gahlot2025_DigitalShadow;Han2024_HierarchicalMCMC;Jiang2024_DSIHistoryMatching;Leong2024_SeisCO2Net;Lin2020_PressureLeakage;Lu2022_BayesianOptimization;Lu2025_GISMLSite;Mo2018_EncoderDecoderUQ;Nassabeh2024_OffshoreSite;TARGET_DRLGeoRisk2026_214483;TARGET_JointInversion2023_2022JB025372;Tang2022_DLDataAssimilationForecasting;Tang2024_GNNFaulted;Teng2024_LikelihoodFreeDA;VoThanh2026_DigitalTwinGNN;Wang2025_4DHistoryMatching;Wen2021_CCSNet;Wen2021_PlumeDNN;Wen2022_UFNO;Wen2023_NestedFNO;Yan2021_RobustDLWorkflow;Yin2022_XAILeakage;Zhang2021_LearningInversionFreeForecast;Zhong2019_PressureAnomaly
WP9.8-R1-AUTHOR-VERIFIED-2026-08-01,author_verified_wp9_8_r1_controlled_integration,peer_review_status,main_claim_eligible_reference,red_zone_recode_criticality,57,0,0,57,,0.000,,,,
WP9.8-R1-AUTHOR-VERIFIED-2026-08-01,author_verified_wp9_8_r1_controlled_integration,peer_review_status,peer_reviewed_journal_only,synthetic_led_evidence,36,28,35,1,0.800,0.778,0.641,0.900,Baek2023_WellboreLeakage;Diplas2026_DOEInjection;ESR_Chan2024_124;ESR_Kadeethum2024_128;ESR_Kanakaki2025_045;ESR_Liu2025_121;ESR_Lozano2025_215;ESR_Nunez2023_166;ESR_Park2025_223;ESR_Tang2024_135;ESR_Zhang2025_115;ESR_Zheng2025_207;Gahlot2025_DigitalShadow;Mo2018_EncoderDecoderUQ;Seabra2024_AIEnhancedDA;Shokouhi2021_PhysicsInformedSite;TARGET_DRLGeoRisk2026_214483;TARGET_JointInversion2023_2022JB025372;Tang2022_DLDataAssimilationForecasting;Teng2024_LikelihoodFreeDA;VoThanh2026_DigitalTwinGNN;Wen2021_CCSNet;Wen2022_UFNO;Wen2023_NestedFNO;Witte2023_WNO;Yan2021_RobustDLWorkflow;Yin2022_XAILeakage;Zhong2019_PressureAnomaly,Arafath2025_MalayBasinML;Baek2023_WellboreLeakage;Diplas2026_DOEInjection;ESR_Chan2024_124;ESR_Kadeethum2024_128;ESR_Kanakaki2025_045;ESR_Liu2025_121;ESR_Lozano2025_215;ESR_Nunez2023_166;ESR_Park2025_223;ESR_Tang2022_226;ESR_Tang2024_135;ESR_Wang2024_089;ESR_Zhang2025_115;ESR_Zhang2025_178;ESR_Zheng2025_207;Gahlot2025_DigitalShadow;Leong2024_SeisCO2Net;Lu2025_GISMLSite;Mo2018_EncoderDecoderUQ;Nassabeh2024_OffshoreSite;Seabra2024_AIEnhancedDA;Shokouhi2021_PhysicsInformedSite;TARGET_DRLGeoRisk2026_214483;TARGET_JointInversion2023_2022JB025372;Tang2022_DLDataAssimilationForecasting;Teng2024_LikelihoodFreeDA;VoThanh2026_DigitalTwinGNN;Wen2021_CCSNet;Wen2022_UFNO;Wen2023_NestedFNO;Witte2023_WNO;Yan2021_RobustDLWorkflow;Yin2022_XAILeakage;Zhong2019_PressureAnomaly
WP9.8-R1-AUTHOR-VERIFIED-2026-08-01,author_verified_wp9_8_r1_controlled_integration,peer_review_status,peer_reviewed_journal_only,score_ge3::field_evidence_score,36,4,35,1,0.114,0.111,0.045,0.260,Arafath2025_MalayBasinML;ESR_Wang2024_089;ESR_Zhang2025_178;Lu2025_GISMLSite,Arafath2025_MalayBasinML;Baek2023_WellboreLeakage;Diplas2026_DOEInjection;ESR_Chan2024_124;ESR_Kadeethum2024_128;ESR_Kanakaki2025_045;ESR_Lozano2025_215;ESR_Meng2025_211;ESR_Nunez2023_166;ESR_Park2025_223;ESR_Tang2022_226;ESR_Tang2024_135;ESR_Wang2024_089;ESR_Zhang2025_115;ESR_Zhang2025_178;ESR_Zheng2025_207;Gahlot2025_DigitalShadow;Leong2024_SeisCO2Net;Lu2025_GISMLSite;Mo2018_EncoderDecoderUQ;Nassabeh2024_OffshoreSite;Seabra2024_AIEnhancedDA;Shokouhi2021_PhysicsInformedSite;TARGET_DRLGeoRisk2026_214483;TARGET_JointInversion2023_2022JB025372;Tang2022_DLDataAssimilationForecasting;Teng2024_LikelihoodFreeDA;VoThanh2026_DigitalTwinGNN;Wen2021_CCSNet;Wen2022_UFNO;Wen2023_NestedFNO;Witte2023_WNO;Yan2021_RobustDLWorkflow;Yin2022_XAILeakage;Zhong2019_PressureAnomaly
WP9.8-R1-AUTHOR-VERIFIED-2026-08-01,author_verified_wp9_8_r1_controlled_integration,peer_review_status,peer_reviewed_journal_only,score_ge3::physical_consistency_score,36,28,36,0,0.778,0.778,0.619,0.883,Baek2023_WellboreLeakage;Diplas2026_DOEInjection;ESR_Chan2024_124;ESR_Kanakaki2025_045;ESR_Lozano2025_215;ESR_Meng2025_211;ESR_Nunez2023_166;ESR_Park2025_223;ESR_Tang2022_226;ESR_Tang2024_135;ESR_Zhang2025_115;ESR_Zhang2025_178;ESR_Zheng2025_207;Gahlot2025_DigitalShadow;Leong2024_SeisCO2Net;Mo2018_EncoderDecoderUQ;Seabra2024_AIEnhancedDA;TARGET_DRLGeoRisk2026_214483;TARGET_JointInversion2023_2022JB025372;Tang2022_DLDataAssimilationForecasting;Teng2024_LikelihoodFreeDA;VoThanh2026_DigitalTwinGNN;Wen2021_CCSNet;Wen2022_UFNO;Wen2023_NestedFNO;Witte2023_WNO;Yan2021_RobustDLWorkflow;Yin2022_XAILeakage,Arafath2025_MalayBasinML;Baek2023_WellboreLeakage;Diplas2026_DOEInjection;ESR_Chan2024_124;ESR_Kadeethum2024_128;ESR_Kanakaki2025_045;ESR_Liu2025_121;ESR_Lozano2025_215;ESR_Meng2025_211;ESR_Nunez2023_166;ESR_Park2025_223;ESR_Tang2022_226;ESR_Tang2024_135;ESR_Wang2024_089;ESR_Zhang2025_115;ESR_Zhang2025_178;ESR_Zheng2025_207;Gahlot2025_DigitalShadow;Leong2024_SeisCO2Net;Lu2025_GISMLSite;Mo2018_EncoderDecoderUQ;Nassabeh2024_OffshoreSite;Seabra2024_AIEnhancedDA;Shokouhi2021_PhysicsInformedSite;TARGET_DRLGeoRisk2026_214483;TARGET_JointInversion2023_2022JB025372;Tang2022_DLDataAssimilationForecasting;Teng2024_LikelihoodFreeDA;VoThanh2026_DigitalTwinGNN;Wen2021_CCSNet;Wen2022_UFNO;Wen2023_NestedFNO;Witte2023_WNO;Yan2021_RobustDLWorkflow;Yin2022_XAILeakage;Zhong2019_PressureAnomaly
WP9.8-R1-AUTHOR-VERIFIED-2026-08-01,author_verified_wp9_8_r1_controlled_integration,peer_review_status,peer_reviewed_journal_only,score_ge3::uncertainty_score,36,8,35,1,0.229,0.222,0.121,0.390,ESR_Lozano2025_215;ESR_Tang2022_226;Gahlot2025_DigitalShadow;Mo2018_EncoderDecoderUQ;Seabra2024_AIEnhancedDA;Tang2022_DLDataAssimilationForecasting;Teng2024_LikelihoodFreeDA;VoThanh2026_DigitalTwinGNN,Arafath2025_MalayBasinML;Baek2023_WellboreLeakage;Diplas2026_DOEInjection;ESR_Chan2024_124;ESR_Kadeethum2024_128;ESR_Kanakaki2025_045;ESR_Lozano2025_215;ESR_Meng2025_211;ESR_Nunez2023_166;ESR_Park2025_223;ESR_Tang2022_226;ESR_Tang2024_135;ESR_Wang2024_089;ESR_Zhang2025_115;ESR_Zhang2025_178;ESR_Zheng2025_207;Gahlot2025_DigitalShadow;Leong2024_SeisCO2Net;Lu2025_GISMLSite;Mo2018_EncoderDecoderUQ;Nassabeh2024_OffshoreSite;Seabra2024_AIEnhancedDA;Shokouhi2021_PhysicsInformedSite;TARGET_DRLGeoRisk2026_214483;TARGET_JointInversion2023_2022JB025372;Tang2022_DLDataAssimilationForecasting;Teng2024_LikelihoodFreeDA;VoThanh2026_DigitalTwinGNN;Wen2021_CCSNet;Wen2022_UFNO;Wen2023_NestedFNO;Witte2023_WNO;Yan2021_RobustDLWorkflow;Yin2022_XAILeakage;Zhong2019_PressureAnomaly
WP9.8-R1-AUTHOR-VERIFIED-2026-08-01,author_verified_wp9_8_r1_controlled_integration,peer_review_status,peer_reviewed_journal_only,score_ge3::transferability_score,36,4,35,1,0.114,0.111,0.045,0.260,Leong2024_SeisCO2Net;Seabra2024_AIEnhancedDA;Tang2022_DLDataAssimilationForecasting;Zhong2019_PressureAnomaly,Arafath2025_MalayBasinML;Baek2023_WellboreLeakage;Diplas2026_DOEInjection;ESR_Chan2024_124;ESR_Kadeethum2024_128;ESR_Kanakaki2025_045;ESR_Lozano2025_215;ESR_Meng2025_211;ESR_Nunez2023_166;ESR_Park2025_223;ESR_Tang2022_226;ESR_Tang2024_135;ESR_Wang2024_089;ESR_Zhang2025_115;ESR_Zhang2025_178;ESR_Zheng2025_207;Gahlot2025_DigitalShadow;Leong2024_SeisCO2Net;Lu2025_GISMLSite;Mo2018_EncoderDecoderUQ;Nassabeh2024_OffshoreSite;Seabra2024_AIEnhancedDA;Shokouhi2021_PhysicsInformedSite;TARGET_DRLGeoRisk2026_214483;TARGET_JointInversion2023_2022JB025372;Tang2022_DLDataAssimilationForecasting;Teng2024_LikelihoodFreeDA;VoThanh2026_DigitalTwinGNN;Wen2021_CCSNet;Wen2022_UFNO;Wen2023_NestedFNO;Witte2023_WNO;Yan2021_RobustDLWorkflow;Yin2022_XAILeakage;Zhong2019_PressureAnomaly
WP9.8-R1-AUTHOR-VERIFIED-2026-08-01,author_verified_wp9_8_r1_controlled_integration,peer_review_status,peer_reviewed_journal_only,score_ge3::decision_readiness_score,36,4,36,0,0.111,0.111,0.044,0.253,Diplas2026_DOEInjection;ESR_Tang2022_226;TARGET_DRLGeoRisk2026_214483;Zhong2019_PressureAnomaly,Arafath2025_MalayBasinML;Baek2023_WellboreLeakage;Diplas2026_DOEInjection;ESR_Chan2024_124;ESR_Kadeethum2024_128;ESR_Kanakaki2025_045;ESR_Liu2025_121;ESR_Lozano2025_215;ESR_Meng2025_211;ESR_Nunez2023_166;ESR_Park2025_223;ESR_Tang2022_226;ESR_Tang2024_135;ESR_Wang2024_089;ESR_Zhang2025_115;ESR_Zhang2025_178;ESR_Zheng2025_207;Gahlot2025_DigitalShadow;Leong2024_SeisCO2Net;Lu2025_GISMLSite;Mo2018_EncoderDecoderUQ;Nassabeh2024_OffshoreSite;Seabra2024_AIEnhancedDA;Shokouhi2021_PhysicsInformedSite;TARGET_DRLGeoRisk2026_214483;TARGET_JointInversion2023_2022JB025372;Tang2022_DLDataAssimilationForecasting;Teng2024_LikelihoodFreeDA;VoThanh2026_DigitalTwinGNN;Wen2021_CCSNet;Wen2022_UFNO;Wen2023_NestedFNO;Witte2023_WNO;Yan2021_RobustDLWorkflow;Yin2022_XAILeakage;Zhong2019_PressureAnomaly
WP9.8-R1-AUTHOR-VERIFIED-2026-08-01,author_verified_wp9_8_r1_controlled_integration,peer_review_status,peer_reviewed_journal_only,direct_field_validation,36,4,35,1,0.114,0.111,0.045,0.260,Arafath2025_MalayBasinML;ESR_Wang2024_089;ESR_Zhang2025_178;Lu2025_GISMLSite,Arafath2025_MalayBasinML;Baek2023_WellboreLeakage;Diplas2026_DOEInjection;ESR_Chan2024_124;ESR_Kadeethum2024_128;ESR_Kanakaki2025_045;ESR_Lozano2025_215;ESR_Meng2025_211;ESR_Nunez2023_166;ESR_Park2025_223;ESR_Tang2022_226;ESR_Tang2024_135;ESR_Wang2024_089;ESR_Zhang2025_115;ESR_Zhang2025_178;ESR_Zheng2025_207;Gahlot2025_DigitalShadow;Leong2024_SeisCO2Net;Lu2025_GISMLSite;Mo2018_EncoderDecoderUQ;Nassabeh2024_OffshoreSite;Seabra2024_AIEnhancedDA;Shokouhi2021_PhysicsInformedSite;TARGET_DRLGeoRisk2026_214483;TARGET_JointInversion2023_2022JB025372;Tang2022_DLDataAssimilationForecasting;Teng2024_LikelihoodFreeDA;VoThanh2026_DigitalTwinGNN;Wen2021_CCSNet;Wen2022_UFNO;Wen2023_NestedFNO;Witte2023_WNO;Yan2021_RobustDLWorkflow;Yin2022_XAILeakage;Zhong2019_PressureAnomaly
WP9.8-R1-AUTHOR-VERIFIED-2026-08-01,author_verified_wp9_8_r1_controlled_integration,peer_review_status,peer_reviewed_journal_only,controlled_release_ml_validation,36,4,35,1,0.114,0.111,0.045,0.260,ESR_Wang2024_089;ESR_Zhang2025_178;Leong2024_SeisCO2Net;Zhong2019_PressureAnomaly,Arafath2025_MalayBasinML;Baek2023_WellboreLeakage;Diplas2026_DOEInjection;ESR_Chan2024_124;ESR_Kadeethum2024_128;ESR_Kanakaki2025_045;ESR_Lozano2025_215;ESR_Meng2025_211;ESR_Nunez2023_166;ESR_Park2025_223;ESR_Tang2022_226;ESR_Tang2024_135;ESR_Wang2024_089;ESR_Zhang2025_115;ESR_Zhang2025_178;ESR_Zheng2025_207;Gahlot2025_DigitalShadow;Leong2024_SeisCO2Net;Lu2025_GISMLSite;Mo2018_EncoderDecoderUQ;Nassabeh2024_OffshoreSite;Seabra2024_AIEnhancedDA;Shokouhi2021_PhysicsInformedSite;TARGET_DRLGeoRisk2026_214483;TARGET_JointInversion2023_2022JB025372;Tang2022_DLDataAssimilationForecasting;Teng2024_LikelihoodFreeDA;VoThanh2026_DigitalTwinGNN;Wen2021_CCSNet;Wen2022_UFNO;Wen2023_NestedFNO;Witte2023_WNO;Yan2021_RobustDLWorkflow;Yin2022_XAILeakage;Zhong2019_PressureAnomaly
WP9.8-R1-AUTHOR-VERIFIED-2026-08-01,author_verified_wp9_8_r1_controlled_integration,peer_review_status,peer_reviewed_journal_only,explicit_ood_testing,36,8,34,2,0.235,0.222,0.124,0.400,ESR_Chan2024_124;ESR_Tang2022_226;ESR_Zhang2025_115;Leong2024_SeisCO2Net;Seabra2024_AIEnhancedDA;Tang2022_DLDataAssimilationForecasting;Wen2022_UFNO;Zhong2019_PressureAnomaly,Arafath2025_MalayBasinML;Baek2023_WellboreLeakage;Diplas2026_DOEInjection;ESR_Chan2024_124;ESR_Kadeethum2024_128;ESR_Kanakaki2025_045;ESR_Lozano2025_215;ESR_Meng2025_211;ESR_Nunez2023_166;ESR_Park2025_223;ESR_Tang2022_226;ESR_Tang2024_135;ESR_Wang2024_089;ESR_Zhang2025_115;ESR_Zhang2025_178;ESR_Zheng2025_207;Gahlot2025_DigitalShadow;Leong2024_SeisCO2Net;Lu2025_GISMLSite;Mo2018_EncoderDecoderUQ;Nassabeh2024_OffshoreSite;Seabra2024_AIEnhancedDA;TARGET_DRLGeoRisk2026_214483;TARGET_JointInversion2023_2022JB025372;Tang2022_DLDataAssimilationForecasting;Teng2024_LikelihoodFreeDA;VoThanh2026_DigitalTwinGNN;Wen2021_CCSNet;Wen2022_UFNO;Wen2023_NestedFNO;Witte2023_WNO;Yan2021_RobustDLWorkflow;Yin2022_XAILeakage;Zhong2019_PressureAnomaly
WP9.8-R1-AUTHOR-VERIFIED-2026-08-01,author_verified_wp9_8_r1_controlled_integration,peer_review_status,peer_reviewed_journal_only,explicit_cross_site_testing,36,0,35,1,0.000,0.000,0.000,0.099,,Arafath2025_MalayBasinML;Baek2023_WellboreLeakage;Diplas2026_DOEInjection;ESR_Chan2024_124;ESR_Kadeethum2024_128;ESR_Kanakaki2025_045;ESR_Lozano2025_215;ESR_Meng2025_211;ESR_Nunez2023_166;ESR_Park2025_223;ESR_Tang2022_226;ESR_Tang2024_135;ESR_Wang2024_089;ESR_Zhang2025_115;ESR_Zhang2025_178;ESR_Zheng2025_207;Gahlot2025_DigitalShadow;Leong2024_SeisCO2Net;Lu2025_GISMLSite;Mo2018_EncoderDecoderUQ;Nassabeh2024_OffshoreSite;Seabra2024_AIEnhancedDA;Shokouhi2021_PhysicsInformedSite;TARGET_DRLGeoRisk2026_214483;TARGET_JointInversion2023_2022JB025372;Tang2022_DLDataAssimilationForecasting;Teng2024_LikelihoodFreeDA;VoThanh2026_DigitalTwinGNN;Wen2021_CCSNet;Wen2022_UFNO;Wen2023_NestedFNO;Witte2023_WNO;Yan2021_RobustDLWorkflow;Yin2022_XAILeakage;Zhong2019_PressureAnomaly
WP9.8-R1-AUTHOR-VERIFIED-2026-08-01,author_verified_wp9_8_r1_controlled_integration,peer_review_status,peer_reviewed_journal_only,uncertainty_calibration_or_posterior_check,36,8,29,7,0.276,0.222,0.147,0.457,ESR_Lozano2025_215;ESR_Tang2022_226;Gahlot2025_DigitalShadow;Mo2018_EncoderDecoderUQ;Seabra2024_AIEnhancedDA;Tang2022_DLDataAssimilationForecasting;Teng2024_LikelihoodFreeDA;VoThanh2026_DigitalTwinGNN,Arafath2025_MalayBasinML;Diplas2026_DOEInjection;ESR_Chan2024_124;ESR_Kadeethum2024_128;ESR_Kanakaki2025_045;ESR_Lozano2025_215;ESR_Meng2025_211;ESR_Nunez2023_166;ESR_Park2025_223;ESR_Tang2022_226;ESR_Tang2024_135;ESR_Wang2024_089;ESR_Zhang2025_115;ESR_Zhang2025_178;ESR_Zheng2025_207;Gahlot2025_DigitalShadow;Lu2025_GISMLSite;Mo2018_EncoderDecoderUQ;Nassabeh2024_OffshoreSite;Seabra2024_AIEnhancedDA;Shokouhi2021_PhysicsInformedSite;Tang2022_DLDataAssimilationForecasting;Teng2024_LikelihoodFreeDA;VoThanh2026_DigitalTwinGNN;Wen2022_UFNO;Witte2023_WNO;Yan2021_RobustDLWorkflow;Yin2022_XAILeakage;Zhong2019_PressureAnomaly
WP9.8-R1-AUTHOR-VERIFIED-2026-08-01,author_verified_wp9_8_r1_controlled_integration,peer_review_status,peer_reviewed_journal_only,surrogate_error_propagation,36,1,14,22,0.071,0.028,0.013,0.315,Diplas2026_DOEInjection,Baek2023_WellboreLeakage;Diplas2026_DOEInjection;ESR_Chan2024_124;ESR_Lozano2025_215;ESR_Meng2025_211;ESR_Tang2022_226;ESR_Zheng2025_207;Mo2018_EncoderDecoderUQ;Seabra2024_AIEnhancedDA;TARGET_DRLGeoRisk2026_214483;Tang2022_DLDataAssimilationForecasting;Teng2024_LikelihoodFreeDA;Wen2021_CCSNet;Wen2023_NestedFNO
WP9.8-R1-AUTHOR-VERIFIED-2026-08-01,author_verified_wp9_8_r1_controlled_integration,peer_review_status,peer_reviewed_journal_only,any_physical_diagnostic_checked,36,17,26,10,0.654,0.472,0.462,0.806,Baek2023_WellboreLeakage;Diplas2026_DOEInjection;ESR_Chan2024_124;ESR_Kanakaki2025_045;ESR_Tang2022_226;ESR_Tang2024_135;ESR_Zheng2025_207;Leong2024_SeisCO2Net;Mo2018_EncoderDecoderUQ;TARGET_DRLGeoRisk2026_214483;VoThanh2026_DigitalTwinGNN;Wen2021_CCSNet;Wen2022_UFNO;Wen2023_NestedFNO;Yan2021_RobustDLWorkflow;Yin2022_XAILeakage;Zhong2019_PressureAnomaly,Arafath2025_MalayBasinML;Baek2023_WellboreLeakage;Diplas2026_DOEInjection;ESR_Chan2024_124;ESR_Kanakaki2025_045;ESR_Meng2025_211;ESR_Tang2022_226;ESR_Tang2024_135;ESR_Wang2024_089;ESR_Zheng2025_207;Gahlot2025_DigitalShadow;Leong2024_SeisCO2Net;Lu2025_GISMLSite;Mo2018_EncoderDecoderUQ;Nassabeh2024_OffshoreSite;TARGET_DRLGeoRisk2026_214483;TARGET_JointInversion2023_2022JB025372;Tang2022_DLDataAssimilationForecasting;Teng2024_LikelihoodFreeDA;VoThanh2026_DigitalTwinGNN;Wen2021_CCSNet;Wen2022_UFNO;Wen2023_NestedFNO;Yan2021_RobustDLWorkflow;Yin2022_XAILeakage;Zhong2019_PressureAnomaly
WP9.8-R1-AUTHOR-VERIFIED-2026-08-01,author_verified_wp9_8_r1_controlled_integration,peer_review_status,peer_reviewed_journal_only,red_zone_recode_criticality,36,0,0,36,,0.000,,,,
WP9.8-R1-AUTHOR-VERIFIED-2026-08-01,author_verified_wp9_8_r1_controlled_integration,corpus_scope,main_claim_eligible,synthetic_led_evidence,57,44,55,2,0.800,0.772,0.676,0.884,Baek2023_WellboreLeakage;Crain2023_MonitoringHistory;Diplas2026_DOEInjection;ESR_Chan2024_124;ESR_Chen2024_119;ESR_Falola2024_123;ESR_Hassani2024_118;ESR_Kadeethum2024_128;ESR_Kanakaki2025_045;ESR_Liu2025_121;ESR_Lozano2025_215;ESR_Nunez2023_166;ESR_Park2025_223;ESR_Pawar2023_168;ESR_Tang2024_135;ESR_Tariq2023_174;ESR_Wu2025_042;ESR_Zhang2025_115;ESR_Zheng2025_207;ESR_Zhou2026_127;Gahlot2025_DigitalShadow;Han2024_HierarchicalMCMC;Jiang2024_DSIHistoryMatching;Lin2020_PressureLeakage;Lu2022_BayesianOptimization;Mo2018_EncoderDecoderUQ;Seabra2024_AIEnhancedDA;Shokouhi2021_PhysicsInformedSite;TARGET_DRLGeoRisk2026_214483;TARGET_JointInversion2023_2022JB025372;Tang2022_DLDataAssimilationForecasting;Tang2024_GNNFaulted;Teng2024_LikelihoodFreeDA;VoThanh2026_DigitalTwinGNN;Wang2025_4DHistoryMatching;Wen2021_CCSNet;Wen2021_PlumeDNN;Wen2022_UFNO;Wen2023_NestedFNO;Witte2023_WNO;Yan2021_RobustDLWorkflow;Yin2022_XAILeakage;Zhang2021_LearningInversionFreeForecast;Zhong2019_PressureAnomaly,Arafath2025_MalayBasinML;Attanasi2025_ResourceML;Baek2023_WellboreLeakage;Crain2023_MonitoringHistory;Diplas2026_DOEInjection;ESR_Chan2024_124;ESR_Chen2024_119;ESR_Falola2024_123;ESR_Hassani2024_118;ESR_Kadeethum2024_128;ESR_Kanakaki2025_045;ESR_Liu2025_121;ESR_Lozano2025_215;ESR_Nunez2023_166;ESR_Park2025_223;ESR_Pawar2023_168;ESR_RefNone_173;ESR_Tang2022_226;ESR_Tang2024_135;ESR_Tariq2023_174;ESR_Um2024_091;ESR_Vishal2025_213;ESR_Wang2024_089;ESR_Wu2025_042;ESR_Zhang2025_115;ESR_Zhang2025_178;ESR_Zheng2025_207;ESR_Zhou2026_127;Gahlot2025_DigitalShadow;Han2024_HierarchicalMCMC;Jiang2024_DSIHistoryMatching;Leong2024_SeisCO2Net;Lin2020_PressureLeakage;Lu2022_BayesianOptimization;Lu2025_GISMLSite;Mo2018_EncoderDecoderUQ;Nassabeh2024_OffshoreSite;Seabra2024_AIEnhancedDA;Shokouhi2021_PhysicsInformedSite;TARGET_DRLGeoRisk2026_214483;TARGET_JointInversion2023_2022JB025372;Tang2022_DLDataAssimilationForecasting;Tang2024_GNNFaulted;Teng2024_LikelihoodFreeDA;VoThanh2026_DigitalTwinGNN;Wang2025_4DHistoryMatching;Wen2021_CCSNet;Wen2021_PlumeDNN;Wen2022_UFNO;Wen2023_NestedFNO;Witte2023_WNO;Yan2021_RobustDLWorkflow;Yin2022_XAILeakage;Zhang2021_LearningInversionFreeForecast;Zhong2019_PressureAnomaly
WP9.8-R1-AUTHOR-VERIFIED-2026-08-01,author_verified_wp9_8_r1_controlled_integration,corpus_scope,main_claim_eligible,score_ge3::field_evidence_score,57,5,56,1,0.089,0.088,0.039,0.193,Arafath2025_MalayBasinML;ESR_Vishal2025_213;ESR_Wang2024_089;ESR_Zhang2025_178;Lu2025_GISMLSite,Arafath2025_MalayBasinML;Attanasi2025_ResourceML;Baek2023_WellboreLeakage;Crain2023_MonitoringHistory;Diplas2026_DOEInjection;ESR_Chan2024_124;ESR_Chen2024_119;ESR_Falola2024_123;ESR_Hassani2024_118;ESR_Kadeethum2024_128;ESR_Kanakaki2025_045;ESR_Lozano2025_215;ESR_Meng2025_211;ESR_Nunez2023_166;ESR_Park2025_223;ESR_Pawar2023_168;ESR_RefNone_173;ESR_Tang2022_226;ESR_Tang2024_135;ESR_Tariq2023_174;ESR_Um2024_091;ESR_Um2024_104;ESR_Vishal2025_213;ESR_Wang2024_089;ESR_Wu2025_042;ESR_Zhang2025_115;ESR_Zhang2025_178;ESR_Zheng2025_207;ESR_Zhou2026_127;Gahlot2025_DigitalShadow;Han2024_HierarchicalMCMC;Jiang2024_DSIHistoryMatching;Leong2024_SeisCO2Net;Lin2020_PressureLeakage;Lu2022_BayesianOptimization;Lu2025_GISMLSite;Mo2018_EncoderDecoderUQ;Nassabeh2024_OffshoreSite;Seabra2024_AIEnhancedDA;Shokouhi2021_PhysicsInformedSite;TARGET_DRLGeoRisk2026_214483;TARGET_JointInversion2023_2022JB025372;Tang2022_DLDataAssimilationForecasting;Tang2024_GNNFaulted;Teng2024_LikelihoodFreeDA;VoThanh2026_DigitalTwinGNN;Wang2025_4DHistoryMatching;Wen2021_CCSNet;Wen2021_PlumeDNN;Wen2022_UFNO;Wen2023_NestedFNO;Witte2023_WNO;Yan2021_RobustDLWorkflow;Yin2022_XAILeakage;Zhang2021_LearningInversionFreeForecast;Zhong2019_PressureAnomaly
WP9.8-R1-AUTHOR-VERIFIED-2026-08-01,author_verified_wp9_8_r1_controlled_integration,corpus_scope,main_claim_eligible,score_ge3::physical_consistency_score,57,41,57,0,0.719,0.719,0.592,0.819,Baek2023_WellboreLeakage;Crain2023_MonitoringHistory;Diplas2026_DOEInjection;ESR_Chan2024_124;ESR_Chen2024_119;ESR_Falola2024_123;ESR_Kanakaki2025_045;ESR_Lozano2025_215;ESR_Meng2025_211;ESR_Nunez2023_166;ESR_Park2025_223;ESR_Tang2022_226;ESR_Tang2024_135;ESR_Tariq2023_174;ESR_Um2024_091;ESR_Um2024_104;ESR_Zhang2025_115;ESR_Zhang2025_178;ESR_Zheng2025_207;ESR_Zhou2026_127;Gahlot2025_DigitalShadow;Han2024_HierarchicalMCMC;Jiang2024_DSIHistoryMatching;Leong2024_SeisCO2Net;Lu2022_BayesianOptimization;Mo2018_EncoderDecoderUQ;Seabra2024_AIEnhancedDA;TARGET_DRLGeoRisk2026_214483;TARGET_JointInversion2023_2022JB025372;Tang2022_DLDataAssimilationForecasting;Tang2024_GNNFaulted;Teng2024_LikelihoodFreeDA;VoThanh2026_DigitalTwinGNN;Wang2025_4DHistoryMatching;Wen2021_CCSNet;Wen2021_PlumeDNN;Wen2022_UFNO;Wen2023_NestedFNO;Witte2023_WNO;Yan2021_RobustDLWorkflow;Yin2022_XAILeakage,Arafath2025_MalayBasinML;Attanasi2025_ResourceML;Baek2023_WellboreLeakage;Crain2023_MonitoringHistory;Diplas2026_DOEInjection;ESR_Chan2024_124;ESR_Chen2024_119;ESR_Falola2024_123;ESR_Hassani2024_118;ESR_Kadeethum2024_128;ESR_Kanakaki2025_045;ESR_Liu2025_121;ESR_Lozano2025_215;ESR_Meng2025_211;ESR_Nunez2023_166;ESR_Park2025_223;ESR_Pawar2023_168;ESR_RefNone_173;ESR_Tang2022_226;ESR_Tang2024_135;ESR_Tariq2023_174;ESR_Um2024_091;ESR_Um2024_104;ESR_Vishal2025_213;ESR_Wang2024_089;ESR_Wu2025_042;ESR_Zhang2025_115;ESR_Zhang2025_178;ESR_Zheng2025_207;ESR_Zhou2026_127;Gahlot2025_DigitalShadow;Han2024_HierarchicalMCMC;Jiang2024_DSIHistoryMatching;Leong2024_SeisCO2Net;Lin2020_PressureLeakage;Lu2022_BayesianOptimization;Lu2025_GISMLSite;Mo2018_EncoderDecoderUQ;Nassabeh2024_OffshoreSite;Seabra2024_AIEnhancedDA;Shokouhi2021_PhysicsInformedSite;TARGET_DRLGeoRisk2026_214483;TARGET_JointInversion2023_2022JB025372;Tang2022_DLDataAssimilationForecasting;Tang2024_GNNFaulted;Teng2024_LikelihoodFreeDA;VoThanh2026_DigitalTwinGNN;Wang2025_4DHistoryMatching;Wen2021_CCSNet;Wen2021_PlumeDNN;Wen2022_UFNO;Wen2023_NestedFNO;Witte2023_WNO;Yan2021_RobustDLWorkflow;Yin2022_XAILeakage;Zhang2021_LearningInversionFreeForecast;Zhong2019_PressureAnomaly
WP9.8-R1-AUTHOR-VERIFIED-2026-08-01,author_verified_wp9_8_r1_controlled_integration,corpus_scope,main_claim_eligible,score_ge3::uncertainty_score,57,13,56,1,0.232,0.228,0.141,0.358,Crain2023_MonitoringHistory;ESR_Lozano2025_215;ESR_Tang2022_226;Gahlot2025_DigitalShadow;Han2024_HierarchicalMCMC;Jiang2024_DSIHistoryMatching;Mo2018_EncoderDecoderUQ;Seabra2024_AIEnhancedDA;Tang2022_DLDataAssimilationForecasting;Teng2024_LikelihoodFreeDA;VoThanh2026_DigitalTwinGNN;Wang2025_4DHistoryMatching;Zhang2021_LearningInversionFreeForecast,Arafath2025_MalayBasinML;Attanasi2025_ResourceML;Baek2023_WellboreLeakage;Crain2023_MonitoringHistory;Diplas2026_DOEInjection;ESR_Chan2024_124;ESR_Chen2024_119;ESR_Falola2024_123;ESR_Hassani2024_118;ESR_Kadeethum2024_128;ESR_Kanakaki2025_045;ESR_Lozano2025_215;ESR_Meng2025_211;ESR_Nunez2023_166;ESR_Park2025_223;ESR_Pawar2023_168;ESR_RefNone_173;ESR_Tang2022_226;ESR_Tang2024_135;ESR_Tariq2023_174;ESR_Um2024_091;ESR_Um2024_104;ESR_Vishal2025_213;ESR_Wang2024_089;ESR_Wu2025_042;ESR_Zhang2025_115;ESR_Zhang2025_178;ESR_Zheng2025_207;ESR_Zhou2026_127;Gahlot2025_DigitalShadow;Han2024_HierarchicalMCMC;Jiang2024_DSIHistoryMatching;Leong2024_SeisCO2Net;Lin2020_PressureLeakage;Lu2022_BayesianOptimization;Lu2025_GISMLSite;Mo2018_EncoderDecoderUQ;Nassabeh2024_OffshoreSite;Seabra2024_AIEnhancedDA;Shokouhi2021_PhysicsInformedSite;TARGET_DRLGeoRisk2026_214483;TARGET_JointInversion2023_2022JB025372;Tang2022_DLDataAssimilationForecasting;Tang2024_GNNFaulted;Teng2024_LikelihoodFreeDA;VoThanh2026_DigitalTwinGNN;Wang2025_4DHistoryMatching;Wen2021_CCSNet;Wen2021_PlumeDNN;Wen2022_UFNO;Wen2023_NestedFNO;Witte2023_WNO;Yan2021_RobustDLWorkflow;Yin2022_XAILeakage;Zhang2021_LearningInversionFreeForecast;Zhong2019_PressureAnomaly
WP9.8-R1-AUTHOR-VERIFIED-2026-08-01,author_verified_wp9_8_r1_controlled_integration,corpus_scope,main_claim_eligible,score_ge3::transferability_score,57,6,56,1,0.107,0.105,0.050,0.215,ESR_Wu2025_042;Leong2024_SeisCO2Net;Lin2020_PressureLeakage;Seabra2024_AIEnhancedDA;Tang2022_DLDataAssimilationForecasting;Zhong2019_PressureAnomaly,Arafath2025_MalayBasinML;Attanasi2025_ResourceML;Baek2023_WellboreLeakage;Crain2023_MonitoringHistory;Diplas2026_DOEInjection;ESR_Chan2024_124;ESR_Chen2024_119;ESR_Falola2024_123;ESR_Hassani2024_118;ESR_Kadeethum2024_128;ESR_Kanakaki2025_045;ESR_Lozano2025_215;ESR_Meng2025_211;ESR_Nunez2023_166;ESR_Park2025_223;ESR_Pawar2023_168;ESR_RefNone_173;ESR_Tang2022_226;ESR_Tang2024_135;ESR_Tariq2023_174;ESR_Um2024_091;ESR_Um2024_104;ESR_Vishal2025_213;ESR_Wang2024_089;ESR_Wu2025_042;ESR_Zhang2025_115;ESR_Zhang2025_178;ESR_Zheng2025_207;ESR_Zhou2026_127;Gahlot2025_DigitalShadow;Han2024_HierarchicalMCMC;Jiang2024_DSIHistoryMatching;Leong2024_SeisCO2Net;Lin2020_PressureLeakage;Lu2022_BayesianOptimization;Lu2025_GISMLSite;Mo2018_EncoderDecoderUQ;Nassabeh2024_OffshoreSite;Seabra2024_AIEnhancedDA;Shokouhi2021_PhysicsInformedSite;TARGET_DRLGeoRisk2026_214483;TARGET_JointInversion2023_2022JB025372;Tang2022_DLDataAssimilationForecasting;Tang2024_GNNFaulted;Teng2024_LikelihoodFreeDA;VoThanh2026_DigitalTwinGNN;Wang2025_4DHistoryMatching;Wen2021_CCSNet;Wen2021_PlumeDNN;Wen2022_UFNO;Wen2023_NestedFNO;Witte2023_WNO;Yan2021_RobustDLWorkflow;Yin2022_XAILeakage;Zhang2021_LearningInversionFreeForecast;Zhong2019_PressureAnomaly
WP9.8-R1-AUTHOR-VERIFIED-2026-08-01,author_verified_wp9_8_r1_controlled_integration,corpus_scope,main_claim_eligible,score_ge3::decision_readiness_score,57,8,57,0,0.140,0.140,0.073,0.253,Crain2023_MonitoringHistory;Diplas2026_DOEInjection;ESR_Tang2022_226;Lin2020_PressureLeakage;Lu2022_BayesianOptimization;TARGET_DRLGeoRisk2026_214483;Wang2025_4DHistoryMatching;Zhong2019_PressureAnomaly,Arafath2025_MalayBasinML;Attanasi2025_ResourceML;Baek2023_WellboreLeakage;Crain2023_MonitoringHistory;Diplas2026_DOEInjection;ESR_Chan2024_124;ESR_Chen2024_119;ESR_Falola2024_123;ESR_Hassani2024_118;ESR_Kadeethum2024_128;ESR_Kanakaki2025_045;ESR_Liu2025_121;ESR_Lozano2025_215;ESR_Meng2025_211;ESR_Nunez2023_166;ESR_Park2025_223;ESR_Pawar2023_168;ESR_RefNone_173;ESR_Tang2022_226;ESR_Tang2024_135;ESR_Tariq2023_174;ESR_Um2024_091;ESR_Um2024_104;ESR_Vishal2025_213;ESR_Wang2024_089;ESR_Wu2025_042;ESR_Zhang2025_115;ESR_Zhang2025_178;ESR_Zheng2025_207;ESR_Zhou2026_127;Gahlot2025_DigitalShadow;Han2024_HierarchicalMCMC;Jiang2024_DSIHistoryMatching;Leong2024_SeisCO2Net;Lin2020_PressureLeakage;Lu2022_BayesianOptimization;Lu2025_GISMLSite;Mo2018_EncoderDecoderUQ;Nassabeh2024_OffshoreSite;Seabra2024_AIEnhancedDA;Shokouhi2021_PhysicsInformedSite;TARGET_DRLGeoRisk2026_214483;TARGET_JointInversion2023_2022JB025372;Tang2022_DLDataAssimilationForecasting;Tang2024_GNNFaulted;Teng2024_LikelihoodFreeDA;VoThanh2026_DigitalTwinGNN;Wang2025_4DHistoryMatching;Wen2021_CCSNet;Wen2021_PlumeDNN;Wen2022_UFNO;Wen2023_NestedFNO;Witte2023_WNO;Yan2021_RobustDLWorkflow;Yin2022_XAILeakage;Zhang2021_LearningInversionFreeForecast;Zhong2019_PressureAnomaly
WP9.8-R1-AUTHOR-VERIFIED-2026-08-01,author_verified_wp9_8_r1_controlled_integration,corpus_scope,main_claim_eligible,direct_field_validation,57,5,56,1,0.089,0.088,0.039,0.193,Arafath2025_MalayBasinML;ESR_Vishal2025_213;ESR_Wang2024_089;ESR_Zhang2025_178;Lu2025_GISMLSite,Arafath2025_MalayBasinML;Attanasi2025_ResourceML;Baek2023_WellboreLeakage;Crain2023_MonitoringHistory;Diplas2026_DOEInjection;ESR_Chan2024_124;ESR_Chen2024_119;ESR_Falola2024_123;ESR_Hassani2024_118;ESR_Kadeethum2024_128;ESR_Kanakaki2025_045;ESR_Lozano2025_215;ESR_Meng2025_211;ESR_Nunez2023_166;ESR_Park2025_223;ESR_Pawar2023_168;ESR_RefNone_173;ESR_Tang2022_226;ESR_Tang2024_135;ESR_Tariq2023_174;ESR_Um2024_091;ESR_Um2024_104;ESR_Vishal2025_213;ESR_Wang2024_089;ESR_Wu2025_042;ESR_Zhang2025_115;ESR_Zhang2025_178;ESR_Zheng2025_207;ESR_Zhou2026_127;Gahlot2025_DigitalShadow;Han2024_HierarchicalMCMC;Jiang2024_DSIHistoryMatching;Leong2024_SeisCO2Net;Lin2020_PressureLeakage;Lu2022_BayesianOptimization;Lu2025_GISMLSite;Mo2018_EncoderDecoderUQ;Nassabeh2024_OffshoreSite;Seabra2024_AIEnhancedDA;Shokouhi2021_PhysicsInformedSite;TARGET_DRLGeoRisk2026_214483;TARGET_JointInversion2023_2022JB025372;Tang2022_DLDataAssimilationForecasting;Tang2024_GNNFaulted;Teng2024_LikelihoodFreeDA;VoThanh2026_DigitalTwinGNN;Wang2025_4DHistoryMatching;Wen2021_CCSNet;Wen2021_PlumeDNN;Wen2022_UFNO;Wen2023_NestedFNO;Witte2023_WNO;Yan2021_RobustDLWorkflow;Yin2022_XAILeakage;Zhang2021_LearningInversionFreeForecast;Zhong2019_PressureAnomaly
WP9.8-R1-AUTHOR-VERIFIED-2026-08-01,author_verified_wp9_8_r1_controlled_integration,corpus_scope,main_claim_eligible,controlled_release_ml_validation,57,5,56,1,0.089,0.088,0.039,0.193,ESR_Wang2024_089;ESR_Zhang2025_178;Leong2024_SeisCO2Net;Lin2020_PressureLeakage;Zhong2019_PressureAnomaly,Arafath2025_MalayBasinML;Attanasi2025_ResourceML;Baek2023_WellboreLeakage;Crain2023_MonitoringHistory;Diplas2026_DOEInjection;ESR_Chan2024_124;ESR_Chen2024_119;ESR_Falola2024_123;ESR_Hassani2024_118;ESR_Kadeethum2024_128;ESR_Kanakaki2025_045;ESR_Lozano2025_215;ESR_Meng2025_211;ESR_Nunez2023_166;ESR_Park2025_223;ESR_Pawar2023_168;ESR_RefNone_173;ESR_Tang2022_226;ESR_Tang2024_135;ESR_Tariq2023_174;ESR_Um2024_091;ESR_Um2024_104;ESR_Vishal2025_213;ESR_Wang2024_089;ESR_Wu2025_042;ESR_Zhang2025_115;ESR_Zhang2025_178;ESR_Zheng2025_207;ESR_Zhou2026_127;Gahlot2025_DigitalShadow;Han2024_HierarchicalMCMC;Jiang2024_DSIHistoryMatching;Leong2024_SeisCO2Net;Lin2020_PressureLeakage;Lu2022_BayesianOptimization;Lu2025_GISMLSite;Mo2018_EncoderDecoderUQ;Nassabeh2024_OffshoreSite;Seabra2024_AIEnhancedDA;Shokouhi2021_PhysicsInformedSite;TARGET_DRLGeoRisk2026_214483;TARGET_JointInversion2023_2022JB025372;Tang2022_DLDataAssimilationForecasting;Tang2024_GNNFaulted;Teng2024_LikelihoodFreeDA;VoThanh2026_DigitalTwinGNN;Wang2025_4DHistoryMatching;Wen2021_CCSNet;Wen2021_PlumeDNN;Wen2022_UFNO;Wen2023_NestedFNO;Witte2023_WNO;Yan2021_RobustDLWorkflow;Yin2022_XAILeakage;Zhang2021_LearningInversionFreeForecast;Zhong2019_PressureAnomaly
WP9.8-R1-AUTHOR-VERIFIED-2026-08-01,author_verified_wp9_8_r1_controlled_integration,corpus_scope,main_claim_eligible,explicit_ood_testing,57,13,54,3,0.241,0.228,0.146,0.369,ESR_Chan2024_124;ESR_Hassani2024_118;ESR_Tang2022_226;ESR_Wu2025_042;ESR_Zhang2025_115;Leong2024_SeisCO2Net;Lin2020_PressureLeakage;Seabra2024_AIEnhancedDA;Tang2022_DLDataAssimilationForecasting;Tang2024_GNNFaulted;Wen2021_PlumeDNN;Wen2022_UFNO;Zhong2019_PressureAnomaly,Arafath2025_MalayBasinML;Attanasi2025_ResourceML;Baek2023_WellboreLeakage;Crain2023_MonitoringHistory;Diplas2026_DOEInjection;ESR_Chan2024_124;ESR_Chen2024_119;ESR_Falola2024_123;ESR_Hassani2024_118;ESR_Kadeethum2024_128;ESR_Kanakaki2025_045;ESR_Lozano2025_215;ESR_Meng2025_211;ESR_Nunez2023_166;ESR_Park2025_223;ESR_Pawar2023_168;ESR_RefNone_173;ESR_Tang2022_226;ESR_Tang2024_135;ESR_Tariq2023_174;ESR_Um2024_091;ESR_Um2024_104;ESR_Wang2024_089;ESR_Wu2025_042;ESR_Zhang2025_115;ESR_Zhang2025_178;ESR_Zheng2025_207;ESR_Zhou2026_127;Gahlot2025_DigitalShadow;Han2024_HierarchicalMCMC;Jiang2024_DSIHistoryMatching;Leong2024_SeisCO2Net;Lin2020_PressureLeakage;Lu2022_BayesianOptimization;Lu2025_GISMLSite;Mo2018_EncoderDecoderUQ;Nassabeh2024_OffshoreSite;Seabra2024_AIEnhancedDA;TARGET_DRLGeoRisk2026_214483;TARGET_JointInversion2023_2022JB025372;Tang2022_DLDataAssimilationForecasting;Tang2024_GNNFaulted;Teng2024_LikelihoodFreeDA;VoThanh2026_DigitalTwinGNN;Wang2025_4DHistoryMatching;Wen2021_CCSNet;Wen2021_PlumeDNN;Wen2022_UFNO;Wen2023_NestedFNO;Witte2023_WNO;Yan2021_RobustDLWorkflow;Yin2022_XAILeakage;Zhang2021_LearningInversionFreeForecast;Zhong2019_PressureAnomaly
WP9.8-R1-AUTHOR-VERIFIED-2026-08-01,author_verified_wp9_8_r1_controlled_integration,corpus_scope,main_claim_eligible,explicit_cross_site_testing,57,1,55,2,0.018,0.018,0.003,0.096,ESR_Wu2025_042,Arafath2025_MalayBasinML;Attanasi2025_ResourceML;Baek2023_WellboreLeakage;Crain2023_MonitoringHistory;Diplas2026_DOEInjection;ESR_Chan2024_124;ESR_Chen2024_119;ESR_Falola2024_123;ESR_Hassani2024_118;ESR_Kadeethum2024_128;ESR_Kanakaki2025_045;ESR_Lozano2025_215;ESR_Meng2025_211;ESR_Nunez2023_166;ESR_Park2025_223;ESR_Pawar2023_168;ESR_RefNone_173;ESR_Tang2022_226;ESR_Tang2024_135;ESR_Tariq2023_174;ESR_Um2024_091;ESR_Um2024_104;ESR_Wang2024_089;ESR_Wu2025_042;ESR_Zhang2025_115;ESR_Zhang2025_178;ESR_Zheng2025_207;ESR_Zhou2026_127;Gahlot2025_DigitalShadow;Han2024_HierarchicalMCMC;Jiang2024_DSIHistoryMatching;Leong2024_SeisCO2Net;Lin2020_PressureLeakage;Lu2022_BayesianOptimization;Lu2025_GISMLSite;Mo2018_EncoderDecoderUQ;Nassabeh2024_OffshoreSite;Seabra2024_AIEnhancedDA;Shokouhi2021_PhysicsInformedSite;TARGET_DRLGeoRisk2026_214483;TARGET_JointInversion2023_2022JB025372;Tang2022_DLDataAssimilationForecasting;Tang2024_GNNFaulted;Teng2024_LikelihoodFreeDA;VoThanh2026_DigitalTwinGNN;Wang2025_4DHistoryMatching;Wen2021_CCSNet;Wen2021_PlumeDNN;Wen2022_UFNO;Wen2023_NestedFNO;Witte2023_WNO;Yan2021_RobustDLWorkflow;Yin2022_XAILeakage;Zhang2021_LearningInversionFreeForecast;Zhong2019_PressureAnomaly
WP9.8-R1-AUTHOR-VERIFIED-2026-08-01,author_verified_wp9_8_r1_controlled_integration,corpus_scope,main_claim_eligible,uncertainty_calibration_or_posterior_check,57,13,47,10,0.277,0.228,0.169,0.418,Crain2023_MonitoringHistory;ESR_Lozano2025_215;ESR_Tang2022_226;Gahlot2025_DigitalShadow;Han2024_HierarchicalMCMC;Jiang2024_DSIHistoryMatching;Mo2018_EncoderDecoderUQ;Seabra2024_AIEnhancedDA;Tang2022_DLDataAssimilationForecasting;Teng2024_LikelihoodFreeDA;VoThanh2026_DigitalTwinGNN;Wang2025_4DHistoryMatching;Zhang2021_LearningInversionFreeForecast,Arafath2025_MalayBasinML;Attanasi2025_ResourceML;Crain2023_MonitoringHistory;Diplas2026_DOEInjection;ESR_Chan2024_124;ESR_Chen2024_119;ESR_Falola2024_123;ESR_Hassani2024_118;ESR_Kadeethum2024_128;ESR_Kanakaki2025_045;ESR_Lozano2025_215;ESR_Meng2025_211;ESR_Nunez2023_166;ESR_Park2025_223;ESR_Pawar2023_168;ESR_RefNone_173;ESR_Tang2022_226;ESR_Tang2024_135;ESR_Tariq2023_174;ESR_Um2024_091;ESR_Um2024_104;ESR_Wang2024_089;ESR_Zhang2025_115;ESR_Zhang2025_178;ESR_Zheng2025_207;ESR_Zhou2026_127;Gahlot2025_DigitalShadow;Han2024_HierarchicalMCMC;Jiang2024_DSIHistoryMatching;Lu2022_BayesianOptimization;Lu2025_GISMLSite;Mo2018_EncoderDecoderUQ;Nassabeh2024_OffshoreSite;Seabra2024_AIEnhancedDA;Shokouhi2021_PhysicsInformedSite;Tang2022_DLDataAssimilationForecasting;Tang2024_GNNFaulted;Teng2024_LikelihoodFreeDA;VoThanh2026_DigitalTwinGNN;Wang2025_4DHistoryMatching;Wen2021_PlumeDNN;Wen2022_UFNO;Witte2023_WNO;Yan2021_RobustDLWorkflow;Yin2022_XAILeakage;Zhang2021_LearningInversionFreeForecast;Zhong2019_PressureAnomaly
WP9.8-R1-AUTHOR-VERIFIED-2026-08-01,author_verified_wp9_8_r1_controlled_integration,corpus_scope,main_claim_eligible,surrogate_error_propagation,57,4,20,37,0.200,0.070,0.081,0.416,Diplas2026_DOEInjection;Han2024_HierarchicalMCMC;Lu2022_BayesianOptimization;Wang2025_4DHistoryMatching,Attanasi2025_ResourceML;Baek2023_WellboreLeakage;Diplas2026_DOEInjection;ESR_Chan2024_124;ESR_Chen2024_119;ESR_Lozano2025_215;ESR_Meng2025_211;ESR_Tang2022_226;ESR_Wu2025_042;ESR_Zheng2025_207;Han2024_HierarchicalMCMC;Lu2022_BayesianOptimization;Mo2018_EncoderDecoderUQ;Seabra2024_AIEnhancedDA;TARGET_DRLGeoRisk2026_214483;Tang2022_DLDataAssimilationForecasting;Teng2024_LikelihoodFreeDA;Wang2025_4DHistoryMatching;Wen2021_CCSNet;Wen2023_NestedFNO
WP9.8-R1-AUTHOR-VERIFIED-2026-08-01,author_verified_wp9_8_r1_controlled_integration,corpus_scope,main_claim_eligible,any_physical_diagnostic_checked,57,23,42,15,0.548,0.404,0.399,0.688,Baek2023_WellboreLeakage;Crain2023_MonitoringHistory;Diplas2026_DOEInjection;ESR_Chan2024_124;ESR_Kanakaki2025_045;ESR_Tang2022_226;ESR_Tang2024_135;ESR_Um2024_091;ESR_Zheng2025_207;Han2024_HierarchicalMCMC;Jiang2024_DSIHistoryMatching;Leong2024_SeisCO2Net;Mo2018_EncoderDecoderUQ;TARGET_DRLGeoRisk2026_214483;Tang2024_GNNFaulted;VoThanh2026_DigitalTwinGNN;Wen2021_CCSNet;Wen2021_PlumeDNN;Wen2022_UFNO;Wen2023_NestedFNO;Yan2021_RobustDLWorkflow;Yin2022_XAILeakage;Zhong2019_PressureAnomaly,Arafath2025_MalayBasinML;Attanasi2025_ResourceML;Baek2023_WellboreLeakage;Crain2023_MonitoringHistory;Diplas2026_DOEInjection;ESR_Chan2024_124;ESR_Chen2024_119;ESR_Hassani2024_118;ESR_Kanakaki2025_045;ESR_Meng2025_211;ESR_RefNone_173;ESR_Tang2022_226;ESR_Tang2024_135;ESR_Um2024_091;ESR_Um2024_104;ESR_Wang2024_089;ESR_Zheng2025_207;ESR_Zhou2026_127;Gahlot2025_DigitalShadow;Han2024_HierarchicalMCMC;Jiang2024_DSIHistoryMatching;Leong2024_SeisCO2Net;Lin2020_PressureLeakage;Lu2022_BayesianOptimization;Lu2025_GISMLSite;Mo2018_EncoderDecoderUQ;Nassabeh2024_OffshoreSite;TARGET_DRLGeoRisk2026_214483;TARGET_JointInversion2023_2022JB025372;Tang2022_DLDataAssimilationForecasting;Tang2024_GNNFaulted;Teng2024_LikelihoodFreeDA;VoThanh2026_DigitalTwinGNN;Wang2025_4DHistoryMatching;Wen2021_CCSNet;Wen2021_PlumeDNN;Wen2022_UFNO;Wen2023_NestedFNO;Yan2021_RobustDLWorkflow;Yin2022_XAILeakage;Zhang2021_LearningInversionFreeForecast;Zhong2019_PressureAnomaly
WP9.8-R1-AUTHOR-VERIFIED-2026-08-01,author_verified_wp9_8_r1_controlled_integration,corpus_scope,main_claim_eligible,red_zone_recode_criticality,57,0,0,57,,0.000,,,,
WP9.8-R1-AUTHOR-VERIFIED-2026-08-01,author_verified_wp9_8_r1_controlled_integration,corpus_scope,all_verified_primary,synthetic_led_evidence,70,55,68,2,0.809,0.786,0.700,0.885,Baek2023_WellboreLeakage;Crain2023_MonitoringHistory;Diplas2026_DOEInjection;ESR_Alkhowaildi2025_082;ESR_Celaya2024_100;ESR_Chan2024_124;ESR_Chen2023_229;ESR_Chen2024_119;ESR_Falola2024_123;ESR_Ganesh2024_070;ESR_Hassani2024_118;ESR_Kadeethum2024_128;ESR_Kanakaki2025_045;ESR_Lima2019_267;ESR_Liu2025_121;ESR_Lozano2025_215;ESR_Nunez2023_166;ESR_Owusu2025_086;ESR_Park2025_223;ESR_Pawar2023_168;ESR_Qiao2025_125;ESR_Sekar2025_239;ESR_Singh2025_084;ESR_Tang2024_135;ESR_Tariq2023_174;ESR_Wu2025_042;ESR_Zhang2025_115;ESR_Zheng2025_207;ESR_Zhou2026_127;Gahlot2025_DigitalShadow;Graham2020_BayesianGenerativeStorage;Han2024_HierarchicalMCMC;Jiang2024_DSIHistoryMatching;Lin2020_PressureLeakage;Lu2022_BayesianOptimization;Mo2018_EncoderDecoderUQ;Seabra2024_AIEnhancedDA;Shokouhi2021_PhysicsInformedSite;TARGET_DRLGeoRisk2026_214483;TARGET_JointInversion2023_2022JB025372;Tang2022_DLDataAssimilationForecasting;Tang2024_GNNFaulted;Teng2024_LikelihoodFreeDA;VoThanh2026_DigitalTwinGNN;Wang2025_4DHistoryMatching;Wen2021_CCSNet;Wen2021_PlumeDNN;Wen2022_UFNO;Wen2023_NestedFNO;Witte2023_WNO;Yan2021_RobustDLWorkflow;Yehia2026_E2CORL;Yin2022_XAILeakage;Zhang2021_LearningInversionFreeForecast;Zhong2019_PressureAnomaly,Arafath2025_MalayBasinML;Attanasi2025_ResourceML;Baek2023_WellboreLeakage;Crain2023_MonitoringHistory;Diplas2026_DOEInjection;ESR_Alkhowaildi2025_082;ESR_Celaya2024_100;ESR_Chan2024_124;ESR_Chen2023_229;ESR_Chen2024_119;ESR_Falola2024_123;ESR_Ganesh2024_070;ESR_Hassani2024_118;ESR_Kadeethum2024_128;ESR_Kanakaki2025_045;ESR_Lima2019_267;ESR_Liu2025_121;ESR_Lozano2025_215;ESR_Mishra2022_076;ESR_Moncada2025_046;ESR_Nunez2023_166;ESR_Owusu2025_086;ESR_Park2025_223;ESR_Pawar2023_168;ESR_Qiao2025_125;ESR_RefNone_173;ESR_Sekar2025_239;ESR_Singh2025_084;ESR_Tang2022_226;ESR_Tang2024_135;ESR_Tariq2023_174;ESR_Um2024_091;ESR_Vishal2025_213;ESR_Wang2024_089;ESR_Wu2025_042;ESR_Zhang2025_115;ESR_Zhang2025_178;ESR_Zheng2025_207;ESR_Zhou2026_127;Gahlot2025_DigitalShadow;Graham2020_BayesianGenerativeStorage;Han2024_HierarchicalMCMC;Jiang2024_DSIHistoryMatching;Leong2024_SeisCO2Net;Lin2020_PressureLeakage;Lu2022_BayesianOptimization;Lu2025_GISMLSite;Mo2018_EncoderDecoderUQ;Nassabeh2024_OffshoreSite;Seabra2024_AIEnhancedDA;Shokouhi2021_PhysicsInformedSite;TARGET_DRLGeoRisk2026_214483;TARGET_JointInversion2023_2022JB025372;Tang2022_DLDataAssimilationForecasting;Tang2024_GNNFaulted;Teng2024_LikelihoodFreeDA;VoThanh2026_DigitalTwinGNN;Wang2025_4DHistoryMatching;Wen2021_CCSNet;Wen2021_PlumeDNN;Wen2022_UFNO;Wen2023_NestedFNO;Witte2023_WNO;Yan2021_RobustDLWorkflow;Yehia2026_E2CORL;Yin2022_XAILeakage;Zhang2021_LearningInversionFreeForecast;Zhong2019_PressureAnomaly
WP9.8-R1-AUTHOR-VERIFIED-2026-08-01,author_verified_wp9_8_r1_controlled_integration,corpus_scope,all_verified_primary,score_ge3::field_evidence_score,70,6,69,1,0.087,0.086,0.040,0.177,Arafath2025_MalayBasinML;ESR_Mishra2022_076;ESR_Vishal2025_213;ESR_Wang2024_089;ESR_Zhang2025_178;Lu2025_GISMLSite,Arafath2025_MalayBasinML;Attanasi2025_ResourceML;Baek2023_WellboreLeakage;Crain2023_MonitoringHistory;Diplas2026_DOEInjection;ESR_Alkhowaildi2025_082;ESR_Celaya2024_100;ESR_Chan2024_124;ESR_Chen2023_229;ESR_Chen2024_119;ESR_Falola2024_123;ESR_Ganesh2024_070;ESR_Hassani2024_118;ESR_Kadeethum2024_128;ESR_Kanakaki2025_045;ESR_Lima2019_267;ESR_Lozano2025_215;ESR_Meng2025_211;ESR_Mishra2022_076;ESR_Moncada2025_046;ESR_Nunez2023_166;ESR_Owusu2025_086;ESR_Park2025_223;ESR_Pawar2023_168;ESR_Qiao2025_125;ESR_RefNone_173;ESR_Sekar2025_239;ESR_Singh2025_084;ESR_Tang2022_226;ESR_Tang2024_135;ESR_Tariq2023_174;ESR_Um2024_091;ESR_Um2024_104;ESR_Vishal2025_213;ESR_Wang2024_089;ESR_Wu2025_042;ESR_Zhang2025_115;ESR_Zhang2025_178;ESR_Zheng2025_207;ESR_Zhou2026_127;Gahlot2025_DigitalShadow;Graham2020_BayesianGenerativeStorage;Han2024_HierarchicalMCMC;Jiang2024_DSIHistoryMatching;Leong2024_SeisCO2Net;Lin2020_PressureLeakage;Lu2022_BayesianOptimization;Lu2025_GISMLSite;Mo2018_EncoderDecoderUQ;Nassabeh2024_OffshoreSite;Seabra2024_AIEnhancedDA;Shokouhi2021_PhysicsInformedSite;TARGET_DRLGeoRisk2026_214483;TARGET_JointInversion2023_2022JB025372;Tang2022_DLDataAssimilationForecasting;Tang2024_GNNFaulted;Teng2024_LikelihoodFreeDA;VoThanh2026_DigitalTwinGNN;Wang2025_4DHistoryMatching;Wen2021_CCSNet;Wen2021_PlumeDNN;Wen2022_UFNO;Wen2023_NestedFNO;Witte2023_WNO;Yan2021_RobustDLWorkflow;Yehia2026_E2CORL;Yin2022_XAILeakage;Zhang2021_LearningInversionFreeForecast;Zhong2019_PressureAnomaly
WP9.8-R1-AUTHOR-VERIFIED-2026-08-01,author_verified_wp9_8_r1_controlled_integration,corpus_scope,all_verified_primary,score_ge3::physical_consistency_score,70,41,70,0,0.586,0.586,0.469,0.694,Baek2023_WellboreLeakage;Crain2023_MonitoringHistory;Diplas2026_DOEInjection;ESR_Chan2024_124;ESR_Chen2024_119;ESR_Falola2024_123;ESR_Kanakaki2025_045;ESR_Lozano2025_215;ESR_Meng2025_211;ESR_Nunez2023_166;ESR_Park2025_223;ESR_Tang2022_226;ESR_Tang2024_135;ESR_Tariq2023_174;ESR_Um2024_091;ESR_Um2024_104;ESR_Zhang2025_115;ESR_Zhang2025_178;ESR_Zheng2025_207;ESR_Zhou2026_127;Gahlot2025_DigitalShadow;Han2024_HierarchicalMCMC;Jiang2024_DSIHistoryMatching;Leong2024_SeisCO2Net;Lu2022_BayesianOptimization;Mo2018_EncoderDecoderUQ;Seabra2024_AIEnhancedDA;TARGET_DRLGeoRisk2026_214483;TARGET_JointInversion2023_2022JB025372;Tang2022_DLDataAssimilationForecasting;Tang2024_GNNFaulted;Teng2024_LikelihoodFreeDA;VoThanh2026_DigitalTwinGNN;Wang2025_4DHistoryMatching;Wen2021_CCSNet;Wen2021_PlumeDNN;Wen2022_UFNO;Wen2023_NestedFNO;Witte2023_WNO;Yan2021_RobustDLWorkflow;Yin2022_XAILeakage,Arafath2025_MalayBasinML;Attanasi2025_ResourceML;Baek2023_WellboreLeakage;Crain2023_MonitoringHistory;Diplas2026_DOEInjection;ESR_Alkhowaildi2025_082;ESR_Celaya2024_100;ESR_Chan2024_124;ESR_Chen2023_229;ESR_Chen2024_119;ESR_Falola2024_123;ESR_Ganesh2024_070;ESR_Hassani2024_118;ESR_Kadeethum2024_128;ESR_Kanakaki2025_045;ESR_Lima2019_267;ESR_Liu2025_121;ESR_Lozano2025_215;ESR_Meng2025_211;ESR_Mishra2022_076;ESR_Moncada2025_046;ESR_Nunez2023_166;ESR_Owusu2025_086;ESR_Park2025_223;ESR_Pawar2023_168;ESR_Qiao2025_125;ESR_RefNone_173;ESR_Sekar2025_239;ESR_Singh2025_084;ESR_Tang2022_226;ESR_Tang2024_135;ESR_Tariq2023_174;ESR_Um2024_091;ESR_Um2024_104;ESR_Vishal2025_213;ESR_Wang2024_089;ESR_Wu2025_042;ESR_Zhang2025_115;ESR_Zhang2025_178;ESR_Zheng2025_207;ESR_Zhou2026_127;Gahlot2025_DigitalShadow;Graham2020_BayesianGenerativeStorage;Han2024_HierarchicalMCMC;Jiang2024_DSIHistoryMatching;Leong2024_SeisCO2Net;Lin2020_PressureLeakage;Lu2022_BayesianOptimization;Lu2025_GISMLSite;Mo2018_EncoderDecoderUQ;Nassabeh2024_OffshoreSite;Seabra2024_AIEnhancedDA;Shokouhi2021_PhysicsInformedSite;TARGET_DRLGeoRisk2026_214483;TARGET_JointInversion2023_2022JB025372;Tang2022_DLDataAssimilationForecasting;Tang2024_GNNFaulted;Teng2024_LikelihoodFreeDA;VoThanh2026_DigitalTwinGNN;Wang2025_4DHistoryMatching;Wen2021_CCSNet;Wen2021_PlumeDNN;Wen2022_UFNO;Wen2023_NestedFNO;Witte2023_WNO;Yan2021_RobustDLWorkflow;Yehia2026_E2CORL;Yin2022_XAILeakage;Zhang2021_LearningInversionFreeForecast;Zhong2019_PressureAnomaly
WP9.8-R1-AUTHOR-VERIFIED-2026-08-01,author_verified_wp9_8_r1_controlled_integration,corpus_scope,all_verified_primary,score_ge3::uncertainty_score,70,13,63,7,0.206,0.186,0.125,0.322,Crain2023_MonitoringHistory;ESR_Lozano2025_215;ESR_Tang2022_226;Gahlot2025_DigitalShadow;Han2024_HierarchicalMCMC;Jiang2024_DSIHistoryMatching;Mo2018_EncoderDecoderUQ;Seabra2024_AIEnhancedDA;Tang2022_DLDataAssimilationForecasting;Teng2024_LikelihoodFreeDA;VoThanh2026_DigitalTwinGNN;Wang2025_4DHistoryMatching;Zhang2021_LearningInversionFreeForecast,Arafath2025_MalayBasinML;Attanasi2025_ResourceML;Baek2023_WellboreLeakage;Crain2023_MonitoringHistory;Diplas2026_DOEInjection;ESR_Alkhowaildi2025_082;ESR_Celaya2024_100;ESR_Chan2024_124;ESR_Chen2023_229;ESR_Chen2024_119;ESR_Falola2024_123;ESR_Ganesh2024_070;ESR_Hassani2024_118;ESR_Kadeethum2024_128;ESR_Kanakaki2025_045;ESR_Lozano2025_215;ESR_Meng2025_211;ESR_Mishra2022_076;ESR_Moncada2025_046;ESR_Nunez2023_166;ESR_Park2025_223;ESR_Pawar2023_168;ESR_RefNone_173;ESR_Tang2022_226;ESR_Tang2024_135;ESR_Tariq2023_174;ESR_Um2024_091;ESR_Um2024_104;ESR_Vishal2025_213;ESR_Wang2024_089;ESR_Wu2025_042;ESR_Zhang2025_115;ESR_Zhang2025_178;ESR_Zheng2025_207;ESR_Zhou2026_127;Gahlot2025_DigitalShadow;Graham2020_BayesianGenerativeStorage;Han2024_HierarchicalMCMC;Jiang2024_DSIHistoryMatching;Leong2024_SeisCO2Net;Lin2020_PressureLeakage;Lu2022_BayesianOptimization;Lu2025_GISMLSite;Mo2018_EncoderDecoderUQ;Nassabeh2024_OffshoreSite;Seabra2024_AIEnhancedDA;Shokouhi2021_PhysicsInformedSite;TARGET_DRLGeoRisk2026_214483;TARGET_JointInversion2023_2022JB025372;Tang2022_DLDataAssimilationForecasting;Tang2024_GNNFaulted;Teng2024_LikelihoodFreeDA;VoThanh2026_DigitalTwinGNN;Wang2025_4DHistoryMatching;Wen2021_CCSNet;Wen2021_PlumeDNN;Wen2022_UFNO;Wen2023_NestedFNO;Witte2023_WNO;Yan2021_RobustDLWorkflow;Yin2022_XAILeakage;Zhang2021_LearningInversionFreeForecast;Zhong2019_PressureAnomaly
WP9.8-R1-AUTHOR-VERIFIED-2026-08-01,author_verified_wp9_8_r1_controlled_integration,corpus_scope,all_verified_primary,score_ge3::transferability_score,70,6,62,8,0.097,0.086,0.045,0.195,ESR_Wu2025_042;Leong2024_SeisCO2Net;Lin2020_PressureLeakage;Seabra2024_AIEnhancedDA;Tang2022_DLDataAssimilationForecasting;Zhong2019_PressureAnomaly,Arafath2025_MalayBasinML;Attanasi2025_ResourceML;Baek2023_WellboreLeakage;Crain2023_MonitoringHistory;Diplas2026_DOEInjection;ESR_Alkhowaildi2025_082;ESR_Celaya2024_100;ESR_Chan2024_124;ESR_Chen2023_229;ESR_Chen2024_119;ESR_Falola2024_123;ESR_Ganesh2024_070;ESR_Hassani2024_118;ESR_Kadeethum2024_128;ESR_Kanakaki2025_045;ESR_Lozano2025_215;ESR_Meng2025_211;ESR_Mishra2022_076;ESR_Moncada2025_046;ESR_Nunez2023_166;ESR_Park2025_223;ESR_Pawar2023_168;ESR_RefNone_173;ESR_Tang2022_226;ESR_Tang2024_135;ESR_Tariq2023_174;ESR_Um2024_091;ESR_Um2024_104;ESR_Vishal2025_213;ESR_Wang2024_089;ESR_Wu2025_042;ESR_Zhang2025_115;ESR_Zhang2025_178;ESR_Zheng2025_207;ESR_Zhou2026_127;Gahlot2025_DigitalShadow;Han2024_HierarchicalMCMC;Jiang2024_DSIHistoryMatching;Leong2024_SeisCO2Net;Lin2020_PressureLeakage;Lu2022_BayesianOptimization;Lu2025_GISMLSite;Mo2018_EncoderDecoderUQ;Nassabeh2024_OffshoreSite;Seabra2024_AIEnhancedDA;Shokouhi2021_PhysicsInformedSite;TARGET_DRLGeoRisk2026_214483;TARGET_JointInversion2023_2022JB025372;Tang2022_DLDataAssimilationForecasting;Tang2024_GNNFaulted;Teng2024_LikelihoodFreeDA;VoThanh2026_DigitalTwinGNN;Wang2025_4DHistoryMatching;Wen2021_CCSNet;Wen2021_PlumeDNN;Wen2022_UFNO;Wen2023_NestedFNO;Witte2023_WNO;Yan2021_RobustDLWorkflow;Yin2022_XAILeakage;Zhang2021_LearningInversionFreeForecast;Zhong2019_PressureAnomaly
WP9.8-R1-AUTHOR-VERIFIED-2026-08-01,author_verified_wp9_8_r1_controlled_integration,corpus_scope,all_verified_primary,score_ge3::decision_readiness_score,70,8,70,0,0.114,0.114,0.059,0.210,Crain2023_MonitoringHistory;Diplas2026_DOEInjection;ESR_Tang2022_226;Lin2020_PressureLeakage;Lu2022_BayesianOptimization;TARGET_DRLGeoRisk2026_214483;Wang2025_4DHistoryMatching;Zhong2019_PressureAnomaly,Arafath2025_MalayBasinML;Attanasi2025_ResourceML;Baek2023_WellboreLeakage;Crain2023_MonitoringHistory;Diplas2026_DOEInjection;ESR_Alkhowaildi2025_082;ESR_Celaya2024_100;ESR_Chan2024_124;ESR_Chen2023_229;ESR_Chen2024_119;ESR_Falola2024_123;ESR_Ganesh2024_070;ESR_Hassani2024_118;ESR_Kadeethum2024_128;ESR_Kanakaki2025_045;ESR_Lima2019_267;ESR_Liu2025_121;ESR_Lozano2025_215;ESR_Meng2025_211;ESR_Mishra2022_076;ESR_Moncada2025_046;ESR_Nunez2023_166;ESR_Owusu2025_086;ESR_Park2025_223;ESR_Pawar2023_168;ESR_Qiao2025_125;ESR_RefNone_173;ESR_Sekar2025_239;ESR_Singh2025_084;ESR_Tang2022_226;ESR_Tang2024_135;ESR_Tariq2023_174;ESR_Um2024_091;ESR_Um2024_104;ESR_Vishal2025_213;ESR_Wang2024_089;ESR_Wu2025_042;ESR_Zhang2025_115;ESR_Zhang2025_178;ESR_Zheng2025_207;ESR_Zhou2026_127;Gahlot2025_DigitalShadow;Graham2020_BayesianGenerativeStorage;Han2024_HierarchicalMCMC;Jiang2024_DSIHistoryMatching;Leong2024_SeisCO2Net;Lin2020_PressureLeakage;Lu2022_BayesianOptimization;Lu2025_GISMLSite;Mo2018_EncoderDecoderUQ;Nassabeh2024_OffshoreSite;Seabra2024_AIEnhancedDA;Shokouhi2021_PhysicsInformedSite;TARGET_DRLGeoRisk2026_214483;TARGET_JointInversion2023_2022JB025372;Tang2022_DLDataAssimilationForecasting;Tang2024_GNNFaulted;Teng2024_LikelihoodFreeDA;VoThanh2026_DigitalTwinGNN;Wang2025_4DHistoryMatching;Wen2021_CCSNet;Wen2021_PlumeDNN;Wen2022_UFNO;Wen2023_NestedFNO;Witte2023_WNO;Yan2021_RobustDLWorkflow;Yehia2026_E2CORL;Yin2022_XAILeakage;Zhang2021_LearningInversionFreeForecast;Zhong2019_PressureAnomaly
WP9.8-R1-AUTHOR-VERIFIED-2026-08-01,author_verified_wp9_8_r1_controlled_integration,corpus_scope,all_verified_primary,direct_field_validation,70,6,61,9,0.098,0.086,0.046,0.198,Arafath2025_MalayBasinML;ESR_Mishra2022_076;ESR_Vishal2025_213;ESR_Wang2024_089;ESR_Zhang2025_178;Lu2025_GISMLSite,Arafath2025_MalayBasinML;Attanasi2025_ResourceML;Baek2023_WellboreLeakage;Crain2023_MonitoringHistory;Diplas2026_DOEInjection;ESR_Alkhowaildi2025_082;ESR_Chan2024_124;ESR_Chen2023_229;ESR_Chen2024_119;ESR_Falola2024_123;ESR_Ganesh2024_070;ESR_Hassani2024_118;ESR_Kadeethum2024_128;ESR_Kanakaki2025_045;ESR_Lozano2025_215;ESR_Meng2025_211;ESR_Mishra2022_076;ESR_Moncada2025_046;ESR_Nunez2023_166;ESR_Park2025_223;ESR_Pawar2023_168;ESR_RefNone_173;ESR_Tang2022_226;ESR_Tang2024_135;ESR_Tariq2023_174;ESR_Um2024_091;ESR_Um2024_104;ESR_Vishal2025_213;ESR_Wang2024_089;ESR_Wu2025_042;ESR_Zhang2025_115;ESR_Zhang2025_178;ESR_Zheng2025_207;ESR_Zhou2026_127;Gahlot2025_DigitalShadow;Han2024_HierarchicalMCMC;Jiang2024_DSIHistoryMatching;Leong2024_SeisCO2Net;Lin2020_PressureLeakage;Lu2022_BayesianOptimization;Lu2025_GISMLSite;Mo2018_EncoderDecoderUQ;Nassabeh2024_OffshoreSite;Seabra2024_AIEnhancedDA;Shokouhi2021_PhysicsInformedSite;TARGET_DRLGeoRisk2026_214483;TARGET_JointInversion2023_2022JB025372;Tang2022_DLDataAssimilationForecasting;Tang2024_GNNFaulted;Teng2024_LikelihoodFreeDA;VoThanh2026_DigitalTwinGNN;Wang2025_4DHistoryMatching;Wen2021_CCSNet;Wen2021_PlumeDNN;Wen2022_UFNO;Wen2023_NestedFNO;Witte2023_WNO;Yan2021_RobustDLWorkflow;Yin2022_XAILeakage;Zhang2021_LearningInversionFreeForecast;Zhong2019_PressureAnomaly
WP9.8-R1-AUTHOR-VERIFIED-2026-08-01,author_verified_wp9_8_r1_controlled_integration,corpus_scope,all_verified_primary,controlled_release_ml_validation,70,5,61,9,0.082,0.071,0.036,0.178,ESR_Wang2024_089;ESR_Zhang2025_178;Leong2024_SeisCO2Net;Lin2020_PressureLeakage;Zhong2019_PressureAnomaly,Arafath2025_MalayBasinML;Attanasi2025_ResourceML;Baek2023_WellboreLeakage;Crain2023_MonitoringHistory;Diplas2026_DOEInjection;ESR_Alkhowaildi2025_082;ESR_Chan2024_124;ESR_Chen2023_229;ESR_Chen2024_119;ESR_Falola2024_123;ESR_Ganesh2024_070;ESR_Hassani2024_118;ESR_Kadeethum2024_128;ESR_Kanakaki2025_045;ESR_Lozano2025_215;ESR_Meng2025_211;ESR_Mishra2022_076;ESR_Moncada2025_046;ESR_Nunez2023_166;ESR_Park2025_223;ESR_Pawar2023_168;ESR_RefNone_173;ESR_Tang2022_226;ESR_Tang2024_135;ESR_Tariq2023_174;ESR_Um2024_091;ESR_Um2024_104;ESR_Vishal2025_213;ESR_Wang2024_089;ESR_Wu2025_042;ESR_Zhang2025_115;ESR_Zhang2025_178;ESR_Zheng2025_207;ESR_Zhou2026_127;Gahlot2025_DigitalShadow;Han2024_HierarchicalMCMC;Jiang2024_DSIHistoryMatching;Leong2024_SeisCO2Net;Lin2020_PressureLeakage;Lu2022_BayesianOptimization;Lu2025_GISMLSite;Mo2018_EncoderDecoderUQ;Nassabeh2024_OffshoreSite;Seabra2024_AIEnhancedDA;Shokouhi2021_PhysicsInformedSite;TARGET_DRLGeoRisk2026_214483;TARGET_JointInversion2023_2022JB025372;Tang2022_DLDataAssimilationForecasting;Tang2024_GNNFaulted;Teng2024_LikelihoodFreeDA;VoThanh2026_DigitalTwinGNN;Wang2025_4DHistoryMatching;Wen2021_CCSNet;Wen2021_PlumeDNN;Wen2022_UFNO;Wen2023_NestedFNO;Witte2023_WNO;Yan2021_RobustDLWorkflow;Yin2022_XAILeakage;Zhang2021_LearningInversionFreeForecast;Zhong2019_PressureAnomaly
WP9.8-R1-AUTHOR-VERIFIED-2026-08-01,author_verified_wp9_8_r1_controlled_integration,corpus_scope,all_verified_primary,explicit_ood_testing,70,14,60,10,0.233,0.200,0.144,0.354,ESR_Celaya2024_100;ESR_Chan2024_124;ESR_Hassani2024_118;ESR_Tang2022_226;ESR_Wu2025_042;ESR_Zhang2025_115;Leong2024_SeisCO2Net;Lin2020_PressureLeakage;Seabra2024_AIEnhancedDA;Tang2022_DLDataAssimilationForecasting;Tang2024_GNNFaulted;Wen2021_PlumeDNN;Wen2022_UFNO;Zhong2019_PressureAnomaly,Arafath2025_MalayBasinML;Attanasi2025_ResourceML;Baek2023_WellboreLeakage;Crain2023_MonitoringHistory;Diplas2026_DOEInjection;ESR_Alkhowaildi2025_082;ESR_Celaya2024_100;ESR_Chan2024_124;ESR_Chen2023_229;ESR_Chen2024_119;ESR_Falola2024_123;ESR_Ganesh2024_070;ESR_Hassani2024_118;ESR_Kadeethum2024_128;ESR_Kanakaki2025_045;ESR_Lozano2025_215;ESR_Meng2025_211;ESR_Mishra2022_076;ESR_Moncada2025_046;ESR_Nunez2023_166;ESR_Park2025_223;ESR_Pawar2023_168;ESR_RefNone_173;ESR_Tang2022_226;ESR_Tang2024_135;ESR_Tariq2023_174;ESR_Um2024_091;ESR_Um2024_104;ESR_Wang2024_089;ESR_Wu2025_042;ESR_Zhang2025_115;ESR_Zhang2025_178;ESR_Zheng2025_207;ESR_Zhou2026_127;Gahlot2025_DigitalShadow;Han2024_HierarchicalMCMC;Jiang2024_DSIHistoryMatching;Leong2024_SeisCO2Net;Lin2020_PressureLeakage;Lu2022_BayesianOptimization;Lu2025_GISMLSite;Mo2018_EncoderDecoderUQ;Nassabeh2024_OffshoreSite;Seabra2024_AIEnhancedDA;TARGET_DRLGeoRisk2026_214483;TARGET_JointInversion2023_2022JB025372;Tang2022_DLDataAssimilationForecasting;Tang2024_GNNFaulted;Teng2024_LikelihoodFreeDA;VoThanh2026_DigitalTwinGNN;Wang2025_4DHistoryMatching;Wen2021_CCSNet;Wen2021_PlumeDNN;Wen2022_UFNO;Wen2023_NestedFNO;Witte2023_WNO;Yan2021_RobustDLWorkflow;Yin2022_XAILeakage;Zhang2021_LearningInversionFreeForecast;Zhong2019_PressureAnomaly
WP9.8-R1-AUTHOR-VERIFIED-2026-08-01,author_verified_wp9_8_r1_controlled_integration,corpus_scope,all_verified_primary,explicit_cross_site_testing,70,1,60,10,0.017,0.014,0.003,0.089,ESR_Wu2025_042,Arafath2025_MalayBasinML;Attanasi2025_ResourceML;Baek2023_WellboreLeakage;Crain2023_MonitoringHistory;Diplas2026_DOEInjection;ESR_Alkhowaildi2025_082;ESR_Chan2024_124;ESR_Chen2023_229;ESR_Chen2024_119;ESR_Falola2024_123;ESR_Ganesh2024_070;ESR_Hassani2024_118;ESR_Kadeethum2024_128;ESR_Kanakaki2025_045;ESR_Lozano2025_215;ESR_Meng2025_211;ESR_Mishra2022_076;ESR_Moncada2025_046;ESR_Nunez2023_166;ESR_Park2025_223;ESR_Pawar2023_168;ESR_RefNone_173;ESR_Tang2022_226;ESR_Tang2024_135;ESR_Tariq2023_174;ESR_Um2024_091;ESR_Um2024_104;ESR_Wang2024_089;ESR_Wu2025_042;ESR_Zhang2025_115;ESR_Zhang2025_178;ESR_Zheng2025_207;ESR_Zhou2026_127;Gahlot2025_DigitalShadow;Han2024_HierarchicalMCMC;Jiang2024_DSIHistoryMatching;Leong2024_SeisCO2Net;Lin2020_PressureLeakage;Lu2022_BayesianOptimization;Lu2025_GISMLSite;Mo2018_EncoderDecoderUQ;Nassabeh2024_OffshoreSite;Seabra2024_AIEnhancedDA;Shokouhi2021_PhysicsInformedSite;TARGET_DRLGeoRisk2026_214483;TARGET_JointInversion2023_2022JB025372;Tang2022_DLDataAssimilationForecasting;Tang2024_GNNFaulted;Teng2024_LikelihoodFreeDA;VoThanh2026_DigitalTwinGNN;Wang2025_4DHistoryMatching;Wen2021_CCSNet;Wen2021_PlumeDNN;Wen2022_UFNO;Wen2023_NestedFNO;Witte2023_WNO;Yan2021_RobustDLWorkflow;Yin2022_XAILeakage;Zhang2021_LearningInversionFreeForecast;Zhong2019_PressureAnomaly
WP9.8-R1-AUTHOR-VERIFIED-2026-08-01,author_verified_wp9_8_r1_controlled_integration,corpus_scope,all_verified_primary,uncertainty_calibration_or_posterior_check,70,13,50,20,0.260,0.186,0.159,0.396,Crain2023_MonitoringHistory;ESR_Lozano2025_215;ESR_Tang2022_226;Gahlot2025_DigitalShadow;Han2024_HierarchicalMCMC;Jiang2024_DSIHistoryMatching;Mo2018_EncoderDecoderUQ;Seabra2024_AIEnhancedDA;Tang2022_DLDataAssimilationForecasting;Teng2024_LikelihoodFreeDA;VoThanh2026_DigitalTwinGNN;Wang2025_4DHistoryMatching;Zhang2021_LearningInversionFreeForecast,Arafath2025_MalayBasinML;Attanasi2025_ResourceML;Crain2023_MonitoringHistory;Diplas2026_DOEInjection;ESR_Alkhowaildi2025_082;ESR_Chan2024_124;ESR_Chen2024_119;ESR_Falola2024_123;ESR_Hassani2024_118;ESR_Kadeethum2024_128;ESR_Kanakaki2025_045;ESR_Lozano2025_215;ESR_Meng2025_211;ESR_Mishra2022_076;ESR_Moncada2025_046;ESR_Nunez2023_166;ESR_Park2025_223;ESR_Pawar2023_168;ESR_RefNone_173;ESR_Tang2022_226;ESR_Tang2024_135;ESR_Tariq2023_174;ESR_Um2024_091;ESR_Um2024_104;ESR_Wang2024_089;ESR_Zhang2025_115;ESR_Zhang2025_178;ESR_Zheng2025_207;ESR_Zhou2026_127;Gahlot2025_DigitalShadow;Han2024_HierarchicalMCMC;Jiang2024_DSIHistoryMatching;Lu2022_BayesianOptimization;Lu2025_GISMLSite;Mo2018_EncoderDecoderUQ;Nassabeh2024_OffshoreSite;Seabra2024_AIEnhancedDA;Shokouhi2021_PhysicsInformedSite;Tang2022_DLDataAssimilationForecasting;Tang2024_GNNFaulted;Teng2024_LikelihoodFreeDA;VoThanh2026_DigitalTwinGNN;Wang2025_4DHistoryMatching;Wen2021_PlumeDNN;Wen2022_UFNO;Witte2023_WNO;Yan2021_RobustDLWorkflow;Yin2022_XAILeakage;Zhang2021_LearningInversionFreeForecast;Zhong2019_PressureAnomaly
WP9.8-R1-AUTHOR-VERIFIED-2026-08-01,author_verified_wp9_8_r1_controlled_integration,corpus_scope,all_verified_primary,surrogate_error_propagation,70,4,24,46,0.167,0.057,0.067,0.359,Diplas2026_DOEInjection;Han2024_HierarchicalMCMC;Lu2022_BayesianOptimization;Wang2025_4DHistoryMatching,Attanasi2025_ResourceML;Baek2023_WellboreLeakage;Diplas2026_DOEInjection;ESR_Alkhowaildi2025_082;ESR_Chan2024_124;ESR_Chen2024_119;ESR_Ganesh2024_070;ESR_Lozano2025_215;ESR_Meng2025_211;ESR_Mishra2022_076;ESR_Moncada2025_046;ESR_Tang2022_226;ESR_Wu2025_042;ESR_Zheng2025_207;Han2024_HierarchicalMCMC;Lu2022_BayesianOptimization;Mo2018_EncoderDecoderUQ;Seabra2024_AIEnhancedDA;TARGET_DRLGeoRisk2026_214483;Tang2022_DLDataAssimilationForecasting;Teng2024_LikelihoodFreeDA;Wang2025_4DHistoryMatching;Wen2021_CCSNet;Wen2023_NestedFNO
WP9.8-R1-AUTHOR-VERIFIED-2026-08-01,author_verified_wp9_8_r1_controlled_integration,corpus_scope,all_verified_primary,any_physical_diagnostic_checked,70,24,47,23,0.511,0.343,0.372,0.647,Baek2023_WellboreLeakage;Crain2023_MonitoringHistory;Diplas2026_DOEInjection;ESR_Chan2024_124;ESR_Ganesh2024_070;ESR_Kanakaki2025_045;ESR_Tang2022_226;ESR_Tang2024_135;ESR_Um2024_091;ESR_Zheng2025_207;Han2024_HierarchicalMCMC;Jiang2024_DSIHistoryMatching;Leong2024_SeisCO2Net;Mo2018_EncoderDecoderUQ;TARGET_DRLGeoRisk2026_214483;Tang2024_GNNFaulted;VoThanh2026_DigitalTwinGNN;Wen2021_CCSNet;Wen2021_PlumeDNN;Wen2022_UFNO;Wen2023_NestedFNO;Yan2021_RobustDLWorkflow;Yin2022_XAILeakage;Zhong2019_PressureAnomaly,Arafath2025_MalayBasinML;Attanasi2025_ResourceML;Baek2023_WellboreLeakage;Crain2023_MonitoringHistory;Diplas2026_DOEInjection;ESR_Alkhowaildi2025_082;ESR_Celaya2024_100;ESR_Chan2024_124;ESR_Chen2024_119;ESR_Ganesh2024_070;ESR_Hassani2024_118;ESR_Kanakaki2025_045;ESR_Meng2025_211;ESR_Mishra2022_076;ESR_Moncada2025_046;ESR_RefNone_173;ESR_Tang2022_226;ESR_Tang2024_135;ESR_Um2024_091;ESR_Um2024_104;ESR_Wang2024_089;ESR_Zheng2025_207;ESR_Zhou2026_127;Gahlot2025_DigitalShadow;Han2024_HierarchicalMCMC;Jiang2024_DSIHistoryMatching;Leong2024_SeisCO2Net;Lin2020_PressureLeakage;Lu2022_BayesianOptimization;Lu2025_GISMLSite;Mo2018_EncoderDecoderUQ;Nassabeh2024_OffshoreSite;TARGET_DRLGeoRisk2026_214483;TARGET_JointInversion2023_2022JB025372;Tang2022_DLDataAssimilationForecasting;Tang2024_GNNFaulted;Teng2024_LikelihoodFreeDA;VoThanh2026_DigitalTwinGNN;Wang2025_4DHistoryMatching;Wen2021_CCSNet;Wen2021_PlumeDNN;Wen2022_UFNO;Wen2023_NestedFNO;Yan2021_RobustDLWorkflow;Yin2022_XAILeakage;Zhang2021_LearningInversionFreeForecast;Zhong2019_PressureAnomaly
WP9.8-R1-AUTHOR-VERIFIED-2026-08-01,author_verified_wp9_8_r1_controlled_integration,corpus_scope,all_verified_primary,red_zone_recode_criticality,70,0,0,70,,0.000,,,,
WP9.8-R1-AUTHOR-VERIFIED-2026-08-01,author_verified_wp9_8_r1_controlled_integration,conference_preprint,all_verified_reference,synthetic_led_evidence,70,55,68,2,0.809,0.786,0.700,0.885,Baek2023_WellboreLeakage;Crain2023_MonitoringHistory;Diplas2026_DOEInjection;ESR_Alkhowaildi2025_082;ESR_Celaya2024_100;ESR_Chan2024_124;ESR_Chen2023_229;ESR_Chen2024_119;ESR_Falola2024_123;ESR_Ganesh2024_070;ESR_Hassani2024_118;ESR_Kadeethum2024_128;ESR_Kanakaki2025_045;ESR_Lima2019_267;ESR_Liu2025_121;ESR_Lozano2025_215;ESR_Nunez2023_166;ESR_Owusu2025_086;ESR_Park2025_223;ESR_Pawar2023_168;ESR_Qiao2025_125;ESR_Sekar2025_239;ESR_Singh2025_084;ESR_Tang2024_135;ESR_Tariq2023_174;ESR_Wu2025_042;ESR_Zhang2025_115;ESR_Zheng2025_207;ESR_Zhou2026_127;Gahlot2025_DigitalShadow;Graham2020_BayesianGenerativeStorage;Han2024_HierarchicalMCMC;Jiang2024_DSIHistoryMatching;Lin2020_PressureLeakage;Lu2022_BayesianOptimization;Mo2018_EncoderDecoderUQ;Seabra2024_AIEnhancedDA;Shokouhi2021_PhysicsInformedSite;TARGET_DRLGeoRisk2026_214483;TARGET_JointInversion2023_2022JB025372;Tang2022_DLDataAssimilationForecasting;Tang2024_GNNFaulted;Teng2024_LikelihoodFreeDA;VoThanh2026_DigitalTwinGNN;Wang2025_4DHistoryMatching;Wen2021_CCSNet;Wen2021_PlumeDNN;Wen2022_UFNO;Wen2023_NestedFNO;Witte2023_WNO;Yan2021_RobustDLWorkflow;Yehia2026_E2CORL;Yin2022_XAILeakage;Zhang2021_LearningInversionFreeForecast;Zhong2019_PressureAnomaly,Arafath2025_MalayBasinML;Attanasi2025_ResourceML;Baek2023_WellboreLeakage;Crain2023_MonitoringHistory;Diplas2026_DOEInjection;ESR_Alkhowaildi2025_082;ESR_Celaya2024_100;ESR_Chan2024_124;ESR_Chen2023_229;ESR_Chen2024_119;ESR_Falola2024_123;ESR_Ganesh2024_070;ESR_Hassani2024_118;ESR_Kadeethum2024_128;ESR_Kanakaki2025_045;ESR_Lima2019_267;ESR_Liu2025_121;ESR_Lozano2025_215;ESR_Mishra2022_076;ESR_Moncada2025_046;ESR_Nunez2023_166;ESR_Owusu2025_086;ESR_Park2025_223;ESR_Pawar2023_168;ESR_Qiao2025_125;ESR_RefNone_173;ESR_Sekar2025_239;ESR_Singh2025_084;ESR_Tang2022_226;ESR_Tang2024_135;ESR_Tariq2023_174;ESR_Um2024_091;ESR_Vishal2025_213;ESR_Wang2024_089;ESR_Wu2025_042;ESR_Zhang2025_115;ESR_Zhang2025_178;ESR_Zheng2025_207;ESR_Zhou2026_127;Gahlot2025_DigitalShadow;Graham2020_BayesianGenerativeStorage;Han2024_HierarchicalMCMC;Jiang2024_DSIHistoryMatching;Leong2024_SeisCO2Net;Lin2020_PressureLeakage;Lu2022_BayesianOptimization;Lu2025_GISMLSite;Mo2018_EncoderDecoderUQ;Nassabeh2024_OffshoreSite;Seabra2024_AIEnhancedDA;Shokouhi2021_PhysicsInformedSite;TARGET_DRLGeoRisk2026_214483;TARGET_JointInversion2023_2022JB025372;Tang2022_DLDataAssimilationForecasting;Tang2024_GNNFaulted;Teng2024_LikelihoodFreeDA;VoThanh2026_DigitalTwinGNN;Wang2025_4DHistoryMatching;Wen2021_CCSNet;Wen2021_PlumeDNN;Wen2022_UFNO;Wen2023_NestedFNO;Witte2023_WNO;Yan2021_RobustDLWorkflow;Yehia2026_E2CORL;Yin2022_XAILeakage;Zhang2021_LearningInversionFreeForecast;Zhong2019_PressureAnomaly
WP9.8-R1-AUTHOR-VERIFIED-2026-08-01,author_verified_wp9_8_r1_controlled_integration,conference_preprint,all_verified_reference,score_ge3::field_evidence_score,70,6,69,1,0.087,0.086,0.040,0.177,Arafath2025_MalayBasinML;ESR_Mishra2022_076;ESR_Vishal2025_213;ESR_Wang2024_089;ESR_Zhang2025_178;Lu2025_GISMLSite,Arafath2025_MalayBasinML;Attanasi2025_ResourceML;Baek2023_WellboreLeakage;Crain2023_MonitoringHistory;Diplas2026_DOEInjection;ESR_Alkhowaildi2025_082;ESR_Celaya2024_100;ESR_Chan2024_124;ESR_Chen2023_229;ESR_Chen2024_119;ESR_Falola2024_123;ESR_Ganesh2024_070;ESR_Hassani2024_118;ESR_Kadeethum2024_128;ESR_Kanakaki2025_045;ESR_Lima2019_267;ESR_Lozano2025_215;ESR_Meng2025_211;ESR_Mishra2022_076;ESR_Moncada2025_046;ESR_Nunez2023_166;ESR_Owusu2025_086;ESR_Park2025_223;ESR_Pawar2023_168;ESR_Qiao2025_125;ESR_RefNone_173;ESR_Sekar2025_239;ESR_Singh2025_084;ESR_Tang2022_226;ESR_Tang2024_135;ESR_Tariq2023_174;ESR_Um2024_091;ESR_Um2024_104;ESR_Vishal2025_213;ESR_Wang2024_089;ESR_Wu2025_042;ESR_Zhang2025_115;ESR_Zhang2025_178;ESR_Zheng2025_207;ESR_Zhou2026_127;Gahlot2025_DigitalShadow;Graham2020_BayesianGenerativeStorage;Han2024_HierarchicalMCMC;Jiang2024_DSIHistoryMatching;Leong2024_SeisCO2Net;Lin2020_PressureLeakage;Lu2022_BayesianOptimization;Lu2025_GISMLSite;Mo2018_EncoderDecoderUQ;Nassabeh2024_OffshoreSite;Seabra2024_AIEnhancedDA;Shokouhi2021_PhysicsInformedSite;TARGET_DRLGeoRisk2026_214483;TARGET_JointInversion2023_2022JB025372;Tang2022_DLDataAssimilationForecasting;Tang2024_GNNFaulted;Teng2024_LikelihoodFreeDA;VoThanh2026_DigitalTwinGNN;Wang2025_4DHistoryMatching;Wen2021_CCSNet;Wen2021_PlumeDNN;Wen2022_UFNO;Wen2023_NestedFNO;Witte2023_WNO;Yan2021_RobustDLWorkflow;Yehia2026_E2CORL;Yin2022_XAILeakage;Zhang2021_LearningInversionFreeForecast;Zhong2019_PressureAnomaly
WP9.8-R1-AUTHOR-VERIFIED-2026-08-01,author_verified_wp9_8_r1_controlled_integration,conference_preprint,all_verified_reference,score_ge3::physical_consistency_score,70,41,70,0,0.586,0.586,0.469,0.694,Baek2023_WellboreLeakage;Crain2023_MonitoringHistory;Diplas2026_DOEInjection;ESR_Chan2024_124;ESR_Chen2024_119;ESR_Falola2024_123;ESR_Kanakaki2025_045;ESR_Lozano2025_215;ESR_Meng2025_211;ESR_Nunez2023_166;ESR_Park2025_223;ESR_Tang2022_226;ESR_Tang2024_135;ESR_Tariq2023_174;ESR_Um2024_091;ESR_Um2024_104;ESR_Zhang2025_115;ESR_Zhang2025_178;ESR_Zheng2025_207;ESR_Zhou2026_127;Gahlot2025_DigitalShadow;Han2024_HierarchicalMCMC;Jiang2024_DSIHistoryMatching;Leong2024_SeisCO2Net;Lu2022_BayesianOptimization;Mo2018_EncoderDecoderUQ;Seabra2024_AIEnhancedDA;TARGET_DRLGeoRisk2026_214483;TARGET_JointInversion2023_2022JB025372;Tang2022_DLDataAssimilationForecasting;Tang2024_GNNFaulted;Teng2024_LikelihoodFreeDA;VoThanh2026_DigitalTwinGNN;Wang2025_4DHistoryMatching;Wen2021_CCSNet;Wen2021_PlumeDNN;Wen2022_UFNO;Wen2023_NestedFNO;Witte2023_WNO;Yan2021_RobustDLWorkflow;Yin2022_XAILeakage,Arafath2025_MalayBasinML;Attanasi2025_ResourceML;Baek2023_WellboreLeakage;Crain2023_MonitoringHistory;Diplas2026_DOEInjection;ESR_Alkhowaildi2025_082;ESR_Celaya2024_100;ESR_Chan2024_124;ESR_Chen2023_229;ESR_Chen2024_119;ESR_Falola2024_123;ESR_Ganesh2024_070;ESR_Hassani2024_118;ESR_Kadeethum2024_128;ESR_Kanakaki2025_045;ESR_Lima2019_267;ESR_Liu2025_121;ESR_Lozano2025_215;ESR_Meng2025_211;ESR_Mishra2022_076;ESR_Moncada2025_046;ESR_Nunez2023_166;ESR_Owusu2025_086;ESR_Park2025_223;ESR_Pawar2023_168;ESR_Qiao2025_125;ESR_RefNone_173;ESR_Sekar2025_239;ESR_Singh2025_084;ESR_Tang2022_226;ESR_Tang2024_135;ESR_Tariq2023_174;ESR_Um2024_091;ESR_Um2024_104;ESR_Vishal2025_213;ESR_Wang2024_089;ESR_Wu2025_042;ESR_Zhang2025_115;ESR_Zhang2025_178;ESR_Zheng2025_207;ESR_Zhou2026_127;Gahlot2025_DigitalShadow;Graham2020_BayesianGenerativeStorage;Han2024_HierarchicalMCMC;Jiang2024_DSIHistoryMatching;Leong2024_SeisCO2Net;Lin2020_PressureLeakage;Lu2022_BayesianOptimization;Lu2025_GISMLSite;Mo2018_EncoderDecoderUQ;Nassabeh2024_OffshoreSite;Seabra2024_AIEnhancedDA;Shokouhi2021_PhysicsInformedSite;TARGET_DRLGeoRisk2026_214483;TARGET_JointInversion2023_2022JB025372;Tang2022_DLDataAssimilationForecasting;Tang2024_GNNFaulted;Teng2024_LikelihoodFreeDA;VoThanh2026_DigitalTwinGNN;Wang2025_4DHistoryMatching;Wen2021_CCSNet;Wen2021_PlumeDNN;Wen2022_UFNO;Wen2023_NestedFNO;Witte2023_WNO;Yan2021_RobustDLWorkflow;Yehia2026_E2CORL;Yin2022_XAILeakage;Zhang2021_LearningInversionFreeForecast;Zhong2019_PressureAnomaly
WP9.8-R1-AUTHOR-VERIFIED-2026-08-01,author_verified_wp9_8_r1_controlled_integration,conference_preprint,all_verified_reference,score_ge3::uncertainty_score,70,13,63,7,0.206,0.186,0.125,0.322,Crain2023_MonitoringHistory;ESR_Lozano2025_215;ESR_Tang2022_226;Gahlot2025_DigitalShadow;Han2024_HierarchicalMCMC;Jiang2024_DSIHistoryMatching;Mo2018_EncoderDecoderUQ;Seabra2024_AIEnhancedDA;Tang2022_DLDataAssimilationForecasting;Teng2024_LikelihoodFreeDA;VoThanh2026_DigitalTwinGNN;Wang2025_4DHistoryMatching;Zhang2021_LearningInversionFreeForecast,Arafath2025_MalayBasinML;Attanasi2025_ResourceML;Baek2023_WellboreLeakage;Crain2023_MonitoringHistory;Diplas2026_DOEInjection;ESR_Alkhowaildi2025_082;ESR_Celaya2024_100;ESR_Chan2024_124;ESR_Chen2023_229;ESR_Chen2024_119;ESR_Falola2024_123;ESR_Ganesh2024_070;ESR_Hassani2024_118;ESR_Kadeethum2024_128;ESR_Kanakaki2025_045;ESR_Lozano2025_215;ESR_Meng2025_211;ESR_Mishra2022_076;ESR_Moncada2025_046;ESR_Nunez2023_166;ESR_Park2025_223;ESR_Pawar2023_168;ESR_RefNone_173;ESR_Tang2022_226;ESR_Tang2024_135;ESR_Tariq2023_174;ESR_Um2024_091;ESR_Um2024_104;ESR_Vishal2025_213;ESR_Wang2024_089;ESR_Wu2025_042;ESR_Zhang2025_115;ESR_Zhang2025_178;ESR_Zheng2025_207;ESR_Zhou2026_127;Gahlot2025_DigitalShadow;Graham2020_BayesianGenerativeStorage;Han2024_HierarchicalMCMC;Jiang2024_DSIHistoryMatching;Leong2024_SeisCO2Net;Lin2020_PressureLeakage;Lu2022_BayesianOptimization;Lu2025_GISMLSite;Mo2018_EncoderDecoderUQ;Nassabeh2024_OffshoreSite;Seabra2024_AIEnhancedDA;Shokouhi2021_PhysicsInformedSite;TARGET_DRLGeoRisk2026_214483;TARGET_JointInversion2023_2022JB025372;Tang2022_DLDataAssimilationForecasting;Tang2024_GNNFaulted;Teng2024_LikelihoodFreeDA;VoThanh2026_DigitalTwinGNN;Wang2025_4DHistoryMatching;Wen2021_CCSNet;Wen2021_PlumeDNN;Wen2022_UFNO;Wen2023_NestedFNO;Witte2023_WNO;Yan2021_RobustDLWorkflow;Yin2022_XAILeakage;Zhang2021_LearningInversionFreeForecast;Zhong2019_PressureAnomaly
WP9.8-R1-AUTHOR-VERIFIED-2026-08-01,author_verified_wp9_8_r1_controlled_integration,conference_preprint,all_verified_reference,score_ge3::transferability_score,70,6,62,8,0.097,0.086,0.045,0.195,ESR_Wu2025_042;Leong2024_SeisCO2Net;Lin2020_PressureLeakage;Seabra2024_AIEnhancedDA;Tang2022_DLDataAssimilationForecasting;Zhong2019_PressureAnomaly,Arafath2025_MalayBasinML;Attanasi2025_ResourceML;Baek2023_WellboreLeakage;Crain2023_MonitoringHistory;Diplas2026_DOEInjection;ESR_Alkhowaildi2025_082;ESR_Celaya2024_100;ESR_Chan2024_124;ESR_Chen2023_229;ESR_Chen2024_119;ESR_Falola2024_123;ESR_Ganesh2024_070;ESR_Hassani2024_118;ESR_Kadeethum2024_128;ESR_Kanakaki2025_045;ESR_Lozano2025_215;ESR_Meng2025_211;ESR_Mishra2022_076;ESR_Moncada2025_046;ESR_Nunez2023_166;ESR_Park2025_223;ESR_Pawar2023_168;ESR_RefNone_173;ESR_Tang2022_226;ESR_Tang2024_135;ESR_Tariq2023_174;ESR_Um2024_091;ESR_Um2024_104;ESR_Vishal2025_213;ESR_Wang2024_089;ESR_Wu2025_042;ESR_Zhang2025_115;ESR_Zhang2025_178;ESR_Zheng2025_207;ESR_Zhou2026_127;Gahlot2025_DigitalShadow;Han2024_HierarchicalMCMC;Jiang2024_DSIHistoryMatching;Leong2024_SeisCO2Net;Lin2020_PressureLeakage;Lu2022_BayesianOptimization;Lu2025_GISMLSite;Mo2018_EncoderDecoderUQ;Nassabeh2024_OffshoreSite;Seabra2024_AIEnhancedDA;Shokouhi2021_PhysicsInformedSite;TARGET_DRLGeoRisk2026_214483;TARGET_JointInversion2023_2022JB025372;Tang2022_DLDataAssimilationForecasting;Tang2024_GNNFaulted;Teng2024_LikelihoodFreeDA;VoThanh2026_DigitalTwinGNN;Wang2025_4DHistoryMatching;Wen2021_CCSNet;Wen2021_PlumeDNN;Wen2022_UFNO;Wen2023_NestedFNO;Witte2023_WNO;Yan2021_RobustDLWorkflow;Yin2022_XAILeakage;Zhang2021_LearningInversionFreeForecast;Zhong2019_PressureAnomaly
WP9.8-R1-AUTHOR-VERIFIED-2026-08-01,author_verified_wp9_8_r1_controlled_integration,conference_preprint,all_verified_reference,score_ge3::decision_readiness_score,70,8,70,0,0.114,0.114,0.059,0.210,Crain2023_MonitoringHistory;Diplas2026_DOEInjection;ESR_Tang2022_226;Lin2020_PressureLeakage;Lu2022_BayesianOptimization;TARGET_DRLGeoRisk2026_214483;Wang2025_4DHistoryMatching;Zhong2019_PressureAnomaly,Arafath2025_MalayBasinML;Attanasi2025_ResourceML;Baek2023_WellboreLeakage;Crain2023_MonitoringHistory;Diplas2026_DOEInjection;ESR_Alkhowaildi2025_082;ESR_Celaya2024_100;ESR_Chan2024_124;ESR_Chen2023_229;ESR_Chen2024_119;ESR_Falola2024_123;ESR_Ganesh2024_070;ESR_Hassani2024_118;ESR_Kadeethum2024_128;ESR_Kanakaki2025_045;ESR_Lima2019_267;ESR_Liu2025_121;ESR_Lozano2025_215;ESR_Meng2025_211;ESR_Mishra2022_076;ESR_Moncada2025_046;ESR_Nunez2023_166;ESR_Owusu2025_086;ESR_Park2025_223;ESR_Pawar2023_168;ESR_Qiao2025_125;ESR_RefNone_173;ESR_Sekar2025_239;ESR_Singh2025_084;ESR_Tang2022_226;ESR_Tang2024_135;ESR_Tariq2023_174;ESR_Um2024_091;ESR_Um2024_104;ESR_Vishal2025_213;ESR_Wang2024_089;ESR_Wu2025_042;ESR_Zhang2025_115;ESR_Zhang2025_178;ESR_Zheng2025_207;ESR_Zhou2026_127;Gahlot2025_DigitalShadow;Graham2020_BayesianGenerativeStorage;Han2024_HierarchicalMCMC;Jiang2024_DSIHistoryMatching;Leong2024_SeisCO2Net;Lin2020_PressureLeakage;Lu2022_BayesianOptimization;Lu2025_GISMLSite;Mo2018_EncoderDecoderUQ;Nassabeh2024_OffshoreSite;Seabra2024_AIEnhancedDA;Shokouhi2021_PhysicsInformedSite;TARGET_DRLGeoRisk2026_214483;TARGET_JointInversion2023_2022JB025372;Tang2022_DLDataAssimilationForecasting;Tang2024_GNNFaulted;Teng2024_LikelihoodFreeDA;VoThanh2026_DigitalTwinGNN;Wang2025_4DHistoryMatching;Wen2021_CCSNet;Wen2021_PlumeDNN;Wen2022_UFNO;Wen2023_NestedFNO;Witte2023_WNO;Yan2021_RobustDLWorkflow;Yehia2026_E2CORL;Yin2022_XAILeakage;Zhang2021_LearningInversionFreeForecast;Zhong2019_PressureAnomaly
WP9.8-R1-AUTHOR-VERIFIED-2026-08-01,author_verified_wp9_8_r1_controlled_integration,conference_preprint,all_verified_reference,direct_field_validation,70,6,61,9,0.098,0.086,0.046,0.198,Arafath2025_MalayBasinML;ESR_Mishra2022_076;ESR_Vishal2025_213;ESR_Wang2024_089;ESR_Zhang2025_178;Lu2025_GISMLSite,Arafath2025_MalayBasinML;Attanasi2025_ResourceML;Baek2023_WellboreLeakage;Crain2023_MonitoringHistory;Diplas2026_DOEInjection;ESR_Alkhowaildi2025_082;ESR_Chan2024_124;ESR_Chen2023_229;ESR_Chen2024_119;ESR_Falola2024_123;ESR_Ganesh2024_070;ESR_Hassani2024_118;ESR_Kadeethum2024_128;ESR_Kanakaki2025_045;ESR_Lozano2025_215;ESR_Meng2025_211;ESR_Mishra2022_076;ESR_Moncada2025_046;ESR_Nunez2023_166;ESR_Park2025_223;ESR_Pawar2023_168;ESR_RefNone_173;ESR_Tang2022_226;ESR_Tang2024_135;ESR_Tariq2023_174;ESR_Um2024_091;ESR_Um2024_104;ESR_Vishal2025_213;ESR_Wang2024_089;ESR_Wu2025_042;ESR_Zhang2025_115;ESR_Zhang2025_178;ESR_Zheng2025_207;ESR_Zhou2026_127;Gahlot2025_DigitalShadow;Han2024_HierarchicalMCMC;Jiang2024_DSIHistoryMatching;Leong2024_SeisCO2Net;Lin2020_PressureLeakage;Lu2022_BayesianOptimization;Lu2025_GISMLSite;Mo2018_EncoderDecoderUQ;Nassabeh2024_OffshoreSite;Seabra2024_AIEnhancedDA;Shokouhi2021_PhysicsInformedSite;TARGET_DRLGeoRisk2026_214483;TARGET_JointInversion2023_2022JB025372;Tang2022_DLDataAssimilationForecasting;Tang2024_GNNFaulted;Teng2024_LikelihoodFreeDA;VoThanh2026_DigitalTwinGNN;Wang2025_4DHistoryMatching;Wen2021_CCSNet;Wen2021_PlumeDNN;Wen2022_UFNO;Wen2023_NestedFNO;Witte2023_WNO;Yan2021_RobustDLWorkflow;Yin2022_XAILeakage;Zhang2021_LearningInversionFreeForecast;Zhong2019_PressureAnomaly
WP9.8-R1-AUTHOR-VERIFIED-2026-08-01,author_verified_wp9_8_r1_controlled_integration,conference_preprint,all_verified_reference,controlled_release_ml_validation,70,5,61,9,0.082,0.071,0.036,0.178,ESR_Wang2024_089;ESR_Zhang2025_178;Leong2024_SeisCO2Net;Lin2020_PressureLeakage;Zhong2019_PressureAnomaly,Arafath2025_MalayBasinML;Attanasi2025_ResourceML;Baek2023_WellboreLeakage;Crain2023_MonitoringHistory;Diplas2026_DOEInjection;ESR_Alkhowaildi2025_082;ESR_Chan2024_124;ESR_Chen2023_229;ESR_Chen2024_119;ESR_Falola2024_123;ESR_Ganesh2024_070;ESR_Hassani2024_118;ESR_Kadeethum2024_128;ESR_Kanakaki2025_045;ESR_Lozano2025_215;ESR_Meng2025_211;ESR_Mishra2022_076;ESR_Moncada2025_046;ESR_Nunez2023_166;ESR_Park2025_223;ESR_Pawar2023_168;ESR_RefNone_173;ESR_Tang2022_226;ESR_Tang2024_135;ESR_Tariq2023_174;ESR_Um2024_091;ESR_Um2024_104;ESR_Vishal2025_213;ESR_Wang2024_089;ESR_Wu2025_042;ESR_Zhang2025_115;ESR_Zhang2025_178;ESR_Zheng2025_207;ESR_Zhou2026_127;Gahlot2025_DigitalShadow;Han2024_HierarchicalMCMC;Jiang2024_DSIHistoryMatching;Leong2024_SeisCO2Net;Lin2020_PressureLeakage;Lu2022_BayesianOptimization;Lu2025_GISMLSite;Mo2018_EncoderDecoderUQ;Nassabeh2024_OffshoreSite;Seabra2024_AIEnhancedDA;Shokouhi2021_PhysicsInformedSite;TARGET_DRLGeoRisk2026_214483;TARGET_JointInversion2023_2022JB025372;Tang2022_DLDataAssimilationForecasting;Tang2024_GNNFaulted;Teng2024_LikelihoodFreeDA;VoThanh2026_DigitalTwinGNN;Wang2025_4DHistoryMatching;Wen2021_CCSNet;Wen2021_PlumeDNN;Wen2022_UFNO;Wen2023_NestedFNO;Witte2023_WNO;Yan2021_RobustDLWorkflow;Yin2022_XAILeakage;Zhang2021_LearningInversionFreeForecast;Zhong2019_PressureAnomaly
WP9.8-R1-AUTHOR-VERIFIED-2026-08-01,author_verified_wp9_8_r1_controlled_integration,conference_preprint,all_verified_reference,explicit_ood_testing,70,14,60,10,0.233,0.200,0.144,0.354,ESR_Celaya2024_100;ESR_Chan2024_124;ESR_Hassani2024_118;ESR_Tang2022_226;ESR_Wu2025_042;ESR_Zhang2025_115;Leong2024_SeisCO2Net;Lin2020_PressureLeakage;Seabra2024_AIEnhancedDA;Tang2022_DLDataAssimilationForecasting;Tang2024_GNNFaulted;Wen2021_PlumeDNN;Wen2022_UFNO;Zhong2019_PressureAnomaly,Arafath2025_MalayBasinML;Attanasi2025_ResourceML;Baek2023_WellboreLeakage;Crain2023_MonitoringHistory;Diplas2026_DOEInjection;ESR_Alkhowaildi2025_082;ESR_Celaya2024_100;ESR_Chan2024_124;ESR_Chen2023_229;ESR_Chen2024_119;ESR_Falola2024_123;ESR_Ganesh2024_070;ESR_Hassani2024_118;ESR_Kadeethum2024_128;ESR_Kanakaki2025_045;ESR_Lozano2025_215;ESR_Meng2025_211;ESR_Mishra2022_076;ESR_Moncada2025_046;ESR_Nunez2023_166;ESR_Park2025_223;ESR_Pawar2023_168;ESR_RefNone_173;ESR_Tang2022_226;ESR_Tang2024_135;ESR_Tariq2023_174;ESR_Um2024_091;ESR_Um2024_104;ESR_Wang2024_089;ESR_Wu2025_042;ESR_Zhang2025_115;ESR_Zhang2025_178;ESR_Zheng2025_207;ESR_Zhou2026_127;Gahlot2025_DigitalShadow;Han2024_HierarchicalMCMC;Jiang2024_DSIHistoryMatching;Leong2024_SeisCO2Net;Lin2020_PressureLeakage;Lu2022_BayesianOptimization;Lu2025_GISMLSite;Mo2018_EncoderDecoderUQ;Nassabeh2024_OffshoreSite;Seabra2024_AIEnhancedDA;TARGET_DRLGeoRisk2026_214483;TARGET_JointInversion2023_2022JB025372;Tang2022_DLDataAssimilationForecasting;Tang2024_GNNFaulted;Teng2024_LikelihoodFreeDA;VoThanh2026_DigitalTwinGNN;Wang2025_4DHistoryMatching;Wen2021_CCSNet;Wen2021_PlumeDNN;Wen2022_UFNO;Wen2023_NestedFNO;Witte2023_WNO;Yan2021_RobustDLWorkflow;Yin2022_XAILeakage;Zhang2021_LearningInversionFreeForecast;Zhong2019_PressureAnomaly
WP9.8-R1-AUTHOR-VERIFIED-2026-08-01,author_verified_wp9_8_r1_controlled_integration,conference_preprint,all_verified_reference,explicit_cross_site_testing,70,1,60,10,0.017,0.014,0.003,0.089,ESR_Wu2025_042,Arafath2025_MalayBasinML;Attanasi2025_ResourceML;Baek2023_WellboreLeakage;Crain2023_MonitoringHistory;Diplas2026_DOEInjection;ESR_Alkhowaildi2025_082;ESR_Chan2024_124;ESR_Chen2023_229;ESR_Chen2024_119;ESR_Falola2024_123;ESR_Ganesh2024_070;ESR_Hassani2024_118;ESR_Kadeethum2024_128;ESR_Kanakaki2025_045;ESR_Lozano2025_215;ESR_Meng2025_211;ESR_Mishra2022_076;ESR_Moncada2025_046;ESR_Nunez2023_166;ESR_Park2025_223;ESR_Pawar2023_168;ESR_RefNone_173;ESR_Tang2022_226;ESR_Tang2024_135;ESR_Tariq2023_174;ESR_Um2024_091;ESR_Um2024_104;ESR_Wang2024_089;ESR_Wu2025_042;ESR_Zhang2025_115;ESR_Zhang2025_178;ESR_Zheng2025_207;ESR_Zhou2026_127;Gahlot2025_DigitalShadow;Han2024_HierarchicalMCMC;Jiang2024_DSIHistoryMatching;Leong2024_SeisCO2Net;Lin2020_PressureLeakage;Lu2022_BayesianOptimization;Lu2025_GISMLSite;Mo2018_EncoderDecoderUQ;Nassabeh2024_OffshoreSite;Seabra2024_AIEnhancedDA;Shokouhi2021_PhysicsInformedSite;TARGET_DRLGeoRisk2026_214483;TARGET_JointInversion2023_2022JB025372;Tang2022_DLDataAssimilationForecasting;Tang2024_GNNFaulted;Teng2024_LikelihoodFreeDA;VoThanh2026_DigitalTwinGNN;Wang2025_4DHistoryMatching;Wen2021_CCSNet;Wen2021_PlumeDNN;Wen2022_UFNO;Wen2023_NestedFNO;Witte2023_WNO;Yan2021_RobustDLWorkflow;Yin2022_XAILeakage;Zhang2021_LearningInversionFreeForecast;Zhong2019_PressureAnomaly
WP9.8-R1-AUTHOR-VERIFIED-2026-08-01,author_verified_wp9_8_r1_controlled_integration,conference_preprint,all_verified_reference,uncertainty_calibration_or_posterior_check,70,13,50,20,0.260,0.186,0.159,0.396,Crain2023_MonitoringHistory;ESR_Lozano2025_215;ESR_Tang2022_226;Gahlot2025_DigitalShadow;Han2024_HierarchicalMCMC;Jiang2024_DSIHistoryMatching;Mo2018_EncoderDecoderUQ;Seabra2024_AIEnhancedDA;Tang2022_DLDataAssimilationForecasting;Teng2024_LikelihoodFreeDA;VoThanh2026_DigitalTwinGNN;Wang2025_4DHistoryMatching;Zhang2021_LearningInversionFreeForecast,Arafath2025_MalayBasinML;Attanasi2025_ResourceML;Crain2023_MonitoringHistory;Diplas2026_DOEInjection;ESR_Alkhowaildi2025_082;ESR_Chan2024_124;ESR_Chen2024_119;ESR_Falola2024_123;ESR_Hassani2024_118;ESR_Kadeethum2024_128;ESR_Kanakaki2025_045;ESR_Lozano2025_215;ESR_Meng2025_211;ESR_Mishra2022_076;ESR_Moncada2025_046;ESR_Nunez2023_166;ESR_Park2025_223;ESR_Pawar2023_168;ESR_RefNone_173;ESR_Tang2022_226;ESR_Tang2024_135;ESR_Tariq2023_174;ESR_Um2024_091;ESR_Um2024_104;ESR_Wang2024_089;ESR_Zhang2025_115;ESR_Zhang2025_178;ESR_Zheng2025_207;ESR_Zhou2026_127;Gahlot2025_DigitalShadow;Han2024_HierarchicalMCMC;Jiang2024_DSIHistoryMatching;Lu2022_BayesianOptimization;Lu2025_GISMLSite;Mo2018_EncoderDecoderUQ;Nassabeh2024_OffshoreSite;Seabra2024_AIEnhancedDA;Shokouhi2021_PhysicsInformedSite;Tang2022_DLDataAssimilationForecasting;Tang2024_GNNFaulted;Teng2024_LikelihoodFreeDA;VoThanh2026_DigitalTwinGNN;Wang2025_4DHistoryMatching;Wen2021_PlumeDNN;Wen2022_UFNO;Witte2023_WNO;Yan2021_RobustDLWorkflow;Yin2022_XAILeakage;Zhang2021_LearningInversionFreeForecast;Zhong2019_PressureAnomaly
WP9.8-R1-AUTHOR-VERIFIED-2026-08-01,author_verified_wp9_8_r1_controlled_integration,conference_preprint,all_verified_reference,surrogate_error_propagation,70,4,24,46,0.167,0.057,0.067,0.359,Diplas2026_DOEInjection;Han2024_HierarchicalMCMC;Lu2022_BayesianOptimization;Wang2025_4DHistoryMatching,Attanasi2025_ResourceML;Baek2023_WellboreLeakage;Diplas2026_DOEInjection;ESR_Alkhowaildi2025_082;ESR_Chan2024_124;ESR_Chen2024_119;ESR_Ganesh2024_070;ESR_Lozano2025_215;ESR_Meng2025_211;ESR_Mishra2022_076;ESR_Moncada2025_046;ESR_Tang2022_226;ESR_Wu2025_042;ESR_Zheng2025_207;Han2024_HierarchicalMCMC;Lu2022_BayesianOptimization;Mo2018_EncoderDecoderUQ;Seabra2024_AIEnhancedDA;TARGET_DRLGeoRisk2026_214483;Tang2022_DLDataAssimilationForecasting;Teng2024_LikelihoodFreeDA;Wang2025_4DHistoryMatching;Wen2021_CCSNet;Wen2023_NestedFNO
WP9.8-R1-AUTHOR-VERIFIED-2026-08-01,author_verified_wp9_8_r1_controlled_integration,conference_preprint,all_verified_reference,any_physical_diagnostic_checked,70,24,47,23,0.511,0.343,0.372,0.647,Baek2023_WellboreLeakage;Crain2023_MonitoringHistory;Diplas2026_DOEInjection;ESR_Chan2024_124;ESR_Ganesh2024_070;ESR_Kanakaki2025_045;ESR_Tang2022_226;ESR_Tang2024_135;ESR_Um2024_091;ESR_Zheng2025_207;Han2024_HierarchicalMCMC;Jiang2024_DSIHistoryMatching;Leong2024_SeisCO2Net;Mo2018_EncoderDecoderUQ;TARGET_DRLGeoRisk2026_214483;Tang2024_GNNFaulted;VoThanh2026_DigitalTwinGNN;Wen2021_CCSNet;Wen2021_PlumeDNN;Wen2022_UFNO;Wen2023_NestedFNO;Yan2021_RobustDLWorkflow;Yin2022_XAILeakage;Zhong2019_PressureAnomaly,Arafath2025_MalayBasinML;Attanasi2025_ResourceML;Baek2023_WellboreLeakage;Crain2023_MonitoringHistory;Diplas2026_DOEInjection;ESR_Alkhowaildi2025_082;ESR_Celaya2024_100;ESR_Chan2024_124;ESR_Chen2024_119;ESR_Ganesh2024_070;ESR_Hassani2024_118;ESR_Kanakaki2025_045;ESR_Meng2025_211;ESR_Mishra2022_076;ESR_Moncada2025_046;ESR_RefNone_173;ESR_Tang2022_226;ESR_Tang2024_135;ESR_Um2024_091;ESR_Um2024_104;ESR_Wang2024_089;ESR_Zheng2025_207;ESR_Zhou2026_127;Gahlot2025_DigitalShadow;Han2024_HierarchicalMCMC;Jiang2024_DSIHistoryMatching;Leong2024_SeisCO2Net;Lin2020_PressureLeakage;Lu2022_BayesianOptimization;Lu2025_GISMLSite;Mo2018_EncoderDecoderUQ;Nassabeh2024_OffshoreSite;TARGET_DRLGeoRisk2026_214483;TARGET_JointInversion2023_2022JB025372;Tang2022_DLDataAssimilationForecasting;Tang2024_GNNFaulted;Teng2024_LikelihoodFreeDA;VoThanh2026_DigitalTwinGNN;Wang2025_4DHistoryMatching;Wen2021_CCSNet;Wen2021_PlumeDNN;Wen2022_UFNO;Wen2023_NestedFNO;Yan2021_RobustDLWorkflow;Yin2022_XAILeakage;Zhang2021_LearningInversionFreeForecast;Zhong2019_PressureAnomaly
WP9.8-R1-AUTHOR-VERIFIED-2026-08-01,author_verified_wp9_8_r1_controlled_integration,conference_preprint,all_verified_reference,red_zone_recode_criticality,70,0,0,70,,0.000,,,,
WP9.8-R1-AUTHOR-VERIFIED-2026-08-01,author_verified_wp9_8_r1_controlled_integration,conference_preprint,exclude_conference_preprint,synthetic_led_evidence,43,33,42,1,0.786,0.767,0.641,0.883,Baek2023_WellboreLeakage;Crain2023_MonitoringHistory;Diplas2026_DOEInjection;ESR_Chan2024_124;ESR_Kadeethum2024_128;ESR_Kanakaki2025_045;ESR_Liu2025_121;ESR_Lozano2025_215;ESR_Nunez2023_166;ESR_Park2025_223;ESR_Tang2024_135;ESR_Zhang2025_115;ESR_Zheng2025_207;Gahlot2025_DigitalShadow;Lin2020_PressureLeakage;Lu2022_BayesianOptimization;Mo2018_EncoderDecoderUQ;Seabra2024_AIEnhancedDA;Shokouhi2021_PhysicsInformedSite;TARGET_DRLGeoRisk2026_214483;TARGET_JointInversion2023_2022JB025372;Tang2022_DLDataAssimilationForecasting;Teng2024_LikelihoodFreeDA;VoThanh2026_DigitalTwinGNN;Wen2021_CCSNet;Wen2021_PlumeDNN;Wen2022_UFNO;Wen2023_NestedFNO;Witte2023_WNO;Yan2021_RobustDLWorkflow;Yin2022_XAILeakage;Zhang2021_LearningInversionFreeForecast;Zhong2019_PressureAnomaly,Arafath2025_MalayBasinML;Attanasi2025_ResourceML;Baek2023_WellboreLeakage;Crain2023_MonitoringHistory;Diplas2026_DOEInjection;ESR_Chan2024_124;ESR_Kadeethum2024_128;ESR_Kanakaki2025_045;ESR_Liu2025_121;ESR_Lozano2025_215;ESR_Nunez2023_166;ESR_Park2025_223;ESR_RefNone_173;ESR_Tang2022_226;ESR_Tang2024_135;ESR_Wang2024_089;ESR_Zhang2025_115;ESR_Zhang2025_178;ESR_Zheng2025_207;Gahlot2025_DigitalShadow;Leong2024_SeisCO2Net;Lin2020_PressureLeakage;Lu2022_BayesianOptimization;Lu2025_GISMLSite;Mo2018_EncoderDecoderUQ;Nassabeh2024_OffshoreSite;Seabra2024_AIEnhancedDA;Shokouhi2021_PhysicsInformedSite;TARGET_DRLGeoRisk2026_214483;TARGET_JointInversion2023_2022JB025372;Tang2022_DLDataAssimilationForecasting;Teng2024_LikelihoodFreeDA;VoThanh2026_DigitalTwinGNN;Wen2021_CCSNet;Wen2021_PlumeDNN;Wen2022_UFNO;Wen2023_NestedFNO;Witte2023_WNO;Yan2021_RobustDLWorkflow;Yin2022_XAILeakage;Zhang2021_LearningInversionFreeForecast;Zhong2019_PressureAnomaly
WP9.8-R1-AUTHOR-VERIFIED-2026-08-01,author_verified_wp9_8_r1_controlled_integration,conference_preprint,exclude_conference_preprint,score_ge3::field_evidence_score,43,4,42,1,0.095,0.093,0.038,0.221,Arafath2025_MalayBasinML;ESR_Wang2024_089;ESR_Zhang2025_178;Lu2025_GISMLSite,Arafath2025_MalayBasinML;Attanasi2025_ResourceML;Baek2023_WellboreLeakage;Crain2023_MonitoringHistory;Diplas2026_DOEInjection;ESR_Chan2024_124;ESR_Kadeethum2024_128;ESR_Kanakaki2025_045;ESR_Lozano2025_215;ESR_Meng2025_211;ESR_Nunez2023_166;ESR_Park2025_223;ESR_RefNone_173;ESR_Tang2022_226;ESR_Tang2024_135;ESR_Wang2024_089;ESR_Zhang2025_115;ESR_Zhang2025_178;ESR_Zheng2025_207;Gahlot2025_DigitalShadow;Leong2024_SeisCO2Net;Lin2020_PressureLeakage;Lu2022_BayesianOptimization;Lu2025_GISMLSite;Mo2018_EncoderDecoderUQ;Nassabeh2024_OffshoreSite;Seabra2024_AIEnhancedDA;Shokouhi2021_PhysicsInformedSite;TARGET_DRLGeoRisk2026_214483;TARGET_JointInversion2023_2022JB025372;Tang2022_DLDataAssimilationForecasting;Teng2024_LikelihoodFreeDA;VoThanh2026_DigitalTwinGNN;Wen2021_CCSNet;Wen2021_PlumeDNN;Wen2022_UFNO;Wen2023_NestedFNO;Witte2023_WNO;Yan2021_RobustDLWorkflow;Yin2022_XAILeakage;Zhang2021_LearningInversionFreeForecast;Zhong2019_PressureAnomaly
WP9.8-R1-AUTHOR-VERIFIED-2026-08-01,author_verified_wp9_8_r1_controlled_integration,conference_preprint,exclude_conference_preprint,score_ge3::physical_consistency_score,43,31,43,0,0.721,0.721,0.573,0.833,Baek2023_WellboreLeakage;Crain2023_MonitoringHistory;Diplas2026_DOEInjection;ESR_Chan2024_124;ESR_Kanakaki2025_045;ESR_Lozano2025_215;ESR_Meng2025_211;ESR_Nunez2023_166;ESR_Park2025_223;ESR_Tang2022_226;ESR_Tang2024_135;ESR_Zhang2025_115;ESR_Zhang2025_178;ESR_Zheng2025_207;Gahlot2025_DigitalShadow;Leong2024_SeisCO2Net;Lu2022_BayesianOptimization;Mo2018_EncoderDecoderUQ;Seabra2024_AIEnhancedDA;TARGET_DRLGeoRisk2026_214483;TARGET_JointInversion2023_2022JB025372;Tang2022_DLDataAssimilationForecasting;Teng2024_LikelihoodFreeDA;VoThanh2026_DigitalTwinGNN;Wen2021_CCSNet;Wen2021_PlumeDNN;Wen2022_UFNO;Wen2023_NestedFNO;Witte2023_WNO;Yan2021_RobustDLWorkflow;Yin2022_XAILeakage,Arafath2025_MalayBasinML;Attanasi2025_ResourceML;Baek2023_WellboreLeakage;Crain2023_MonitoringHistory;Diplas2026_DOEInjection;ESR_Chan2024_124;ESR_Kadeethum2024_128;ESR_Kanakaki2025_045;ESR_Liu2025_121;ESR_Lozano2025_215;ESR_Meng2025_211;ESR_Nunez2023_166;ESR_Park2025_223;ESR_RefNone_173;ESR_Tang2022_226;ESR_Tang2024_135;ESR_Wang2024_089;ESR_Zhang2025_115;ESR_Zhang2025_178;ESR_Zheng2025_207;Gahlot2025_DigitalShadow;Leong2024_SeisCO2Net;Lin2020_PressureLeakage;Lu2022_BayesianOptimization;Lu2025_GISMLSite;Mo2018_EncoderDecoderUQ;Nassabeh2024_OffshoreSite;Seabra2024_AIEnhancedDA;Shokouhi2021_PhysicsInformedSite;TARGET_DRLGeoRisk2026_214483;TARGET_JointInversion2023_2022JB025372;Tang2022_DLDataAssimilationForecasting;Teng2024_LikelihoodFreeDA;VoThanh2026_DigitalTwinGNN;Wen2021_CCSNet;Wen2021_PlumeDNN;Wen2022_UFNO;Wen2023_NestedFNO;Witte2023_WNO;Yan2021_RobustDLWorkflow;Yin2022_XAILeakage;Zhang2021_LearningInversionFreeForecast;Zhong2019_PressureAnomaly
WP9.8-R1-AUTHOR-VERIFIED-2026-08-01,author_verified_wp9_8_r1_controlled_integration,conference_preprint,exclude_conference_preprint,score_ge3::uncertainty_score,43,10,42,1,0.238,0.233,0.135,0.385,Crain2023_MonitoringHistory;ESR_Lozano2025_215;ESR_Tang2022_226;Gahlot2025_DigitalShadow;Mo2018_EncoderDecoderUQ;Seabra2024_AIEnhancedDA;Tang2022_DLDataAssimilationForecasting;Teng2024_LikelihoodFreeDA;VoThanh2026_DigitalTwinGNN;Zhang2021_LearningInversionFreeForecast,Arafath2025_MalayBasinML;Attanasi2025_ResourceML;Baek2023_WellboreLeakage;Crain2023_MonitoringHistory;Diplas2026_DOEInjection;ESR_Chan2024_124;ESR_Kadeethum2024_128;ESR_Kanakaki2025_045;ESR_Lozano2025_215;ESR_Meng2025_211;ESR_Nunez2023_166;ESR_Park2025_223;ESR_RefNone_173;ESR_Tang2022_226;ESR_Tang2024_135;ESR_Wang2024_089;ESR_Zhang2025_115;ESR_Zhang2025_178;ESR_Zheng2025_207;Gahlot2025_DigitalShadow;Leong2024_SeisCO2Net;Lin2020_PressureLeakage;Lu2022_BayesianOptimization;Lu2025_GISMLSite;Mo2018_EncoderDecoderUQ;Nassabeh2024_OffshoreSite;Seabra2024_AIEnhancedDA;Shokouhi2021_PhysicsInformedSite;TARGET_DRLGeoRisk2026_214483;TARGET_JointInversion2023_2022JB025372;Tang2022_DLDataAssimilationForecasting;Teng2024_LikelihoodFreeDA;VoThanh2026_DigitalTwinGNN;Wen2021_CCSNet;Wen2021_PlumeDNN;Wen2022_UFNO;Wen2023_NestedFNO;Witte2023_WNO;Yan2021_RobustDLWorkflow;Yin2022_XAILeakage;Zhang2021_LearningInversionFreeForecast;Zhong2019_PressureAnomaly
WP9.8-R1-AUTHOR-VERIFIED-2026-08-01,author_verified_wp9_8_r1_controlled_integration,conference_preprint,exclude_conference_preprint,score_ge3::transferability_score,43,5,42,1,0.119,0.116,0.052,0.250,Leong2024_SeisCO2Net;Lin2020_PressureLeakage;Seabra2024_AIEnhancedDA;Tang2022_DLDataAssimilationForecasting;Zhong2019_PressureAnomaly,Arafath2025_MalayBasinML;Attanasi2025_ResourceML;Baek2023_WellboreLeakage;Crain2023_MonitoringHistory;Diplas2026_DOEInjection;ESR_Chan2024_124;ESR_Kadeethum2024_128;ESR_Kanakaki2025_045;ESR_Lozano2025_215;ESR_Meng2025_211;ESR_Nunez2023_166;ESR_Park2025_223;ESR_RefNone_173;ESR_Tang2022_226;ESR_Tang2024_135;ESR_Wang2024_089;ESR_Zhang2025_115;ESR_Zhang2025_178;ESR_Zheng2025_207;Gahlot2025_DigitalShadow;Leong2024_SeisCO2Net;Lin2020_PressureLeakage;Lu2022_BayesianOptimization;Lu2025_GISMLSite;Mo2018_EncoderDecoderUQ;Nassabeh2024_OffshoreSite;Seabra2024_AIEnhancedDA;Shokouhi2021_PhysicsInformedSite;TARGET_DRLGeoRisk2026_214483;TARGET_JointInversion2023_2022JB025372;Tang2022_DLDataAssimilationForecasting;Teng2024_LikelihoodFreeDA;VoThanh2026_DigitalTwinGNN;Wen2021_CCSNet;Wen2021_PlumeDNN;Wen2022_UFNO;Wen2023_NestedFNO;Witte2023_WNO;Yan2021_RobustDLWorkflow;Yin2022_XAILeakage;Zhang2021_LearningInversionFreeForecast;Zhong2019_PressureAnomaly
WP9.8-R1-AUTHOR-VERIFIED-2026-08-01,author_verified_wp9_8_r1_controlled_integration,conference_preprint,exclude_conference_preprint,score_ge3::decision_readiness_score,43,7,43,0,0.163,0.163,0.081,0.300,Crain2023_MonitoringHistory;Diplas2026_DOEInjection;ESR_Tang2022_226;Lin2020_PressureLeakage;Lu2022_BayesianOptimization;TARGET_DRLGeoRisk2026_214483;Zhong2019_PressureAnomaly,Arafath2025_MalayBasinML;Attanasi2025_ResourceML;Baek2023_WellboreLeakage;Crain2023_MonitoringHistory;Diplas2026_DOEInjection;ESR_Chan2024_124;ESR_Kadeethum2024_128;ESR_Kanakaki2025_045;ESR_Liu2025_121;ESR_Lozano2025_215;ESR_Meng2025_211;ESR_Nunez2023_166;ESR_Park2025_223;ESR_RefNone_173;ESR_Tang2022_226;ESR_Tang2024_135;ESR_Wang2024_089;ESR_Zhang2025_115;ESR_Zhang2025_178;ESR_Zheng2025_207;Gahlot2025_DigitalShadow;Leong2024_SeisCO2Net;Lin2020_PressureLeakage;Lu2022_BayesianOptimization;Lu2025_GISMLSite;Mo2018_EncoderDecoderUQ;Nassabeh2024_OffshoreSite;Seabra2024_AIEnhancedDA;Shokouhi2021_PhysicsInformedSite;TARGET_DRLGeoRisk2026_214483;TARGET_JointInversion2023_2022JB025372;Tang2022_DLDataAssimilationForecasting;Teng2024_LikelihoodFreeDA;VoThanh2026_DigitalTwinGNN;Wen2021_CCSNet;Wen2021_PlumeDNN;Wen2022_UFNO;Wen2023_NestedFNO;Witte2023_WNO;Yan2021_RobustDLWorkflow;Yin2022_XAILeakage;Zhang2021_LearningInversionFreeForecast;Zhong2019_PressureAnomaly
WP9.8-R1-AUTHOR-VERIFIED-2026-08-01,author_verified_wp9_8_r1_controlled_integration,conference_preprint,exclude_conference_preprint,direct_field_validation,43,4,42,1,0.095,0.093,0.038,0.221,Arafath2025_MalayBasinML;ESR_Wang2024_089;ESR_Zhang2025_178;Lu2025_GISMLSite,Arafath2025_MalayBasinML;Attanasi2025_ResourceML;Baek2023_WellboreLeakage;Crain2023_MonitoringHistory;Diplas2026_DOEInjection;ESR_Chan2024_124;ESR_Kadeethum2024_128;ESR_Kanakaki2025_045;ESR_Lozano2025_215;ESR_Meng2025_211;ESR_Nunez2023_166;ESR_Park2025_223;ESR_RefNone_173;ESR_Tang2022_226;ESR_Tang2024_135;ESR_Wang2024_089;ESR_Zhang2025_115;ESR_Zhang2025_178;ESR_Zheng2025_207;Gahlot2025_DigitalShadow;Leong2024_SeisCO2Net;Lin2020_PressureLeakage;Lu2022_BayesianOptimization;Lu2025_GISMLSite;Mo2018_EncoderDecoderUQ;Nassabeh2024_OffshoreSite;Seabra2024_AIEnhancedDA;Shokouhi2021_PhysicsInformedSite;TARGET_DRLGeoRisk2026_214483;TARGET_JointInversion2023_2022JB025372;Tang2022_DLDataAssimilationForecasting;Teng2024_LikelihoodFreeDA;VoThanh2026_DigitalTwinGNN;Wen2021_CCSNet;Wen2021_PlumeDNN;Wen2022_UFNO;Wen2023_NestedFNO;Witte2023_WNO;Yan2021_RobustDLWorkflow;Yin2022_XAILeakage;Zhang2021_LearningInversionFreeForecast;Zhong2019_PressureAnomaly
WP9.8-R1-AUTHOR-VERIFIED-2026-08-01,author_verified_wp9_8_r1_controlled_integration,conference_preprint,exclude_conference_preprint,controlled_release_ml_validation,43,5,42,1,0.119,0.116,0.052,0.250,ESR_Wang2024_089;ESR_Zhang2025_178;Leong2024_SeisCO2Net;Lin2020_PressureLeakage;Zhong2019_PressureAnomaly,Arafath2025_MalayBasinML;Attanasi2025_ResourceML;Baek2023_WellboreLeakage;Crain2023_MonitoringHistory;Diplas2026_DOEInjection;ESR_Chan2024_124;ESR_Kadeethum2024_128;ESR_Kanakaki2025_045;ESR_Lozano2025_215;ESR_Meng2025_211;ESR_Nunez2023_166;ESR_Park2025_223;ESR_RefNone_173;ESR_Tang2022_226;ESR_Tang2024_135;ESR_Wang2024_089;ESR_Zhang2025_115;ESR_Zhang2025_178;ESR_Zheng2025_207;Gahlot2025_DigitalShadow;Leong2024_SeisCO2Net;Lin2020_PressureLeakage;Lu2022_BayesianOptimization;Lu2025_GISMLSite;Mo2018_EncoderDecoderUQ;Nassabeh2024_OffshoreSite;Seabra2024_AIEnhancedDA;Shokouhi2021_PhysicsInformedSite;TARGET_DRLGeoRisk2026_214483;TARGET_JointInversion2023_2022JB025372;Tang2022_DLDataAssimilationForecasting;Teng2024_LikelihoodFreeDA;VoThanh2026_DigitalTwinGNN;Wen2021_CCSNet;Wen2021_PlumeDNN;Wen2022_UFNO;Wen2023_NestedFNO;Witte2023_WNO;Yan2021_RobustDLWorkflow;Yin2022_XAILeakage;Zhang2021_LearningInversionFreeForecast;Zhong2019_PressureAnomaly
WP9.8-R1-AUTHOR-VERIFIED-2026-08-01,author_verified_wp9_8_r1_controlled_integration,conference_preprint,exclude_conference_preprint,explicit_ood_testing,43,10,41,2,0.244,0.233,0.138,0.393,ESR_Chan2024_124;ESR_Tang2022_226;ESR_Zhang2025_115;Leong2024_SeisCO2Net;Lin2020_PressureLeakage;Seabra2024_AIEnhancedDA;Tang2022_DLDataAssimilationForecasting;Wen2021_PlumeDNN;Wen2022_UFNO;Zhong2019_PressureAnomaly,Arafath2025_MalayBasinML;Attanasi2025_ResourceML;Baek2023_WellboreLeakage;Crain2023_MonitoringHistory;Diplas2026_DOEInjection;ESR_Chan2024_124;ESR_Kadeethum2024_128;ESR_Kanakaki2025_045;ESR_Lozano2025_215;ESR_Meng2025_211;ESR_Nunez2023_166;ESR_Park2025_223;ESR_RefNone_173;ESR_Tang2022_226;ESR_Tang2024_135;ESR_Wang2024_089;ESR_Zhang2025_115;ESR_Zhang2025_178;ESR_Zheng2025_207;Gahlot2025_DigitalShadow;Leong2024_SeisCO2Net;Lin2020_PressureLeakage;Lu2022_BayesianOptimization;Lu2025_GISMLSite;Mo2018_EncoderDecoderUQ;Nassabeh2024_OffshoreSite;Seabra2024_AIEnhancedDA;TARGET_DRLGeoRisk2026_214483;TARGET_JointInversion2023_2022JB025372;Tang2022_DLDataAssimilationForecasting;Teng2024_LikelihoodFreeDA;VoThanh2026_DigitalTwinGNN;Wen2021_CCSNet;Wen2021_PlumeDNN;Wen2022_UFNO;Wen2023_NestedFNO;Witte2023_WNO;Yan2021_RobustDLWorkflow;Yin2022_XAILeakage;Zhang2021_LearningInversionFreeForecast;Zhong2019_PressureAnomaly
WP9.8-R1-AUTHOR-VERIFIED-2026-08-01,author_verified_wp9_8_r1_controlled_integration,conference_preprint,exclude_conference_preprint,explicit_cross_site_testing,43,0,42,1,0.000,0.000,0.000,0.084,,Arafath2025_MalayBasinML;Attanasi2025_ResourceML;Baek2023_WellboreLeakage;Crain2023_MonitoringHistory;Diplas2026_DOEInjection;ESR_Chan2024_124;ESR_Kadeethum2024_128;ESR_Kanakaki2025_045;ESR_Lozano2025_215;ESR_Meng2025_211;ESR_Nunez2023_166;ESR_Park2025_223;ESR_RefNone_173;ESR_Tang2022_226;ESR_Tang2024_135;ESR_Wang2024_089;ESR_Zhang2025_115;ESR_Zhang2025_178;ESR_Zheng2025_207;Gahlot2025_DigitalShadow;Leong2024_SeisCO2Net;Lin2020_PressureLeakage;Lu2022_BayesianOptimization;Lu2025_GISMLSite;Mo2018_EncoderDecoderUQ;Nassabeh2024_OffshoreSite;Seabra2024_AIEnhancedDA;Shokouhi2021_PhysicsInformedSite;TARGET_DRLGeoRisk2026_214483;TARGET_JointInversion2023_2022JB025372;Tang2022_DLDataAssimilationForecasting;Teng2024_LikelihoodFreeDA;VoThanh2026_DigitalTwinGNN;Wen2021_CCSNet;Wen2021_PlumeDNN;Wen2022_UFNO;Wen2023_NestedFNO;Witte2023_WNO;Yan2021_RobustDLWorkflow;Yin2022_XAILeakage;Zhang2021_LearningInversionFreeForecast;Zhong2019_PressureAnomaly
WP9.8-R1-AUTHOR-VERIFIED-2026-08-01,author_verified_wp9_8_r1_controlled_integration,conference_preprint,exclude_conference_preprint,uncertainty_calibration_or_posterior_check,43,10,35,8,0.286,0.233,0.163,0.451,Crain2023_MonitoringHistory;ESR_Lozano2025_215;ESR_Tang2022_226;Gahlot2025_DigitalShadow;Mo2018_EncoderDecoderUQ;Seabra2024_AIEnhancedDA;Tang2022_DLDataAssimilationForecasting;Teng2024_LikelihoodFreeDA;VoThanh2026_DigitalTwinGNN;Zhang2021_LearningInversionFreeForecast,Arafath2025_MalayBasinML;Attanasi2025_ResourceML;Crain2023_MonitoringHistory;Diplas2026_DOEInjection;ESR_Chan2024_124;ESR_Kadeethum2024_128;ESR_Kanakaki2025_045;ESR_Lozano2025_215;ESR_Meng2025_211;ESR_Nunez2023_166;ESR_Park2025_223;ESR_RefNone_173;ESR_Tang2022_226;ESR_Tang2024_135;ESR_Wang2024_089;ESR_Zhang2025_115;ESR_Zhang2025_178;ESR_Zheng2025_207;Gahlot2025_DigitalShadow;Lu2022_BayesianOptimization;Lu2025_GISMLSite;Mo2018_EncoderDecoderUQ;Nassabeh2024_OffshoreSite;Seabra2024_AIEnhancedDA;Shokouhi2021_PhysicsInformedSite;Tang2022_DLDataAssimilationForecasting;Teng2024_LikelihoodFreeDA;VoThanh2026_DigitalTwinGNN;Wen2021_PlumeDNN;Wen2022_UFNO;Witte2023_WNO;Yan2021_RobustDLWorkflow;Yin2022_XAILeakage;Zhang2021_LearningInversionFreeForecast;Zhong2019_PressureAnomaly
WP9.8-R1-AUTHOR-VERIFIED-2026-08-01,author_verified_wp9_8_r1_controlled_integration,conference_preprint,exclude_conference_preprint,surrogate_error_propagation,43,2,16,27,0.125,0.047,0.035,0.360,Diplas2026_DOEInjection;Lu2022_BayesianOptimization,Attanasi2025_ResourceML;Baek2023_WellboreLeakage;Diplas2026_DOEInjection;ESR_Chan2024_124;ESR_Lozano2025_215;ESR_Meng2025_211;ESR_Tang2022_226;ESR_Zheng2025_207;Lu2022_BayesianOptimization;Mo2018_EncoderDecoderUQ;Seabra2024_AIEnhancedDA;TARGET_DRLGeoRisk2026_214483;Tang2022_DLDataAssimilationForecasting;Teng2024_LikelihoodFreeDA;Wen2021_CCSNet;Wen2023_NestedFNO
WP9.8-R1-AUTHOR-VERIFIED-2026-08-01,author_verified_wp9_8_r1_controlled_integration,conference_preprint,exclude_conference_preprint,any_physical_diagnostic_checked,43,19,33,10,0.576,0.442,0.408,0.728,Baek2023_WellboreLeakage;Crain2023_MonitoringHistory;Diplas2026_DOEInjection;ESR_Chan2024_124;ESR_Kanakaki2025_045;ESR_Tang2022_226;ESR_Tang2024_135;ESR_Zheng2025_207;Leong2024_SeisCO2Net;Mo2018_EncoderDecoderUQ;TARGET_DRLGeoRisk2026_214483;VoThanh2026_DigitalTwinGNN;Wen2021_CCSNet;Wen2021_PlumeDNN;Wen2022_UFNO;Wen2023_NestedFNO;Yan2021_RobustDLWorkflow;Yin2022_XAILeakage;Zhong2019_PressureAnomaly,Arafath2025_MalayBasinML;Attanasi2025_ResourceML;Baek2023_WellboreLeakage;Crain2023_MonitoringHistory;Diplas2026_DOEInjection;ESR_Chan2024_124;ESR_Kanakaki2025_045;ESR_Meng2025_211;ESR_RefNone_173;ESR_Tang2022_226;ESR_Tang2024_135;ESR_Wang2024_089;ESR_Zheng2025_207;Gahlot2025_DigitalShadow;Leong2024_SeisCO2Net;Lin2020_PressureLeakage;Lu2022_BayesianOptimization;Lu2025_GISMLSite;Mo2018_EncoderDecoderUQ;Nassabeh2024_OffshoreSite;TARGET_DRLGeoRisk2026_214483;TARGET_JointInversion2023_2022JB025372;Tang2022_DLDataAssimilationForecasting;Teng2024_LikelihoodFreeDA;VoThanh2026_DigitalTwinGNN;Wen2021_CCSNet;Wen2021_PlumeDNN;Wen2022_UFNO;Wen2023_NestedFNO;Yan2021_RobustDLWorkflow;Yin2022_XAILeakage;Zhang2021_LearningInversionFreeForecast;Zhong2019_PressureAnomaly
WP9.8-R1-AUTHOR-VERIFIED-2026-08-01,author_verified_wp9_8_r1_controlled_integration,conference_preprint,exclude_conference_preprint,red_zone_recode_criticality,43,0,0,43,,0.000,,,,
WP9.8-R1-AUTHOR-VERIFIED-2026-08-01,author_verified_wp9_8_r1_controlled_integration,denominator_rule,available_case,synthetic_led_evidence,57,44,55,2,0.800,0.772,0.676,0.884,Baek2023_WellboreLeakage;Crain2023_MonitoringHistory;Diplas2026_DOEInjection;ESR_Chan2024_124;ESR_Chen2024_119;ESR_Falola2024_123;ESR_Hassani2024_118;ESR_Kadeethum2024_128;ESR_Kanakaki2025_045;ESR_Liu2025_121;ESR_Lozano2025_215;ESR_Nunez2023_166;ESR_Park2025_223;ESR_Pawar2023_168;ESR_Tang2024_135;ESR_Tariq2023_174;ESR_Wu2025_042;ESR_Zhang2025_115;ESR_Zheng2025_207;ESR_Zhou2026_127;Gahlot2025_DigitalShadow;Han2024_HierarchicalMCMC;Jiang2024_DSIHistoryMatching;Lin2020_PressureLeakage;Lu2022_BayesianOptimization;Mo2018_EncoderDecoderUQ;Seabra2024_AIEnhancedDA;Shokouhi2021_PhysicsInformedSite;TARGET_DRLGeoRisk2026_214483;TARGET_JointInversion2023_2022JB025372;Tang2022_DLDataAssimilationForecasting;Tang2024_GNNFaulted;Teng2024_LikelihoodFreeDA;VoThanh2026_DigitalTwinGNN;Wang2025_4DHistoryMatching;Wen2021_CCSNet;Wen2021_PlumeDNN;Wen2022_UFNO;Wen2023_NestedFNO;Witte2023_WNO;Yan2021_RobustDLWorkflow;Yin2022_XAILeakage;Zhang2021_LearningInversionFreeForecast;Zhong2019_PressureAnomaly,Arafath2025_MalayBasinML;Attanasi2025_ResourceML;Baek2023_WellboreLeakage;Crain2023_MonitoringHistory;Diplas2026_DOEInjection;ESR_Chan2024_124;ESR_Chen2024_119;ESR_Falola2024_123;ESR_Hassani2024_118;ESR_Kadeethum2024_128;ESR_Kanakaki2025_045;ESR_Liu2025_121;ESR_Lozano2025_215;ESR_Nunez2023_166;ESR_Park2025_223;ESR_Pawar2023_168;ESR_RefNone_173;ESR_Tang2022_226;ESR_Tang2024_135;ESR_Tariq2023_174;ESR_Um2024_091;ESR_Vishal2025_213;ESR_Wang2024_089;ESR_Wu2025_042;ESR_Zhang2025_115;ESR_Zhang2025_178;ESR_Zheng2025_207;ESR_Zhou2026_127;Gahlot2025_DigitalShadow;Han2024_HierarchicalMCMC;Jiang2024_DSIHistoryMatching;Leong2024_SeisCO2Net;Lin2020_PressureLeakage;Lu2022_BayesianOptimization;Lu2025_GISMLSite;Mo2018_EncoderDecoderUQ;Nassabeh2024_OffshoreSite;Seabra2024_AIEnhancedDA;Shokouhi2021_PhysicsInformedSite;TARGET_DRLGeoRisk2026_214483;TARGET_JointInversion2023_2022JB025372;Tang2022_DLDataAssimilationForecasting;Tang2024_GNNFaulted;Teng2024_LikelihoodFreeDA;VoThanh2026_DigitalTwinGNN;Wang2025_4DHistoryMatching;Wen2021_CCSNet;Wen2021_PlumeDNN;Wen2022_UFNO;Wen2023_NestedFNO;Witte2023_WNO;Yan2021_RobustDLWorkflow;Yin2022_XAILeakage;Zhang2021_LearningInversionFreeForecast;Zhong2019_PressureAnomaly
WP9.8-R1-AUTHOR-VERIFIED-2026-08-01,author_verified_wp9_8_r1_controlled_integration,denominator_rule,available_case,score_ge3::field_evidence_score,57,5,56,1,0.089,0.088,0.039,0.193,Arafath2025_MalayBasinML;ESR_Vishal2025_213;ESR_Wang2024_089;ESR_Zhang2025_178;Lu2025_GISMLSite,Arafath2025_MalayBasinML;Attanasi2025_ResourceML;Baek2023_WellboreLeakage;Crain2023_MonitoringHistory;Diplas2026_DOEInjection;ESR_Chan2024_124;ESR_Chen2024_119;ESR_Falola2024_123;ESR_Hassani2024_118;ESR_Kadeethum2024_128;ESR_Kanakaki2025_045;ESR_Lozano2025_215;ESR_Meng2025_211;ESR_Nunez2023_166;ESR_Park2025_223;ESR_Pawar2023_168;ESR_RefNone_173;ESR_Tang2022_226;ESR_Tang2024_135;ESR_Tariq2023_174;ESR_Um2024_091;ESR_Um2024_104;ESR_Vishal2025_213;ESR_Wang2024_089;ESR_Wu2025_042;ESR_Zhang2025_115;ESR_Zhang2025_178;ESR_Zheng2025_207;ESR_Zhou2026_127;Gahlot2025_DigitalShadow;Han2024_HierarchicalMCMC;Jiang2024_DSIHistoryMatching;Leong2024_SeisCO2Net;Lin2020_PressureLeakage;Lu2022_BayesianOptimization;Lu2025_GISMLSite;Mo2018_EncoderDecoderUQ;Nassabeh2024_OffshoreSite;Seabra2024_AIEnhancedDA;Shokouhi2021_PhysicsInformedSite;TARGET_DRLGeoRisk2026_214483;TARGET_JointInversion2023_2022JB025372;Tang2022_DLDataAssimilationForecasting;Tang2024_GNNFaulted;Teng2024_LikelihoodFreeDA;VoThanh2026_DigitalTwinGNN;Wang2025_4DHistoryMatching;Wen2021_CCSNet;Wen2021_PlumeDNN;Wen2022_UFNO;Wen2023_NestedFNO;Witte2023_WNO;Yan2021_RobustDLWorkflow;Yin2022_XAILeakage;Zhang2021_LearningInversionFreeForecast;Zhong2019_PressureAnomaly
WP9.8-R1-AUTHOR-VERIFIED-2026-08-01,author_verified_wp9_8_r1_controlled_integration,denominator_rule,available_case,score_ge3::physical_consistency_score,57,41,57,0,0.719,0.719,0.592,0.819,Baek2023_WellboreLeakage;Crain2023_MonitoringHistory;Diplas2026_DOEInjection;ESR_Chan2024_124;ESR_Chen2024_119;ESR_Falola2024_123;ESR_Kanakaki2025_045;ESR_Lozano2025_215;ESR_Meng2025_211;ESR_Nunez2023_166;ESR_Park2025_223;ESR_Tang2022_226;ESR_Tang2024_135;ESR_Tariq2023_174;ESR_Um2024_091;ESR_Um2024_104;ESR_Zhang2025_115;ESR_Zhang2025_178;ESR_Zheng2025_207;ESR_Zhou2026_127;Gahlot2025_DigitalShadow;Han2024_HierarchicalMCMC;Jiang2024_DSIHistoryMatching;Leong2024_SeisCO2Net;Lu2022_BayesianOptimization;Mo2018_EncoderDecoderUQ;Seabra2024_AIEnhancedDA;TARGET_DRLGeoRisk2026_214483;TARGET_JointInversion2023_2022JB025372;Tang2022_DLDataAssimilationForecasting;Tang2024_GNNFaulted;Teng2024_LikelihoodFreeDA;VoThanh2026_DigitalTwinGNN;Wang2025_4DHistoryMatching;Wen2021_CCSNet;Wen2021_PlumeDNN;Wen2022_UFNO;Wen2023_NestedFNO;Witte2023_WNO;Yan2021_RobustDLWorkflow;Yin2022_XAILeakage,Arafath2025_MalayBasinML;Attanasi2025_ResourceML;Baek2023_WellboreLeakage;Crain2023_MonitoringHistory;Diplas2026_DOEInjection;ESR_Chan2024_124;ESR_Chen2024_119;ESR_Falola2024_123;ESR_Hassani2024_118;ESR_Kadeethum2024_128;ESR_Kanakaki2025_045;ESR_Liu2025_121;ESR_Lozano2025_215;ESR_Meng2025_211;ESR_Nunez2023_166;ESR_Park2025_223;ESR_Pawar2023_168;ESR_RefNone_173;ESR_Tang2022_226;ESR_Tang2024_135;ESR_Tariq2023_174;ESR_Um2024_091;ESR_Um2024_104;ESR_Vishal2025_213;ESR_Wang2024_089;ESR_Wu2025_042;ESR_Zhang2025_115;ESR_Zhang2025_178;ESR_Zheng2025_207;ESR_Zhou2026_127;Gahlot2025_DigitalShadow;Han2024_HierarchicalMCMC;Jiang2024_DSIHistoryMatching;Leong2024_SeisCO2Net;Lin2020_PressureLeakage;Lu2022_BayesianOptimization;Lu2025_GISMLSite;Mo2018_EncoderDecoderUQ;Nassabeh2024_OffshoreSite;Seabra2024_AIEnhancedDA;Shokouhi2021_PhysicsInformedSite;TARGET_DRLGeoRisk2026_214483;TARGET_JointInversion2023_2022JB025372;Tang2022_DLDataAssimilationForecasting;Tang2024_GNNFaulted;Teng2024_LikelihoodFreeDA;VoThanh2026_DigitalTwinGNN;Wang2025_4DHistoryMatching;Wen2021_CCSNet;Wen2021_PlumeDNN;Wen2022_UFNO;Wen2023_NestedFNO;Witte2023_WNO;Yan2021_RobustDLWorkflow;Yin2022_XAILeakage;Zhang2021_LearningInversionFreeForecast;Zhong2019_PressureAnomaly
WP9.8-R1-AUTHOR-VERIFIED-2026-08-01,author_verified_wp9_8_r1_controlled_integration,denominator_rule,available_case,score_ge3::uncertainty_score,57,13,56,1,0.232,0.228,0.141,0.358,Crain2023_MonitoringHistory;ESR_Lozano2025_215;ESR_Tang2022_226;Gahlot2025_DigitalShadow;Han2024_HierarchicalMCMC;Jiang2024_DSIHistoryMatching;Mo2018_EncoderDecoderUQ;Seabra2024_AIEnhancedDA;Tang2022_DLDataAssimilationForecasting;Teng2024_LikelihoodFreeDA;VoThanh2026_DigitalTwinGNN;Wang2025_4DHistoryMatching;Zhang2021_LearningInversionFreeForecast,Arafath2025_MalayBasinML;Attanasi2025_ResourceML;Baek2023_WellboreLeakage;Crain2023_MonitoringHistory;Diplas2026_DOEInjection;ESR_Chan2024_124;ESR_Chen2024_119;ESR_Falola2024_123;ESR_Hassani2024_118;ESR_Kadeethum2024_128;ESR_Kanakaki2025_045;ESR_Lozano2025_215;ESR_Meng2025_211;ESR_Nunez2023_166;ESR_Park2025_223;ESR_Pawar2023_168;ESR_RefNone_173;ESR_Tang2022_226;ESR_Tang2024_135;ESR_Tariq2023_174;ESR_Um2024_091;ESR_Um2024_104;ESR_Vishal2025_213;ESR_Wang2024_089;ESR_Wu2025_042;ESR_Zhang2025_115;ESR_Zhang2025_178;ESR_Zheng2025_207;ESR_Zhou2026_127;Gahlot2025_DigitalShadow;Han2024_HierarchicalMCMC;Jiang2024_DSIHistoryMatching;Leong2024_SeisCO2Net;Lin2020_PressureLeakage;Lu2022_BayesianOptimization;Lu2025_GISMLSite;Mo2018_EncoderDecoderUQ;Nassabeh2024_OffshoreSite;Seabra2024_AIEnhancedDA;Shokouhi2021_PhysicsInformedSite;TARGET_DRLGeoRisk2026_214483;TARGET_JointInversion2023_2022JB025372;Tang2022_DLDataAssimilationForecasting;Tang2024_GNNFaulted;Teng2024_LikelihoodFreeDA;VoThanh2026_DigitalTwinGNN;Wang2025_4DHistoryMatching;Wen2021_CCSNet;Wen2021_PlumeDNN;Wen2022_UFNO;Wen2023_NestedFNO;Witte2023_WNO;Yan2021_RobustDLWorkflow;Yin2022_XAILeakage;Zhang2021_LearningInversionFreeForecast;Zhong2019_PressureAnomaly
WP9.8-R1-AUTHOR-VERIFIED-2026-08-01,author_verified_wp9_8_r1_controlled_integration,denominator_rule,available_case,score_ge3::transferability_score,57,6,56,1,0.107,0.105,0.050,0.215,ESR_Wu2025_042;Leong2024_SeisCO2Net;Lin2020_PressureLeakage;Seabra2024_AIEnhancedDA;Tang2022_DLDataAssimilationForecasting;Zhong2019_PressureAnomaly,Arafath2025_MalayBasinML;Attanasi2025_ResourceML;Baek2023_WellboreLeakage;Crain2023_MonitoringHistory;Diplas2026_DOEInjection;ESR_Chan2024_124;ESR_Chen2024_119;ESR_Falola2024_123;ESR_Hassani2024_118;ESR_Kadeethum2024_128;ESR_Kanakaki2025_045;ESR_Lozano2025_215;ESR_Meng2025_211;ESR_Nunez2023_166;ESR_Park2025_223;ESR_Pawar2023_168;ESR_RefNone_173;ESR_Tang2022_226;ESR_Tang2024_135;ESR_Tariq2023_174;ESR_Um2024_091;ESR_Um2024_104;ESR_Vishal2025_213;ESR_Wang2024_089;ESR_Wu2025_042;ESR_Zhang2025_115;ESR_Zhang2025_178;ESR_Zheng2025_207;ESR_Zhou2026_127;Gahlot2025_DigitalShadow;Han2024_HierarchicalMCMC;Jiang2024_DSIHistoryMatching;Leong2024_SeisCO2Net;Lin2020_PressureLeakage;Lu2022_BayesianOptimization;Lu2025_GISMLSite;Mo2018_EncoderDecoderUQ;Nassabeh2024_OffshoreSite;Seabra2024_AIEnhancedDA;Shokouhi2021_PhysicsInformedSite;TARGET_DRLGeoRisk2026_214483;TARGET_JointInversion2023_2022JB025372;Tang2022_DLDataAssimilationForecasting;Tang2024_GNNFaulted;Teng2024_LikelihoodFreeDA;VoThanh2026_DigitalTwinGNN;Wang2025_4DHistoryMatching;Wen2021_CCSNet;Wen2021_PlumeDNN;Wen2022_UFNO;Wen2023_NestedFNO;Witte2023_WNO;Yan2021_RobustDLWorkflow;Yin2022_XAILeakage;Zhang2021_LearningInversionFreeForecast;Zhong2019_PressureAnomaly
WP9.8-R1-AUTHOR-VERIFIED-2026-08-01,author_verified_wp9_8_r1_controlled_integration,denominator_rule,available_case,score_ge3::decision_readiness_score,57,8,57,0,0.140,0.140,0.073,0.253,Crain2023_MonitoringHistory;Diplas2026_DOEInjection;ESR_Tang2022_226;Lin2020_PressureLeakage;Lu2022_BayesianOptimization;TARGET_DRLGeoRisk2026_214483;Wang2025_4DHistoryMatching;Zhong2019_PressureAnomaly,Arafath2025_MalayBasinML;Attanasi2025_ResourceML;Baek2023_WellboreLeakage;Crain2023_MonitoringHistory;Diplas2026_DOEInjection;ESR_Chan2024_124;ESR_Chen2024_119;ESR_Falola2024_123;ESR_Hassani2024_118;ESR_Kadeethum2024_128;ESR_Kanakaki2025_045;ESR_Liu2025_121;ESR_Lozano2025_215;ESR_Meng2025_211;ESR_Nunez2023_166;ESR_Park2025_223;ESR_Pawar2023_168;ESR_RefNone_173;ESR_Tang2022_226;ESR_Tang2024_135;ESR_Tariq2023_174;ESR_Um2024_091;ESR_Um2024_104;ESR_Vishal2025_213;ESR_Wang2024_089;ESR_Wu2025_042;ESR_Zhang2025_115;ESR_Zhang2025_178;ESR_Zheng2025_207;ESR_Zhou2026_127;Gahlot2025_DigitalShadow;Han2024_HierarchicalMCMC;Jiang2024_DSIHistoryMatching;Leong2024_SeisCO2Net;Lin2020_PressureLeakage;Lu2022_BayesianOptimization;Lu2025_GISMLSite;Mo2018_EncoderDecoderUQ;Nassabeh2024_OffshoreSite;Seabra2024_AIEnhancedDA;Shokouhi2021_PhysicsInformedSite;TARGET_DRLGeoRisk2026_214483;TARGET_JointInversion2023_2022JB025372;Tang2022_DLDataAssimilationForecasting;Tang2024_GNNFaulted;Teng2024_LikelihoodFreeDA;VoThanh2026_DigitalTwinGNN;Wang2025_4DHistoryMatching;Wen2021_CCSNet;Wen2021_PlumeDNN;Wen2022_UFNO;Wen2023_NestedFNO;Witte2023_WNO;Yan2021_RobustDLWorkflow;Yin2022_XAILeakage;Zhang2021_LearningInversionFreeForecast;Zhong2019_PressureAnomaly
WP9.8-R1-AUTHOR-VERIFIED-2026-08-01,author_verified_wp9_8_r1_controlled_integration,denominator_rule,available_case,direct_field_validation,57,5,56,1,0.089,0.088,0.039,0.193,Arafath2025_MalayBasinML;ESR_Vishal2025_213;ESR_Wang2024_089;ESR_Zhang2025_178;Lu2025_GISMLSite,Arafath2025_MalayBasinML;Attanasi2025_ResourceML;Baek2023_WellboreLeakage;Crain2023_MonitoringHistory;Diplas2026_DOEInjection;ESR_Chan2024_124;ESR_Chen2024_119;ESR_Falola2024_123;ESR_Hassani2024_118;ESR_Kadeethum2024_128;ESR_Kanakaki2025_045;ESR_Lozano2025_215;ESR_Meng2025_211;ESR_Nunez2023_166;ESR_Park2025_223;ESR_Pawar2023_168;ESR_RefNone_173;ESR_Tang2022_226;ESR_Tang2024_135;ESR_Tariq2023_174;ESR_Um2024_091;ESR_Um2024_104;ESR_Vishal2025_213;ESR_Wang2024_089;ESR_Wu2025_042;ESR_Zhang2025_115;ESR_Zhang2025_178;ESR_Zheng2025_207;ESR_Zhou2026_127;Gahlot2025_DigitalShadow;Han2024_HierarchicalMCMC;Jiang2024_DSIHistoryMatching;Leong2024_SeisCO2Net;Lin2020_PressureLeakage;Lu2022_BayesianOptimization;Lu2025_GISMLSite;Mo2018_EncoderDecoderUQ;Nassabeh2024_OffshoreSite;Seabra2024_AIEnhancedDA;Shokouhi2021_PhysicsInformedSite;TARGET_DRLGeoRisk2026_214483;TARGET_JointInversion2023_2022JB025372;Tang2022_DLDataAssimilationForecasting;Tang2024_GNNFaulted;Teng2024_LikelihoodFreeDA;VoThanh2026_DigitalTwinGNN;Wang2025_4DHistoryMatching;Wen2021_CCSNet;Wen2021_PlumeDNN;Wen2022_UFNO;Wen2023_NestedFNO;Witte2023_WNO;Yan2021_RobustDLWorkflow;Yin2022_XAILeakage;Zhang2021_LearningInversionFreeForecast;Zhong2019_PressureAnomaly
WP9.8-R1-AUTHOR-VERIFIED-2026-08-01,author_verified_wp9_8_r1_controlled_integration,denominator_rule,available_case,controlled_release_ml_validation,57,5,56,1,0.089,0.088,0.039,0.193,ESR_Wang2024_089;ESR_Zhang2025_178;Leong2024_SeisCO2Net;Lin2020_PressureLeakage;Zhong2019_PressureAnomaly,Arafath2025_MalayBasinML;Attanasi2025_ResourceML;Baek2023_WellboreLeakage;Crain2023_MonitoringHistory;Diplas2026_DOEInjection;ESR_Chan2024_124;ESR_Chen2024_119;ESR_Falola2024_123;ESR_Hassani2024_118;ESR_Kadeethum2024_128;ESR_Kanakaki2025_045;ESR_Lozano2025_215;ESR_Meng2025_211;ESR_Nunez2023_166;ESR_Park2025_223;ESR_Pawar2023_168;ESR_RefNone_173;ESR_Tang2022_226;ESR_Tang2024_135;ESR_Tariq2023_174;ESR_Um2024_091;ESR_Um2024_104;ESR_Vishal2025_213;ESR_Wang2024_089;ESR_Wu2025_042;ESR_Zhang2025_115;ESR_Zhang2025_178;ESR_Zheng2025_207;ESR_Zhou2026_127;Gahlot2025_DigitalShadow;Han2024_HierarchicalMCMC;Jiang2024_DSIHistoryMatching;Leong2024_SeisCO2Net;Lin2020_PressureLeakage;Lu2022_BayesianOptimization;Lu2025_GISMLSite;Mo2018_EncoderDecoderUQ;Nassabeh2024_OffshoreSite;Seabra2024_AIEnhancedDA;Shokouhi2021_PhysicsInformedSite;TARGET_DRLGeoRisk2026_214483;TARGET_JointInversion2023_2022JB025372;Tang2022_DLDataAssimilationForecasting;Tang2024_GNNFaulted;Teng2024_LikelihoodFreeDA;VoThanh2026_DigitalTwinGNN;Wang2025_4DHistoryMatching;Wen2021_CCSNet;Wen2021_PlumeDNN;Wen2022_UFNO;Wen2023_NestedFNO;Witte2023_WNO;Yan2021_RobustDLWorkflow;Yin2022_XAILeakage;Zhang2021_LearningInversionFreeForecast;Zhong2019_PressureAnomaly
WP9.8-R1-AUTHOR-VERIFIED-2026-08-01,author_verified_wp9_8_r1_controlled_integration,denominator_rule,available_case,explicit_ood_testing,57,13,54,3,0.241,0.228,0.146,0.369,ESR_Chan2024_124;ESR_Hassani2024_118;ESR_Tang2022_226;ESR_Wu2025_042;ESR_Zhang2025_115;Leong2024_SeisCO2Net;Lin2020_PressureLeakage;Seabra2024_AIEnhancedDA;Tang2022_DLDataAssimilationForecasting;Tang2024_GNNFaulted;Wen2021_PlumeDNN;Wen2022_UFNO;Zhong2019_PressureAnomaly,Arafath2025_MalayBasinML;Attanasi2025_ResourceML;Baek2023_WellboreLeakage;Crain2023_MonitoringHistory;Diplas2026_DOEInjection;ESR_Chan2024_124;ESR_Chen2024_119;ESR_Falola2024_123;ESR_Hassani2024_118;ESR_Kadeethum2024_128;ESR_Kanakaki2025_045;ESR_Lozano2025_215;ESR_Meng2025_211;ESR_Nunez2023_166;ESR_Park2025_223;ESR_Pawar2023_168;ESR_RefNone_173;ESR_Tang2022_226;ESR_Tang2024_135;ESR_Tariq2023_174;ESR_Um2024_091;ESR_Um2024_104;ESR_Wang2024_089;ESR_Wu2025_042;ESR_Zhang2025_115;ESR_Zhang2025_178;ESR_Zheng2025_207;ESR_Zhou2026_127;Gahlot2025_DigitalShadow;Han2024_HierarchicalMCMC;Jiang2024_DSIHistoryMatching;Leong2024_SeisCO2Net;Lin2020_PressureLeakage;Lu2022_BayesianOptimization;Lu2025_GISMLSite;Mo2018_EncoderDecoderUQ;Nassabeh2024_OffshoreSite;Seabra2024_AIEnhancedDA;TARGET_DRLGeoRisk2026_214483;TARGET_JointInversion2023_2022JB025372;Tang2022_DLDataAssimilationForecasting;Tang2024_GNNFaulted;Teng2024_LikelihoodFreeDA;VoThanh2026_DigitalTwinGNN;Wang2025_4DHistoryMatching;Wen2021_CCSNet;Wen2021_PlumeDNN;Wen2022_UFNO;Wen2023_NestedFNO;Witte2023_WNO;Yan2021_RobustDLWorkflow;Yin2022_XAILeakage;Zhang2021_LearningInversionFreeForecast;Zhong2019_PressureAnomaly
WP9.8-R1-AUTHOR-VERIFIED-2026-08-01,author_verified_wp9_8_r1_controlled_integration,denominator_rule,available_case,explicit_cross_site_testing,57,1,55,2,0.018,0.018,0.003,0.096,ESR_Wu2025_042,Arafath2025_MalayBasinML;Attanasi2025_ResourceML;Baek2023_WellboreLeakage;Crain2023_MonitoringHistory;Diplas2026_DOEInjection;ESR_Chan2024_124;ESR_Chen2024_119;ESR_Falola2024_123;ESR_Hassani2024_118;ESR_Kadeethum2024_128;ESR_Kanakaki2025_045;ESR_Lozano2025_215;ESR_Meng2025_211;ESR_Nunez2023_166;ESR_Park2025_223;ESR_Pawar2023_168;ESR_RefNone_173;ESR_Tang2022_226;ESR_Tang2024_135;ESR_Tariq2023_174;ESR_Um2024_091;ESR_Um2024_104;ESR_Wang2024_089;ESR_Wu2025_042;ESR_Zhang2025_115;ESR_Zhang2025_178;ESR_Zheng2025_207;ESR_Zhou2026_127;Gahlot2025_DigitalShadow;Han2024_HierarchicalMCMC;Jiang2024_DSIHistoryMatching;Leong2024_SeisCO2Net;Lin2020_PressureLeakage;Lu2022_BayesianOptimization;Lu2025_GISMLSite;Mo2018_EncoderDecoderUQ;Nassabeh2024_OffshoreSite;Seabra2024_AIEnhancedDA;Shokouhi2021_PhysicsInformedSite;TARGET_DRLGeoRisk2026_214483;TARGET_JointInversion2023_2022JB025372;Tang2022_DLDataAssimilationForecasting;Tang2024_GNNFaulted;Teng2024_LikelihoodFreeDA;VoThanh2026_DigitalTwinGNN;Wang2025_4DHistoryMatching;Wen2021_CCSNet;Wen2021_PlumeDNN;Wen2022_UFNO;Wen2023_NestedFNO;Witte2023_WNO;Yan2021_RobustDLWorkflow;Yin2022_XAILeakage;Zhang2021_LearningInversionFreeForecast;Zhong2019_PressureAnomaly
WP9.8-R1-AUTHOR-VERIFIED-2026-08-01,author_verified_wp9_8_r1_controlled_integration,denominator_rule,available_case,uncertainty_calibration_or_posterior_check,57,13,47,10,0.277,0.228,0.169,0.418,Crain2023_MonitoringHistory;ESR_Lozano2025_215;ESR_Tang2022_226;Gahlot2025_DigitalShadow;Han2024_HierarchicalMCMC;Jiang2024_DSIHistoryMatching;Mo2018_EncoderDecoderUQ;Seabra2024_AIEnhancedDA;Tang2022_DLDataAssimilationForecasting;Teng2024_LikelihoodFreeDA;VoThanh2026_DigitalTwinGNN;Wang2025_4DHistoryMatching;Zhang2021_LearningInversionFreeForecast,Arafath2025_MalayBasinML;Attanasi2025_ResourceML;Crain2023_MonitoringHistory;Diplas2026_DOEInjection;ESR_Chan2024_124;ESR_Chen2024_119;ESR_Falola2024_123;ESR_Hassani2024_118;ESR_Kadeethum2024_128;ESR_Kanakaki2025_045;ESR_Lozano2025_215;ESR_Meng2025_211;ESR_Nunez2023_166;ESR_Park2025_223;ESR_Pawar2023_168;ESR_RefNone_173;ESR_Tang2022_226;ESR_Tang2024_135;ESR_Tariq2023_174;ESR_Um2024_091;ESR_Um2024_104;ESR_Wang2024_089;ESR_Zhang2025_115;ESR_Zhang2025_178;ESR_Zheng2025_207;ESR_Zhou2026_127;Gahlot2025_DigitalShadow;Han2024_HierarchicalMCMC;Jiang2024_DSIHistoryMatching;Lu2022_BayesianOptimization;Lu2025_GISMLSite;Mo2018_EncoderDecoderUQ;Nassabeh2024_OffshoreSite;Seabra2024_AIEnhancedDA;Shokouhi2021_PhysicsInformedSite;Tang2022_DLDataAssimilationForecasting;Tang2024_GNNFaulted;Teng2024_LikelihoodFreeDA;VoThanh2026_DigitalTwinGNN;Wang2025_4DHistoryMatching;Wen2021_PlumeDNN;Wen2022_UFNO;Witte2023_WNO;Yan2021_RobustDLWorkflow;Yin2022_XAILeakage;Zhang2021_LearningInversionFreeForecast;Zhong2019_PressureAnomaly
WP9.8-R1-AUTHOR-VERIFIED-2026-08-01,author_verified_wp9_8_r1_controlled_integration,denominator_rule,available_case,surrogate_error_propagation,57,4,20,37,0.200,0.070,0.081,0.416,Diplas2026_DOEInjection;Han2024_HierarchicalMCMC;Lu2022_BayesianOptimization;Wang2025_4DHistoryMatching,Attanasi2025_ResourceML;Baek2023_WellboreLeakage;Diplas2026_DOEInjection;ESR_Chan2024_124;ESR_Chen2024_119;ESR_Lozano2025_215;ESR_Meng2025_211;ESR_Tang2022_226;ESR_Wu2025_042;ESR_Zheng2025_207;Han2024_HierarchicalMCMC;Lu2022_BayesianOptimization;Mo2018_EncoderDecoderUQ;Seabra2024_AIEnhancedDA;TARGET_DRLGeoRisk2026_214483;Tang2022_DLDataAssimilationForecasting;Teng2024_LikelihoodFreeDA;Wang2025_4DHistoryMatching;Wen2021_CCSNet;Wen2023_NestedFNO
WP9.8-R1-AUTHOR-VERIFIED-2026-08-01,author_verified_wp9_8_r1_controlled_integration,denominator_rule,available_case,any_physical_diagnostic_checked,57,23,42,15,0.548,0.404,0.399,0.688,Baek2023_WellboreLeakage;Crain2023_MonitoringHistory;Diplas2026_DOEInjection;ESR_Chan2024_124;ESR_Kanakaki2025_045;ESR_Tang2022_226;ESR_Tang2024_135;ESR_Um2024_091;ESR_Zheng2025_207;Han2024_HierarchicalMCMC;Jiang2024_DSIHistoryMatching;Leong2024_SeisCO2Net;Mo2018_EncoderDecoderUQ;TARGET_DRLGeoRisk2026_214483;Tang2024_GNNFaulted;VoThanh2026_DigitalTwinGNN;Wen2021_CCSNet;Wen2021_PlumeDNN;Wen2022_UFNO;Wen2023_NestedFNO;Yan2021_RobustDLWorkflow;Yin2022_XAILeakage;Zhong2019_PressureAnomaly,Arafath2025_MalayBasinML;Attanasi2025_ResourceML;Baek2023_WellboreLeakage;Crain2023_MonitoringHistory;Diplas2026_DOEInjection;ESR_Chan2024_124;ESR_Chen2024_119;ESR_Hassani2024_118;ESR_Kanakaki2025_045;ESR_Meng2025_211;ESR_RefNone_173;ESR_Tang2022_226;ESR_Tang2024_135;ESR_Um2024_091;ESR_Um2024_104;ESR_Wang2024_089;ESR_Zheng2025_207;ESR_Zhou2026_127;Gahlot2025_DigitalShadow;Han2024_HierarchicalMCMC;Jiang2024_DSIHistoryMatching;Leong2024_SeisCO2Net;Lin2020_PressureLeakage;Lu2022_BayesianOptimization;Lu2025_GISMLSite;Mo2018_EncoderDecoderUQ;Nassabeh2024_OffshoreSite;TARGET_DRLGeoRisk2026_214483;TARGET_JointInversion2023_2022JB025372;Tang2022_DLDataAssimilationForecasting;Tang2024_GNNFaulted;Teng2024_LikelihoodFreeDA;VoThanh2026_DigitalTwinGNN;Wang2025_4DHistoryMatching;Wen2021_CCSNet;Wen2021_PlumeDNN;Wen2022_UFNO;Wen2023_NestedFNO;Yan2021_RobustDLWorkflow;Yin2022_XAILeakage;Zhang2021_LearningInversionFreeForecast;Zhong2019_PressureAnomaly
WP9.8-R1-AUTHOR-VERIFIED-2026-08-01,author_verified_wp9_8_r1_controlled_integration,denominator_rule,available_case,red_zone_recode_criticality,57,0,0,57,,0.000,,,,
WP9.8-R1-AUTHOR-VERIFIED-2026-08-01,author_verified_wp9_8_r1_controlled_integration,denominator_rule,complete_case,synthetic_led_evidence,56,43,54,2,0.796,0.768,0.671,0.882,Baek2023_WellboreLeakage;Crain2023_MonitoringHistory;Diplas2026_DOEInjection;ESR_Chan2024_124;ESR_Chen2024_119;ESR_Falola2024_123;ESR_Hassani2024_118;ESR_Kadeethum2024_128;ESR_Kanakaki2025_045;ESR_Lozano2025_215;ESR_Nunez2023_166;ESR_Park2025_223;ESR_Pawar2023_168;ESR_Tang2024_135;ESR_Tariq2023_174;ESR_Wu2025_042;ESR_Zhang2025_115;ESR_Zheng2025_207;ESR_Zhou2026_127;Gahlot2025_DigitalShadow;Han2024_HierarchicalMCMC;Jiang2024_DSIHistoryMatching;Lin2020_PressureLeakage;Lu2022_BayesianOptimization;Mo2018_EncoderDecoderUQ;Seabra2024_AIEnhancedDA;Shokouhi2021_PhysicsInformedSite;TARGET_DRLGeoRisk2026_214483;TARGET_JointInversion2023_2022JB025372;Tang2022_DLDataAssimilationForecasting;Tang2024_GNNFaulted;Teng2024_LikelihoodFreeDA;VoThanh2026_DigitalTwinGNN;Wang2025_4DHistoryMatching;Wen2021_CCSNet;Wen2021_PlumeDNN;Wen2022_UFNO;Wen2023_NestedFNO;Witte2023_WNO;Yan2021_RobustDLWorkflow;Yin2022_XAILeakage;Zhang2021_LearningInversionFreeForecast;Zhong2019_PressureAnomaly,Arafath2025_MalayBasinML;Attanasi2025_ResourceML;Baek2023_WellboreLeakage;Crain2023_MonitoringHistory;Diplas2026_DOEInjection;ESR_Chan2024_124;ESR_Chen2024_119;ESR_Falola2024_123;ESR_Hassani2024_118;ESR_Kadeethum2024_128;ESR_Kanakaki2025_045;ESR_Lozano2025_215;ESR_Nunez2023_166;ESR_Park2025_223;ESR_Pawar2023_168;ESR_RefNone_173;ESR_Tang2022_226;ESR_Tang2024_135;ESR_Tariq2023_174;ESR_Um2024_091;ESR_Vishal2025_213;ESR_Wang2024_089;ESR_Wu2025_042;ESR_Zhang2025_115;ESR_Zhang2025_178;ESR_Zheng2025_207;ESR_Zhou2026_127;Gahlot2025_DigitalShadow;Han2024_HierarchicalMCMC;Jiang2024_DSIHistoryMatching;Leong2024_SeisCO2Net;Lin2020_PressureLeakage;Lu2022_BayesianOptimization;Lu2025_GISMLSite;Mo2018_EncoderDecoderUQ;Nassabeh2024_OffshoreSite;Seabra2024_AIEnhancedDA;Shokouhi2021_PhysicsInformedSite;TARGET_DRLGeoRisk2026_214483;TARGET_JointInversion2023_2022JB025372;Tang2022_DLDataAssimilationForecasting;Tang2024_GNNFaulted;Teng2024_LikelihoodFreeDA;VoThanh2026_DigitalTwinGNN;Wang2025_4DHistoryMatching;Wen2021_CCSNet;Wen2021_PlumeDNN;Wen2022_UFNO;Wen2023_NestedFNO;Witte2023_WNO;Yan2021_RobustDLWorkflow;Yin2022_XAILeakage;Zhang2021_LearningInversionFreeForecast;Zhong2019_PressureAnomaly
WP9.8-R1-AUTHOR-VERIFIED-2026-08-01,author_verified_wp9_8_r1_controlled_integration,denominator_rule,complete_case,score_ge3::field_evidence_score,56,5,56,0,0.089,0.089,0.039,0.193,Arafath2025_MalayBasinML;ESR_Vishal2025_213;ESR_Wang2024_089;ESR_Zhang2025_178;Lu2025_GISMLSite,Arafath2025_MalayBasinML;Attanasi2025_ResourceML;Baek2023_WellboreLeakage;Crain2023_MonitoringHistory;Diplas2026_DOEInjection;ESR_Chan2024_124;ESR_Chen2024_119;ESR_Falola2024_123;ESR_Hassani2024_118;ESR_Kadeethum2024_128;ESR_Kanakaki2025_045;ESR_Lozano2025_215;ESR_Meng2025_211;ESR_Nunez2023_166;ESR_Park2025_223;ESR_Pawar2023_168;ESR_RefNone_173;ESR_Tang2022_226;ESR_Tang2024_135;ESR_Tariq2023_174;ESR_Um2024_091;ESR_Um2024_104;ESR_Vishal2025_213;ESR_Wang2024_089;ESR_Wu2025_042;ESR_Zhang2025_115;ESR_Zhang2025_178;ESR_Zheng2025_207;ESR_Zhou2026_127;Gahlot2025_DigitalShadow;Han2024_HierarchicalMCMC;Jiang2024_DSIHistoryMatching;Leong2024_SeisCO2Net;Lin2020_PressureLeakage;Lu2022_BayesianOptimization;Lu2025_GISMLSite;Mo2018_EncoderDecoderUQ;Nassabeh2024_OffshoreSite;Seabra2024_AIEnhancedDA;Shokouhi2021_PhysicsInformedSite;TARGET_DRLGeoRisk2026_214483;TARGET_JointInversion2023_2022JB025372;Tang2022_DLDataAssimilationForecasting;Tang2024_GNNFaulted;Teng2024_LikelihoodFreeDA;VoThanh2026_DigitalTwinGNN;Wang2025_4DHistoryMatching;Wen2021_CCSNet;Wen2021_PlumeDNN;Wen2022_UFNO;Wen2023_NestedFNO;Witte2023_WNO;Yan2021_RobustDLWorkflow;Yin2022_XAILeakage;Zhang2021_LearningInversionFreeForecast;Zhong2019_PressureAnomaly
WP9.8-R1-AUTHOR-VERIFIED-2026-08-01,author_verified_wp9_8_r1_controlled_integration,denominator_rule,complete_case,score_ge3::physical_consistency_score,56,41,56,0,0.732,0.732,0.604,0.830,Baek2023_WellboreLeakage;Crain2023_MonitoringHistory;Diplas2026_DOEInjection;ESR_Chan2024_124;ESR_Chen2024_119;ESR_Falola2024_123;ESR_Kanakaki2025_045;ESR_Lozano2025_215;ESR_Meng2025_211;ESR_Nunez2023_166;ESR_Park2025_223;ESR_Tang2022_226;ESR_Tang2024_135;ESR_Tariq2023_174;ESR_Um2024_091;ESR_Um2024_104;ESR_Zhang2025_115;ESR_Zhang2025_178;ESR_Zheng2025_207;ESR_Zhou2026_127;Gahlot2025_DigitalShadow;Han2024_HierarchicalMCMC;Jiang2024_DSIHistoryMatching;Leong2024_SeisCO2Net;Lu2022_BayesianOptimization;Mo2018_EncoderDecoderUQ;Seabra2024_AIEnhancedDA;TARGET_DRLGeoRisk2026_214483;TARGET_JointInversion2023_2022JB025372;Tang2022_DLDataAssimilationForecasting;Tang2024_GNNFaulted;Teng2024_LikelihoodFreeDA;VoThanh2026_DigitalTwinGNN;Wang2025_4DHistoryMatching;Wen2021_CCSNet;Wen2021_PlumeDNN;Wen2022_UFNO;Wen2023_NestedFNO;Witte2023_WNO;Yan2021_RobustDLWorkflow;Yin2022_XAILeakage,Arafath2025_MalayBasinML;Attanasi2025_ResourceML;Baek2023_WellboreLeakage;Crain2023_MonitoringHistory;Diplas2026_DOEInjection;ESR_Chan2024_124;ESR_Chen2024_119;ESR_Falola2024_123;ESR_Hassani2024_118;ESR_Kadeethum2024_128;ESR_Kanakaki2025_045;ESR_Lozano2025_215;ESR_Meng2025_211;ESR_Nunez2023_166;ESR_Park2025_223;ESR_Pawar2023_168;ESR_RefNone_173;ESR_Tang2022_226;ESR_Tang2024_135;ESR_Tariq2023_174;ESR_Um2024_091;ESR_Um2024_104;ESR_Vishal2025_213;ESR_Wang2024_089;ESR_Wu2025_042;ESR_Zhang2025_115;ESR_Zhang2025_178;ESR_Zheng2025_207;ESR_Zhou2026_127;Gahlot2025_DigitalShadow;Han2024_HierarchicalMCMC;Jiang2024_DSIHistoryMatching;Leong2024_SeisCO2Net;Lin2020_PressureLeakage;Lu2022_BayesianOptimization;Lu2025_GISMLSite;Mo2018_EncoderDecoderUQ;Nassabeh2024_OffshoreSite;Seabra2024_AIEnhancedDA;Shokouhi2021_PhysicsInformedSite;TARGET_DRLGeoRisk2026_214483;TARGET_JointInversion2023_2022JB025372;Tang2022_DLDataAssimilationForecasting;Tang2024_GNNFaulted;Teng2024_LikelihoodFreeDA;VoThanh2026_DigitalTwinGNN;Wang2025_4DHistoryMatching;Wen2021_CCSNet;Wen2021_PlumeDNN;Wen2022_UFNO;Wen2023_NestedFNO;Witte2023_WNO;Yan2021_RobustDLWorkflow;Yin2022_XAILeakage;Zhang2021_LearningInversionFreeForecast;Zhong2019_PressureAnomaly
WP9.8-R1-AUTHOR-VERIFIED-2026-08-01,author_verified_wp9_8_r1_controlled_integration,denominator_rule,complete_case,score_ge3::uncertainty_score,56,13,56,0,0.232,0.232,0.141,0.358,Crain2023_MonitoringHistory;ESR_Lozano2025_215;ESR_Tang2022_226;Gahlot2025_DigitalShadow;Han2024_HierarchicalMCMC;Jiang2024_DSIHistoryMatching;Mo2018_EncoderDecoderUQ;Seabra2024_AIEnhancedDA;Tang2022_DLDataAssimilationForecasting;Teng2024_LikelihoodFreeDA;VoThanh2026_DigitalTwinGNN;Wang2025_4DHistoryMatching;Zhang2021_LearningInversionFreeForecast,Arafath2025_MalayBasinML;Attanasi2025_ResourceML;Baek2023_WellboreLeakage;Crain2023_MonitoringHistory;Diplas2026_DOEInjection;ESR_Chan2024_124;ESR_Chen2024_119;ESR_Falola2024_123;ESR_Hassani2024_118;ESR_Kadeethum2024_128;ESR_Kanakaki2025_045;ESR_Lozano2025_215;ESR_Meng2025_211;ESR_Nunez2023_166;ESR_Park2025_223;ESR_Pawar2023_168;ESR_RefNone_173;ESR_Tang2022_226;ESR_Tang2024_135;ESR_Tariq2023_174;ESR_Um2024_091;ESR_Um2024_104;ESR_Vishal2025_213;ESR_Wang2024_089;ESR_Wu2025_042;ESR_Zhang2025_115;ESR_Zhang2025_178;ESR_Zheng2025_207;ESR_Zhou2026_127;Gahlot2025_DigitalShadow;Han2024_HierarchicalMCMC;Jiang2024_DSIHistoryMatching;Leong2024_SeisCO2Net;Lin2020_PressureLeakage;Lu2022_BayesianOptimization;Lu2025_GISMLSite;Mo2018_EncoderDecoderUQ;Nassabeh2024_OffshoreSite;Seabra2024_AIEnhancedDA;Shokouhi2021_PhysicsInformedSite;TARGET_DRLGeoRisk2026_214483;TARGET_JointInversion2023_2022JB025372;Tang2022_DLDataAssimilationForecasting;Tang2024_GNNFaulted;Teng2024_LikelihoodFreeDA;VoThanh2026_DigitalTwinGNN;Wang2025_4DHistoryMatching;Wen2021_CCSNet;Wen2021_PlumeDNN;Wen2022_UFNO;Wen2023_NestedFNO;Witte2023_WNO;Yan2021_RobustDLWorkflow;Yin2022_XAILeakage;Zhang2021_LearningInversionFreeForecast;Zhong2019_PressureAnomaly
WP9.8-R1-AUTHOR-VERIFIED-2026-08-01,author_verified_wp9_8_r1_controlled_integration,denominator_rule,complete_case,score_ge3::transferability_score,56,6,56,0,0.107,0.107,0.050,0.215,ESR_Wu2025_042;Leong2024_SeisCO2Net;Lin2020_PressureLeakage;Seabra2024_AIEnhancedDA;Tang2022_DLDataAssimilationForecasting;Zhong2019_PressureAnomaly,Arafath2025_MalayBasinML;Attanasi2025_ResourceML;Baek2023_WellboreLeakage;Crain2023_MonitoringHistory;Diplas2026_DOEInjection;ESR_Chan2024_124;ESR_Chen2024_119;ESR_Falola2024_123;ESR_Hassani2024_118;ESR_Kadeethum2024_128;ESR_Kanakaki2025_045;ESR_Lozano2025_215;ESR_Meng2025_211;ESR_Nunez2023_166;ESR_Park2025_223;ESR_Pawar2023_168;ESR_RefNone_173;ESR_Tang2022_226;ESR_Tang2024_135;ESR_Tariq2023_174;ESR_Um2024_091;ESR_Um2024_104;ESR_Vishal2025_213;ESR_Wang2024_089;ESR_Wu2025_042;ESR_Zhang2025_115;ESR_Zhang2025_178;ESR_Zheng2025_207;ESR_Zhou2026_127;Gahlot2025_DigitalShadow;Han2024_HierarchicalMCMC;Jiang2024_DSIHistoryMatching;Leong2024_SeisCO2Net;Lin2020_PressureLeakage;Lu2022_BayesianOptimization;Lu2025_GISMLSite;Mo2018_EncoderDecoderUQ;Nassabeh2024_OffshoreSite;Seabra2024_AIEnhancedDA;Shokouhi2021_PhysicsInformedSite;TARGET_DRLGeoRisk2026_214483;TARGET_JointInversion2023_2022JB025372;Tang2022_DLDataAssimilationForecasting;Tang2024_GNNFaulted;Teng2024_LikelihoodFreeDA;VoThanh2026_DigitalTwinGNN;Wang2025_4DHistoryMatching;Wen2021_CCSNet;Wen2021_PlumeDNN;Wen2022_UFNO;Wen2023_NestedFNO;Witte2023_WNO;Yan2021_RobustDLWorkflow;Yin2022_XAILeakage;Zhang2021_LearningInversionFreeForecast;Zhong2019_PressureAnomaly
WP9.8-R1-AUTHOR-VERIFIED-2026-08-01,author_verified_wp9_8_r1_controlled_integration,denominator_rule,complete_case,score_ge3::decision_readiness_score,56,8,56,0,0.143,0.143,0.074,0.257,Crain2023_MonitoringHistory;Diplas2026_DOEInjection;ESR_Tang2022_226;Lin2020_PressureLeakage;Lu2022_BayesianOptimization;TARGET_DRLGeoRisk2026_214483;Wang2025_4DHistoryMatching;Zhong2019_PressureAnomaly,Arafath2025_MalayBasinML;Attanasi2025_ResourceML;Baek2023_WellboreLeakage;Crain2023_MonitoringHistory;Diplas2026_DOEInjection;ESR_Chan2024_124;ESR_Chen2024_119;ESR_Falola2024_123;ESR_Hassani2024_118;ESR_Kadeethum2024_128;ESR_Kanakaki2025_045;ESR_Lozano2025_215;ESR_Meng2025_211;ESR_Nunez2023_166;ESR_Park2025_223;ESR_Pawar2023_168;ESR_RefNone_173;ESR_Tang2022_226;ESR_Tang2024_135;ESR_Tariq2023_174;ESR_Um2024_091;ESR_Um2024_104;ESR_Vishal2025_213;ESR_Wang2024_089;ESR_Wu2025_042;ESR_Zhang2025_115;ESR_Zhang2025_178;ESR_Zheng2025_207;ESR_Zhou2026_127;Gahlot2025_DigitalShadow;Han2024_HierarchicalMCMC;Jiang2024_DSIHistoryMatching;Leong2024_SeisCO2Net;Lin2020_PressureLeakage;Lu2022_BayesianOptimization;Lu2025_GISMLSite;Mo2018_EncoderDecoderUQ;Nassabeh2024_OffshoreSite;Seabra2024_AIEnhancedDA;Shokouhi2021_PhysicsInformedSite;TARGET_DRLGeoRisk2026_214483;TARGET_JointInversion2023_2022JB025372;Tang2022_DLDataAssimilationForecasting;Tang2024_GNNFaulted;Teng2024_LikelihoodFreeDA;VoThanh2026_DigitalTwinGNN;Wang2025_4DHistoryMatching;Wen2021_CCSNet;Wen2021_PlumeDNN;Wen2022_UFNO;Wen2023_NestedFNO;Witte2023_WNO;Yan2021_RobustDLWorkflow;Yin2022_XAILeakage;Zhang2021_LearningInversionFreeForecast;Zhong2019_PressureAnomaly
WP9.8-R1-AUTHOR-VERIFIED-2026-08-01,author_verified_wp9_8_r1_controlled_integration,denominator_rule,complete_case,direct_field_validation,56,5,56,0,0.089,0.089,0.039,0.193,Arafath2025_MalayBasinML;ESR_Vishal2025_213;ESR_Wang2024_089;ESR_Zhang2025_178;Lu2025_GISMLSite,Arafath2025_MalayBasinML;Attanasi2025_ResourceML;Baek2023_WellboreLeakage;Crain2023_MonitoringHistory;Diplas2026_DOEInjection;ESR_Chan2024_124;ESR_Chen2024_119;ESR_Falola2024_123;ESR_Hassani2024_118;ESR_Kadeethum2024_128;ESR_Kanakaki2025_045;ESR_Lozano2025_215;ESR_Meng2025_211;ESR_Nunez2023_166;ESR_Park2025_223;ESR_Pawar2023_168;ESR_RefNone_173;ESR_Tang2022_226;ESR_Tang2024_135;ESR_Tariq2023_174;ESR_Um2024_091;ESR_Um2024_104;ESR_Vishal2025_213;ESR_Wang2024_089;ESR_Wu2025_042;ESR_Zhang2025_115;ESR_Zhang2025_178;ESR_Zheng2025_207;ESR_Zhou2026_127;Gahlot2025_DigitalShadow;Han2024_HierarchicalMCMC;Jiang2024_DSIHistoryMatching;Leong2024_SeisCO2Net;Lin2020_PressureLeakage;Lu2022_BayesianOptimization;Lu2025_GISMLSite;Mo2018_EncoderDecoderUQ;Nassabeh2024_OffshoreSite;Seabra2024_AIEnhancedDA;Shokouhi2021_PhysicsInformedSite;TARGET_DRLGeoRisk2026_214483;TARGET_JointInversion2023_2022JB025372;Tang2022_DLDataAssimilationForecasting;Tang2024_GNNFaulted;Teng2024_LikelihoodFreeDA;VoThanh2026_DigitalTwinGNN;Wang2025_4DHistoryMatching;Wen2021_CCSNet;Wen2021_PlumeDNN;Wen2022_UFNO;Wen2023_NestedFNO;Witte2023_WNO;Yan2021_RobustDLWorkflow;Yin2022_XAILeakage;Zhang2021_LearningInversionFreeForecast;Zhong2019_PressureAnomaly
WP9.8-R1-AUTHOR-VERIFIED-2026-08-01,author_verified_wp9_8_r1_controlled_integration,denominator_rule,complete_case,controlled_release_ml_validation,56,5,56,0,0.089,0.089,0.039,0.193,ESR_Wang2024_089;ESR_Zhang2025_178;Leong2024_SeisCO2Net;Lin2020_PressureLeakage;Zhong2019_PressureAnomaly,Arafath2025_MalayBasinML;Attanasi2025_ResourceML;Baek2023_WellboreLeakage;Crain2023_MonitoringHistory;Diplas2026_DOEInjection;ESR_Chan2024_124;ESR_Chen2024_119;ESR_Falola2024_123;ESR_Hassani2024_118;ESR_Kadeethum2024_128;ESR_Kanakaki2025_045;ESR_Lozano2025_215;ESR_Meng2025_211;ESR_Nunez2023_166;ESR_Park2025_223;ESR_Pawar2023_168;ESR_RefNone_173;ESR_Tang2022_226;ESR_Tang2024_135;ESR_Tariq2023_174;ESR_Um2024_091;ESR_Um2024_104;ESR_Vishal2025_213;ESR_Wang2024_089;ESR_Wu2025_042;ESR_Zhang2025_115;ESR_Zhang2025_178;ESR_Zheng2025_207;ESR_Zhou2026_127;Gahlot2025_DigitalShadow;Han2024_HierarchicalMCMC;Jiang2024_DSIHistoryMatching;Leong2024_SeisCO2Net;Lin2020_PressureLeakage;Lu2022_BayesianOptimization;Lu2025_GISMLSite;Mo2018_EncoderDecoderUQ;Nassabeh2024_OffshoreSite;Seabra2024_AIEnhancedDA;Shokouhi2021_PhysicsInformedSite;TARGET_DRLGeoRisk2026_214483;TARGET_JointInversion2023_2022JB025372;Tang2022_DLDataAssimilationForecasting;Tang2024_GNNFaulted;Teng2024_LikelihoodFreeDA;VoThanh2026_DigitalTwinGNN;Wang2025_4DHistoryMatching;Wen2021_CCSNet;Wen2021_PlumeDNN;Wen2022_UFNO;Wen2023_NestedFNO;Witte2023_WNO;Yan2021_RobustDLWorkflow;Yin2022_XAILeakage;Zhang2021_LearningInversionFreeForecast;Zhong2019_PressureAnomaly
WP9.8-R1-AUTHOR-VERIFIED-2026-08-01,author_verified_wp9_8_r1_controlled_integration,denominator_rule,complete_case,explicit_ood_testing,56,13,54,2,0.241,0.232,0.146,0.369,ESR_Chan2024_124;ESR_Hassani2024_118;ESR_Tang2022_226;ESR_Wu2025_042;ESR_Zhang2025_115;Leong2024_SeisCO2Net;Lin2020_PressureLeakage;Seabra2024_AIEnhancedDA;Tang2022_DLDataAssimilationForecasting;Tang2024_GNNFaulted;Wen2021_PlumeDNN;Wen2022_UFNO;Zhong2019_PressureAnomaly,Arafath2025_MalayBasinML;Attanasi2025_ResourceML;Baek2023_WellboreLeakage;Crain2023_MonitoringHistory;Diplas2026_DOEInjection;ESR_Chan2024_124;ESR_Chen2024_119;ESR_Falola2024_123;ESR_Hassani2024_118;ESR_Kadeethum2024_128;ESR_Kanakaki2025_045;ESR_Lozano2025_215;ESR_Meng2025_211;ESR_Nunez2023_166;ESR_Park2025_223;ESR_Pawar2023_168;ESR_RefNone_173;ESR_Tang2022_226;ESR_Tang2024_135;ESR_Tariq2023_174;ESR_Um2024_091;ESR_Um2024_104;ESR_Wang2024_089;ESR_Wu2025_042;ESR_Zhang2025_115;ESR_Zhang2025_178;ESR_Zheng2025_207;ESR_Zhou2026_127;Gahlot2025_DigitalShadow;Han2024_HierarchicalMCMC;Jiang2024_DSIHistoryMatching;Leong2024_SeisCO2Net;Lin2020_PressureLeakage;Lu2022_BayesianOptimization;Lu2025_GISMLSite;Mo2018_EncoderDecoderUQ;Nassabeh2024_OffshoreSite;Seabra2024_AIEnhancedDA;TARGET_DRLGeoRisk2026_214483;TARGET_JointInversion2023_2022JB025372;Tang2022_DLDataAssimilationForecasting;Tang2024_GNNFaulted;Teng2024_LikelihoodFreeDA;VoThanh2026_DigitalTwinGNN;Wang2025_4DHistoryMatching;Wen2021_CCSNet;Wen2021_PlumeDNN;Wen2022_UFNO;Wen2023_NestedFNO;Witte2023_WNO;Yan2021_RobustDLWorkflow;Yin2022_XAILeakage;Zhang2021_LearningInversionFreeForecast;Zhong2019_PressureAnomaly
WP9.8-R1-AUTHOR-VERIFIED-2026-08-01,author_verified_wp9_8_r1_controlled_integration,denominator_rule,complete_case,explicit_cross_site_testing,56,1,55,1,0.018,0.018,0.003,0.096,ESR_Wu2025_042,Arafath2025_MalayBasinML;Attanasi2025_ResourceML;Baek2023_WellboreLeakage;Crain2023_MonitoringHistory;Diplas2026_DOEInjection;ESR_Chan2024_124;ESR_Chen2024_119;ESR_Falola2024_123;ESR_Hassani2024_118;ESR_Kadeethum2024_128;ESR_Kanakaki2025_045;ESR_Lozano2025_215;ESR_Meng2025_211;ESR_Nunez2023_166;ESR_Park2025_223;ESR_Pawar2023_168;ESR_RefNone_173;ESR_Tang2022_226;ESR_Tang2024_135;ESR_Tariq2023_174;ESR_Um2024_091;ESR_Um2024_104;ESR_Wang2024_089;ESR_Wu2025_042;ESR_Zhang2025_115;ESR_Zhang2025_178;ESR_Zheng2025_207;ESR_Zhou2026_127;Gahlot2025_DigitalShadow;Han2024_HierarchicalMCMC;Jiang2024_DSIHistoryMatching;Leong2024_SeisCO2Net;Lin2020_PressureLeakage;Lu2022_BayesianOptimization;Lu2025_GISMLSite;Mo2018_EncoderDecoderUQ;Nassabeh2024_OffshoreSite;Seabra2024_AIEnhancedDA;Shokouhi2021_PhysicsInformedSite;TARGET_DRLGeoRisk2026_214483;TARGET_JointInversion2023_2022JB025372;Tang2022_DLDataAssimilationForecasting;Tang2024_GNNFaulted;Teng2024_LikelihoodFreeDA;VoThanh2026_DigitalTwinGNN;Wang2025_4DHistoryMatching;Wen2021_CCSNet;Wen2021_PlumeDNN;Wen2022_UFNO;Wen2023_NestedFNO;Witte2023_WNO;Yan2021_RobustDLWorkflow;Yin2022_XAILeakage;Zhang2021_LearningInversionFreeForecast;Zhong2019_PressureAnomaly
WP9.8-R1-AUTHOR-VERIFIED-2026-08-01,author_verified_wp9_8_r1_controlled_integration,denominator_rule,complete_case,uncertainty_calibration_or_posterior_check,56,13,47,9,0.277,0.232,0.169,0.418,Crain2023_MonitoringHistory;ESR_Lozano2025_215;ESR_Tang2022_226;Gahlot2025_DigitalShadow;Han2024_HierarchicalMCMC;Jiang2024_DSIHistoryMatching;Mo2018_EncoderDecoderUQ;Seabra2024_AIEnhancedDA;Tang2022_DLDataAssimilationForecasting;Teng2024_LikelihoodFreeDA;VoThanh2026_DigitalTwinGNN;Wang2025_4DHistoryMatching;Zhang2021_LearningInversionFreeForecast,Arafath2025_MalayBasinML;Attanasi2025_ResourceML;Crain2023_MonitoringHistory;Diplas2026_DOEInjection;ESR_Chan2024_124;ESR_Chen2024_119;ESR_Falola2024_123;ESR_Hassani2024_118;ESR_Kadeethum2024_128;ESR_Kanakaki2025_045;ESR_Lozano2025_215;ESR_Meng2025_211;ESR_Nunez2023_166;ESR_Park2025_223;ESR_Pawar2023_168;ESR_RefNone_173;ESR_Tang2022_226;ESR_Tang2024_135;ESR_Tariq2023_174;ESR_Um2024_091;ESR_Um2024_104;ESR_Wang2024_089;ESR_Zhang2025_115;ESR_Zhang2025_178;ESR_Zheng2025_207;ESR_Zhou2026_127;Gahlot2025_DigitalShadow;Han2024_HierarchicalMCMC;Jiang2024_DSIHistoryMatching;Lu2022_BayesianOptimization;Lu2025_GISMLSite;Mo2018_EncoderDecoderUQ;Nassabeh2024_OffshoreSite;Seabra2024_AIEnhancedDA;Shokouhi2021_PhysicsInformedSite;Tang2022_DLDataAssimilationForecasting;Tang2024_GNNFaulted;Teng2024_LikelihoodFreeDA;VoThanh2026_DigitalTwinGNN;Wang2025_4DHistoryMatching;Wen2021_PlumeDNN;Wen2022_UFNO;Witte2023_WNO;Yan2021_RobustDLWorkflow;Yin2022_XAILeakage;Zhang2021_LearningInversionFreeForecast;Zhong2019_PressureAnomaly
WP9.8-R1-AUTHOR-VERIFIED-2026-08-01,author_verified_wp9_8_r1_controlled_integration,denominator_rule,complete_case,surrogate_error_propagation,56,4,20,36,0.200,0.071,0.081,0.416,Diplas2026_DOEInjection;Han2024_HierarchicalMCMC;Lu2022_BayesianOptimization;Wang2025_4DHistoryMatching,Attanasi2025_ResourceML;Baek2023_WellboreLeakage;Diplas2026_DOEInjection;ESR_Chan2024_124;ESR_Chen2024_119;ESR_Lozano2025_215;ESR_Meng2025_211;ESR_Tang2022_226;ESR_Wu2025_042;ESR_Zheng2025_207;Han2024_HierarchicalMCMC;Lu2022_BayesianOptimization;Mo2018_EncoderDecoderUQ;Seabra2024_AIEnhancedDA;TARGET_DRLGeoRisk2026_214483;Tang2022_DLDataAssimilationForecasting;Teng2024_LikelihoodFreeDA;Wang2025_4DHistoryMatching;Wen2021_CCSNet;Wen2023_NestedFNO
WP9.8-R1-AUTHOR-VERIFIED-2026-08-01,author_verified_wp9_8_r1_controlled_integration,denominator_rule,complete_case,any_physical_diagnostic_checked,56,23,42,14,0.548,0.411,0.399,0.688,Baek2023_WellboreLeakage;Crain2023_MonitoringHistory;Diplas2026_DOEInjection;ESR_Chan2024_124;ESR_Kanakaki2025_045;ESR_Tang2022_226;ESR_Tang2024_135;ESR_Um2024_091;ESR_Zheng2025_207;Han2024_HierarchicalMCMC;Jiang2024_DSIHistoryMatching;Leong2024_SeisCO2Net;Mo2018_EncoderDecoderUQ;TARGET_DRLGeoRisk2026_214483;Tang2024_GNNFaulted;VoThanh2026_DigitalTwinGNN;Wen2021_CCSNet;Wen2021_PlumeDNN;Wen2022_UFNO;Wen2023_NestedFNO;Yan2021_RobustDLWorkflow;Yin2022_XAILeakage;Zhong2019_PressureAnomaly,Arafath2025_MalayBasinML;Attanasi2025_ResourceML;Baek2023_WellboreLeakage;Crain2023_MonitoringHistory;Diplas2026_DOEInjection;ESR_Chan2024_124;ESR_Chen2024_119;ESR_Hassani2024_118;ESR_Kanakaki2025_045;ESR_Meng2025_211;ESR_RefNone_173;ESR_Tang2022_226;ESR_Tang2024_135;ESR_Um2024_091;ESR_Um2024_104;ESR_Wang2024_089;ESR_Zheng2025_207;ESR_Zhou2026_127;Gahlot2025_DigitalShadow;Han2024_HierarchicalMCMC;Jiang2024_DSIHistoryMatching;Leong2024_SeisCO2Net;Lin2020_PressureLeakage;Lu2022_BayesianOptimization;Lu2025_GISMLSite;Mo2018_EncoderDecoderUQ;Nassabeh2024_OffshoreSite;TARGET_DRLGeoRisk2026_214483;TARGET_JointInversion2023_2022JB025372;Tang2022_DLDataAssimilationForecasting;Tang2024_GNNFaulted;Teng2024_LikelihoodFreeDA;VoThanh2026_DigitalTwinGNN;Wang2025_4DHistoryMatching;Wen2021_CCSNet;Wen2021_PlumeDNN;Wen2022_UFNO;Wen2023_NestedFNO;Yan2021_RobustDLWorkflow;Yin2022_XAILeakage;Zhang2021_LearningInversionFreeForecast;Zhong2019_PressureAnomaly
WP9.8-R1-AUTHOR-VERIFIED-2026-08-01,author_verified_wp9_8_r1_controlled_integration,denominator_rule,complete_case,red_zone_recode_criticality,56,0,0,56,,0.000,,,,
WP9.8-R1-AUTHOR-VERIFIED-2026-08-01,author_verified_wp9_8_r1_controlled_integration,cross_cutting_records,with_cross_cutting,synthetic_led_evidence,57,44,55,2,0.800,0.772,0.676,0.884,Baek2023_WellboreLeakage;Crain2023_MonitoringHistory;Diplas2026_DOEInjection;ESR_Chan2024_124;ESR_Chen2024_119;ESR_Falola2024_123;ESR_Hassani2024_118;ESR_Kadeethum2024_128;ESR_Kanakaki2025_045;ESR_Liu2025_121;ESR_Lozano2025_215;ESR_Nunez2023_166;ESR_Park2025_223;ESR_Pawar2023_168;ESR_Tang2024_135;ESR_Tariq2023_174;ESR_Wu2025_042;ESR_Zhang2025_115;ESR_Zheng2025_207;ESR_Zhou2026_127;Gahlot2025_DigitalShadow;Han2024_HierarchicalMCMC;Jiang2024_DSIHistoryMatching;Lin2020_PressureLeakage;Lu2022_BayesianOptimization;Mo2018_EncoderDecoderUQ;Seabra2024_AIEnhancedDA;Shokouhi2021_PhysicsInformedSite;TARGET_DRLGeoRisk2026_214483;TARGET_JointInversion2023_2022JB025372;Tang2022_DLDataAssimilationForecasting;Tang2024_GNNFaulted;Teng2024_LikelihoodFreeDA;VoThanh2026_DigitalTwinGNN;Wang2025_4DHistoryMatching;Wen2021_CCSNet;Wen2021_PlumeDNN;Wen2022_UFNO;Wen2023_NestedFNO;Witte2023_WNO;Yan2021_RobustDLWorkflow;Yin2022_XAILeakage;Zhang2021_LearningInversionFreeForecast;Zhong2019_PressureAnomaly,Arafath2025_MalayBasinML;Attanasi2025_ResourceML;Baek2023_WellboreLeakage;Crain2023_MonitoringHistory;Diplas2026_DOEInjection;ESR_Chan2024_124;ESR_Chen2024_119;ESR_Falola2024_123;ESR_Hassani2024_118;ESR_Kadeethum2024_128;ESR_Kanakaki2025_045;ESR_Liu2025_121;ESR_Lozano2025_215;ESR_Nunez2023_166;ESR_Park2025_223;ESR_Pawar2023_168;ESR_RefNone_173;ESR_Tang2022_226;ESR_Tang2024_135;ESR_Tariq2023_174;ESR_Um2024_091;ESR_Vishal2025_213;ESR_Wang2024_089;ESR_Wu2025_042;ESR_Zhang2025_115;ESR_Zhang2025_178;ESR_Zheng2025_207;ESR_Zhou2026_127;Gahlot2025_DigitalShadow;Han2024_HierarchicalMCMC;Jiang2024_DSIHistoryMatching;Leong2024_SeisCO2Net;Lin2020_PressureLeakage;Lu2022_BayesianOptimization;Lu2025_GISMLSite;Mo2018_EncoderDecoderUQ;Nassabeh2024_OffshoreSite;Seabra2024_AIEnhancedDA;Shokouhi2021_PhysicsInformedSite;TARGET_DRLGeoRisk2026_214483;TARGET_JointInversion2023_2022JB025372;Tang2022_DLDataAssimilationForecasting;Tang2024_GNNFaulted;Teng2024_LikelihoodFreeDA;VoThanh2026_DigitalTwinGNN;Wang2025_4DHistoryMatching;Wen2021_CCSNet;Wen2021_PlumeDNN;Wen2022_UFNO;Wen2023_NestedFNO;Witte2023_WNO;Yan2021_RobustDLWorkflow;Yin2022_XAILeakage;Zhang2021_LearningInversionFreeForecast;Zhong2019_PressureAnomaly
WP9.8-R1-AUTHOR-VERIFIED-2026-08-01,author_verified_wp9_8_r1_controlled_integration,cross_cutting_records,with_cross_cutting,score_ge3::field_evidence_score,57,5,56,1,0.089,0.088,0.039,0.193,Arafath2025_MalayBasinML;ESR_Vishal2025_213;ESR_Wang2024_089;ESR_Zhang2025_178;Lu2025_GISMLSite,Arafath2025_MalayBasinML;Attanasi2025_ResourceML;Baek2023_WellboreLeakage;Crain2023_MonitoringHistory;Diplas2026_DOEInjection;ESR_Chan2024_124;ESR_Chen2024_119;ESR_Falola2024_123;ESR_Hassani2024_118;ESR_Kadeethum2024_128;ESR_Kanakaki2025_045;ESR_Lozano2025_215;ESR_Meng2025_211;ESR_Nunez2023_166;ESR_Park2025_223;ESR_Pawar2023_168;ESR_RefNone_173;ESR_Tang2022_226;ESR_Tang2024_135;ESR_Tariq2023_174;ESR_Um2024_091;ESR_Um2024_104;ESR_Vishal2025_213;ESR_Wang2024_089;ESR_Wu2025_042;ESR_Zhang2025_115;ESR_Zhang2025_178;ESR_Zheng2025_207;ESR_Zhou2026_127;Gahlot2025_DigitalShadow;Han2024_HierarchicalMCMC;Jiang2024_DSIHistoryMatching;Leong2024_SeisCO2Net;Lin2020_PressureLeakage;Lu2022_BayesianOptimization;Lu2025_GISMLSite;Mo2018_EncoderDecoderUQ;Nassabeh2024_OffshoreSite;Seabra2024_AIEnhancedDA;Shokouhi2021_PhysicsInformedSite;TARGET_DRLGeoRisk2026_214483;TARGET_JointInversion2023_2022JB025372;Tang2022_DLDataAssimilationForecasting;Tang2024_GNNFaulted;Teng2024_LikelihoodFreeDA;VoThanh2026_DigitalTwinGNN;Wang2025_4DHistoryMatching;Wen2021_CCSNet;Wen2021_PlumeDNN;Wen2022_UFNO;Wen2023_NestedFNO;Witte2023_WNO;Yan2021_RobustDLWorkflow;Yin2022_XAILeakage;Zhang2021_LearningInversionFreeForecast;Zhong2019_PressureAnomaly
WP9.8-R1-AUTHOR-VERIFIED-2026-08-01,author_verified_wp9_8_r1_controlled_integration,cross_cutting_records,with_cross_cutting,score_ge3::physical_consistency_score,57,41,57,0,0.719,0.719,0.592,0.819,Baek2023_WellboreLeakage;Crain2023_MonitoringHistory;Diplas2026_DOEInjection;ESR_Chan2024_124;ESR_Chen2024_119;ESR_Falola2024_123;ESR_Kanakaki2025_045;ESR_Lozano2025_215;ESR_Meng2025_211;ESR_Nunez2023_166;ESR_Park2025_223;ESR_Tang2022_226;ESR_Tang2024_135;ESR_Tariq2023_174;ESR_Um2024_091;ESR_Um2024_104;ESR_Zhang2025_115;ESR_Zhang2025_178;ESR_Zheng2025_207;ESR_Zhou2026_127;Gahlot2025_DigitalShadow;Han2024_HierarchicalMCMC;Jiang2024_DSIHistoryMatching;Leong2024_SeisCO2Net;Lu2022_BayesianOptimization;Mo2018_EncoderDecoderUQ;Seabra2024_AIEnhancedDA;TARGET_DRLGeoRisk2026_214483;TARGET_JointInversion2023_2022JB025372;Tang2022_DLDataAssimilationForecasting;Tang2024_GNNFaulted;Teng2024_LikelihoodFreeDA;VoThanh2026_DigitalTwinGNN;Wang2025_4DHistoryMatching;Wen2021_CCSNet;Wen2021_PlumeDNN;Wen2022_UFNO;Wen2023_NestedFNO;Witte2023_WNO;Yan2021_RobustDLWorkflow;Yin2022_XAILeakage,Arafath2025_MalayBasinML;Attanasi2025_ResourceML;Baek2023_WellboreLeakage;Crain2023_MonitoringHistory;Diplas2026_DOEInjection;ESR_Chan2024_124;ESR_Chen2024_119;ESR_Falola2024_123;ESR_Hassani2024_118;ESR_Kadeethum2024_128;ESR_Kanakaki2025_045;ESR_Liu2025_121;ESR_Lozano2025_215;ESR_Meng2025_211;ESR_Nunez2023_166;ESR_Park2025_223;ESR_Pawar2023_168;ESR_RefNone_173;ESR_Tang2022_226;ESR_Tang2024_135;ESR_Tariq2023_174;ESR_Um2024_091;ESR_Um2024_104;ESR_Vishal2025_213;ESR_Wang2024_089;ESR_Wu2025_042;ESR_Zhang2025_115;ESR_Zhang2025_178;ESR_Zheng2025_207;ESR_Zhou2026_127;Gahlot2025_DigitalShadow;Han2024_HierarchicalMCMC;Jiang2024_DSIHistoryMatching;Leong2024_SeisCO2Net;Lin2020_PressureLeakage;Lu2022_BayesianOptimization;Lu2025_GISMLSite;Mo2018_EncoderDecoderUQ;Nassabeh2024_OffshoreSite;Seabra2024_AIEnhancedDA;Shokouhi2021_PhysicsInformedSite;TARGET_DRLGeoRisk2026_214483;TARGET_JointInversion2023_2022JB025372;Tang2022_DLDataAssimilationForecasting;Tang2024_GNNFaulted;Teng2024_LikelihoodFreeDA;VoThanh2026_DigitalTwinGNN;Wang2025_4DHistoryMatching;Wen2021_CCSNet;Wen2021_PlumeDNN;Wen2022_UFNO;Wen2023_NestedFNO;Witte2023_WNO;Yan2021_RobustDLWorkflow;Yin2022_XAILeakage;Zhang2021_LearningInversionFreeForecast;Zhong2019_PressureAnomaly
WP9.8-R1-AUTHOR-VERIFIED-2026-08-01,author_verified_wp9_8_r1_controlled_integration,cross_cutting_records,with_cross_cutting,score_ge3::uncertainty_score,57,13,56,1,0.232,0.228,0.141,0.358,Crain2023_MonitoringHistory;ESR_Lozano2025_215;ESR_Tang2022_226;Gahlot2025_DigitalShadow;Han2024_HierarchicalMCMC;Jiang2024_DSIHistoryMatching;Mo2018_EncoderDecoderUQ;Seabra2024_AIEnhancedDA;Tang2022_DLDataAssimilationForecasting;Teng2024_LikelihoodFreeDA;VoThanh2026_DigitalTwinGNN;Wang2025_4DHistoryMatching;Zhang2021_LearningInversionFreeForecast,Arafath2025_MalayBasinML;Attanasi2025_ResourceML;Baek2023_WellboreLeakage;Crain2023_MonitoringHistory;Diplas2026_DOEInjection;ESR_Chan2024_124;ESR_Chen2024_119;ESR_Falola2024_123;ESR_Hassani2024_118;ESR_Kadeethum2024_128;ESR_Kanakaki2025_045;ESR_Lozano2025_215;ESR_Meng2025_211;ESR_Nunez2023_166;ESR_Park2025_223;ESR_Pawar2023_168;ESR_RefNone_173;ESR_Tang2022_226;ESR_Tang2024_135;ESR_Tariq2023_174;ESR_Um2024_091;ESR_Um2024_104;ESR_Vishal2025_213;ESR_Wang2024_089;ESR_Wu2025_042;ESR_Zhang2025_115;ESR_Zhang2025_178;ESR_Zheng2025_207;ESR_Zhou2026_127;Gahlot2025_DigitalShadow;Han2024_HierarchicalMCMC;Jiang2024_DSIHistoryMatching;Leong2024_SeisCO2Net;Lin2020_PressureLeakage;Lu2022_BayesianOptimization;Lu2025_GISMLSite;Mo2018_EncoderDecoderUQ;Nassabeh2024_OffshoreSite;Seabra2024_AIEnhancedDA;Shokouhi2021_PhysicsInformedSite;TARGET_DRLGeoRisk2026_214483;TARGET_JointInversion2023_2022JB025372;Tang2022_DLDataAssimilationForecasting;Tang2024_GNNFaulted;Teng2024_LikelihoodFreeDA;VoThanh2026_DigitalTwinGNN;Wang2025_4DHistoryMatching;Wen2021_CCSNet;Wen2021_PlumeDNN;Wen2022_UFNO;Wen2023_NestedFNO;Witte2023_WNO;Yan2021_RobustDLWorkflow;Yin2022_XAILeakage;Zhang2021_LearningInversionFreeForecast;Zhong2019_PressureAnomaly
WP9.8-R1-AUTHOR-VERIFIED-2026-08-01,author_verified_wp9_8_r1_controlled_integration,cross_cutting_records,with_cross_cutting,score_ge3::transferability_score,57,6,56,1,0.107,0.105,0.050,0.215,ESR_Wu2025_042;Leong2024_SeisCO2Net;Lin2020_PressureLeakage;Seabra2024_AIEnhancedDA;Tang2022_DLDataAssimilationForecasting;Zhong2019_PressureAnomaly,Arafath2025_MalayBasinML;Attanasi2025_ResourceML;Baek2023_WellboreLeakage;Crain2023_MonitoringHistory;Diplas2026_DOEInjection;ESR_Chan2024_124;ESR_Chen2024_119;ESR_Falola2024_123;ESR_Hassani2024_118;ESR_Kadeethum2024_128;ESR_Kanakaki2025_045;ESR_Lozano2025_215;ESR_Meng2025_211;ESR_Nunez2023_166;ESR_Park2025_223;ESR_Pawar2023_168;ESR_RefNone_173;ESR_Tang2022_226;ESR_Tang2024_135;ESR_Tariq2023_174;ESR_Um2024_091;ESR_Um2024_104;ESR_Vishal2025_213;ESR_Wang2024_089;ESR_Wu2025_042;ESR_Zhang2025_115;ESR_Zhang2025_178;ESR_Zheng2025_207;ESR_Zhou2026_127;Gahlot2025_DigitalShadow;Han2024_HierarchicalMCMC;Jiang2024_DSIHistoryMatching;Leong2024_SeisCO2Net;Lin2020_PressureLeakage;Lu2022_BayesianOptimization;Lu2025_GISMLSite;Mo2018_EncoderDecoderUQ;Nassabeh2024_OffshoreSite;Seabra2024_AIEnhancedDA;Shokouhi2021_PhysicsInformedSite;TARGET_DRLGeoRisk2026_214483;TARGET_JointInversion2023_2022JB025372;Tang2022_DLDataAssimilationForecasting;Tang2024_GNNFaulted;Teng2024_LikelihoodFreeDA;VoThanh2026_DigitalTwinGNN;Wang2025_4DHistoryMatching;Wen2021_CCSNet;Wen2021_PlumeDNN;Wen2022_UFNO;Wen2023_NestedFNO;Witte2023_WNO;Yan2021_RobustDLWorkflow;Yin2022_XAILeakage;Zhang2021_LearningInversionFreeForecast;Zhong2019_PressureAnomaly
WP9.8-R1-AUTHOR-VERIFIED-2026-08-01,author_verified_wp9_8_r1_controlled_integration,cross_cutting_records,with_cross_cutting,score_ge3::decision_readiness_score,57,8,57,0,0.140,0.140,0.073,0.253,Crain2023_MonitoringHistory;Diplas2026_DOEInjection;ESR_Tang2022_226;Lin2020_PressureLeakage;Lu2022_BayesianOptimization;TARGET_DRLGeoRisk2026_214483;Wang2025_4DHistoryMatching;Zhong2019_PressureAnomaly,Arafath2025_MalayBasinML;Attanasi2025_ResourceML;Baek2023_WellboreLeakage;Crain2023_MonitoringHistory;Diplas2026_DOEInjection;ESR_Chan2024_124;ESR_Chen2024_119;ESR_Falola2024_123;ESR_Hassani2024_118;ESR_Kadeethum2024_128;ESR_Kanakaki2025_045;ESR_Liu2025_121;ESR_Lozano2025_215;ESR_Meng2025_211;ESR_Nunez2023_166;ESR_Park2025_223;ESR_Pawar2023_168;ESR_RefNone_173;ESR_Tang2022_226;ESR_Tang2024_135;ESR_Tariq2023_174;ESR_Um2024_091;ESR_Um2024_104;ESR_Vishal2025_213;ESR_Wang2024_089;ESR_Wu2025_042;ESR_Zhang2025_115;ESR_Zhang2025_178;ESR_Zheng2025_207;ESR_Zhou2026_127;Gahlot2025_DigitalShadow;Han2024_HierarchicalMCMC;Jiang2024_DSIHistoryMatching;Leong2024_SeisCO2Net;Lin2020_PressureLeakage;Lu2022_BayesianOptimization;Lu2025_GISMLSite;Mo2018_EncoderDecoderUQ;Nassabeh2024_OffshoreSite;Seabra2024_AIEnhancedDA;Shokouhi2021_PhysicsInformedSite;TARGET_DRLGeoRisk2026_214483;TARGET_JointInversion2023_2022JB025372;Tang2022_DLDataAssimilationForecasting;Tang2024_GNNFaulted;Teng2024_LikelihoodFreeDA;VoThanh2026_DigitalTwinGNN;Wang2025_4DHistoryMatching;Wen2021_CCSNet;Wen2021_PlumeDNN;Wen2022_UFNO;Wen2023_NestedFNO;Witte2023_WNO;Yan2021_RobustDLWorkflow;Yin2022_XAILeakage;Zhang2021_LearningInversionFreeForecast;Zhong2019_PressureAnomaly
WP9.8-R1-AUTHOR-VERIFIED-2026-08-01,author_verified_wp9_8_r1_controlled_integration,cross_cutting_records,with_cross_cutting,direct_field_validation,57,5,56,1,0.089,0.088,0.039,0.193,Arafath2025_MalayBasinML;ESR_Vishal2025_213;ESR_Wang2024_089;ESR_Zhang2025_178;Lu2025_GISMLSite,Arafath2025_MalayBasinML;Attanasi2025_ResourceML;Baek2023_WellboreLeakage;Crain2023_MonitoringHistory;Diplas2026_DOEInjection;ESR_Chan2024_124;ESR_Chen2024_119;ESR_Falola2024_123;ESR_Hassani2024_118;ESR_Kadeethum2024_128;ESR_Kanakaki2025_045;ESR_Lozano2025_215;ESR_Meng2025_211;ESR_Nunez2023_166;ESR_Park2025_223;ESR_Pawar2023_168;ESR_RefNone_173;ESR_Tang2022_226;ESR_Tang2024_135;ESR_Tariq2023_174;ESR_Um2024_091;ESR_Um2024_104;ESR_Vishal2025_213;ESR_Wang2024_089;ESR_Wu2025_042;ESR_Zhang2025_115;ESR_Zhang2025_178;ESR_Zheng2025_207;ESR_Zhou2026_127;Gahlot2025_DigitalShadow;Han2024_HierarchicalMCMC;Jiang2024_DSIHistoryMatching;Leong2024_SeisCO2Net;Lin2020_PressureLeakage;Lu2022_BayesianOptimization;Lu2025_GISMLSite;Mo2018_EncoderDecoderUQ;Nassabeh2024_OffshoreSite;Seabra2024_AIEnhancedDA;Shokouhi2021_PhysicsInformedSite;TARGET_DRLGeoRisk2026_214483;TARGET_JointInversion2023_2022JB025372;Tang2022_DLDataAssimilationForecasting;Tang2024_GNNFaulted;Teng2024_LikelihoodFreeDA;VoThanh2026_DigitalTwinGNN;Wang2025_4DHistoryMatching;Wen2021_CCSNet;Wen2021_PlumeDNN;Wen2022_UFNO;Wen2023_NestedFNO;Witte2023_WNO;Yan2021_RobustDLWorkflow;Yin2022_XAILeakage;Zhang2021_LearningInversionFreeForecast;Zhong2019_PressureAnomaly
WP9.8-R1-AUTHOR-VERIFIED-2026-08-01,author_verified_wp9_8_r1_controlled_integration,cross_cutting_records,with_cross_cutting,controlled_release_ml_validation,57,5,56,1,0.089,0.088,0.039,0.193,ESR_Wang2024_089;ESR_Zhang2025_178;Leong2024_SeisCO2Net;Lin2020_PressureLeakage;Zhong2019_PressureAnomaly,Arafath2025_MalayBasinML;Attanasi2025_ResourceML;Baek2023_WellboreLeakage;Crain2023_MonitoringHistory;Diplas2026_DOEInjection;ESR_Chan2024_124;ESR_Chen2024_119;ESR_Falola2024_123;ESR_Hassani2024_118;ESR_Kadeethum2024_128;ESR_Kanakaki2025_045;ESR_Lozano2025_215;ESR_Meng2025_211;ESR_Nunez2023_166;ESR_Park2025_223;ESR_Pawar2023_168;ESR_RefNone_173;ESR_Tang2022_226;ESR_Tang2024_135;ESR_Tariq2023_174;ESR_Um2024_091;ESR_Um2024_104;ESR_Vishal2025_213;ESR_Wang2024_089;ESR_Wu2025_042;ESR_Zhang2025_115;ESR_Zhang2025_178;ESR_Zheng2025_207;ESR_Zhou2026_127;Gahlot2025_DigitalShadow;Han2024_HierarchicalMCMC;Jiang2024_DSIHistoryMatching;Leong2024_SeisCO2Net;Lin2020_PressureLeakage;Lu2022_BayesianOptimization;Lu2025_GISMLSite;Mo2018_EncoderDecoderUQ;Nassabeh2024_OffshoreSite;Seabra2024_AIEnhancedDA;Shokouhi2021_PhysicsInformedSite;TARGET_DRLGeoRisk2026_214483;TARGET_JointInversion2023_2022JB025372;Tang2022_DLDataAssimilationForecasting;Tang2024_GNNFaulted;Teng2024_LikelihoodFreeDA;VoThanh2026_DigitalTwinGNN;Wang2025_4DHistoryMatching;Wen2021_CCSNet;Wen2021_PlumeDNN;Wen2022_UFNO;Wen2023_NestedFNO;Witte2023_WNO;Yan2021_RobustDLWorkflow;Yin2022_XAILeakage;Zhang2021_LearningInversionFreeForecast;Zhong2019_PressureAnomaly
WP9.8-R1-AUTHOR-VERIFIED-2026-08-01,author_verified_wp9_8_r1_controlled_integration,cross_cutting_records,with_cross_cutting,explicit_ood_testing,57,13,54,3,0.241,0.228,0.146,0.369,ESR_Chan2024_124;ESR_Hassani2024_118;ESR_Tang2022_226;ESR_Wu2025_042;ESR_Zhang2025_115;Leong2024_SeisCO2Net;Lin2020_PressureLeakage;Seabra2024_AIEnhancedDA;Tang2022_DLDataAssimilationForecasting;Tang2024_GNNFaulted;Wen2021_PlumeDNN;Wen2022_UFNO;Zhong2019_PressureAnomaly,Arafath2025_MalayBasinML;Attanasi2025_ResourceML;Baek2023_WellboreLeakage;Crain2023_MonitoringHistory;Diplas2026_DOEInjection;ESR_Chan2024_124;ESR_Chen2024_119;ESR_Falola2024_123;ESR_Hassani2024_118;ESR_Kadeethum2024_128;ESR_Kanakaki2025_045;ESR_Lozano2025_215;ESR_Meng2025_211;ESR_Nunez2023_166;ESR_Park2025_223;ESR_Pawar2023_168;ESR_RefNone_173;ESR_Tang2022_226;ESR_Tang2024_135;ESR_Tariq2023_174;ESR_Um2024_091;ESR_Um2024_104;ESR_Wang2024_089;ESR_Wu2025_042;ESR_Zhang2025_115;ESR_Zhang2025_178;ESR_Zheng2025_207;ESR_Zhou2026_127;Gahlot2025_DigitalShadow;Han2024_HierarchicalMCMC;Jiang2024_DSIHistoryMatching;Leong2024_SeisCO2Net;Lin2020_PressureLeakage;Lu2022_BayesianOptimization;Lu2025_GISMLSite;Mo2018_EncoderDecoderUQ;Nassabeh2024_OffshoreSite;Seabra2024_AIEnhancedDA;TARGET_DRLGeoRisk2026_214483;TARGET_JointInversion2023_2022JB025372;Tang2022_DLDataAssimilationForecasting;Tang2024_GNNFaulted;Teng2024_LikelihoodFreeDA;VoThanh2026_DigitalTwinGNN;Wang2025_4DHistoryMatching;Wen2021_CCSNet;Wen2021_PlumeDNN;Wen2022_UFNO;Wen2023_NestedFNO;Witte2023_WNO;Yan2021_RobustDLWorkflow;Yin2022_XAILeakage;Zhang2021_LearningInversionFreeForecast;Zhong2019_PressureAnomaly
WP9.8-R1-AUTHOR-VERIFIED-2026-08-01,author_verified_wp9_8_r1_controlled_integration,cross_cutting_records,with_cross_cutting,explicit_cross_site_testing,57,1,55,2,0.018,0.018,0.003,0.096,ESR_Wu2025_042,Arafath2025_MalayBasinML;Attanasi2025_ResourceML;Baek2023_WellboreLeakage;Crain2023_MonitoringHistory;Diplas2026_DOEInjection;ESR_Chan2024_124;ESR_Chen2024_119;ESR_Falola2024_123;ESR_Hassani2024_118;ESR_Kadeethum2024_128;ESR_Kanakaki2025_045;ESR_Lozano2025_215;ESR_Meng2025_211;ESR_Nunez2023_166;ESR_Park2025_223;ESR_Pawar2023_168;ESR_RefNone_173;ESR_Tang2022_226;ESR_Tang2024_135;ESR_Tariq2023_174;ESR_Um2024_091;ESR_Um2024_104;ESR_Wang2024_089;ESR_Wu2025_042;ESR_Zhang2025_115;ESR_Zhang2025_178;ESR_Zheng2025_207;ESR_Zhou2026_127;Gahlot2025_DigitalShadow;Han2024_HierarchicalMCMC;Jiang2024_DSIHistoryMatching;Leong2024_SeisCO2Net;Lin2020_PressureLeakage;Lu2022_BayesianOptimization;Lu2025_GISMLSite;Mo2018_EncoderDecoderUQ;Nassabeh2024_OffshoreSite;Seabra2024_AIEnhancedDA;Shokouhi2021_PhysicsInformedSite;TARGET_DRLGeoRisk2026_214483;TARGET_JointInversion2023_2022JB025372;Tang2022_DLDataAssimilationForecasting;Tang2024_GNNFaulted;Teng2024_LikelihoodFreeDA;VoThanh2026_DigitalTwinGNN;Wang2025_4DHistoryMatching;Wen2021_CCSNet;Wen2021_PlumeDNN;Wen2022_UFNO;Wen2023_NestedFNO;Witte2023_WNO;Yan2021_RobustDLWorkflow;Yin2022_XAILeakage;Zhang2021_LearningInversionFreeForecast;Zhong2019_PressureAnomaly
WP9.8-R1-AUTHOR-VERIFIED-2026-08-01,author_verified_wp9_8_r1_controlled_integration,cross_cutting_records,with_cross_cutting,uncertainty_calibration_or_posterior_check,57,13,47,10,0.277,0.228,0.169,0.418,Crain2023_MonitoringHistory;ESR_Lozano2025_215;ESR_Tang2022_226;Gahlot2025_DigitalShadow;Han2024_HierarchicalMCMC;Jiang2024_DSIHistoryMatching;Mo2018_EncoderDecoderUQ;Seabra2024_AIEnhancedDA;Tang2022_DLDataAssimilationForecasting;Teng2024_LikelihoodFreeDA;VoThanh2026_DigitalTwinGNN;Wang2025_4DHistoryMatching;Zhang2021_LearningInversionFreeForecast,Arafath2025_MalayBasinML;Attanasi2025_ResourceML;Crain2023_MonitoringHistory;Diplas2026_DOEInjection;ESR_Chan2024_124;ESR_Chen2024_119;ESR_Falola2024_123;ESR_Hassani2024_118;ESR_Kadeethum2024_128;ESR_Kanakaki2025_045;ESR_Lozano2025_215;ESR_Meng2025_211;ESR_Nunez2023_166;ESR_Park2025_223;ESR_Pawar2023_168;ESR_RefNone_173;ESR_Tang2022_226;ESR_Tang2024_135;ESR_Tariq2023_174;ESR_Um2024_091;ESR_Um2024_104;ESR_Wang2024_089;ESR_Zhang2025_115;ESR_Zhang2025_178;ESR_Zheng2025_207;ESR_Zhou2026_127;Gahlot2025_DigitalShadow;Han2024_HierarchicalMCMC;Jiang2024_DSIHistoryMatching;Lu2022_BayesianOptimization;Lu2025_GISMLSite;Mo2018_EncoderDecoderUQ;Nassabeh2024_OffshoreSite;Seabra2024_AIEnhancedDA;Shokouhi2021_PhysicsInformedSite;Tang2022_DLDataAssimilationForecasting;Tang2024_GNNFaulted;Teng2024_LikelihoodFreeDA;VoThanh2026_DigitalTwinGNN;Wang2025_4DHistoryMatching;Wen2021_PlumeDNN;Wen2022_UFNO;Witte2023_WNO;Yan2021_RobustDLWorkflow;Yin2022_XAILeakage;Zhang2021_LearningInversionFreeForecast;Zhong2019_PressureAnomaly
WP9.8-R1-AUTHOR-VERIFIED-2026-08-01,author_verified_wp9_8_r1_controlled_integration,cross_cutting_records,with_cross_cutting,surrogate_error_propagation,57,4,20,37,0.200,0.070,0.081,0.416,Diplas2026_DOEInjection;Han2024_HierarchicalMCMC;Lu2022_BayesianOptimization;Wang2025_4DHistoryMatching,Attanasi2025_ResourceML;Baek2023_WellboreLeakage;Diplas2026_DOEInjection;ESR_Chan2024_124;ESR_Chen2024_119;ESR_Lozano2025_215;ESR_Meng2025_211;ESR_Tang2022_226;ESR_Wu2025_042;ESR_Zheng2025_207;Han2024_HierarchicalMCMC;Lu2022_BayesianOptimization;Mo2018_EncoderDecoderUQ;Seabra2024_AIEnhancedDA;TARGET_DRLGeoRisk2026_214483;Tang2022_DLDataAssimilationForecasting;Teng2024_LikelihoodFreeDA;Wang2025_4DHistoryMatching;Wen2021_CCSNet;Wen2023_NestedFNO
WP9.8-R1-AUTHOR-VERIFIED-2026-08-01,author_verified_wp9_8_r1_controlled_integration,cross_cutting_records,with_cross_cutting,any_physical_diagnostic_checked,57,23,42,15,0.548,0.404,0.399,0.688,Baek2023_WellboreLeakage;Crain2023_MonitoringHistory;Diplas2026_DOEInjection;ESR_Chan2024_124;ESR_Kanakaki2025_045;ESR_Tang2022_226;ESR_Tang2024_135;ESR_Um2024_091;ESR_Zheng2025_207;Han2024_HierarchicalMCMC;Jiang2024_DSIHistoryMatching;Leong2024_SeisCO2Net;Mo2018_EncoderDecoderUQ;TARGET_DRLGeoRisk2026_214483;Tang2024_GNNFaulted;VoThanh2026_DigitalTwinGNN;Wen2021_CCSNet;Wen2021_PlumeDNN;Wen2022_UFNO;Wen2023_NestedFNO;Yan2021_RobustDLWorkflow;Yin2022_XAILeakage;Zhong2019_PressureAnomaly,Arafath2025_MalayBasinML;Attanasi2025_ResourceML;Baek2023_WellboreLeakage;Crain2023_MonitoringHistory;Diplas2026_DOEInjection;ESR_Chan2024_124;ESR_Chen2024_119;ESR_Hassani2024_118;ESR_Kanakaki2025_045;ESR_Meng2025_211;ESR_RefNone_173;ESR_Tang2022_226;ESR_Tang2024_135;ESR_Um2024_091;ESR_Um2024_104;ESR_Wang2024_089;ESR_Zheng2025_207;ESR_Zhou2026_127;Gahlot2025_DigitalShadow;Han2024_HierarchicalMCMC;Jiang2024_DSIHistoryMatching;Leong2024_SeisCO2Net;Lin2020_PressureLeakage;Lu2022_BayesianOptimization;Lu2025_GISMLSite;Mo2018_EncoderDecoderUQ;Nassabeh2024_OffshoreSite;TARGET_DRLGeoRisk2026_214483;TARGET_JointInversion2023_2022JB025372;Tang2022_DLDataAssimilationForecasting;Tang2024_GNNFaulted;Teng2024_LikelihoodFreeDA;VoThanh2026_DigitalTwinGNN;Wang2025_4DHistoryMatching;Wen2021_CCSNet;Wen2021_PlumeDNN;Wen2022_UFNO;Wen2023_NestedFNO;Yan2021_RobustDLWorkflow;Yin2022_XAILeakage;Zhang2021_LearningInversionFreeForecast;Zhong2019_PressureAnomaly
WP9.8-R1-AUTHOR-VERIFIED-2026-08-01,author_verified_wp9_8_r1_controlled_integration,cross_cutting_records,with_cross_cutting,red_zone_recode_criticality,57,0,0,57,,0.000,,,,
WP9.8-R1-AUTHOR-VERIFIED-2026-08-01,author_verified_wp9_8_r1_controlled_integration,cross_cutting_records,without_cross_cutting,synthetic_led_evidence,56,43,54,2,0.796,0.768,0.671,0.882,Baek2023_WellboreLeakage;Crain2023_MonitoringHistory;Diplas2026_DOEInjection;ESR_Chan2024_124;ESR_Chen2024_119;ESR_Falola2024_123;ESR_Hassani2024_118;ESR_Kadeethum2024_128;ESR_Liu2025_121;ESR_Lozano2025_215;ESR_Nunez2023_166;ESR_Park2025_223;ESR_Pawar2023_168;ESR_Tang2024_135;ESR_Tariq2023_174;ESR_Wu2025_042;ESR_Zhang2025_115;ESR_Zheng2025_207;ESR_Zhou2026_127;Gahlot2025_DigitalShadow;Han2024_HierarchicalMCMC;Jiang2024_DSIHistoryMatching;Lin2020_PressureLeakage;Lu2022_BayesianOptimization;Mo2018_EncoderDecoderUQ;Seabra2024_AIEnhancedDA;Shokouhi2021_PhysicsInformedSite;TARGET_DRLGeoRisk2026_214483;TARGET_JointInversion2023_2022JB025372;Tang2022_DLDataAssimilationForecasting;Tang2024_GNNFaulted;Teng2024_LikelihoodFreeDA;VoThanh2026_DigitalTwinGNN;Wang2025_4DHistoryMatching;Wen2021_CCSNet;Wen2021_PlumeDNN;Wen2022_UFNO;Wen2023_NestedFNO;Witte2023_WNO;Yan2021_RobustDLWorkflow;Yin2022_XAILeakage;Zhang2021_LearningInversionFreeForecast;Zhong2019_PressureAnomaly,Arafath2025_MalayBasinML;Attanasi2025_ResourceML;Baek2023_WellboreLeakage;Crain2023_MonitoringHistory;Diplas2026_DOEInjection;ESR_Chan2024_124;ESR_Chen2024_119;ESR_Falola2024_123;ESR_Hassani2024_118;ESR_Kadeethum2024_128;ESR_Liu2025_121;ESR_Lozano2025_215;ESR_Nunez2023_166;ESR_Park2025_223;ESR_Pawar2023_168;ESR_RefNone_173;ESR_Tang2022_226;ESR_Tang2024_135;ESR_Tariq2023_174;ESR_Um2024_091;ESR_Vishal2025_213;ESR_Wang2024_089;ESR_Wu2025_042;ESR_Zhang2025_115;ESR_Zhang2025_178;ESR_Zheng2025_207;ESR_Zhou2026_127;Gahlot2025_DigitalShadow;Han2024_HierarchicalMCMC;Jiang2024_DSIHistoryMatching;Leong2024_SeisCO2Net;Lin2020_PressureLeakage;Lu2022_BayesianOptimization;Lu2025_GISMLSite;Mo2018_EncoderDecoderUQ;Nassabeh2024_OffshoreSite;Seabra2024_AIEnhancedDA;Shokouhi2021_PhysicsInformedSite;TARGET_DRLGeoRisk2026_214483;TARGET_JointInversion2023_2022JB025372;Tang2022_DLDataAssimilationForecasting;Tang2024_GNNFaulted;Teng2024_LikelihoodFreeDA;VoThanh2026_DigitalTwinGNN;Wang2025_4DHistoryMatching;Wen2021_CCSNet;Wen2021_PlumeDNN;Wen2022_UFNO;Wen2023_NestedFNO;Witte2023_WNO;Yan2021_RobustDLWorkflow;Yin2022_XAILeakage;Zhang2021_LearningInversionFreeForecast;Zhong2019_PressureAnomaly
WP9.8-R1-AUTHOR-VERIFIED-2026-08-01,author_verified_wp9_8_r1_controlled_integration,cross_cutting_records,without_cross_cutting,score_ge3::field_evidence_score,56,5,55,1,0.091,0.089,0.039,0.196,Arafath2025_MalayBasinML;ESR_Vishal2025_213;ESR_Wang2024_089;ESR_Zhang2025_178;Lu2025_GISMLSite,Arafath2025_MalayBasinML;Attanasi2025_ResourceML;Baek2023_WellboreLeakage;Crain2023_MonitoringHistory;Diplas2026_DOEInjection;ESR_Chan2024_124;ESR_Chen2024_119;ESR_Falola2024_123;ESR_Hassani2024_118;ESR_Kadeethum2024_128;ESR_Lozano2025_215;ESR_Meng2025_211;ESR_Nunez2023_166;ESR_Park2025_223;ESR_Pawar2023_168;ESR_RefNone_173;ESR_Tang2022_226;ESR_Tang2024_135;ESR_Tariq2023_174;ESR_Um2024_091;ESR_Um2024_104;ESR_Vishal2025_213;ESR_Wang2024_089;ESR_Wu2025_042;ESR_Zhang2025_115;ESR_Zhang2025_178;ESR_Zheng2025_207;ESR_Zhou2026_127;Gahlot2025_DigitalShadow;Han2024_HierarchicalMCMC;Jiang2024_DSIHistoryMatching;Leong2024_SeisCO2Net;Lin2020_PressureLeakage;Lu2022_BayesianOptimization;Lu2025_GISMLSite;Mo2018_EncoderDecoderUQ;Nassabeh2024_OffshoreSite;Seabra2024_AIEnhancedDA;Shokouhi2021_PhysicsInformedSite;TARGET_DRLGeoRisk2026_214483;TARGET_JointInversion2023_2022JB025372;Tang2022_DLDataAssimilationForecasting;Tang2024_GNNFaulted;Teng2024_LikelihoodFreeDA;VoThanh2026_DigitalTwinGNN;Wang2025_4DHistoryMatching;Wen2021_CCSNet;Wen2021_PlumeDNN;Wen2022_UFNO;Wen2023_NestedFNO;Witte2023_WNO;Yan2021_RobustDLWorkflow;Yin2022_XAILeakage;Zhang2021_LearningInversionFreeForecast;Zhong2019_PressureAnomaly
WP9.8-R1-AUTHOR-VERIFIED-2026-08-01,author_verified_wp9_8_r1_controlled_integration,cross_cutting_records,without_cross_cutting,score_ge3::physical_consistency_score,56,40,56,0,0.714,0.714,0.585,0.816,Baek2023_WellboreLeakage;Crain2023_MonitoringHistory;Diplas2026_DOEInjection;ESR_Chan2024_124;ESR_Chen2024_119;ESR_Falola2024_123;ESR_Lozano2025_215;ESR_Meng2025_211;ESR_Nunez2023_166;ESR_Park2025_223;ESR_Tang2022_226;ESR_Tang2024_135;ESR_Tariq2023_174;ESR_Um2024_091;ESR_Um2024_104;ESR_Zhang2025_115;ESR_Zhang2025_178;ESR_Zheng2025_207;ESR_Zhou2026_127;Gahlot2025_DigitalShadow;Han2024_HierarchicalMCMC;Jiang2024_DSIHistoryMatching;Leong2024_SeisCO2Net;Lu2022_BayesianOptimization;Mo2018_EncoderDecoderUQ;Seabra2024_AIEnhancedDA;TARGET_DRLGeoRisk2026_214483;TARGET_JointInversion2023_2022JB025372;Tang2022_DLDataAssimilationForecasting;Tang2024_GNNFaulted;Teng2024_LikelihoodFreeDA;VoThanh2026_DigitalTwinGNN;Wang2025_4DHistoryMatching;Wen2021_CCSNet;Wen2021_PlumeDNN;Wen2022_UFNO;Wen2023_NestedFNO;Witte2023_WNO;Yan2021_RobustDLWorkflow;Yin2022_XAILeakage,Arafath2025_MalayBasinML;Attanasi2025_ResourceML;Baek2023_WellboreLeakage;Crain2023_MonitoringHistory;Diplas2026_DOEInjection;ESR_Chan2024_124;ESR_Chen2024_119;ESR_Falola2024_123;ESR_Hassani2024_118;ESR_Kadeethum2024_128;ESR_Liu2025_121;ESR_Lozano2025_215;ESR_Meng2025_211;ESR_Nunez2023_166;ESR_Park2025_223;ESR_Pawar2023_168;ESR_RefNone_173;ESR_Tang2022_226;ESR_Tang2024_135;ESR_Tariq2023_174;ESR_Um2024_091;ESR_Um2024_104;ESR_Vishal2025_213;ESR_Wang2024_089;ESR_Wu2025_042;ESR_Zhang2025_115;ESR_Zhang2025_178;ESR_Zheng2025_207;ESR_Zhou2026_127;Gahlot2025_DigitalShadow;Han2024_HierarchicalMCMC;Jiang2024_DSIHistoryMatching;Leong2024_SeisCO2Net;Lin2020_PressureLeakage;Lu2022_BayesianOptimization;Lu2025_GISMLSite;Mo2018_EncoderDecoderUQ;Nassabeh2024_OffshoreSite;Seabra2024_AIEnhancedDA;Shokouhi2021_PhysicsInformedSite;TARGET_DRLGeoRisk2026_214483;TARGET_JointInversion2023_2022JB025372;Tang2022_DLDataAssimilationForecasting;Tang2024_GNNFaulted;Teng2024_LikelihoodFreeDA;VoThanh2026_DigitalTwinGNN;Wang2025_4DHistoryMatching;Wen2021_CCSNet;Wen2021_PlumeDNN;Wen2022_UFNO;Wen2023_NestedFNO;Witte2023_WNO;Yan2021_RobustDLWorkflow;Yin2022_XAILeakage;Zhang2021_LearningInversionFreeForecast;Zhong2019_PressureAnomaly
WP9.8-R1-AUTHOR-VERIFIED-2026-08-01,author_verified_wp9_8_r1_controlled_integration,cross_cutting_records,without_cross_cutting,score_ge3::uncertainty_score,56,13,55,1,0.236,0.232,0.144,0.363,Crain2023_MonitoringHistory;ESR_Lozano2025_215;ESR_Tang2022_226;Gahlot2025_DigitalShadow;Han2024_HierarchicalMCMC;Jiang2024_DSIHistoryMatching;Mo2018_EncoderDecoderUQ;Seabra2024_AIEnhancedDA;Tang2022_DLDataAssimilationForecasting;Teng2024_LikelihoodFreeDA;VoThanh2026_DigitalTwinGNN;Wang2025_4DHistoryMatching;Zhang2021_LearningInversionFreeForecast,Arafath2025_MalayBasinML;Attanasi2025_ResourceML;Baek2023_WellboreLeakage;Crain2023_MonitoringHistory;Diplas2026_DOEInjection;ESR_Chan2024_124;ESR_Chen2024_119;ESR_Falola2024_123;ESR_Hassani2024_118;ESR_Kadeethum2024_128;ESR_Lozano2025_215;ESR_Meng2025_211;ESR_Nunez2023_166;ESR_Park2025_223;ESR_Pawar2023_168;ESR_RefNone_173;ESR_Tang2022_226;ESR_Tang2024_135;ESR_Tariq2023_174;ESR_Um2024_091;ESR_Um2024_104;ESR_Vishal2025_213;ESR_Wang2024_089;ESR_Wu2025_042;ESR_Zhang2025_115;ESR_Zhang2025_178;ESR_Zheng2025_207;ESR_Zhou2026_127;Gahlot2025_DigitalShadow;Han2024_HierarchicalMCMC;Jiang2024_DSIHistoryMatching;Leong2024_SeisCO2Net;Lin2020_PressureLeakage;Lu2022_BayesianOptimization;Lu2025_GISMLSite;Mo2018_EncoderDecoderUQ;Nassabeh2024_OffshoreSite;Seabra2024_AIEnhancedDA;Shokouhi2021_PhysicsInformedSite;TARGET_DRLGeoRisk2026_214483;TARGET_JointInversion2023_2022JB025372;Tang2022_DLDataAssimilationForecasting;Tang2024_GNNFaulted;Teng2024_LikelihoodFreeDA;VoThanh2026_DigitalTwinGNN;Wang2025_4DHistoryMatching;Wen2021_CCSNet;Wen2021_PlumeDNN;Wen2022_UFNO;Wen2023_NestedFNO;Witte2023_WNO;Yan2021_RobustDLWorkflow;Yin2022_XAILeakage;Zhang2021_LearningInversionFreeForecast;Zhong2019_PressureAnomaly
WP9.8-R1-AUTHOR-VERIFIED-2026-08-01,author_verified_wp9_8_r1_controlled_integration,cross_cutting_records,without_cross_cutting,score_ge3::transferability_score,56,6,55,1,0.109,0.107,0.051,0.218,ESR_Wu2025_042;Leong2024_SeisCO2Net;Lin2020_PressureLeakage;Seabra2024_AIEnhancedDA;Tang2022_DLDataAssimilationForecasting;Zhong2019_PressureAnomaly,Arafath2025_MalayBasinML;Attanasi2025_ResourceML;Baek2023_WellboreLeakage;Crain2023_MonitoringHistory;Diplas2026_DOEInjection;ESR_Chan2024_124;ESR_Chen2024_119;ESR_Falola2024_123;ESR_Hassani2024_118;ESR_Kadeethum2024_128;ESR_Lozano2025_215;ESR_Meng2025_211;ESR_Nunez2023_166;ESR_Park2025_223;ESR_Pawar2023_168;ESR_RefNone_173;ESR_Tang2022_226;ESR_Tang2024_135;ESR_Tariq2023_174;ESR_Um2024_091;ESR_Um2024_104;ESR_Vishal2025_213;ESR_Wang2024_089;ESR_Wu2025_042;ESR_Zhang2025_115;ESR_Zhang2025_178;ESR_Zheng2025_207;ESR_Zhou2026_127;Gahlot2025_DigitalShadow;Han2024_HierarchicalMCMC;Jiang2024_DSIHistoryMatching;Leong2024_SeisCO2Net;Lin2020_PressureLeakage;Lu2022_BayesianOptimization;Lu2025_GISMLSite;Mo2018_EncoderDecoderUQ;Nassabeh2024_OffshoreSite;Seabra2024_AIEnhancedDA;Shokouhi2021_PhysicsInformedSite;TARGET_DRLGeoRisk2026_214483;TARGET_JointInversion2023_2022JB025372;Tang2022_DLDataAssimilationForecasting;Tang2024_GNNFaulted;Teng2024_LikelihoodFreeDA;VoThanh2026_DigitalTwinGNN;Wang2025_4DHistoryMatching;Wen2021_CCSNet;Wen2021_PlumeDNN;Wen2022_UFNO;Wen2023_NestedFNO;Witte2023_WNO;Yan2021_RobustDLWorkflow;Yin2022_XAILeakage;Zhang2021_LearningInversionFreeForecast;Zhong2019_PressureAnomaly
WP9.8-R1-AUTHOR-VERIFIED-2026-08-01,author_verified_wp9_8_r1_controlled_integration,cross_cutting_records,without_cross_cutting,score_ge3::decision_readiness_score,56,8,56,0,0.143,0.143,0.074,0.257,Crain2023_MonitoringHistory;Diplas2026_DOEInjection;ESR_Tang2022_226;Lin2020_PressureLeakage;Lu2022_BayesianOptimization;TARGET_DRLGeoRisk2026_214483;Wang2025_4DHistoryMatching;Zhong2019_PressureAnomaly,Arafath2025_MalayBasinML;Attanasi2025_ResourceML;Baek2023_WellboreLeakage;Crain2023_MonitoringHistory;Diplas2026_DOEInjection;ESR_Chan2024_124;ESR_Chen2024_119;ESR_Falola2024_123;ESR_Hassani2024_118;ESR_Kadeethum2024_128;ESR_Liu2025_121;ESR_Lozano2025_215;ESR_Meng2025_211;ESR_Nunez2023_166;ESR_Park2025_223;ESR_Pawar2023_168;ESR_RefNone_173;ESR_Tang2022_226;ESR_Tang2024_135;ESR_Tariq2023_174;ESR_Um2024_091;ESR_Um2024_104;ESR_Vishal2025_213;ESR_Wang2024_089;ESR_Wu2025_042;ESR_Zhang2025_115;ESR_Zhang2025_178;ESR_Zheng2025_207;ESR_Zhou2026_127;Gahlot2025_DigitalShadow;Han2024_HierarchicalMCMC;Jiang2024_DSIHistoryMatching;Leong2024_SeisCO2Net;Lin2020_PressureLeakage;Lu2022_BayesianOptimization;Lu2025_GISMLSite;Mo2018_EncoderDecoderUQ;Nassabeh2024_OffshoreSite;Seabra2024_AIEnhancedDA;Shokouhi2021_PhysicsInformedSite;TARGET_DRLGeoRisk2026_214483;TARGET_JointInversion2023_2022JB025372;Tang2022_DLDataAssimilationForecasting;Tang2024_GNNFaulted;Teng2024_LikelihoodFreeDA;VoThanh2026_DigitalTwinGNN;Wang2025_4DHistoryMatching;Wen2021_CCSNet;Wen2021_PlumeDNN;Wen2022_UFNO;Wen2023_NestedFNO;Witte2023_WNO;Yan2021_RobustDLWorkflow;Yin2022_XAILeakage;Zhang2021_LearningInversionFreeForecast;Zhong2019_PressureAnomaly
WP9.8-R1-AUTHOR-VERIFIED-2026-08-01,author_verified_wp9_8_r1_controlled_integration,cross_cutting_records,without_cross_cutting,direct_field_validation,56,5,55,1,0.091,0.089,0.039,0.196,Arafath2025_MalayBasinML;ESR_Vishal2025_213;ESR_Wang2024_089;ESR_Zhang2025_178;Lu2025_GISMLSite,Arafath2025_MalayBasinML;Attanasi2025_ResourceML;Baek2023_WellboreLeakage;Crain2023_MonitoringHistory;Diplas2026_DOEInjection;ESR_Chan2024_124;ESR_Chen2024_119;ESR_Falola2024_123;ESR_Hassani2024_118;ESR_Kadeethum2024_128;ESR_Lozano2025_215;ESR_Meng2025_211;ESR_Nunez2023_166;ESR_Park2025_223;ESR_Pawar2023_168;ESR_RefNone_173;ESR_Tang2022_226;ESR_Tang2024_135;ESR_Tariq2023_174;ESR_Um2024_091;ESR_Um2024_104;ESR_Vishal2025_213;ESR_Wang2024_089;ESR_Wu2025_042;ESR_Zhang2025_115;ESR_Zhang2025_178;ESR_Zheng2025_207;ESR_Zhou2026_127;Gahlot2025_DigitalShadow;Han2024_HierarchicalMCMC;Jiang2024_DSIHistoryMatching;Leong2024_SeisCO2Net;Lin2020_PressureLeakage;Lu2022_BayesianOptimization;Lu2025_GISMLSite;Mo2018_EncoderDecoderUQ;Nassabeh2024_OffshoreSite;Seabra2024_AIEnhancedDA;Shokouhi2021_PhysicsInformedSite;TARGET_DRLGeoRisk2026_214483;TARGET_JointInversion2023_2022JB025372;Tang2022_DLDataAssimilationForecasting;Tang2024_GNNFaulted;Teng2024_LikelihoodFreeDA;VoThanh2026_DigitalTwinGNN;Wang2025_4DHistoryMatching;Wen2021_CCSNet;Wen2021_PlumeDNN;Wen2022_UFNO;Wen2023_NestedFNO;Witte2023_WNO;Yan2021_RobustDLWorkflow;Yin2022_XAILeakage;Zhang2021_LearningInversionFreeForecast;Zhong2019_PressureAnomaly
WP9.8-R1-AUTHOR-VERIFIED-2026-08-01,author_verified_wp9_8_r1_controlled_integration,cross_cutting_records,without_cross_cutting,controlled_release_ml_validation,56,5,55,1,0.091,0.089,0.039,0.196,ESR_Wang2024_089;ESR_Zhang2025_178;Leong2024_SeisCO2Net;Lin2020_PressureLeakage;Zhong2019_PressureAnomaly,Arafath2025_MalayBasinML;Attanasi2025_ResourceML;Baek2023_WellboreLeakage;Crain2023_MonitoringHistory;Diplas2026_DOEInjection;ESR_Chan2024_124;ESR_Chen2024_119;ESR_Falola2024_123;ESR_Hassani2024_118;ESR_Kadeethum2024_128;ESR_Lozano2025_215;ESR_Meng2025_211;ESR_Nunez2023_166;ESR_Park2025_223;ESR_Pawar2023_168;ESR_RefNone_173;ESR_Tang2022_226;ESR_Tang2024_135;ESR_Tariq2023_174;ESR_Um2024_091;ESR_Um2024_104;ESR_Vishal2025_213;ESR_Wang2024_089;ESR_Wu2025_042;ESR_Zhang2025_115;ESR_Zhang2025_178;ESR_Zheng2025_207;ESR_Zhou2026_127;Gahlot2025_DigitalShadow;Han2024_HierarchicalMCMC;Jiang2024_DSIHistoryMatching;Leong2024_SeisCO2Net;Lin2020_PressureLeakage;Lu2022_BayesianOptimization;Lu2025_GISMLSite;Mo2018_EncoderDecoderUQ;Nassabeh2024_OffshoreSite;Seabra2024_AIEnhancedDA;Shokouhi2021_PhysicsInformedSite;TARGET_DRLGeoRisk2026_214483;TARGET_JointInversion2023_2022JB025372;Tang2022_DLDataAssimilationForecasting;Tang2024_GNNFaulted;Teng2024_LikelihoodFreeDA;VoThanh2026_DigitalTwinGNN;Wang2025_4DHistoryMatching;Wen2021_CCSNet;Wen2021_PlumeDNN;Wen2022_UFNO;Wen2023_NestedFNO;Witte2023_WNO;Yan2021_RobustDLWorkflow;Yin2022_XAILeakage;Zhang2021_LearningInversionFreeForecast;Zhong2019_PressureAnomaly
WP9.8-R1-AUTHOR-VERIFIED-2026-08-01,author_verified_wp9_8_r1_controlled_integration,cross_cutting_records,without_cross_cutting,explicit_ood_testing,56,13,53,3,0.245,0.232,0.149,0.376,ESR_Chan2024_124;ESR_Hassani2024_118;ESR_Tang2022_226;ESR_Wu2025_042;ESR_Zhang2025_115;Leong2024_SeisCO2Net;Lin2020_PressureLeakage;Seabra2024_AIEnhancedDA;Tang2022_DLDataAssimilationForecasting;Tang2024_GNNFaulted;Wen2021_PlumeDNN;Wen2022_UFNO;Zhong2019_PressureAnomaly,Arafath2025_MalayBasinML;Attanasi2025_ResourceML;Baek2023_WellboreLeakage;Crain2023_MonitoringHistory;Diplas2026_DOEInjection;ESR_Chan2024_124;ESR_Chen2024_119;ESR_Falola2024_123;ESR_Hassani2024_118;ESR_Kadeethum2024_128;ESR_Lozano2025_215;ESR_Meng2025_211;ESR_Nunez2023_166;ESR_Park2025_223;ESR_Pawar2023_168;ESR_RefNone_173;ESR_Tang2022_226;ESR_Tang2024_135;ESR_Tariq2023_174;ESR_Um2024_091;ESR_Um2024_104;ESR_Wang2024_089;ESR_Wu2025_042;ESR_Zhang2025_115;ESR_Zhang2025_178;ESR_Zheng2025_207;ESR_Zhou2026_127;Gahlot2025_DigitalShadow;Han2024_HierarchicalMCMC;Jiang2024_DSIHistoryMatching;Leong2024_SeisCO2Net;Lin2020_PressureLeakage;Lu2022_BayesianOptimization;Lu2025_GISMLSite;Mo2018_EncoderDecoderUQ;Nassabeh2024_OffshoreSite;Seabra2024_AIEnhancedDA;TARGET_DRLGeoRisk2026_214483;TARGET_JointInversion2023_2022JB025372;Tang2022_DLDataAssimilationForecasting;Tang2024_GNNFaulted;Teng2024_LikelihoodFreeDA;VoThanh2026_DigitalTwinGNN;Wang2025_4DHistoryMatching;Wen2021_CCSNet;Wen2021_PlumeDNN;Wen2022_UFNO;Wen2023_NestedFNO;Witte2023_WNO;Yan2021_RobustDLWorkflow;Yin2022_XAILeakage;Zhang2021_LearningInversionFreeForecast;Zhong2019_PressureAnomaly
WP9.8-R1-AUTHOR-VERIFIED-2026-08-01,author_verified_wp9_8_r1_controlled_integration,cross_cutting_records,without_cross_cutting,explicit_cross_site_testing,56,1,54,2,0.019,0.018,0.003,0.098,ESR_Wu2025_042,Arafath2025_MalayBasinML;Attanasi2025_ResourceML;Baek2023_WellboreLeakage;Crain2023_MonitoringHistory;Diplas2026_DOEInjection;ESR_Chan2024_124;ESR_Chen2024_119;ESR_Falola2024_123;ESR_Hassani2024_118;ESR_Kadeethum2024_128;ESR_Lozano2025_215;ESR_Meng2025_211;ESR_Nunez2023_166;ESR_Park2025_223;ESR_Pawar2023_168;ESR_RefNone_173;ESR_Tang2022_226;ESR_Tang2024_135;ESR_Tariq2023_174;ESR_Um2024_091;ESR_Um2024_104;ESR_Wang2024_089;ESR_Wu2025_042;ESR_Zhang2025_115;ESR_Zhang2025_178;ESR_Zheng2025_207;ESR_Zhou2026_127;Gahlot2025_DigitalShadow;Han2024_HierarchicalMCMC;Jiang2024_DSIHistoryMatching;Leong2024_SeisCO2Net;Lin2020_PressureLeakage;Lu2022_BayesianOptimization;Lu2025_GISMLSite;Mo2018_EncoderDecoderUQ;Nassabeh2024_OffshoreSite;Seabra2024_AIEnhancedDA;Shokouhi2021_PhysicsInformedSite;TARGET_DRLGeoRisk2026_214483;TARGET_JointInversion2023_2022JB025372;Tang2022_DLDataAssimilationForecasting;Tang2024_GNNFaulted;Teng2024_LikelihoodFreeDA;VoThanh2026_DigitalTwinGNN;Wang2025_4DHistoryMatching;Wen2021_CCSNet;Wen2021_PlumeDNN;Wen2022_UFNO;Wen2023_NestedFNO;Witte2023_WNO;Yan2021_RobustDLWorkflow;Yin2022_XAILeakage;Zhang2021_LearningInversionFreeForecast;Zhong2019_PressureAnomaly
WP9.8-R1-AUTHOR-VERIFIED-2026-08-01,author_verified_wp9_8_r1_controlled_integration,cross_cutting_records,without_cross_cutting,uncertainty_calibration_or_posterior_check,56,13,46,10,0.283,0.232,0.173,0.425,Crain2023_MonitoringHistory;ESR_Lozano2025_215;ESR_Tang2022_226;Gahlot2025_DigitalShadow;Han2024_HierarchicalMCMC;Jiang2024_DSIHistoryMatching;Mo2018_EncoderDecoderUQ;Seabra2024_AIEnhancedDA;Tang2022_DLDataAssimilationForecasting;Teng2024_LikelihoodFreeDA;VoThanh2026_DigitalTwinGNN;Wang2025_4DHistoryMatching;Zhang2021_LearningInversionFreeForecast,Arafath2025_MalayBasinML;Attanasi2025_ResourceML;Crain2023_MonitoringHistory;Diplas2026_DOEInjection;ESR_Chan2024_124;ESR_Chen2024_119;ESR_Falola2024_123;ESR_Hassani2024_118;ESR_Kadeethum2024_128;ESR_Lozano2025_215;ESR_Meng2025_211;ESR_Nunez2023_166;ESR_Park2025_223;ESR_Pawar2023_168;ESR_RefNone_173;ESR_Tang2022_226;ESR_Tang2024_135;ESR_Tariq2023_174;ESR_Um2024_091;ESR_Um2024_104;ESR_Wang2024_089;ESR_Zhang2025_115;ESR_Zhang2025_178;ESR_Zheng2025_207;ESR_Zhou2026_127;Gahlot2025_DigitalShadow;Han2024_HierarchicalMCMC;Jiang2024_DSIHistoryMatching;Lu2022_BayesianOptimization;Lu2025_GISMLSite;Mo2018_EncoderDecoderUQ;Nassabeh2024_OffshoreSite;Seabra2024_AIEnhancedDA;Shokouhi2021_PhysicsInformedSite;Tang2022_DLDataAssimilationForecasting;Tang2024_GNNFaulted;Teng2024_LikelihoodFreeDA;VoThanh2026_DigitalTwinGNN;Wang2025_4DHistoryMatching;Wen2021_PlumeDNN;Wen2022_UFNO;Witte2023_WNO;Yan2021_RobustDLWorkflow;Yin2022_XAILeakage;Zhang2021_LearningInversionFreeForecast;Zhong2019_PressureAnomaly
WP9.8-R1-AUTHOR-VERIFIED-2026-08-01,author_verified_wp9_8_r1_controlled_integration,cross_cutting_records,without_cross_cutting,surrogate_error_propagation,56,4,20,36,0.200,0.071,0.081,0.416,Diplas2026_DOEInjection;Han2024_HierarchicalMCMC;Lu2022_BayesianOptimization;Wang2025_4DHistoryMatching,Attanasi2025_ResourceML;Baek2023_WellboreLeakage;Diplas2026_DOEInjection;ESR_Chan2024_124;ESR_Chen2024_119;ESR_Lozano2025_215;ESR_Meng2025_211;ESR_Tang2022_226;ESR_Wu2025_042;ESR_Zheng2025_207;Han2024_HierarchicalMCMC;Lu2022_BayesianOptimization;Mo2018_EncoderDecoderUQ;Seabra2024_AIEnhancedDA;TARGET_DRLGeoRisk2026_214483;Tang2022_DLDataAssimilationForecasting;Teng2024_LikelihoodFreeDA;Wang2025_4DHistoryMatching;Wen2021_CCSNet;Wen2023_NestedFNO
WP9.8-R1-AUTHOR-VERIFIED-2026-08-01,author_verified_wp9_8_r1_controlled_integration,cross_cutting_records,without_cross_cutting,any_physical_diagnostic_checked,56,22,41,15,0.537,0.393,0.387,0.679,Baek2023_WellboreLeakage;Crain2023_MonitoringHistory;Diplas2026_DOEInjection;ESR_Chan2024_124;ESR_Tang2022_226;ESR_Tang2024_135;ESR_Um2024_091;ESR_Zheng2025_207;Han2024_HierarchicalMCMC;Jiang2024_DSIHistoryMatching;Leong2024_SeisCO2Net;Mo2018_EncoderDecoderUQ;TARGET_DRLGeoRisk2026_214483;Tang2024_GNNFaulted;VoThanh2026_DigitalTwinGNN;Wen2021_CCSNet;Wen2021_PlumeDNN;Wen2022_UFNO;Wen2023_NestedFNO;Yan2021_RobustDLWorkflow;Yin2022_XAILeakage;Zhong2019_PressureAnomaly,Arafath2025_MalayBasinML;Attanasi2025_ResourceML;Baek2023_WellboreLeakage;Crain2023_MonitoringHistory;Diplas2026_DOEInjection;ESR_Chan2024_124;ESR_Chen2024_119;ESR_Hassani2024_118;ESR_Meng2025_211;ESR_RefNone_173;ESR_Tang2022_226;ESR_Tang2024_135;ESR_Um2024_091;ESR_Um2024_104;ESR_Wang2024_089;ESR_Zheng2025_207;ESR_Zhou2026_127;Gahlot2025_DigitalShadow;Han2024_HierarchicalMCMC;Jiang2024_DSIHistoryMatching;Leong2024_SeisCO2Net;Lin2020_PressureLeakage;Lu2022_BayesianOptimization;Lu2025_GISMLSite;Mo2018_EncoderDecoderUQ;Nassabeh2024_OffshoreSite;TARGET_DRLGeoRisk2026_214483;TARGET_JointInversion2023_2022JB025372;Tang2022_DLDataAssimilationForecasting;Tang2024_GNNFaulted;Teng2024_LikelihoodFreeDA;VoThanh2026_DigitalTwinGNN;Wang2025_4DHistoryMatching;Wen2021_CCSNet;Wen2021_PlumeDNN;Wen2022_UFNO;Wen2023_NestedFNO;Yan2021_RobustDLWorkflow;Yin2022_XAILeakage;Zhang2021_LearningInversionFreeForecast;Zhong2019_PressureAnomaly
WP9.8-R1-AUTHOR-VERIFIED-2026-08-01,author_verified_wp9_8_r1_controlled_integration,cross_cutting_records,without_cross_cutting,red_zone_recode_criticality,56,0,0,56,,0.000,,,,
WP9.8-R1-AUTHOR-VERIFIED-2026-08-01,author_verified_wp9_8_r1_controlled_integration,decision_criticality_rule,recoded_criticality,synthetic_led_evidence,57,44,55,2,0.800,0.772,0.676,0.884,Baek2023_WellboreLeakage;Crain2023_MonitoringHistory;Diplas2026_DOEInjection;ESR_Chan2024_124;ESR_Chen2024_119;ESR_Falola2024_123;ESR_Hassani2024_118;ESR_Kadeethum2024_128;ESR_Kanakaki2025_045;ESR_Liu2025_121;ESR_Lozano2025_215;ESR_Nunez2023_166;ESR_Park2025_223;ESR_Pawar2023_168;ESR_Tang2024_135;ESR_Tariq2023_174;ESR_Wu2025_042;ESR_Zhang2025_115;ESR_Zheng2025_207;ESR_Zhou2026_127;Gahlot2025_DigitalShadow;Han2024_HierarchicalMCMC;Jiang2024_DSIHistoryMatching;Lin2020_PressureLeakage;Lu2022_BayesianOptimization;Mo2018_EncoderDecoderUQ;Seabra2024_AIEnhancedDA;Shokouhi2021_PhysicsInformedSite;TARGET_DRLGeoRisk2026_214483;TARGET_JointInversion2023_2022JB025372;Tang2022_DLDataAssimilationForecasting;Tang2024_GNNFaulted;Teng2024_LikelihoodFreeDA;VoThanh2026_DigitalTwinGNN;Wang2025_4DHistoryMatching;Wen2021_CCSNet;Wen2021_PlumeDNN;Wen2022_UFNO;Wen2023_NestedFNO;Witte2023_WNO;Yan2021_RobustDLWorkflow;Yin2022_XAILeakage;Zhang2021_LearningInversionFreeForecast;Zhong2019_PressureAnomaly,Arafath2025_MalayBasinML;Attanasi2025_ResourceML;Baek2023_WellboreLeakage;Crain2023_MonitoringHistory;Diplas2026_DOEInjection;ESR_Chan2024_124;ESR_Chen2024_119;ESR_Falola2024_123;ESR_Hassani2024_118;ESR_Kadeethum2024_128;ESR_Kanakaki2025_045;ESR_Liu2025_121;ESR_Lozano2025_215;ESR_Nunez2023_166;ESR_Park2025_223;ESR_Pawar2023_168;ESR_RefNone_173;ESR_Tang2022_226;ESR_Tang2024_135;ESR_Tariq2023_174;ESR_Um2024_091;ESR_Vishal2025_213;ESR_Wang2024_089;ESR_Wu2025_042;ESR_Zhang2025_115;ESR_Zhang2025_178;ESR_Zheng2025_207;ESR_Zhou2026_127;Gahlot2025_DigitalShadow;Han2024_HierarchicalMCMC;Jiang2024_DSIHistoryMatching;Leong2024_SeisCO2Net;Lin2020_PressureLeakage;Lu2022_BayesianOptimization;Lu2025_GISMLSite;Mo2018_EncoderDecoderUQ;Nassabeh2024_OffshoreSite;Seabra2024_AIEnhancedDA;Shokouhi2021_PhysicsInformedSite;TARGET_DRLGeoRisk2026_214483;TARGET_JointInversion2023_2022JB025372;Tang2022_DLDataAssimilationForecasting;Tang2024_GNNFaulted;Teng2024_LikelihoodFreeDA;VoThanh2026_DigitalTwinGNN;Wang2025_4DHistoryMatching;Wen2021_CCSNet;Wen2021_PlumeDNN;Wen2022_UFNO;Wen2023_NestedFNO;Witte2023_WNO;Yan2021_RobustDLWorkflow;Yin2022_XAILeakage;Zhang2021_LearningInversionFreeForecast;Zhong2019_PressureAnomaly
WP9.8-R1-AUTHOR-VERIFIED-2026-08-01,author_verified_wp9_8_r1_controlled_integration,decision_criticality_rule,recoded_criticality,score_ge3::field_evidence_score,57,5,56,1,0.089,0.088,0.039,0.193,Arafath2025_MalayBasinML;ESR_Vishal2025_213;ESR_Wang2024_089;ESR_Zhang2025_178;Lu2025_GISMLSite,Arafath2025_MalayBasinML;Attanasi2025_ResourceML;Baek2023_WellboreLeakage;Crain2023_MonitoringHistory;Diplas2026_DOEInjection;ESR_Chan2024_124;ESR_Chen2024_119;ESR_Falola2024_123;ESR_Hassani2024_118;ESR_Kadeethum2024_128;ESR_Kanakaki2025_045;ESR_Lozano2025_215;ESR_Meng2025_211;ESR_Nunez2023_166;ESR_Park2025_223;ESR_Pawar2023_168;ESR_RefNone_173;ESR_Tang2022_226;ESR_Tang2024_135;ESR_Tariq2023_174;ESR_Um2024_091;ESR_Um2024_104;ESR_Vishal2025_213;ESR_Wang2024_089;ESR_Wu2025_042;ESR_Zhang2025_115;ESR_Zhang2025_178;ESR_Zheng2025_207;ESR_Zhou2026_127;Gahlot2025_DigitalShadow;Han2024_HierarchicalMCMC;Jiang2024_DSIHistoryMatching;Leong2024_SeisCO2Net;Lin2020_PressureLeakage;Lu2022_BayesianOptimization;Lu2025_GISMLSite;Mo2018_EncoderDecoderUQ;Nassabeh2024_OffshoreSite;Seabra2024_AIEnhancedDA;Shokouhi2021_PhysicsInformedSite;TARGET_DRLGeoRisk2026_214483;TARGET_JointInversion2023_2022JB025372;Tang2022_DLDataAssimilationForecasting;Tang2024_GNNFaulted;Teng2024_LikelihoodFreeDA;VoThanh2026_DigitalTwinGNN;Wang2025_4DHistoryMatching;Wen2021_CCSNet;Wen2021_PlumeDNN;Wen2022_UFNO;Wen2023_NestedFNO;Witte2023_WNO;Yan2021_RobustDLWorkflow;Yin2022_XAILeakage;Zhang2021_LearningInversionFreeForecast;Zhong2019_PressureAnomaly
WP9.8-R1-AUTHOR-VERIFIED-2026-08-01,author_verified_wp9_8_r1_controlled_integration,decision_criticality_rule,recoded_criticality,score_ge3::physical_consistency_score,57,41,57,0,0.719,0.719,0.592,0.819,Baek2023_WellboreLeakage;Crain2023_MonitoringHistory;Diplas2026_DOEInjection;ESR_Chan2024_124;ESR_Chen2024_119;ESR_Falola2024_123;ESR_Kanakaki2025_045;ESR_Lozano2025_215;ESR_Meng2025_211;ESR_Nunez2023_166;ESR_Park2025_223;ESR_Tang2022_226;ESR_Tang2024_135;ESR_Tariq2023_174;ESR_Um2024_091;ESR_Um2024_104;ESR_Zhang2025_115;ESR_Zhang2025_178;ESR_Zheng2025_207;ESR_Zhou2026_127;Gahlot2025_DigitalShadow;Han2024_HierarchicalMCMC;Jiang2024_DSIHistoryMatching;Leong2024_SeisCO2Net;Lu2022_BayesianOptimization;Mo2018_EncoderDecoderUQ;Seabra2024_AIEnhancedDA;TARGET_DRLGeoRisk2026_214483;TARGET_JointInversion2023_2022JB025372;Tang2022_DLDataAssimilationForecasting;Tang2024_GNNFaulted;Teng2024_LikelihoodFreeDA;VoThanh2026_DigitalTwinGNN;Wang2025_4DHistoryMatching;Wen2021_CCSNet;Wen2021_PlumeDNN;Wen2022_UFNO;Wen2023_NestedFNO;Witte2023_WNO;Yan2021_RobustDLWorkflow;Yin2022_XAILeakage,Arafath2025_MalayBasinML;Attanasi2025_ResourceML;Baek2023_WellboreLeakage;Crain2023_MonitoringHistory;Diplas2026_DOEInjection;ESR_Chan2024_124;ESR_Chen2024_119;ESR_Falola2024_123;ESR_Hassani2024_118;ESR_Kadeethum2024_128;ESR_Kanakaki2025_045;ESR_Liu2025_121;ESR_Lozano2025_215;ESR_Meng2025_211;ESR_Nunez2023_166;ESR_Park2025_223;ESR_Pawar2023_168;ESR_RefNone_173;ESR_Tang2022_226;ESR_Tang2024_135;ESR_Tariq2023_174;ESR_Um2024_091;ESR_Um2024_104;ESR_Vishal2025_213;ESR_Wang2024_089;ESR_Wu2025_042;ESR_Zhang2025_115;ESR_Zhang2025_178;ESR_Zheng2025_207;ESR_Zhou2026_127;Gahlot2025_DigitalShadow;Han2024_HierarchicalMCMC;Jiang2024_DSIHistoryMatching;Leong2024_SeisCO2Net;Lin2020_PressureLeakage;Lu2022_BayesianOptimization;Lu2025_GISMLSite;Mo2018_EncoderDecoderUQ;Nassabeh2024_OffshoreSite;Seabra2024_AIEnhancedDA;Shokouhi2021_PhysicsInformedSite;TARGET_DRLGeoRisk2026_214483;TARGET_JointInversion2023_2022JB025372;Tang2022_DLDataAssimilationForecasting;Tang2024_GNNFaulted;Teng2024_LikelihoodFreeDA;VoThanh2026_DigitalTwinGNN;Wang2025_4DHistoryMatching;Wen2021_CCSNet;Wen2021_PlumeDNN;Wen2022_UFNO;Wen2023_NestedFNO;Witte2023_WNO;Yan2021_RobustDLWorkflow;Yin2022_XAILeakage;Zhang2021_LearningInversionFreeForecast;Zhong2019_PressureAnomaly
WP9.8-R1-AUTHOR-VERIFIED-2026-08-01,author_verified_wp9_8_r1_controlled_integration,decision_criticality_rule,recoded_criticality,score_ge3::uncertainty_score,57,13,56,1,0.232,0.228,0.141,0.358,Crain2023_MonitoringHistory;ESR_Lozano2025_215;ESR_Tang2022_226;Gahlot2025_DigitalShadow;Han2024_HierarchicalMCMC;Jiang2024_DSIHistoryMatching;Mo2018_EncoderDecoderUQ;Seabra2024_AIEnhancedDA;Tang2022_DLDataAssimilationForecasting;Teng2024_LikelihoodFreeDA;VoThanh2026_DigitalTwinGNN;Wang2025_4DHistoryMatching;Zhang2021_LearningInversionFreeForecast,Arafath2025_MalayBasinML;Attanasi2025_ResourceML;Baek2023_WellboreLeakage;Crain2023_MonitoringHistory;Diplas2026_DOEInjection;ESR_Chan2024_124;ESR_Chen2024_119;ESR_Falola2024_123;ESR_Hassani2024_118;ESR_Kadeethum2024_128;ESR_Kanakaki2025_045;ESR_Lozano2025_215;ESR_Meng2025_211;ESR_Nunez2023_166;ESR_Park2025_223;ESR_Pawar2023_168;ESR_RefNone_173;ESR_Tang2022_226;ESR_Tang2024_135;ESR_Tariq2023_174;ESR_Um2024_091;ESR_Um2024_104;ESR_Vishal2025_213;ESR_Wang2024_089;ESR_Wu2025_042;ESR_Zhang2025_115;ESR_Zhang2025_178;ESR_Zheng2025_207;ESR_Zhou2026_127;Gahlot2025_DigitalShadow;Han2024_HierarchicalMCMC;Jiang2024_DSIHistoryMatching;Leong2024_SeisCO2Net;Lin2020_PressureLeakage;Lu2022_BayesianOptimization;Lu2025_GISMLSite;Mo2018_EncoderDecoderUQ;Nassabeh2024_OffshoreSite;Seabra2024_AIEnhancedDA;Shokouhi2021_PhysicsInformedSite;TARGET_DRLGeoRisk2026_214483;TARGET_JointInversion2023_2022JB025372;Tang2022_DLDataAssimilationForecasting;Tang2024_GNNFaulted;Teng2024_LikelihoodFreeDA;VoThanh2026_DigitalTwinGNN;Wang2025_4DHistoryMatching;Wen2021_CCSNet;Wen2021_PlumeDNN;Wen2022_UFNO;Wen2023_NestedFNO;Witte2023_WNO;Yan2021_RobustDLWorkflow;Yin2022_XAILeakage;Zhang2021_LearningInversionFreeForecast;Zhong2019_PressureAnomaly
WP9.8-R1-AUTHOR-VERIFIED-2026-08-01,author_verified_wp9_8_r1_controlled_integration,decision_criticality_rule,recoded_criticality,score_ge3::transferability_score,57,6,56,1,0.107,0.105,0.050,0.215,ESR_Wu2025_042;Leong2024_SeisCO2Net;Lin2020_PressureLeakage;Seabra2024_AIEnhancedDA;Tang2022_DLDataAssimilationForecasting;Zhong2019_PressureAnomaly,Arafath2025_MalayBasinML;Attanasi2025_ResourceML;Baek2023_WellboreLeakage;Crain2023_MonitoringHistory;Diplas2026_DOEInjection;ESR_Chan2024_124;ESR_Chen2024_119;ESR_Falola2024_123;ESR_Hassani2024_118;ESR_Kadeethum2024_128;ESR_Kanakaki2025_045;ESR_Lozano2025_215;ESR_Meng2025_211;ESR_Nunez2023_166;ESR_Park2025_223;ESR_Pawar2023_168;ESR_RefNone_173;ESR_Tang2022_226;ESR_Tang2024_135;ESR_Tariq2023_174;ESR_Um2024_091;ESR_Um2024_104;ESR_Vishal2025_213;ESR_Wang2024_089;ESR_Wu2025_042;ESR_Zhang2025_115;ESR_Zhang2025_178;ESR_Zheng2025_207;ESR_Zhou2026_127;Gahlot2025_DigitalShadow;Han2024_HierarchicalMCMC;Jiang2024_DSIHistoryMatching;Leong2024_SeisCO2Net;Lin2020_PressureLeakage;Lu2022_BayesianOptimization;Lu2025_GISMLSite;Mo2018_EncoderDecoderUQ;Nassabeh2024_OffshoreSite;Seabra2024_AIEnhancedDA;Shokouhi2021_PhysicsInformedSite;TARGET_DRLGeoRisk2026_214483;TARGET_JointInversion2023_2022JB025372;Tang2022_DLDataAssimilationForecasting;Tang2024_GNNFaulted;Teng2024_LikelihoodFreeDA;VoThanh2026_DigitalTwinGNN;Wang2025_4DHistoryMatching;Wen2021_CCSNet;Wen2021_PlumeDNN;Wen2022_UFNO;Wen2023_NestedFNO;Witte2023_WNO;Yan2021_RobustDLWorkflow;Yin2022_XAILeakage;Zhang2021_LearningInversionFreeForecast;Zhong2019_PressureAnomaly
WP9.8-R1-AUTHOR-VERIFIED-2026-08-01,author_verified_wp9_8_r1_controlled_integration,decision_criticality_rule,recoded_criticality,score_ge3::decision_readiness_score,57,8,57,0,0.140,0.140,0.073,0.253,Crain2023_MonitoringHistory;Diplas2026_DOEInjection;ESR_Tang2022_226;Lin2020_PressureLeakage;Lu2022_BayesianOptimization;TARGET_DRLGeoRisk2026_214483;Wang2025_4DHistoryMatching;Zhong2019_PressureAnomaly,Arafath2025_MalayBasinML;Attanasi2025_ResourceML;Baek2023_WellboreLeakage;Crain2023_MonitoringHistory;Diplas2026_DOEInjection;ESR_Chan2024_124;ESR_Chen2024_119;ESR_Falola2024_123;ESR_Hassani2024_118;ESR_Kadeethum2024_128;ESR_Kanakaki2025_045;ESR_Liu2025_121;ESR_Lozano2025_215;ESR_Meng2025_211;ESR_Nunez2023_166;ESR_Park2025_223;ESR_Pawar2023_168;ESR_RefNone_173;ESR_Tang2022_226;ESR_Tang2024_135;ESR_Tariq2023_174;ESR_Um2024_091;ESR_Um2024_104;ESR_Vishal2025_213;ESR_Wang2024_089;ESR_Wu2025_042;ESR_Zhang2025_115;ESR_Zhang2025_178;ESR_Zheng2025_207;ESR_Zhou2026_127;Gahlot2025_DigitalShadow;Han2024_HierarchicalMCMC;Jiang2024_DSIHistoryMatching;Leong2024_SeisCO2Net;Lin2020_PressureLeakage;Lu2022_BayesianOptimization;Lu2025_GISMLSite;Mo2018_EncoderDecoderUQ;Nassabeh2024_OffshoreSite;Seabra2024_AIEnhancedDA;Shokouhi2021_PhysicsInformedSite;TARGET_DRLGeoRisk2026_214483;TARGET_JointInversion2023_2022JB025372;Tang2022_DLDataAssimilationForecasting;Tang2024_GNNFaulted;Teng2024_LikelihoodFreeDA;VoThanh2026_DigitalTwinGNN;Wang2025_4DHistoryMatching;Wen2021_CCSNet;Wen2021_PlumeDNN;Wen2022_UFNO;Wen2023_NestedFNO;Witte2023_WNO;Yan2021_RobustDLWorkflow;Yin2022_XAILeakage;Zhang2021_LearningInversionFreeForecast;Zhong2019_PressureAnomaly
WP9.8-R1-AUTHOR-VERIFIED-2026-08-01,author_verified_wp9_8_r1_controlled_integration,decision_criticality_rule,recoded_criticality,direct_field_validation,57,5,56,1,0.089,0.088,0.039,0.193,Arafath2025_MalayBasinML;ESR_Vishal2025_213;ESR_Wang2024_089;ESR_Zhang2025_178;Lu2025_GISMLSite,Arafath2025_MalayBasinML;Attanasi2025_ResourceML;Baek2023_WellboreLeakage;Crain2023_MonitoringHistory;Diplas2026_DOEInjection;ESR_Chan2024_124;ESR_Chen2024_119;ESR_Falola2024_123;ESR_Hassani2024_118;ESR_Kadeethum2024_128;ESR_Kanakaki2025_045;ESR_Lozano2025_215;ESR_Meng2025_211;ESR_Nunez2023_166;ESR_Park2025_223;ESR_Pawar2023_168;ESR_RefNone_173;ESR_Tang2022_226;ESR_Tang2024_135;ESR_Tariq2023_174;ESR_Um2024_091;ESR_Um2024_104;ESR_Vishal2025_213;ESR_Wang2024_089;ESR_Wu2025_042;ESR_Zhang2025_115;ESR_Zhang2025_178;ESR_Zheng2025_207;ESR_Zhou2026_127;Gahlot2025_DigitalShadow;Han2024_HierarchicalMCMC;Jiang2024_DSIHistoryMatching;Leong2024_SeisCO2Net;Lin2020_PressureLeakage;Lu2022_BayesianOptimization;Lu2025_GISMLSite;Mo2018_EncoderDecoderUQ;Nassabeh2024_OffshoreSite;Seabra2024_AIEnhancedDA;Shokouhi2021_PhysicsInformedSite;TARGET_DRLGeoRisk2026_214483;TARGET_JointInversion2023_2022JB025372;Tang2022_DLDataAssimilationForecasting;Tang2024_GNNFaulted;Teng2024_LikelihoodFreeDA;VoThanh2026_DigitalTwinGNN;Wang2025_4DHistoryMatching;Wen2021_CCSNet;Wen2021_PlumeDNN;Wen2022_UFNO;Wen2023_NestedFNO;Witte2023_WNO;Yan2021_RobustDLWorkflow;Yin2022_XAILeakage;Zhang2021_LearningInversionFreeForecast;Zhong2019_PressureAnomaly
WP9.8-R1-AUTHOR-VERIFIED-2026-08-01,author_verified_wp9_8_r1_controlled_integration,decision_criticality_rule,recoded_criticality,controlled_release_ml_validation,57,5,56,1,0.089,0.088,0.039,0.193,ESR_Wang2024_089;ESR_Zhang2025_178;Leong2024_SeisCO2Net;Lin2020_PressureLeakage;Zhong2019_PressureAnomaly,Arafath2025_MalayBasinML;Attanasi2025_ResourceML;Baek2023_WellboreLeakage;Crain2023_MonitoringHistory;Diplas2026_DOEInjection;ESR_Chan2024_124;ESR_Chen2024_119;ESR_Falola2024_123;ESR_Hassani2024_118;ESR_Kadeethum2024_128;ESR_Kanakaki2025_045;ESR_Lozano2025_215;ESR_Meng2025_211;ESR_Nunez2023_166;ESR_Park2025_223;ESR_Pawar2023_168;ESR_RefNone_173;ESR_Tang2022_226;ESR_Tang2024_135;ESR_Tariq2023_174;ESR_Um2024_091;ESR_Um2024_104;ESR_Vishal2025_213;ESR_Wang2024_089;ESR_Wu2025_042;ESR_Zhang2025_115;ESR_Zhang2025_178;ESR_Zheng2025_207;ESR_Zhou2026_127;Gahlot2025_DigitalShadow;Han2024_HierarchicalMCMC;Jiang2024_DSIHistoryMatching;Leong2024_SeisCO2Net;Lin2020_PressureLeakage;Lu2022_BayesianOptimization;Lu2025_GISMLSite;Mo2018_EncoderDecoderUQ;Nassabeh2024_OffshoreSite;Seabra2024_AIEnhancedDA;Shokouhi2021_PhysicsInformedSite;TARGET_DRLGeoRisk2026_214483;TARGET_JointInversion2023_2022JB025372;Tang2022_DLDataAssimilationForecasting;Tang2024_GNNFaulted;Teng2024_LikelihoodFreeDA;VoThanh2026_DigitalTwinGNN;Wang2025_4DHistoryMatching;Wen2021_CCSNet;Wen2021_PlumeDNN;Wen2022_UFNO;Wen2023_NestedFNO;Witte2023_WNO;Yan2021_RobustDLWorkflow;Yin2022_XAILeakage;Zhang2021_LearningInversionFreeForecast;Zhong2019_PressureAnomaly
WP9.8-R1-AUTHOR-VERIFIED-2026-08-01,author_verified_wp9_8_r1_controlled_integration,decision_criticality_rule,recoded_criticality,explicit_ood_testing,57,13,54,3,0.241,0.228,0.146,0.369,ESR_Chan2024_124;ESR_Hassani2024_118;ESR_Tang2022_226;ESR_Wu2025_042;ESR_Zhang2025_115;Leong2024_SeisCO2Net;Lin2020_PressureLeakage;Seabra2024_AIEnhancedDA;Tang2022_DLDataAssimilationForecasting;Tang2024_GNNFaulted;Wen2021_PlumeDNN;Wen2022_UFNO;Zhong2019_PressureAnomaly,Arafath2025_MalayBasinML;Attanasi2025_ResourceML;Baek2023_WellboreLeakage;Crain2023_MonitoringHistory;Diplas2026_DOEInjection;ESR_Chan2024_124;ESR_Chen2024_119;ESR_Falola2024_123;ESR_Hassani2024_118;ESR_Kadeethum2024_128;ESR_Kanakaki2025_045;ESR_Lozano2025_215;ESR_Meng2025_211;ESR_Nunez2023_166;ESR_Park2025_223;ESR_Pawar2023_168;ESR_RefNone_173;ESR_Tang2022_226;ESR_Tang2024_135;ESR_Tariq2023_174;ESR_Um2024_091;ESR_Um2024_104;ESR_Wang2024_089;ESR_Wu2025_042;ESR_Zhang2025_115;ESR_Zhang2025_178;ESR_Zheng2025_207;ESR_Zhou2026_127;Gahlot2025_DigitalShadow;Han2024_HierarchicalMCMC;Jiang2024_DSIHistoryMatching;Leong2024_SeisCO2Net;Lin2020_PressureLeakage;Lu2022_BayesianOptimization;Lu2025_GISMLSite;Mo2018_EncoderDecoderUQ;Nassabeh2024_OffshoreSite;Seabra2024_AIEnhancedDA;TARGET_DRLGeoRisk2026_214483;TARGET_JointInversion2023_2022JB025372;Tang2022_DLDataAssimilationForecasting;Tang2024_GNNFaulted;Teng2024_LikelihoodFreeDA;VoThanh2026_DigitalTwinGNN;Wang2025_4DHistoryMatching;Wen2021_CCSNet;Wen2021_PlumeDNN;Wen2022_UFNO;Wen2023_NestedFNO;Witte2023_WNO;Yan2021_RobustDLWorkflow;Yin2022_XAILeakage;Zhang2021_LearningInversionFreeForecast;Zhong2019_PressureAnomaly
WP9.8-R1-AUTHOR-VERIFIED-2026-08-01,author_verified_wp9_8_r1_controlled_integration,decision_criticality_rule,recoded_criticality,explicit_cross_site_testing,57,1,55,2,0.018,0.018,0.003,0.096,ESR_Wu2025_042,Arafath2025_MalayBasinML;Attanasi2025_ResourceML;Baek2023_WellboreLeakage;Crain2023_MonitoringHistory;Diplas2026_DOEInjection;ESR_Chan2024_124;ESR_Chen2024_119;ESR_Falola2024_123;ESR_Hassani2024_118;ESR_Kadeethum2024_128;ESR_Kanakaki2025_045;ESR_Lozano2025_215;ESR_Meng2025_211;ESR_Nunez2023_166;ESR_Park2025_223;ESR_Pawar2023_168;ESR_RefNone_173;ESR_Tang2022_226;ESR_Tang2024_135;ESR_Tariq2023_174;ESR_Um2024_091;ESR_Um2024_104;ESR_Wang2024_089;ESR_Wu2025_042;ESR_Zhang2025_115;ESR_Zhang2025_178;ESR_Zheng2025_207;ESR_Zhou2026_127;Gahlot2025_DigitalShadow;Han2024_HierarchicalMCMC;Jiang2024_DSIHistoryMatching;Leong2024_SeisCO2Net;Lin2020_PressureLeakage;Lu2022_BayesianOptimization;Lu2025_GISMLSite;Mo2018_EncoderDecoderUQ;Nassabeh2024_OffshoreSite;Seabra2024_AIEnhancedDA;Shokouhi2021_PhysicsInformedSite;TARGET_DRLGeoRisk2026_214483;TARGET_JointInversion2023_2022JB025372;Tang2022_DLDataAssimilationForecasting;Tang2024_GNNFaulted;Teng2024_LikelihoodFreeDA;VoThanh2026_DigitalTwinGNN;Wang2025_4DHistoryMatching;Wen2021_CCSNet;Wen2021_PlumeDNN;Wen2022_UFNO;Wen2023_NestedFNO;Witte2023_WNO;Yan2021_RobustDLWorkflow;Yin2022_XAILeakage;Zhang2021_LearningInversionFreeForecast;Zhong2019_PressureAnomaly
WP9.8-R1-AUTHOR-VERIFIED-2026-08-01,author_verified_wp9_8_r1_controlled_integration,decision_criticality_rule,recoded_criticality,uncertainty_calibration_or_posterior_check,57,13,47,10,0.277,0.228,0.169,0.418,Crain2023_MonitoringHistory;ESR_Lozano2025_215;ESR_Tang2022_226;Gahlot2025_DigitalShadow;Han2024_HierarchicalMCMC;Jiang2024_DSIHistoryMatching;Mo2018_EncoderDecoderUQ;Seabra2024_AIEnhancedDA;Tang2022_DLDataAssimilationForecasting;Teng2024_LikelihoodFreeDA;VoThanh2026_DigitalTwinGNN;Wang2025_4DHistoryMatching;Zhang2021_LearningInversionFreeForecast,Arafath2025_MalayBasinML;Attanasi2025_ResourceML;Crain2023_MonitoringHistory;Diplas2026_DOEInjection;ESR_Chan2024_124;ESR_Chen2024_119;ESR_Falola2024_123;ESR_Hassani2024_118;ESR_Kadeethum2024_128;ESR_Kanakaki2025_045;ESR_Lozano2025_215;ESR_Meng2025_211;ESR_Nunez2023_166;ESR_Park2025_223;ESR_Pawar2023_168;ESR_RefNone_173;ESR_Tang2022_226;ESR_Tang2024_135;ESR_Tariq2023_174;ESR_Um2024_091;ESR_Um2024_104;ESR_Wang2024_089;ESR_Zhang2025_115;ESR_Zhang2025_178;ESR_Zheng2025_207;ESR_Zhou2026_127;Gahlot2025_DigitalShadow;Han2024_HierarchicalMCMC;Jiang2024_DSIHistoryMatching;Lu2022_BayesianOptimization;Lu2025_GISMLSite;Mo2018_EncoderDecoderUQ;Nassabeh2024_OffshoreSite;Seabra2024_AIEnhancedDA;Shokouhi2021_PhysicsInformedSite;Tang2022_DLDataAssimilationForecasting;Tang2024_GNNFaulted;Teng2024_LikelihoodFreeDA;VoThanh2026_DigitalTwinGNN;Wang2025_4DHistoryMatching;Wen2021_PlumeDNN;Wen2022_UFNO;Witte2023_WNO;Yan2021_RobustDLWorkflow;Yin2022_XAILeakage;Zhang2021_LearningInversionFreeForecast;Zhong2019_PressureAnomaly
WP9.8-R1-AUTHOR-VERIFIED-2026-08-01,author_verified_wp9_8_r1_controlled_integration,decision_criticality_rule,recoded_criticality,surrogate_error_propagation,57,4,20,37,0.200,0.070,0.081,0.416,Diplas2026_DOEInjection;Han2024_HierarchicalMCMC;Lu2022_BayesianOptimization;Wang2025_4DHistoryMatching,Attanasi2025_ResourceML;Baek2023_WellboreLeakage;Diplas2026_DOEInjection;ESR_Chan2024_124;ESR_Chen2024_119;ESR_Lozano2025_215;ESR_Meng2025_211;ESR_Tang2022_226;ESR_Wu2025_042;ESR_Zheng2025_207;Han2024_HierarchicalMCMC;Lu2022_BayesianOptimization;Mo2018_EncoderDecoderUQ;Seabra2024_AIEnhancedDA;TARGET_DRLGeoRisk2026_214483;Tang2022_DLDataAssimilationForecasting;Teng2024_LikelihoodFreeDA;Wang2025_4DHistoryMatching;Wen2021_CCSNet;Wen2023_NestedFNO
WP9.8-R1-AUTHOR-VERIFIED-2026-08-01,author_verified_wp9_8_r1_controlled_integration,decision_criticality_rule,recoded_criticality,any_physical_diagnostic_checked,57,23,42,15,0.548,0.404,0.399,0.688,Baek2023_WellboreLeakage;Crain2023_MonitoringHistory;Diplas2026_DOEInjection;ESR_Chan2024_124;ESR_Kanakaki2025_045;ESR_Tang2022_226;ESR_Tang2024_135;ESR_Um2024_091;ESR_Zheng2025_207;Han2024_HierarchicalMCMC;Jiang2024_DSIHistoryMatching;Leong2024_SeisCO2Net;Mo2018_EncoderDecoderUQ;TARGET_DRLGeoRisk2026_214483;Tang2024_GNNFaulted;VoThanh2026_DigitalTwinGNN;Wen2021_CCSNet;Wen2021_PlumeDNN;Wen2022_UFNO;Wen2023_NestedFNO;Yan2021_RobustDLWorkflow;Yin2022_XAILeakage;Zhong2019_PressureAnomaly,Arafath2025_MalayBasinML;Attanasi2025_ResourceML;Baek2023_WellboreLeakage;Crain2023_MonitoringHistory;Diplas2026_DOEInjection;ESR_Chan2024_124;ESR_Chen2024_119;ESR_Hassani2024_118;ESR_Kanakaki2025_045;ESR_Meng2025_211;ESR_RefNone_173;ESR_Tang2022_226;ESR_Tang2024_135;ESR_Um2024_091;ESR_Um2024_104;ESR_Wang2024_089;ESR_Zheng2025_207;ESR_Zhou2026_127;Gahlot2025_DigitalShadow;Han2024_HierarchicalMCMC;Jiang2024_DSIHistoryMatching;Leong2024_SeisCO2Net;Lin2020_PressureLeakage;Lu2022_BayesianOptimization;Lu2025_GISMLSite;Mo2018_EncoderDecoderUQ;Nassabeh2024_OffshoreSite;TARGET_DRLGeoRisk2026_214483;TARGET_JointInversion2023_2022JB025372;Tang2022_DLDataAssimilationForecasting;Tang2024_GNNFaulted;Teng2024_LikelihoodFreeDA;VoThanh2026_DigitalTwinGNN;Wang2025_4DHistoryMatching;Wen2021_CCSNet;Wen2021_PlumeDNN;Wen2022_UFNO;Wen2023_NestedFNO;Yan2021_RobustDLWorkflow;Yin2022_XAILeakage;Zhang2021_LearningInversionFreeForecast;Zhong2019_PressureAnomaly
WP9.8-R1-AUTHOR-VERIFIED-2026-08-01,author_verified_wp9_8_r1_controlled_integration,decision_criticality_rule,recoded_criticality,red_zone_recode_criticality,57,0,0,57,,0.000,,,,
WP9.8-R1-AUTHOR-VERIFIED-2026-08-01,author_verified_wp9_8_r1_controlled_integration,decision_criticality_rule,application_map_criticality,red_zone_application_map_criticality,57,40,53,4,0.755,0.702,0.624,0.851,Baek2023_WellboreLeakage;Crain2023_MonitoringHistory;Diplas2026_DOEInjection;ESR_Chan2024_124;ESR_Chen2024_119;ESR_Falola2024_123;ESR_Hassani2024_118;ESR_Kadeethum2024_128;ESR_Kanakaki2025_045;ESR_Lozano2025_215;ESR_Meng2025_211;ESR_Nunez2023_166;ESR_Park2025_223;ESR_Pawar2023_168;ESR_Tang2022_226;ESR_Tang2024_135;ESR_Wu2025_042;ESR_Zhang2025_115;ESR_Zheng2025_207;ESR_Zhou2026_127;Gahlot2025_DigitalShadow;Han2024_HierarchicalMCMC;Jiang2024_DSIHistoryMatching;Lu2022_BayesianOptimization;Mo2018_EncoderDecoderUQ;Seabra2024_AIEnhancedDA;TARGET_DRLGeoRisk2026_214483;Tang2022_DLDataAssimilationForecasting;Tang2024_GNNFaulted;Teng2024_LikelihoodFreeDA;VoThanh2026_DigitalTwinGNN;Wang2025_4DHistoryMatching;Wen2021_CCSNet;Wen2021_PlumeDNN;Wen2022_UFNO;Wen2023_NestedFNO;Witte2023_WNO;Yan2021_RobustDLWorkflow;Yin2022_XAILeakage;Zhang2021_LearningInversionFreeForecast,Arafath2025_MalayBasinML;Attanasi2025_ResourceML;Baek2023_WellboreLeakage;Crain2023_MonitoringHistory;Diplas2026_DOEInjection;ESR_Chan2024_124;ESR_Chen2024_119;ESR_Falola2024_123;ESR_Hassani2024_118;ESR_Kadeethum2024_128;ESR_Kanakaki2025_045;ESR_Lozano2025_215;ESR_Meng2025_211;ESR_Nunez2023_166;ESR_Park2025_223;ESR_Pawar2023_168;ESR_RefNone_173;ESR_Tang2022_226;ESR_Tang2024_135;ESR_Um2024_091;ESR_Um2024_104;ESR_Vishal2025_213;ESR_Wang2024_089;ESR_Wu2025_042;ESR_Zhang2025_115;ESR_Zheng2025_207;ESR_Zhou2026_127;Gahlot2025_DigitalShadow;Han2024_HierarchicalMCMC;Jiang2024_DSIHistoryMatching;Leong2024_SeisCO2Net;Lin2020_PressureLeakage;Lu2022_BayesianOptimization;Lu2025_GISMLSite;Mo2018_EncoderDecoderUQ;Nassabeh2024_OffshoreSite;Seabra2024_AIEnhancedDA;TARGET_DRLGeoRisk2026_214483;TARGET_JointInversion2023_2022JB025372;Tang2022_DLDataAssimilationForecasting;Tang2024_GNNFaulted;Teng2024_LikelihoodFreeDA;VoThanh2026_DigitalTwinGNN;Wang2025_4DHistoryMatching;Wen2021_CCSNet;Wen2021_PlumeDNN;Wen2022_UFNO;Wen2023_NestedFNO;Witte2023_WNO;Yan2021_RobustDLWorkflow;Yin2022_XAILeakage;Zhang2021_LearningInversionFreeForecast;Zhong2019_PressureAnomaly
WP9.8-R1-AUTHOR-VERIFIED-2026-08-01,author_verified_wp9_8_r1_controlled_integration,coding_version,original_locked_coding,score_ge3::field_evidence_score,57,8,56,1,0.143,0.140,0.074,0.257,Arafath2025_MalayBasinML;ESR_Vishal2025_213;ESR_Wang2024_089;ESR_Zhang2025_178;Leong2024_SeisCO2Net;Lin2020_PressureLeakage;Lu2025_GISMLSite;Zhong2019_PressureAnomaly,Arafath2025_MalayBasinML;Attanasi2025_ResourceML;Baek2023_WellboreLeakage;Crain2023_MonitoringHistory;Diplas2026_DOEInjection;ESR_Chan2024_124;ESR_Chen2024_119;ESR_Falola2024_123;ESR_Hassani2024_118;ESR_Kadeethum2024_128;ESR_Kanakaki2025_045;ESR_Lozano2025_215;ESR_Meng2025_211;ESR_Nunez2023_166;ESR_Park2025_223;ESR_Pawar2023_168;ESR_RefNone_173;ESR_Tang2022_226;ESR_Tang2024_135;ESR_Tariq2023_174;ESR_Um2024_091;ESR_Um2024_104;ESR_Vishal2025_213;ESR_Wang2024_089;ESR_Wu2025_042;ESR_Zhang2025_115;ESR_Zhang2025_178;ESR_Zheng2025_207;ESR_Zhou2026_127;Gahlot2025_DigitalShadow;Han2024_HierarchicalMCMC;Jiang2024_DSIHistoryMatching;Leong2024_SeisCO2Net;Lin2020_PressureLeakage;Lu2022_BayesianOptimization;Lu2025_GISMLSite;Mo2018_EncoderDecoderUQ;Nassabeh2024_OffshoreSite;Seabra2024_AIEnhancedDA;Shokouhi2021_PhysicsInformedSite;TARGET_DRLGeoRisk2026_214483;TARGET_JointInversion2023_2022JB025372;Tang2022_DLDataAssimilationForecasting;Tang2024_GNNFaulted;Teng2024_LikelihoodFreeDA;VoThanh2026_DigitalTwinGNN;Wang2025_4DHistoryMatching;Wen2021_CCSNet;Wen2021_PlumeDNN;Wen2022_UFNO;Wen2023_NestedFNO;Witte2023_WNO;Yan2021_RobustDLWorkflow;Yin2022_XAILeakage;Zhang2021_LearningInversionFreeForecast;Zhong2019_PressureAnomaly
WP9.8-R1-AUTHOR-VERIFIED-2026-08-01,author_verified_wp9_8_r1_controlled_integration,coding_version,original_locked_coding,score_ge3::physical_consistency_score,57,42,57,0,0.737,0.737,0.610,0.834,Baek2023_WellboreLeakage;Crain2023_MonitoringHistory;Diplas2026_DOEInjection;ESR_Chan2024_124;ESR_Chen2024_119;ESR_Falola2024_123;ESR_Kanakaki2025_045;ESR_Lozano2025_215;ESR_Meng2025_211;ESR_Nunez2023_166;ESR_Park2025_223;ESR_Tang2022_226;ESR_Tang2024_135;ESR_Tariq2023_174;ESR_Um2024_091;ESR_Um2024_104;ESR_Zhang2025_115;ESR_Zhang2025_178;ESR_Zheng2025_207;ESR_Zhou2026_127;Gahlot2025_DigitalShadow;Han2024_HierarchicalMCMC;Jiang2024_DSIHistoryMatching;Leong2024_SeisCO2Net;Lu2022_BayesianOptimization;Mo2018_EncoderDecoderUQ;Seabra2024_AIEnhancedDA;Shokouhi2021_PhysicsInformedSite;TARGET_DRLGeoRisk2026_214483;TARGET_JointInversion2023_2022JB025372;Tang2022_DLDataAssimilationForecasting;Tang2024_GNNFaulted;Teng2024_LikelihoodFreeDA;VoThanh2026_DigitalTwinGNN;Wang2025_4DHistoryMatching;Wen2021_CCSNet;Wen2021_PlumeDNN;Wen2022_UFNO;Wen2023_NestedFNO;Witte2023_WNO;Yan2021_RobustDLWorkflow;Yin2022_XAILeakage,Arafath2025_MalayBasinML;Attanasi2025_ResourceML;Baek2023_WellboreLeakage;Crain2023_MonitoringHistory;Diplas2026_DOEInjection;ESR_Chan2024_124;ESR_Chen2024_119;ESR_Falola2024_123;ESR_Hassani2024_118;ESR_Kadeethum2024_128;ESR_Kanakaki2025_045;ESR_Liu2025_121;ESR_Lozano2025_215;ESR_Meng2025_211;ESR_Nunez2023_166;ESR_Park2025_223;ESR_Pawar2023_168;ESR_RefNone_173;ESR_Tang2022_226;ESR_Tang2024_135;ESR_Tariq2023_174;ESR_Um2024_091;ESR_Um2024_104;ESR_Vishal2025_213;ESR_Wang2024_089;ESR_Wu2025_042;ESR_Zhang2025_115;ESR_Zhang2025_178;ESR_Zheng2025_207;ESR_Zhou2026_127;Gahlot2025_DigitalShadow;Han2024_HierarchicalMCMC;Jiang2024_DSIHistoryMatching;Leong2024_SeisCO2Net;Lin2020_PressureLeakage;Lu2022_BayesianOptimization;Lu2025_GISMLSite;Mo2018_EncoderDecoderUQ;Nassabeh2024_OffshoreSite;Seabra2024_AIEnhancedDA;Shokouhi2021_PhysicsInformedSite;TARGET_DRLGeoRisk2026_214483;TARGET_JointInversion2023_2022JB025372;Tang2022_DLDataAssimilationForecasting;Tang2024_GNNFaulted;Teng2024_LikelihoodFreeDA;VoThanh2026_DigitalTwinGNN;Wang2025_4DHistoryMatching;Wen2021_CCSNet;Wen2021_PlumeDNN;Wen2022_UFNO;Wen2023_NestedFNO;Witte2023_WNO;Yan2021_RobustDLWorkflow;Yin2022_XAILeakage;Zhang2021_LearningInversionFreeForecast;Zhong2019_PressureAnomaly
WP9.8-R1-AUTHOR-VERIFIED-2026-08-01,author_verified_wp9_8_r1_controlled_integration,coding_version,original_locked_coding,score_ge3::uncertainty_score,57,14,56,1,0.250,0.246,0.155,0.377,Crain2023_MonitoringHistory;ESR_Lozano2025_215;ESR_Tang2022_226;Gahlot2025_DigitalShadow;Han2024_HierarchicalMCMC;Jiang2024_DSIHistoryMatching;Mo2018_EncoderDecoderUQ;Seabra2024_AIEnhancedDA;Tang2022_DLDataAssimilationForecasting;Teng2024_LikelihoodFreeDA;VoThanh2026_DigitalTwinGNN;Wang2025_4DHistoryMatching;Zhang2021_LearningInversionFreeForecast;Zhong2019_PressureAnomaly,Arafath2025_MalayBasinML;Attanasi2025_ResourceML;Baek2023_WellboreLeakage;Crain2023_MonitoringHistory;Diplas2026_DOEInjection;ESR_Chan2024_124;ESR_Chen2024_119;ESR_Falola2024_123;ESR_Hassani2024_118;ESR_Kadeethum2024_128;ESR_Kanakaki2025_045;ESR_Lozano2025_215;ESR_Meng2025_211;ESR_Nunez2023_166;ESR_Park2025_223;ESR_Pawar2023_168;ESR_RefNone_173;ESR_Tang2022_226;ESR_Tang2024_135;ESR_Tariq2023_174;ESR_Um2024_091;ESR_Um2024_104;ESR_Vishal2025_213;ESR_Wang2024_089;ESR_Wu2025_042;ESR_Zhang2025_115;ESR_Zhang2025_178;ESR_Zheng2025_207;ESR_Zhou2026_127;Gahlot2025_DigitalShadow;Han2024_HierarchicalMCMC;Jiang2024_DSIHistoryMatching;Leong2024_SeisCO2Net;Lin2020_PressureLeakage;Lu2022_BayesianOptimization;Lu2025_GISMLSite;Mo2018_EncoderDecoderUQ;Nassabeh2024_OffshoreSite;Seabra2024_AIEnhancedDA;Shokouhi2021_PhysicsInformedSite;TARGET_DRLGeoRisk2026_214483;TARGET_JointInversion2023_2022JB025372;Tang2022_DLDataAssimilationForecasting;Tang2024_GNNFaulted;Teng2024_LikelihoodFreeDA;VoThanh2026_DigitalTwinGNN;Wang2025_4DHistoryMatching;Wen2021_CCSNet;Wen2021_PlumeDNN;Wen2022_UFNO;Wen2023_NestedFNO;Witte2023_WNO;Yan2021_RobustDLWorkflow;Yin2022_XAILeakage;Zhang2021_LearningInversionFreeForecast;Zhong2019_PressureAnomaly
WP9.8-R1-AUTHOR-VERIFIED-2026-08-01,author_verified_wp9_8_r1_controlled_integration,coding_version,original_locked_coding,score_ge3::transferability_score,57,7,56,1,0.125,0.123,0.062,0.236,ESR_Wu2025_042;ESR_Zhang2025_115;Seabra2024_AIEnhancedDA;Tang2022_DLDataAssimilationForecasting;Tang2024_GNNFaulted;VoThanh2026_DigitalTwinGNN;Wen2021_PlumeDNN,Arafath2025_MalayBasinML;Attanasi2025_ResourceML;Baek2023_WellboreLeakage;Crain2023_MonitoringHistory;Diplas2026_DOEInjection;ESR_Chan2024_124;ESR_Chen2024_119;ESR_Falola2024_123;ESR_Hassani2024_118;ESR_Kadeethum2024_128;ESR_Kanakaki2025_045;ESR_Lozano2025_215;ESR_Meng2025_211;ESR_Nunez2023_166;ESR_Park2025_223;ESR_Pawar2023_168;ESR_RefNone_173;ESR_Tang2022_226;ESR_Tang2024_135;ESR_Tariq2023_174;ESR_Um2024_091;ESR_Um2024_104;ESR_Vishal2025_213;ESR_Wang2024_089;ESR_Wu2025_042;ESR_Zhang2025_115;ESR_Zhang2025_178;ESR_Zheng2025_207;ESR_Zhou2026_127;Gahlot2025_DigitalShadow;Han2024_HierarchicalMCMC;Jiang2024_DSIHistoryMatching;Leong2024_SeisCO2Net;Lin2020_PressureLeakage;Lu2022_BayesianOptimization;Lu2025_GISMLSite;Mo2018_EncoderDecoderUQ;Nassabeh2024_OffshoreSite;Seabra2024_AIEnhancedDA;Shokouhi2021_PhysicsInformedSite;TARGET_DRLGeoRisk2026_214483;TARGET_JointInversion2023_2022JB025372;Tang2022_DLDataAssimilationForecasting;Tang2024_GNNFaulted;Teng2024_LikelihoodFreeDA;VoThanh2026_DigitalTwinGNN;Wang2025_4DHistoryMatching;Wen2021_CCSNet;Wen2021_PlumeDNN;Wen2022_UFNO;Wen2023_NestedFNO;Witte2023_WNO;Yan2021_RobustDLWorkflow;Yin2022_XAILeakage;Zhang2021_LearningInversionFreeForecast;Zhong2019_PressureAnomaly
WP9.8-R1-AUTHOR-VERIFIED-2026-08-01,author_verified_wp9_8_r1_controlled_integration,coding_version,original_locked_coding,score_ge3::decision_readiness_score,57,11,57,0,0.193,0.193,0.111,0.313,Baek2023_WellboreLeakage;Crain2023_MonitoringHistory;Diplas2026_DOEInjection;ESR_Tang2022_226;Leong2024_SeisCO2Net;Lin2020_PressureLeakage;Lu2022_BayesianOptimization;TARGET_DRLGeoRisk2026_214483;Wang2025_4DHistoryMatching;Wen2023_NestedFNO;Zhong2019_PressureAnomaly,Arafath2025_MalayBasinML;Attanasi2025_ResourceML;Baek2023_WellboreLeakage;Crain2023_MonitoringHistory;Diplas2026_DOEInjection;ESR_Chan2024_124;ESR_Chen2024_119;ESR_Falola2024_123;ESR_Hassani2024_118;ESR_Kadeethum2024_128;ESR_Kanakaki2025_045;ESR_Liu2025_121;ESR_Lozano2025_215;ESR_Meng2025_211;ESR_Nunez2023_166;ESR_Park2025_223;ESR_Pawar2023_168;ESR_RefNone_173;ESR_Tang2022_226;ESR_Tang2024_135;ESR_Tariq2023_174;ESR_Um2024_091;ESR_Um2024_104;ESR_Vishal2025_213;ESR_Wang2024_089;ESR_Wu2025_042;ESR_Zhang2025_115;ESR_Zhang2025_178;ESR_Zheng2025_207;ESR_Zhou2026_127;Gahlot2025_DigitalShadow;Han2024_HierarchicalMCMC;Jiang2024_DSIHistoryMatching;Leong2024_SeisCO2Net;Lin2020_PressureLeakage;Lu2022_BayesianOptimization;Lu2025_GISMLSite;Mo2018_EncoderDecoderUQ;Nassabeh2024_OffshoreSite;Seabra2024_AIEnhancedDA;Shokouhi2021_PhysicsInformedSite;TARGET_DRLGeoRisk2026_214483;TARGET_JointInversion2023_2022JB025372;Tang2022_DLDataAssimilationForecasting;Tang2024_GNNFaulted;Teng2024_LikelihoodFreeDA;VoThanh2026_DigitalTwinGNN;Wang2025_4DHistoryMatching;Wen2021_CCSNet;Wen2021_PlumeDNN;Wen2022_UFNO;Wen2023_NestedFNO;Witte2023_WNO;Yan2021_RobustDLWorkflow;Yin2022_XAILeakage;Zhang2021_LearningInversionFreeForecast;Zhong2019_PressureAnomaly
WP9.8-R1-AUTHOR-VERIFIED-2026-08-01,author_verified_wp9_8_r1_controlled_integration,coding_version,original_locked_coding,red_zone_application_map_criticality,57,40,53,4,0.755,0.702,0.624,0.851,Baek2023_WellboreLeakage;Crain2023_MonitoringHistory;Diplas2026_DOEInjection;ESR_Chan2024_124;ESR_Chen2024_119;ESR_Falola2024_123;ESR_Hassani2024_118;ESR_Kadeethum2024_128;ESR_Kanakaki2025_045;ESR_Lozano2025_215;ESR_Meng2025_211;ESR_Nunez2023_166;ESR_Park2025_223;ESR_Pawar2023_168;ESR_Tang2022_226;ESR_Tang2024_135;ESR_Wu2025_042;ESR_Zhang2025_115;ESR_Zheng2025_207;ESR_Zhou2026_127;Gahlot2025_DigitalShadow;Han2024_HierarchicalMCMC;Jiang2024_DSIHistoryMatching;Lu2022_BayesianOptimization;Mo2018_EncoderDecoderUQ;Seabra2024_AIEnhancedDA;TARGET_DRLGeoRisk2026_214483;Tang2022_DLDataAssimilationForecasting;Tang2024_GNNFaulted;Teng2024_LikelihoodFreeDA;VoThanh2026_DigitalTwinGNN;Wang2025_4DHistoryMatching;Wen2021_CCSNet;Wen2021_PlumeDNN;Wen2022_UFNO;Wen2023_NestedFNO;Witte2023_WNO;Yan2021_RobustDLWorkflow;Yin2022_XAILeakage;Zhang2021_LearningInversionFreeForecast,Arafath2025_MalayBasinML;Attanasi2025_ResourceML;Baek2023_WellboreLeakage;Crain2023_MonitoringHistory;Diplas2026_DOEInjection;ESR_Chan2024_124;ESR_Chen2024_119;ESR_Falola2024_123;ESR_Hassani2024_118;ESR_Kadeethum2024_128;ESR_Kanakaki2025_045;ESR_Lozano2025_215;ESR_Meng2025_211;ESR_Nunez2023_166;ESR_Park2025_223;ESR_Pawar2023_168;ESR_RefNone_173;ESR_Tang2022_226;ESR_Tang2024_135;ESR_Um2024_091;ESR_Um2024_104;ESR_Vishal2025_213;ESR_Wang2024_089;ESR_Wu2025_042;ESR_Zhang2025_115;ESR_Zheng2025_207;ESR_Zhou2026_127;Gahlot2025_DigitalShadow;Han2024_HierarchicalMCMC;Jiang2024_DSIHistoryMatching;Leong2024_SeisCO2Net;Lin2020_PressureLeakage;Lu2022_BayesianOptimization;Lu2025_GISMLSite;Mo2018_EncoderDecoderUQ;Nassabeh2024_OffshoreSite;Seabra2024_AIEnhancedDA;TARGET_DRLGeoRisk2026_214483;TARGET_JointInversion2023_2022JB025372;Tang2022_DLDataAssimilationForecasting;Tang2024_GNNFaulted;Teng2024_LikelihoodFreeDA;VoThanh2026_DigitalTwinGNN;Wang2025_4DHistoryMatching;Wen2021_CCSNet;Wen2021_PlumeDNN;Wen2022_UFNO;Wen2023_NestedFNO;Witte2023_WNO;Yan2021_RobustDLWorkflow;Yin2022_XAILeakage;Zhang2021_LearningInversionFreeForecast;Zhong2019_PressureAnomaly
WP9.8-R1-AUTHOR-VERIFIED-2026-08-01,author_verified_wp9_8_r1_controlled_integration,coding_version,conservative_author_verified_coding,score_ge3::field_evidence_score,57,5,56,1,0.089,0.088,0.039,0.193,Arafath2025_MalayBasinML;ESR_Vishal2025_213;ESR_Wang2024_089;ESR_Zhang2025_178;Lu2025_GISMLSite,Arafath2025_MalayBasinML;Attanasi2025_ResourceML;Baek2023_WellboreLeakage;Crain2023_MonitoringHistory;Diplas2026_DOEInjection;ESR_Chan2024_124;ESR_Chen2024_119;ESR_Falola2024_123;ESR_Hassani2024_118;ESR_Kadeethum2024_128;ESR_Kanakaki2025_045;ESR_Lozano2025_215;ESR_Meng2025_211;ESR_Nunez2023_166;ESR_Park2025_223;ESR_Pawar2023_168;ESR_RefNone_173;ESR_Tang2022_226;ESR_Tang2024_135;ESR_Tariq2023_174;ESR_Um2024_091;ESR_Um2024_104;ESR_Vishal2025_213;ESR_Wang2024_089;ESR_Wu2025_042;ESR_Zhang2025_115;ESR_Zhang2025_178;ESR_Zheng2025_207;ESR_Zhou2026_127;Gahlot2025_DigitalShadow;Han2024_HierarchicalMCMC;Jiang2024_DSIHistoryMatching;Leong2024_SeisCO2Net;Lin2020_PressureLeakage;Lu2022_BayesianOptimization;Lu2025_GISMLSite;Mo2018_EncoderDecoderUQ;Nassabeh2024_OffshoreSite;Seabra2024_AIEnhancedDA;Shokouhi2021_PhysicsInformedSite;TARGET_DRLGeoRisk2026_214483;TARGET_JointInversion2023_2022JB025372;Tang2022_DLDataAssimilationForecasting;Tang2024_GNNFaulted;Teng2024_LikelihoodFreeDA;VoThanh2026_DigitalTwinGNN;Wang2025_4DHistoryMatching;Wen2021_CCSNet;Wen2021_PlumeDNN;Wen2022_UFNO;Wen2023_NestedFNO;Witte2023_WNO;Yan2021_RobustDLWorkflow;Yin2022_XAILeakage;Zhang2021_LearningInversionFreeForecast;Zhong2019_PressureAnomaly
WP9.8-R1-AUTHOR-VERIFIED-2026-08-01,author_verified_wp9_8_r1_controlled_integration,coding_version,conservative_author_verified_coding,score_ge3::physical_consistency_score,57,41,57,0,0.719,0.719,0.592,0.819,Baek2023_WellboreLeakage;Crain2023_MonitoringHistory;Diplas2026_DOEInjection;ESR_Chan2024_124;ESR_Chen2024_119;ESR_Falola2024_123;ESR_Kanakaki2025_045;ESR_Lozano2025_215;ESR_Meng2025_211;ESR_Nunez2023_166;ESR_Park2025_223;ESR_Tang2022_226;ESR_Tang2024_135;ESR_Tariq2023_174;ESR_Um2024_091;ESR_Um2024_104;ESR_Zhang2025_115;ESR_Zhang2025_178;ESR_Zheng2025_207;ESR_Zhou2026_127;Gahlot2025_DigitalShadow;Han2024_HierarchicalMCMC;Jiang2024_DSIHistoryMatching;Leong2024_SeisCO2Net;Lu2022_BayesianOptimization;Mo2018_EncoderDecoderUQ;Seabra2024_AIEnhancedDA;TARGET_DRLGeoRisk2026_214483;TARGET_JointInversion2023_2022JB025372;Tang2022_DLDataAssimilationForecasting;Tang2024_GNNFaulted;Teng2024_LikelihoodFreeDA;VoThanh2026_DigitalTwinGNN;Wang2025_4DHistoryMatching;Wen2021_CCSNet;Wen2021_PlumeDNN;Wen2022_UFNO;Wen2023_NestedFNO;Witte2023_WNO;Yan2021_RobustDLWorkflow;Yin2022_XAILeakage,Arafath2025_MalayBasinML;Attanasi2025_ResourceML;Baek2023_WellboreLeakage;Crain2023_MonitoringHistory;Diplas2026_DOEInjection;ESR_Chan2024_124;ESR_Chen2024_119;ESR_Falola2024_123;ESR_Hassani2024_118;ESR_Kadeethum2024_128;ESR_Kanakaki2025_045;ESR_Liu2025_121;ESR_Lozano2025_215;ESR_Meng2025_211;ESR_Nunez2023_166;ESR_Park2025_223;ESR_Pawar2023_168;ESR_RefNone_173;ESR_Tang2022_226;ESR_Tang2024_135;ESR_Tariq2023_174;ESR_Um2024_091;ESR_Um2024_104;ESR_Vishal2025_213;ESR_Wang2024_089;ESR_Wu2025_042;ESR_Zhang2025_115;ESR_Zhang2025_178;ESR_Zheng2025_207;ESR_Zhou2026_127;Gahlot2025_DigitalShadow;Han2024_HierarchicalMCMC;Jiang2024_DSIHistoryMatching;Leong2024_SeisCO2Net;Lin2020_PressureLeakage;Lu2022_BayesianOptimization;Lu2025_GISMLSite;Mo2018_EncoderDecoderUQ;Nassabeh2024_OffshoreSite;Seabra2024_AIEnhancedDA;Shokouhi2021_PhysicsInformedSite;TARGET_DRLGeoRisk2026_214483;TARGET_JointInversion2023_2022JB025372;Tang2022_DLDataAssimilationForecasting;Tang2024_GNNFaulted;Teng2024_LikelihoodFreeDA;VoThanh2026_DigitalTwinGNN;Wang2025_4DHistoryMatching;Wen2021_CCSNet;Wen2021_PlumeDNN;Wen2022_UFNO;Wen2023_NestedFNO;Witte2023_WNO;Yan2021_RobustDLWorkflow;Yin2022_XAILeakage;Zhang2021_LearningInversionFreeForecast;Zhong2019_PressureAnomaly
WP9.8-R1-AUTHOR-VERIFIED-2026-08-01,author_verified_wp9_8_r1_controlled_integration,coding_version,conservative_author_verified_coding,score_ge3::uncertainty_score,57,13,56,1,0.232,0.228,0.141,0.358,Crain2023_MonitoringHistory;ESR_Lozano2025_215;ESR_Tang2022_226;Gahlot2025_DigitalShadow;Han2024_HierarchicalMCMC;Jiang2024_DSIHistoryMatching;Mo2018_EncoderDecoderUQ;Seabra2024_AIEnhancedDA;Tang2022_DLDataAssimilationForecasting;Teng2024_LikelihoodFreeDA;VoThanh2026_DigitalTwinGNN;Wang2025_4DHistoryMatching;Zhang2021_LearningInversionFreeForecast,Arafath2025_MalayBasinML;Attanasi2025_ResourceML;Baek2023_WellboreLeakage;Crain2023_MonitoringHistory;Diplas2026_DOEInjection;ESR_Chan2024_124;ESR_Chen2024_119;ESR_Falola2024_123;ESR_Hassani2024_118;ESR_Kadeethum2024_128;ESR_Kanakaki2025_045;ESR_Lozano2025_215;ESR_Meng2025_211;ESR_Nunez2023_166;ESR_Park2025_223;ESR_Pawar2023_168;ESR_RefNone_173;ESR_Tang2022_226;ESR_Tang2024_135;ESR_Tariq2023_174;ESR_Um2024_091;ESR_Um2024_104;ESR_Vishal2025_213;ESR_Wang2024_089;ESR_Wu2025_042;ESR_Zhang2025_115;ESR_Zhang2025_178;ESR_Zheng2025_207;ESR_Zhou2026_127;Gahlot2025_DigitalShadow;Han2024_HierarchicalMCMC;Jiang2024_DSIHistoryMatching;Leong2024_SeisCO2Net;Lin2020_PressureLeakage;Lu2022_BayesianOptimization;Lu2025_GISMLSite;Mo2018_EncoderDecoderUQ;Nassabeh2024_OffshoreSite;Seabra2024_AIEnhancedDA;Shokouhi2021_PhysicsInformedSite;TARGET_DRLGeoRisk2026_214483;TARGET_JointInversion2023_2022JB025372;Tang2022_DLDataAssimilationForecasting;Tang2024_GNNFaulted;Teng2024_LikelihoodFreeDA;VoThanh2026_DigitalTwinGNN;Wang2025_4DHistoryMatching;Wen2021_CCSNet;Wen2021_PlumeDNN;Wen2022_UFNO;Wen2023_NestedFNO;Witte2023_WNO;Yan2021_RobustDLWorkflow;Yin2022_XAILeakage;Zhang2021_LearningInversionFreeForecast;Zhong2019_PressureAnomaly
WP9.8-R1-AUTHOR-VERIFIED-2026-08-01,author_verified_wp9_8_r1_controlled_integration,coding_version,conservative_author_verified_coding,score_ge3::transferability_score,57,6,56,1,0.107,0.105,0.050,0.215,ESR_Wu2025_042;Leong2024_SeisCO2Net;Lin2020_PressureLeakage;Seabra2024_AIEnhancedDA;Tang2022_DLDataAssimilationForecasting;Zhong2019_PressureAnomaly,Arafath2025_MalayBasinML;Attanasi2025_ResourceML;Baek2023_WellboreLeakage;Crain2023_MonitoringHistory;Diplas2026_DOEInjection;ESR_Chan2024_124;ESR_Chen2024_119;ESR_Falola2024_123;ESR_Hassani2024_118;ESR_Kadeethum2024_128;ESR_Kanakaki2025_045;ESR_Lozano2025_215;ESR_Meng2025_211;ESR_Nunez2023_166;ESR_Park2025_223;ESR_Pawar2023_168;ESR_RefNone_173;ESR_Tang2022_226;ESR_Tang2024_135;ESR_Tariq2023_174;ESR_Um2024_091;ESR_Um2024_104;ESR_Vishal2025_213;ESR_Wang2024_089;ESR_Wu2025_042;ESR_Zhang2025_115;ESR_Zhang2025_178;ESR_Zheng2025_207;ESR_Zhou2026_127;Gahlot2025_DigitalShadow;Han2024_HierarchicalMCMC;Jiang2024_DSIHistoryMatching;Leong2024_SeisCO2Net;Lin2020_PressureLeakage;Lu2022_BayesianOptimization;Lu2025_GISMLSite;Mo2018_EncoderDecoderUQ;Nassabeh2024_OffshoreSite;Seabra2024_AIEnhancedDA;Shokouhi2021_PhysicsInformedSite;TARGET_DRLGeoRisk2026_214483;TARGET_JointInversion2023_2022JB025372;Tang2022_DLDataAssimilationForecasting;Tang2024_GNNFaulted;Teng2024_LikelihoodFreeDA;VoThanh2026_DigitalTwinGNN;Wang2025_4DHistoryMatching;Wen2021_CCSNet;Wen2021_PlumeDNN;Wen2022_UFNO;Wen2023_NestedFNO;Witte2023_WNO;Yan2021_RobustDLWorkflow;Yin2022_XAILeakage;Zhang2021_LearningInversionFreeForecast;Zhong2019_PressureAnomaly
WP9.8-R1-AUTHOR-VERIFIED-2026-08-01,author_verified_wp9_8_r1_controlled_integration,coding_version,conservative_author_verified_coding,score_ge3::decision_readiness_score,57,8,57,0,0.140,0.140,0.073,0.253,Crain2023_MonitoringHistory;Diplas2026_DOEInjection;ESR_Tang2022_226;Lin2020_PressureLeakage;Lu2022_BayesianOptimization;TARGET_DRLGeoRisk2026_214483;Wang2025_4DHistoryMatching;Zhong2019_PressureAnomaly,Arafath2025_MalayBasinML;Attanasi2025_ResourceML;Baek2023_WellboreLeakage;Crain2023_MonitoringHistory;Diplas2026_DOEInjection;ESR_Chan2024_124;ESR_Chen2024_119;ESR_Falola2024_123;ESR_Hassani2024_118;ESR_Kadeethum2024_128;ESR_Kanakaki2025_045;ESR_Liu2025_121;ESR_Lozano2025_215;ESR_Meng2025_211;ESR_Nunez2023_166;ESR_Park2025_223;ESR_Pawar2023_168;ESR_RefNone_173;ESR_Tang2022_226;ESR_Tang2024_135;ESR_Tariq2023_174;ESR_Um2024_091;ESR_Um2024_104;ESR_Vishal2025_213;ESR_Wang2024_089;ESR_Wu2025_042;ESR_Zhang2025_115;ESR_Zhang2025_178;ESR_Zheng2025_207;ESR_Zhou2026_127;Gahlot2025_DigitalShadow;Han2024_HierarchicalMCMC;Jiang2024_DSIHistoryMatching;Leong2024_SeisCO2Net;Lin2020_PressureLeakage;Lu2022_BayesianOptimization;Lu2025_GISMLSite;Mo2018_EncoderDecoderUQ;Nassabeh2024_OffshoreSite;Seabra2024_AIEnhancedDA;Shokouhi2021_PhysicsInformedSite;TARGET_DRLGeoRisk2026_214483;TARGET_JointInversion2023_2022JB025372;Tang2022_DLDataAssimilationForecasting;Tang2024_GNNFaulted;Teng2024_LikelihoodFreeDA;VoThanh2026_DigitalTwinGNN;Wang2025_4DHistoryMatching;Wen2021_CCSNet;Wen2021_PlumeDNN;Wen2022_UFNO;Wen2023_NestedFNO;Witte2023_WNO;Yan2021_RobustDLWorkflow;Yin2022_XAILeakage;Zhang2021_LearningInversionFreeForecast;Zhong2019_PressureAnomaly
WP9.8-R1-AUTHOR-VERIFIED-2026-08-01,author_verified_wp9_8_r1_controlled_integration,coding_version,conservative_author_verified_coding,red_zone_application_map_criticality,57,40,53,4,0.755,0.702,0.624,0.851,Baek2023_WellboreLeakage;Crain2023_MonitoringHistory;Diplas2026_DOEInjection;ESR_Chan2024_124;ESR_Chen2024_119;ESR_Falola2024_123;ESR_Hassani2024_118;ESR_Kadeethum2024_128;ESR_Kanakaki2025_045;ESR_Lozano2025_215;ESR_Meng2025_211;ESR_Nunez2023_166;ESR_Park2025_223;ESR_Pawar2023_168;ESR_Tang2022_226;ESR_Tang2024_135;ESR_Wu2025_042;ESR_Zhang2025_115;ESR_Zheng2025_207;ESR_Zhou2026_127;Gahlot2025_DigitalShadow;Han2024_HierarchicalMCMC;Jiang2024_DSIHistoryMatching;Lu2022_BayesianOptimization;Mo2018_EncoderDecoderUQ;Seabra2024_AIEnhancedDA;TARGET_DRLGeoRisk2026_214483;Tang2022_DLDataAssimilationForecasting;Tang2024_GNNFaulted;Teng2024_LikelihoodFreeDA;VoThanh2026_DigitalTwinGNN;Wang2025_4DHistoryMatching;Wen2021_CCSNet;Wen2021_PlumeDNN;Wen2022_UFNO;Wen2023_NestedFNO;Witte2023_WNO;Yan2021_RobustDLWorkflow;Yin2022_XAILeakage;Zhang2021_LearningInversionFreeForecast,Arafath2025_MalayBasinML;Attanasi2025_ResourceML;Baek2023_WellboreLeakage;Crain2023_MonitoringHistory;Diplas2026_DOEInjection;ESR_Chan2024_124;ESR_Chen2024_119;ESR_Falola2024_123;ESR_Hassani2024_118;ESR_Kadeethum2024_128;ESR_Kanakaki2025_045;ESR_Lozano2025_215;ESR_Meng2025_211;ESR_Nunez2023_166;ESR_Park2025_223;ESR_Pawar2023_168;ESR_RefNone_173;ESR_Tang2022_226;ESR_Tang2024_135;ESR_Um2024_091;ESR_Um2024_104;ESR_Vishal2025_213;ESR_Wang2024_089;ESR_Wu2025_042;ESR_Zhang2025_115;ESR_Zheng2025_207;ESR_Zhou2026_127;Gahlot2025_DigitalShadow;Han2024_HierarchicalMCMC;Jiang2024_DSIHistoryMatching;Leong2024_SeisCO2Net;Lin2020_PressureLeakage;Lu2022_BayesianOptimization;Lu2025_GISMLSite;Mo2018_EncoderDecoderUQ;Nassabeh2024_OffshoreSite;Seabra2024_AIEnhancedDA;TARGET_DRLGeoRisk2026_214483;TARGET_JointInversion2023_2022JB025372;Tang2022_DLDataAssimilationForecasting;Tang2024_GNNFaulted;Teng2024_LikelihoodFreeDA;VoThanh2026_DigitalTwinGNN;Wang2025_4DHistoryMatching;Wen2021_CCSNet;Wen2021_PlumeDNN;Wen2022_UFNO;Wen2023_NestedFNO;Witte2023_WNO;Yan2021_RobustDLWorkflow;Yin2022_XAILeakage;Zhang2021_LearningInversionFreeForecast;Zhong2019_PressureAnomaly
