record_id,title,authors,year,venue,doi_or_url,record_class,current_status,full_text_verified,full_text_source,full_text_version,main_quantitative_inclusion,status_or_exclusion_reason,evidence_page_or_section_note,source_inventory,application_group,notes
ESR_Tang2024_135,Multi-fidelity Fourier neural operator for fast modeling of large-scale geological carbon storage,Hewei Tang; Qingkai Kong; Joseph P. Morris,2024,Journal of Hydrology,https://doi.org/10.1016/j.jhydrol.2024.130641,full_text_verified_primary_ML_CGS,quantitative_main,yes,https://doi.org/10.1016/j.jhydrol.2024.130641,journal_article,yes,Meets the predeclared main-claim eligibility rule.,"Full text extracted; evidence terms detected: mass, plume, geomechanics, rock/sensor physics, uncertainty",evidence/WP4_CONSERVATIVE_ANALYSIS_CORE.csv,Storage dynamics and surrogates,coding_basis=metadata/title/rubric; source_status=core_metadata_screened_needs_full_text_check; full-text PDF extracted by automated OA workflow
Wen2022_UFNO,U-FNO—An enhanced Fourier neural operator-based deep-learning model for multiphase flow,Gege Wen; Zongyi Li; Kamyar Azizzadenesheli; Anima Anandkumar; Sally M. Benson,2022,Advances in Water Resources,https://doi.org/10.1016/j.advwatres.2022.104180,full_text_verified_primary_ML_CGS,quantitative_main,yes,https://doi.org/10.1016/j.advwatres.2022.104180,journal_article,yes,Meets the predeclared main-claim eligibility rule.,"Full text extracted; evidence terms detected: pressure, plume, rock/sensor physics",evidence/WP4_CONSERVATIVE_ANALYSIS_CORE.csv,Storage dynamics and surrogates,legacy literature_matrix candidate; full-text PDF extracted by automated OA workflow
Wen2021_CCSNet,CCSNet: A deep learning modeling suite for CO2 storage,Gege Wen; Catherine Hay; Sally M. Benson,2021,Advances in Water Resources,https://doi.org/10.1016/j.advwatres.2021.104009,full_text_verified_primary_ML_CGS,quantitative_main,yes,https://doi.org/10.1016/j.advwatres.2021.104009,journal_article,yes,Meets the predeclared main-claim eligibility rule.,"Full text extracted; evidence terms detected: mass, pressure, plume, geomechanics, geochemistry, rock/sensor physics",evidence/WP4_CONSERVATIVE_ANALYSIS_CORE.csv,Storage dynamics and surrogates,legacy literature_matrix candidate; full-text PDF extracted by automated OA workflow
ESR_Um2024_091,Real‐time deep‐learning inversion of seismic full waveform data for CO2 saturation and uncertainty in geological carbon storage monitoring,Evan Schankee Um; David Alumbaugh; Youzuo Lin; Shihang Feng,2024,Geophysical Prospecting,https://doi.org/10.1111/1365-2478.13197,full_text_verified_primary_ML_CGS,quantitative_main,yes,https://doi.org/10.1111/1365-2478.13197,conference_or_abstract,yes,Meets the predeclared main-claim eligibility rule.,"Full text extracted; evidence terms detected: plume, geomechanics, rock/sensor physics, uncertainty",evidence/WP4_CONSERVATIVE_ANALYSIS_CORE.csv,"Monitoring, inversion and updating",coding_basis=metadata/title/rubric; source_status=core_metadata_screened_needs_full_text_check; full-text PDF extracted by automated OA workflow
ESR_Wang2024_089,Machine learning and deep learning for mineralogy interpretation and CO2 saturation estimation in geological carbon Storage: A case study in the Illinois Basin,Hongsheng Wang; Sherilyn Williams-Stroud; Dustin Crandall; Cheng Chen,2024,Fuel,https://doi.org/10.1016/j.fuel.2023.130586,full_text_verified_primary_ML_CGS,quantitative_main,yes,https://doi.org/10.1016/j.fuel.2023.130586,journal_article,yes,Meets the predeclared main-claim eligibility rule.,"Full text extracted; evidence terms detected: geomechanics, geochemistry, rock/sensor physics",evidence/WP4_CONSERVATIVE_ANALYSIS_CORE.csv,"Monitoring, inversion and updating",coding_basis=metadata/title/rubric; source_status=core_metadata_screened_needs_full_text_check; full-text PDF extracted by automated OA workflow
ESR_Um2024_104,Deep learning multiphysics network for imaging CO2 saturation and estimating uncertainty in geological carbon storage,Evan Schankee Um; David Alumbaugh; Michael Commer; Shihang Feng; Erika Gasperikova; Yaoguo Li; Youzuo Lin; Savini Samarasinghe,2024,Geophysical Prospecting,https://doi.org/10.1111/1365-2478.13257,full_text_verified_primary_ML_CGS,quantitative_main,yes,https://doi.org/10.1111/1365-2478.13257,conference_or_abstract,yes,Meets the predeclared main-claim eligibility rule.,"Full text extracted; evidence terms detected: geomechanics, geochemistry, rock/sensor physics",evidence/WP4_CONSERVATIVE_ANALYSIS_CORE.csv,"Monitoring, inversion and updating",coding_basis=metadata/title/rubric; source_status=core_metadata_screened_needs_full_text_check; full-text PDF extracted by automated OA workflow
ESR_Tang2022_226,Deep learning-accelerated 3D carbon storage reservoir pressure forecasting based on data assimilation using surface displacement from InSAR,Hewei Tang; Pengcheng Fu; Honggeun Jo; Su Jiang; Christopher S. Sherman; François Hamon; Nicholas A. Azzolina; Joseph P. Morris,2022,International Journal of Greenhouse Gas Control,https://doi.org/10.1016/j.ijggc.2022.103765,full_text_verified_primary_ML_CGS,quantitative_main,yes,https://doi.org/10.1016/j.ijggc.2022.103765,journal_article,yes,Meets the predeclared main-claim eligibility rule.,"Full text extracted; evidence terms detected: mass, plume, geomechanics, rock/sensor physics, uncertainty, OOD/transfer",evidence/WP4_CONSERVATIVE_ANALYSIS_CORE.csv,"Leakage, wellbore and containment risk",coding_basis=metadata/title/rubric; source_status=core_metadata_screened_needs_full_text_check; full-text PDF extracted by automated OA workflow
ESR_Meng2025_211,Multiobjective optimization of CO2 injection under geomechanical risk in high water cut oil reservoirs using artificial intelligence approaches,Fankun Meng; Jia Liu; Gang Tong; Hui Zhao; Chengyue Wen; Yuhui Zhou; Vamegh Rasouli; Minou Rabiei,2025,Scientific Reports,https://doi.org/10.1038/s41598-025-10111-0,full_text_verified_primary_ML_CGS,quantitative_main,yes,https://doi.org/10.1038/s41598-025-10111-0,journal_article,yes,Meets the predeclared main-claim eligibility rule.,"Full text extracted; evidence terms detected: geomechanics, geochemistry, rock/sensor physics, uncertainty",evidence/WP4_CONSERVATIVE_ANALYSIS_CORE.csv,"Leakage, wellbore and containment risk",coding_basis=metadata/title/rubric; source_status=core_metadata_screened_needs_full_text_check; full-text PDF extracted by automated OA workflow
Lu2025_GISMLSite,Optimisation study of carbon dioxide geological storage sites based on GIS and machine learning algorithms,Wei Lu; Shengwen Qi; Bowen Zheng; Wang Zhang; Zan Wang; Yi Ru; Yan Zhang; Lina Ma; Yujie Diao; Lei Fu,2025,Geomechanics and Geophysics for Geo-Energy and Geo-Resources,https://doi.org/10.1007/s40948-025-00945-3,full_text_verified_primary_ML_CGS,quantitative_main,yes,https://doi.org/10.1007/s40948-025-00945-3,journal_article,yes,Meets the predeclared main-claim eligibility rule.,"Full text extracted; evidence terms detected: geomechanics, geochemistry, rock/sensor physics",evidence/WP4_CONSERVATIVE_ANALYSIS_CORE.csv,Screening and characterization,legacy literature_matrix candidate; full-text PDF extracted by automated OA workflow
Wang2025_4DHistoryMatching,Deep learning framework for history matching CO2 storage with 4D seismic and monitoring well data,Nanzhe Wang; Louis J. Durlofsky,2025,Geoenergy Science and Engineering,https://doi.org/10.1016/j.geoen.2025.213736,full_text_verified_primary_ML_CGS,quantitative_main,yes,https://doi.org/10.1016/j.geoen.2025.213736,preprint_or_repository_full_text,yes,Meets the predeclared main-claim eligibility rule.,Automated full-text text extraction; page-specific manual notes still recommended.,evidence/WP4_CONSERVATIVE_ANALYSIS_CORE.csv,"Monitoring, inversion and updating",arXiv legal preprint identified by acquisition scout
ESR_Chen2024_119,Optimization of pressure management strategies for geological CO2 storage using surrogate model-based reinforcement learning,Jungang Chen; Eduardo Gildin; Georgy Kompantsev,2024,International Journal of Greenhouse Gas Control,https://doi.org/10.1016/j.ijggc.2024.104262,full_text_verified_primary_ML_CGS,quantitative_main,yes,https://doi.org/10.1016/j.ijggc.2024.104262,preprint_or_repository_full_text,yes,Meets the predeclared main-claim eligibility rule.,Automated full-text text extraction; page-specific manual notes still recommended.,evidence/WP4_CONSERVATIVE_ANALYSIS_CORE.csv,Operation and control,arXiv legal preprint identified by acquisition scout
ESR_Celaya2024_100,Deep learning-based joint inversion of time-lapse surface gravity and seismic data for monitoring of 3D CO2 plumes,Adrian Celaya; Mauricio Araya-Polo,2024,Fourth International Meeting for Applied Geoscience & Energy,https://doi.org/10.1190/image2024-4093199.1,full_text_verified_primary_ML_CGS,verified_but_main_quantitative_excluded,yes,https://doi.org/10.1190/image2024-4093199.1,preprint_or_repository_full_text,no,Author-directed exclusion from main quantitative figures after bibliographic-status review; the accessible record is a preprint/repository version.,Automated full-text text extraction; page-specific manual notes still recommended.,evidence/WP4_CONSERVATIVE_ANALYSIS_CORE.csv,"Monitoring, inversion and updating",arXiv legal preprint identified by acquisition scout
Han2024_HierarchicalMCMC,Surrogate model for geological CO2 storage and its use in hierarchical MCMC history matching,Yifu Han; François P. Hamon; Su Jiang; Louis J. Durlofsky,2024,Advances in Water Resources,https://doi.org/10.1016/j.advwatres.2024.104678,full_text_verified_primary_ML_CGS,quantitative_main,yes,https://doi.org/10.1016/j.advwatres.2024.104678,preprint_or_repository_full_text,yes,Meets the predeclared main-claim eligibility rule.,Automated full-text text extraction; page-specific manual notes still recommended.,evidence/WP4_CONSERVATIVE_ANALYSIS_CORE.csv,"Monitoring, inversion and updating",arXiv legal preprint identified by acquisition scout
Tang2024_GNNFaulted,Learning CO2 plume migration in faulted reservoirs with Graph Neural Networks,Xin Ju; François P. Hamon; Gege Wen; Rayan Kanfar; Mauricio Araya-Polo; Hamdi A. Tchelepi,2024,Computers & Geosciences,https://doi.org/10.1016/j.cageo.2024.105711,full_text_verified_primary_ML_CGS,quantitative_main,yes,https://doi.org/10.1016/j.cageo.2024.105711,preprint_or_repository_full_text,yes,Meets the predeclared main-claim eligibility rule.,Automated full-text text extraction; page-specific manual notes still recommended.,evidence/WP4_CONSERVATIVE_ANALYSIS_CORE.csv,Storage dynamics and surrogates,arXiv legal preprint identified by acquisition scout
Jiang2024_DSIHistoryMatching,History matching for geological carbon storage using data-space inversion with spatio-temporal data parameterization,Su Jiang; Louis J. Durlofsky,2024,International Journal of Greenhouse Gas Control,https://doi.org/10.1016/j.ijggc.2024.104124,full_text_verified_primary_ML_CGS,quantitative_main,yes,https://doi.org/10.1016/j.ijggc.2024.104124,preprint_or_repository_full_text,yes,Meets the predeclared main-claim eligibility rule.,Automated full-text text extraction; page-specific manual notes still recommended.,evidence/WP4_CONSERVATIVE_ANALYSIS_CORE.csv,"Monitoring, inversion and updating","arXiv legal preprint; included as storage data-assimilation evidence, not architecture novelty"
Lin2020_PressureLeakage,Normal or abnormal? Machine learning for the leakage detection in carbon sequestration projects using pressure field data,Saurabh Sinha; Rafael Pires de Lima; Youzuo Lin; Alexander Y. Sun; Neill Symons; Rajesh Pawar; George Guthrie,2020,International Journal of Greenhouse Gas Control,https://doi.org/10.1016/j.ijggc.2020.103189,full_text_verified_primary_ML_CGS,quantitative_main,yes,https://doi.org/10.1016/j.ijggc.2020.103189,journal_or_repository_full_text,yes,Meets the predeclared main-claim eligibility rule.,Automated full-text text extraction; page-specific manual notes still recommended.,evidence/WP4_CONSERVATIVE_ANALYSIS_CORE.csv,"Leakage, wellbore and containment risk",OSTI legal accepted-manuscript PURL identified by acquisition scout
Leong2024_SeisCO2Net,Time-lapse seismic inversion for CO2 saturation with SeisCO2Net: An application to Frio-II site,Zi Xian Leong; Tieyuan Zhu; Alexander Y. Sun,2024,International Journal of Greenhouse Gas Control,https://doi.org/10.1016/j.ijggc.2024.104058,full_text_verified_primary_ML_CGS,quantitative_main,yes,https://doi.org/10.1016/j.ijggc.2024.104058,journal_or_repository_full_text,yes,Meets the predeclared main-claim eligibility rule.,Automated full-text text extraction; page-specific manual notes still recommended.,evidence/WP4_CONSERVATIVE_ANALYSIS_CORE.csv,"Monitoring, inversion and updating",OSTI legal full-text route identified by acquisition scout
Mo2018_EncoderDecoderUQ,Deep Convolutional Encoder‐Decoder Networks for Uncertainty Quantification of Dynamic Multiphase Flow in Heterogeneous Media,Shaoxing Mo; Yinhao Zhu; Nicholas Zabaras; Xiaoqing Shi; Jichun Wu,2019,Water Resources Research,https://doi.org/10.1029/2018wr023528,full_text_verified_primary_ML_CGS,quantitative_main,yes,https://doi.org/10.1029/2018wr023528,journal_or_repository_full_text,yes,Meets the predeclared main-claim eligibility rule.,Automated full-text extraction from lawful PDF; page-level notes still needed before detailed prose.,evidence/WP4_CONSERVATIVE_ANALYSIS_CORE.csv,Storage dynamics and surrogates,"Ingested from local paper-search/paper-fetch workflow; no Sci-Hub, no CloakBrowser, no paywall bypass."
Wen2023_NestedFNO,"Real-time high-resolution CO
                    2
                    geological storage prediction using nested Fourier neural operators",Gege Wen; Zongyi Li; Qirui Long; Kamyar Azizzadenesheli; Anima Anandkumar; Sally M. Benson,2023,Energy & Environmental Science,https://doi.org/10.1039/d2ee04204e,full_text_verified_primary_ML_CGS,quantitative_main,yes,https://doi.org/10.1039/d2ee04204e,journal_or_repository_full_text,yes,Meets the predeclared main-claim eligibility rule.,Automated full-text extraction from lawful PDF; page-level notes still needed before detailed prose.,evidence/WP4_CONSERVATIVE_ANALYSIS_CORE.csv,Storage dynamics and surrogates,"Ingested from local paper-search/paper-fetch workflow; no Sci-Hub, no CloakBrowser, no paywall bypass."
Zhong2019_PressureAnomaly,A deep learning approach to anomaly detection in geological carbon sequestration sites using pressure measurements,Zhi Zhong; Alexander Y. Sun; Qian Yang; Qi Ouyang,2019,Journal of Hydrology,https://doi.org/10.1016/j.jhydrol.2019.04.015,full_text_verified_primary_ML_CGS,quantitative_main,yes,https://doi.org/10.1016/j.jhydrol.2019.04.015,journal_or_repository_full_text,yes,Meets the predeclared main-claim eligibility rule.,Automated full-text extraction from lawful PDF; page-level notes still needed before detailed prose.,evidence/WP4_CONSERVATIVE_ANALYSIS_CORE.csv,"Leakage, wellbore and containment risk","Ingested from local paper-search/paper-fetch workflow; no Sci-Hub, no CloakBrowser, no paywall bypass."
Wen2021_PlumeDNN,Towards a predictor for CO2 plume migration using deep neural networks,Gege Wen; Meng Tang; Sally M. Benson,2021,International Journal of Greenhouse Gas Control,https://doi.org/10.1016/j.ijggc.2020.103223,full_text_verified_primary_ML_CGS,quantitative_main,yes,https://doi.org/10.1016/j.ijggc.2020.103223,journal_or_repository_full_text,yes,Meets the predeclared main-claim eligibility rule.,Automated full-text extraction from lawful PDF; page-level notes still needed before detailed prose.,evidence/WP4_CONSERVATIVE_ANALYSIS_CORE.csv,Storage dynamics and surrogates,"Ingested from local paper-search/paper-fetch workflow; no Sci-Hub, no CloakBrowser, no paywall bypass."
Zhang2021_LearningInversionFreeForecast,Accurate and Rapid Forecasts for Geologic Carbon Storage via Learning-Based Inversion-Free Prediction,Dan Lu; Scott L. Painter; Nicholas A. Azzolina; Matthew Burton-Kelly; Tao Jiang; Cody Williamson,2022,Frontiers in Energy Research,https://doi.org/10.3389/fenrg.2021.752185,full_text_verified_primary_ML_CGS,quantitative_main,yes,https://doi.org/10.3389/fenrg.2021.752185,journal_or_repository_full_text,yes,Meets the predeclared main-claim eligibility rule.,Automated full-text extraction from lawful PDF; page-level notes still needed before detailed prose.,evidence/WP4_CONSERVATIVE_ANALYSIS_CORE.csv,Storage dynamics and surrogates,"Ingested from local paper-search/paper-fetch workflow; no Sci-Hub, no CloakBrowser, no paywall bypass."
Yan2021_RobustDLWorkflow,A robust deep learning workflow to predict multiphase flow behavior during geological CO2 sequestration injection and Post-Injection periods,Bicheng Yan; Bailian Chen; Dylan Robert Harp; Wei Jia; Rajesh J. Pawar,2022,Journal of Hydrology,https://doi.org/10.1016/j.jhydrol.2022.127542,full_text_verified_primary_ML_CGS,quantitative_main,yes,https://doi.org/10.1016/j.jhydrol.2022.127542,journal_article,yes,Meets the predeclared main-claim eligibility rule.,Automated full-text extraction from lawful PDF; page-level notes still needed before detailed prose.,evidence/WP4_CONSERVATIVE_ANALYSIS_CORE.csv,Storage dynamics and surrogates,"Ingested from local paper-search/paper-fetch workflow; no Sci-Hub, no CloakBrowser, no paywall bypass. Journal version substituted for previous preprint/repository record. Journal version substituted for previous preprint/repository record."
Attanasi2025_ResourceML,Machine learning provides reconnaissance-type estimates of carbon dioxide storage resources in oil and gas reservoirs,Emil Attanasi; Philip Freeman; Timothy Coburn,2025,Frontiers in Environmental Science,https://doi.org/10.3389/fenvs.2025.1562087,full_text_verified_primary_ML_CGS,quantitative_main,yes,https://doi.org/10.3389/fenvs.2025.1562087,journal_or_repository_full_text,yes,Meets the predeclared main-claim eligibility rule.,Automated full-text text extraction; page-specific manual notes still recommended.,evidence/WP4_CONSERVATIVE_ANALYSIS_CORE.csv,Screening and characterization,paper-fetch public OA route; Frontiers open-access PDF. Added from remaining-103 pending sprint; unknown values were left blank/not reported rather than scored as zero.
Baek2023_WellboreLeakage,Enabling site-specific well leakage risk estimation during geologic carbon sequestration using a modular deep-learning-based wellbore leakage model,Seunghwan Baek; Diana H. Bacon; Nicolas J. Huerta,2023,International Journal of Greenhouse Gas Control,https://doi.org/10.1016/j.ijggc.2023.103903,full_text_verified_primary_ML_CGS,quantitative_main,yes,https://doi.org/10.1016/j.ijggc.2023.103903,journal_or_repository_full_text,yes,Meets the predeclared main-claim eligibility rule.,Automated full-text text extraction; page-specific manual notes still recommended.,evidence/WP4_CONSERVATIVE_ANALYSIS_CORE.csv,"Leakage, wellbore and containment risk",paper-fetch public OA route. Added from remaining-103 pending sprint; unknown values were left blank/not reported rather than scored as zero.
ESR_Liu2025_121,Physics-coupled machine learning toolset for geological carbon storage evaluation and performance analysis,Guoxiang Liu; Xiongjun Wu; Chung-Yan Shih; Veronika Vasylkivska; Hema Siriwandane; Grant Bromhal,2026,International Journal of Greenhouse Gas Control,https://doi.org/10.1016/j.ijggc.2025.104538,full_text_verified_primary_ML_CGS,quantitative_main,yes,https://doi.org/10.1016/j.ijggc.2025.104538,journal_article,yes,Meets the predeclared main-claim eligibility rule.,Automated full-text text extraction; page-specific manual notes still recommended.,evidence/WP4_CONSERVATIVE_ANALYSIS_CORE.csv,Storage dynamics and surrogates,OSTI legal full-text PDF. Added from remaining-103 pending sprint; unknown values were left blank/not reported rather than scored as zero. Journal version substituted for previous preprint/repository record. Journal version substituted for previous preprint/repository record.
Lu2022_BayesianOptimization,Bayesian Optimization for Field-Scale Geological Carbon Storage,Xueying Lu; Kirk E. Jordan; Mary F. Wheeler; Edward O. Pyzer-Knapp; Matthew Benatan,2022,Engineering,https://doi.org/10.1016/j.eng.2022.06.011,full_text_verified_primary_ML_CGS,quantitative_main,yes,https://doi.org/10.1016/j.eng.2022.06.011,journal_or_repository_full_text,yes,Meets the predeclared main-claim eligibility rule.,Automated full-text text extraction; page-specific manual notes still recommended.,evidence/WP4_CONSERVATIVE_ANALYSIS_CORE.csv,Operation and control,OpenReview legal preprint PDF. Added from remaining-103 pending sprint; unknown values were left blank/not reported rather than scored as zero.
ESR_Chan2024_124,Accelerated Co2 Storage Optimization Using Multi-Resolution Fourier Neural Operator at the Illinois Basin Decatur Project (Ibdp),Chin-Hsiang Chan; Masahiro Nagao; Akhil Datta-Gupta,2024,SSRN Electronic Journal,https://doi.org/10.2139/ssrn.5012232,full_text_verified_primary_ML_CGS,quantitative_main,yes,https://doi.org/10.2139/ssrn.5012232,journal_or_repository_full_text,yes,Meets the predeclared main-claim eligibility rule.,Automated full-text text extraction; page-specific manual notes still recommended.,evidence/WP4_CONSERVATIVE_ANALYSIS_CORE.csv,Operation and control,OSTI legal full-text PDF. Added from remaining-103 pending sprint; unknown values were left blank/not reported rather than scored as zero.
ESR_Zheng2025_207,Deep Learning–Assisted Multiobjective Optimization of Geological CO2 Storage Performance under Geomechanical Risks,Fangning Zheng; Martin Ma; Hari Viswanathan; Rajesh Pawar; Birendra Jha; Bailian Chen,2025,SPE Journal,https://doi.org/10.2118/220850-pa,full_text_verified_primary_ML_CGS,quantitative_main,yes,https://doi.org/10.2118/220850-pa,journal_or_repository_full_text,yes,Meets the predeclared main-claim eligibility rule.,Automated full-text text extraction; page-specific manual notes still recommended.,evidence/WP4_CONSERVATIVE_ANALYSIS_CORE.csv,"Leakage, wellbore and containment risk",OSTI legal full-text PDF. Added from remaining-103 pending sprint; unknown values were left blank/not reported rather than scored as zero.
ESR_Kanakaki2025_045,Application of an Automated Machine Learning-Driven Grid Block Classification Framework to a Realistic Deep Saline Aquifer Model for Accelerating Numerical Simulations of CO2 Geological Storage,Eirini Maria Kanakaki; Sofianos Panagiotis Fotias; Vassilis Gaganis,2025,Processes,https://doi.org/10.3390/pr13082658,full_text_verified_primary_ML_CGS,quantitative_main,yes,https://doi.org/10.3390/pr13082658,journal_or_repository_full_text,yes,Meets the predeclared main-claim eligibility rule.,Automated full-text text extraction; page-specific manual notes still recommended.,evidence/WP4_CONSERVATIVE_ANALYSIS_CORE.csv,Cross-cutting and other,MDPI publisher open-access PDF. Added from remaining-103 pending sprint; unknown values were left blank/not reported rather than scored as zero.
Yin2022_XAILeakage,De-risking geological carbon storage from high resolution time-lapse seismic to explainable leakage detection,Ziyi Yin; Huseyin Tuna Erdinc; Abhinav Prakash Gahlot; Mathias Louboutin; Felix J. Herrmann,2022,The Leading Edge,https://slim.gatech.edu/Publications/Public/Journals/TheLeadingEdge/2022/yin2022TLEdgc/paper.html,full_text_verified_primary_ML_CGS,quantitative_main,yes,https://slim.gatech.edu/Publications/Public/Journals/TheLeadingEdge/2022/yin2022TLEdgc/paper.html,journal_or_repository_full_text,yes,Meets the predeclared main-claim eligibility rule.,Automated full-text text extraction; page-specific manual notes still recommended.,evidence/WP4_CONSERVATIVE_ANALYSIS_CORE.csv,"Leakage, wellbore and containment risk",Georgia Tech SLIM author/publisher-hosted legal PDF. Added from remaining-103 pending sprint; unknown values were left blank/not reported rather than scored as zero.
Crain2023_MonitoringHistory,An integrated framework for optimal monitoring and history matching in CO2 storage projects,Dylan M. Crain; Sally M. Benson; Sarah D. Saltzer; Louis J. Durlofsky,2024,Computational Geosciences,https://doi.org/10.1007/s10596-023-10216-3,full_text_verified_primary_ML_CGS,quantitative_main,yes,https://doi.org/10.1007/s10596-023-10216-3,journal_or_repository_full_text,yes,Meets the predeclared main-claim eligibility rule.,Automated full-text text extraction; page-specific manual notes still recommended.,evidence/WP4_CONSERVATIVE_ANALYSIS_CORE.csv,"Monitoring, inversion and updating",Stanford SCCS legal author/institutional PDF. Added from remaining-103 pending sprint; unknown values were left blank/not reported rather than scored as zero.
ESR_RefNone_173,Toward Estimating CO2 Solubility in Pure Water and Brine Using Cascade Forward Neural Network and Generalized Regression Neural Network: Application to CO2 Dissolution Trapping in Saline Aquifers,Xinyuan Zou; Yingting Zhu; Jing Lv; Yuchi Zhou; Bin Ding; Weidong Liu; Kai Xiao; Qun Zhang,2024,ACS Omega,https://doi.org/10.1021/acsomega.3c07962,full_text_verified_primary_ML_CGS,quantitative_main,yes,https://doi.org/10.1021/acsomega.3c07962,journal_or_repository_full_text,yes,Meets the predeclared main-claim eligibility rule.,Automated full-text text extraction; page-specific manual notes still recommended.,evidence/WP4_CONSERVATIVE_ANALYSIS_CORE.csv,Storage dynamics and surrogates,paper-fetch public OA route via Europe PMC / ACS Omega open access. Added from remaining-103 pending sprint; unknown values were left blank/not reported rather than scored as zero.
Nassabeh2024_OffshoreSite,"Sub-surface geospatial intelligence in carbon capture, utilization and storage: A machine learning approach for offshore storage site selection",Mehdi Nassabeh; Zhenjiang You; Alireza Keshavarz; Stefan Iglauer,2024,Energy,https://doi.org/10.1016/j.energy.2024.132086,full_text_verified_primary_ML_CGS,quantitative_main,yes,https://doi.org/10.1016/j.energy.2024.132086,journal_or_repository_full_text,yes,Meets the predeclared main-claim eligibility rule.,Automated full-text text extraction; page-specific manual notes still recommended.,evidence/WP4_CONSERVATIVE_ANALYSIS_CORE.csv,Screening and characterization,CORE / Edith Cowan University Research Online legal accepted-manuscript PDF. Added from remaining-103 pending sprint; unknown values were left blank/not reported rather than scored as zero.
ESR_Kadeethum2024_128,An improved neural operator framework for large-scale CO2 storage operations,T. Kadeethum; S.J. Verzi; H. Yoon,2024,Geoenergy Science and Engineering,https://doi.org/10.1016/j.geoen.2024.213007,full_text_verified_primary_ML_CGS,quantitative_main,yes,https://doi.org/10.1016/j.geoen.2024.213007,journal_article,yes,Meets the predeclared main-claim eligibility rule.,User-supplied local full-text PDF ingested on 2026-05-31; automated text extraction completed. Human page-level verification is still recommended before detailed prose claims.,evidence/WP4_CONSERVATIVE_ANALYSIS_CORE.csv,Storage dynamics and surrogates,User-supplied legal/local PDF from folder 32个; unknown/not reported values were not scored as zero.
ESR_Falola2024_123,Application of Neural Operator Technique for Rapid Forecast of CO2 Pressure and Saturation Distribution,Yusuf Falola; Pradyumna Singh Rathore; Geetha Gopakumar Nair; Julianna Toms,2024,Offshore Technology Conference,https://doi.org/10.4043/35230-ms,full_text_verified_primary_ML_CGS,quantitative_main,yes,https://doi.org/10.4043/35230-ms,conference_paper,yes,Meets the predeclared main-claim eligibility rule.,User-supplied local full-text PDF ingested on 2026-05-31; automated text extraction completed. Human page-level verification is still recommended before detailed prose claims.,evidence/WP4_CONSERVATIVE_ANALYSIS_CORE.csv,Storage dynamics and surrogates,User-supplied legal/local PDF from folder 32个; unknown/not reported values were not scored as zero.
Witte2023_WNO,Fast CO2 saturation simulations on large-scale geomodels with artificial intelligence-based Wavelet Neural Operators,Philipp A. Witte; Tugrul Konuk; Erik Skjetne; Ranveer Chandra,2023,International Journal of Greenhouse Gas Control,https://doi.org/10.1016/j.ijggc.2023.103880,full_text_verified_primary_ML_CGS,quantitative_main,yes,https://doi.org/10.1016/j.ijggc.2023.103880,journal_article,yes,Meets the predeclared main-claim eligibility rule.,User-supplied local full-text PDF ingested on 2026-05-31; automated text extraction completed. Human page-level verification is still recommended before detailed prose claims.,evidence/WP4_CONSERVATIVE_ANALYSIS_CORE.csv,Storage dynamics and surrogates,User-supplied legal/local PDF from folder 32个; unknown/not reported values were not scored as zero.
ESR_Hassani2024_118,Machine Learning-Based CO2 Saturation Tracking in Saline Aquifers Using Bottomhole Pressure for Carbon Capture and Storage CCS Projects,H. Hassani; A. Shahbazi; E. Shahbalayev; Z. Hamdi; S. Behjat; M. Bataee,2024,SPE Norway Subsurface Conference,https://doi.org/10.2118/218445-ms,full_text_verified_primary_ML_CGS,quantitative_main,yes,https://doi.org/10.2118/218445-ms,conference_paper,yes,Meets the predeclared main-claim eligibility rule.,User-supplied local full-text PDF ingested on 2026-05-31; automated text extraction completed. Human page-level verification is still recommended before detailed prose claims.,evidence/WP4_CONSERVATIVE_ANALYSIS_CORE.csv,Storage dynamics and surrogates,User-supplied legal/local PDF from folder 32个; unknown/not reported values were not scored as zero.
ESR_Zhang2025_115,"A Dynamic and Constrained Machine Learning Framework for CO
                    2
                    Saturation Prediction in Geological Carbon Storage Reservoirs",Xiaoming Zhang; Ting Xiao; Nathan Moodie; Zimeng Yu; Brian McPherson,2025,Journal of Geophysical Research: Machine Learning and Computation,https://doi.org/10.1029/2025jh000772,full_text_verified_primary_ML_CGS,quantitative_main,yes,https://doi.org/10.1029/2025jh000772,journal_article,yes,Meets the predeclared main-claim eligibility rule.,User-supplied local full-text PDF ingested on 2026-05-31; automated text extraction completed. Human page-level verification is still recommended before detailed prose claims.,evidence/WP4_CONSERVATIVE_ANALYSIS_CORE.csv,Storage dynamics and surrogates,User-supplied legal/local PDF from folder 32个; unknown/not reported values were not scored as zero.
ESR_Pawar2023_168,Efficient subsurface carbon storage modeling with Fourier neural operator,Suraj Pawar; Pandu Devarakota; Faruk O. Alpak; Jeroen Snippe; Detlef Hohl,2023,Third International Meeting for Applied Geoscience & Energy Expanded Abstracts,https://doi.org/10.1190/image2023-3916936.1,full_text_verified_primary_ML_CGS,quantitative_main,yes,https://doi.org/10.1190/image2023-3916936.1,conference_paper,yes,Meets the predeclared main-claim eligibility rule.,User-supplied local full-text PDF ingested on 2026-05-31; automated text extraction completed. Human page-level verification is still recommended before detailed prose claims.,evidence/WP4_CONSERVATIVE_ANALYSIS_CORE.csv,Storage dynamics and surrogates,User-supplied legal/local PDF from folder 32个; unknown/not reported values were not scored as zero.
ESR_Zhou2026_127,Multiresolution Fourier Neural Operator Framework: A Novel Approach for Hydro-Geochemical Coupling Modeling in CO2 Geological Storage,Kaihu Zhou; Zhenhua Rui; Ting Hu; ZhenCheng Zhao; Kai Du; Farshid Torabi; Na Liu,2026,IPTC Summit on AI for the Energy Industry,https://doi.org/10.2523/iptc-25187-ms,full_text_verified_primary_ML_CGS,quantitative_main,yes,https://doi.org/10.2523/iptc-25187-ms,conference_paper,yes,Meets the predeclared main-claim eligibility rule.,User-supplied local full-text PDF ingested on 2026-05-31; automated text extraction completed. Human page-level verification is still recommended before detailed prose claims.,evidence/WP4_CONSERVATIVE_ANALYSIS_CORE.csv,Storage dynamics and surrogates,User-supplied legal/local PDF from folder 32个; unknown/not reported values were not scored as zero.
ESR_Tariq2023_174,Physics Informed Surrogate Model Development in Predicting Dynamic Temporal and Spatial Variations During CO2 Injection into Deep Saline Aquifers,Zeeshan Tariq; Bicheng Yan; Shuyu Sun,2023,SPE Reservoir Characterisation and Simulation Conference and Exhibition,https://doi.org/10.2118/212693-ms,full_text_verified_primary_ML_CGS,quantitative_main,yes,https://doi.org/10.2118/212693-ms,conference_paper,yes,Meets the predeclared main-claim eligibility rule.,User-supplied local full-text PDF ingested on 2026-05-31; automated text extraction completed. Human page-level verification is still recommended before detailed prose claims.,evidence/WP4_CONSERVATIVE_ANALYSIS_CORE.csv,Storage dynamics and surrogates,User-supplied legal/local PDF from folder 32个; unknown/not reported values were not scored as zero.
ESR_Zhang2025_178,"Physics-Informed Neural Networks for CO
                    
                      
                        
                        
                          2
                        
                      
                    
                    migration modeling in stratified saline aquifers: Applications in geological carbon sequestration",Jingjing Zhang; Shao-Ting Chiu; Ulisses Braga-Neto; Eduardo Gildin,2025,Geoenergy Science and Engineering,https://doi.org/10.1016/j.geoen.2025.213689,full_text_verified_primary_ML_CGS,quantitative_main,yes,https://doi.org/10.1016/j.geoen.2025.213689,journal_article,yes,Meets the predeclared main-claim eligibility rule.,User-supplied local full-text PDF ingested on 2026-05-31; automated text extraction completed. Human page-level verification is still recommended before detailed prose claims.,evidence/WP4_CONSERVATIVE_ANALYSIS_CORE.csv,Storage dynamics and surrogates,User-supplied legal/local PDF from folder 32个; unknown/not reported values were not scored as zero.
Yehia2026_E2CORL,Integrated Reduced-Order Modeling and Reinforcement Learning for Intelligent Geological Carbon Storage Management: A Real-Time Optimization Framework for Complex 3D Heterogeneous Reservoirs,T. A. Yehia; Y. Falola; I. Eloghosa; G. G. Nair; J. Toms; D. N. Meehan,2026,"Carbon Capture, Utilization, and Storage Conference",https://doi.org/10.15530/ccus-2026-4413231,full_text_verified_primary_ML_CGS,verified_but_main_quantitative_excluded,yes,https://doi.org/10.15530/ccus-2026-4413231,conference_paper,no,Conference/emerging-direction record; retained outside central maturity claims.,User-supplied local full-text PDF ingested on 2026-05-31; automated text extraction completed. Human page-level verification is still recommended before detailed prose claims.,evidence/WP4_CONSERVATIVE_ANALYSIS_CORE.csv,Operation and control,User-supplied legal/local PDF from folder 32个; unknown/not reported values were not scored as zero. Reference-status resolution: conference/emerging direction only; not core evidence. Reference-status resolution: conference/emerging direction only; not core evidence.
ESR_Nunez2023_166,Transfer learning for geological carbon storage forecasting using neural operator,Andres Nunez; Siddharth Misra; Yusuf Falola,2025,Advances in Water Resources,https://doi.org/10.1016/j.advwatres.2025.104948,full_text_verified_primary_ML_CGS,quantitative_main,yes,https://doi.org/10.1016/j.advwatres.2025.104948,journal_article,yes,Meets the predeclared main-claim eligibility rule.,User-supplied local full-text PDF ingested on 2026-05-31; automated text extraction completed. Human page-level verification is still recommended before detailed prose claims.,evidence/WP4_CONSERVATIVE_ANALYSIS_CORE.csv,Storage dynamics and surrogates,User-supplied legal/local PDF from folder 32个; unknown/not reported values were not scored as zero.
ESR_Lozano2025_215,Unified deep-learning workflow for uncertainty reduction in subsurface carbon storage modeling through data assimilation of seismic-inverted CO2 maps,Moises Velasco-Lozano; Bailian Chen; Zhiwei Ma; Rajesh Pawar,2026,International Journal of Greenhouse Gas Control,https://doi.org/10.1016/j.ijggc.2026.104582,full_text_verified_primary_ML_CGS,quantitative_main,yes,https://doi.org/10.1016/j.ijggc.2026.104582,journal_article,yes,Meets the predeclared main-claim eligibility rule.,Local full-text PDF ingested on 2026-05-31; automated text extraction completed. Human page-level verification is still recommended before detailed prose claims.,evidence/WP4_CONSERVATIVE_ANALYSIS_CORE.csv,"Monitoring, inversion and updating",Local manual-acquisition PDF; unknown/not reported values were not scored as zero. Journal version substituted for previous preprint/repository record. Journal version substituted for previous preprint/repository record.
ESR_Lima2019_267,Geophysical data integration and machine learning for multi-target leakage estimation in geologic   carbon sequestration,Rafael Pires de Lima; Youzuo Lin,2019,SEG Technical Program Expanded Abstracts 2019,https://doi.org/10.1190/segam2019-3215405.1,full_text_verified_primary_ML_CGS,verified_but_main_quantitative_excluded,yes,https://doi.org/10.1190/segam2019-3215405.1,conference_paper,no,SEG expanded abstract; retained as a supplementary leakage-ML example only.,Local full-text PDF ingested on 2026-05-31; automated text extraction completed. Human page-level verification is still recommended before detailed prose claims.,evidence/WP4_CONSERVATIVE_ANALYSIS_CORE.csv,"Leakage, wellbore and containment risk",Local manual-acquisition PDF; unknown/not reported values were not scored as zero. Reference-status resolution: SEG expanded abstract; use only as supplementary leakage ML example. Reference-status resolution: SEG expanded abstract; use only as supplementary leakage ML example.
ESR_Sekar2025_239,CO2 Storage Risk Assessment: Leveraging Machine Learning Proxy Modeling for Predicting Fracture Growth and Leakage,Lokesh Kumar Sekar; Adeshina O. Badejo; Raghda Emera; Esuru Rita Okoroafor,2025,ADIPEC,https://doi.org/10.2118/229305-ms,full_text_verified_primary_ML_CGS,verified_but_main_quantitative_excluded,yes,https://doi.org/10.2118/229305-ms,conference_paper,no,Conference example; retained outside central geomechanics/seal maturity claims.,Local full-text PDF ingested on 2026-05-31; automated text extraction completed. Human page-level verification is still recommended before detailed prose claims.,evidence/WP4_CONSERVATIVE_ANALYSIS_CORE.csv,"Leakage, wellbore and containment risk",Local manual-acquisition PDF; unknown/not reported values were not scored as zero. Reference-status resolution: ADIPEC/SPE conference example; not core geomechanics/seal maturity evidence. Reference-status resolution: ADIPEC/SPE conference example; not core geomechanics/seal maturity evidence.
ESR_Owusu2025_086,Estimating CO2 Saturation in Subsurface Geologic Reservoirs Using Pre-stack Seismic Attributes and Machine Learning,Papa Owusu; Rui Zhang,2025,"Proceedings of the 2025 Carbon Capture, Utilization, and Storage Conference",https://doi.org/10.15530/ccus-2025-4186155,full_text_verified_primary_ML_CGS,verified_but_main_quantitative_excluded,yes,https://doi.org/10.15530/ccus-2025-4186155,conference_paper,no,CCUS proceedings example; not used for central field-validation claims.,Local full-text PDF ingested on 2026-05-31; automated text extraction completed. Human page-level verification is still recommended before detailed prose claims.,evidence/WP4_CONSERVATIVE_ANALYSIS_CORE.csv,"Monitoring, inversion and updating",Local manual-acquisition PDF; unknown/not reported values were not scored as zero. Reference-status resolution: CCUS proceedings example; not core field-validation evidence. Reference-status resolution: CCUS proceedings example; not core field-validation evidence.
ESR_Singh2025_084,Time-lapse seismic inversion with for CO2 saturation and storage - A new hybrid machine learning approach,Shashank Singh; Aman Raj; Kuldeep Sarkar; Upendra K Singh,2025,2025 6th International Conference on Recent Advances in Information Technology (RAIT),https://doi.org/10.1109/rait65068.2025.11089471,full_text_verified_primary_ML_CGS,verified_but_main_quantitative_excluded,yes,https://doi.org/10.1109/rait65068.2025.11089471,conference_paper,no,Title and full-paper status remain bibliographically uncertain; excluded from main text and quantitative synthesis.,Local full-text PDF ingested on 2026-05-31; automated text extraction completed. Human page-level verification is still recommended before detailed prose claims.,evidence/WP4_CONSERVATIVE_ANALYSIS_CORE.csv,"Monitoring, inversion and updating",Local manual-acquisition PDF; unknown/not reported values were not scored as zero. Reference-status resolution: title appears malformed and full-paper status requires confirmation. Reference-status resolution: title appears malformed and full-paper status requires confirmation.
ESR_Vishal2025_213,"AI-Driven Reservoir Characterization for CO2 Storage: Integrating CNNs for Seismic Interpretation, Machine Learning, and Statistical Validation for Uncertainty Quantification, Risk Mitigation, and Storage Optimization in the Cauvery Basin",Abhinav Vishal,2025,SPE Annual Technical Conference and Exhibition,https://doi.org/10.2118/228830-stu,full_text_verified_primary_ML_CGS,quantitative_main,yes,https://doi.org/10.2118/228830-stu,conference_paper,yes,Meets the predeclared main-claim eligibility rule.,Local full-text PDF ingested on 2026-05-31; automated text extraction completed. Human page-level verification is still recommended before detailed prose claims.,evidence/WP4_CONSERVATIVE_ANALYSIS_CORE.csv,Operation and control,Local manual-acquisition PDF; unknown/not reported values were not scored as zero.
ESR_Wu2025_042,A Lightweight Machine Learning–Driven Framework for Prediction and Multi-Objective Optimization of Co2 Geological Storage,Xiao Wu; Meixue Liu; Zhejun Hu; Yingqi Huang; Xin Lv; Qingping Li; Yongchen Song; Lei Yang,2025,SSRN,https://doi.org/10.2139/ssrn.5342578,full_text_verified_primary_ML_CGS,quantitative_main,yes,https://doi.org/10.2139/ssrn.5342578,preprint_or_repository_full_text,yes,Meets the predeclared main-claim eligibility rule.,Local full-text PDF ingested on 2026-05-31; automated text extraction completed. Human page-level verification is still recommended before detailed prose claims.,evidence/WP4_CONSERVATIVE_ANALYSIS_CORE.csv,Operation and control,Local manual-acquisition PDF; unknown/not reported values were not scored as zero.
ESR_Park2025_223,Deep learning-assisted THM-integrated InSAR modeling for CO2 storage characterization and surface deformation forecasting,Eunsil Park; Hyunmin Kim; Hyundon Shin; Honggeun Jo,2025,International Journal of Greenhouse Gas Control,https://doi.org/10.1016/j.ijggc.2025.104461,full_text_verified_primary_ML_CGS,quantitative_main,yes,https://doi.org/10.1016/j.ijggc.2025.104461,journal_article,yes,Meets the predeclared main-claim eligibility rule.,Local full-text PDF ingested on 2026-05-31; automated text extraction completed. Human page-level verification is still recommended before detailed prose claims.,evidence/WP4_CONSERVATIVE_ANALYSIS_CORE.csv,"Leakage, wellbore and containment risk",Local manual-acquisition PDF; unknown/not reported values were not scored as zero. Journal version substituted for previous preprint/repository record. Journal version substituted for previous preprint/repository record.
ESR_Qiao2025_125,Coupled Flow-Geomechanics Surrogate Model with Flexible Boundary Conditions for Geological CO2 Storage Using Fourier Neural Operator Based Gated Recurrent Network,S. Qiao; W. BenSaleh; B. Zhang,2025,SPE Reservoir Simulation Conference,https://doi.org/10.2118/223871-ms,full_text_verified_primary_ML_CGS,verified_but_main_quantitative_excluded,yes,https://doi.org/10.2118/223871-ms,conference_paper,no,SPE technical example; retained as supplementary emerging evidence only.,Local full-text PDF ingested on 2026-05-31; automated text extraction completed. Human page-level verification is still recommended before detailed prose claims.,evidence/WP4_CONSERVATIVE_ANALYSIS_CORE.csv,"Leakage, wellbore and containment risk",Local manual-acquisition PDF; unknown/not reported values were not scored as zero. Reference-status resolution: SPE technical example; emerging coupled flow-geomechanics surrogate. Reference-status resolution: SPE technical example; emerging coupled flow-geomechanics surrogate.
Shokouhi2021_PhysicsInformedSite,Physics-informed deep learning for prediction of CO2 storage site response,Parisa Shokouhi; Vikas Kumar; Sumedha Prathipati; Seyyed A. Hosseini; Clyde Lee Giles; Daniel Kifer,2021,Journal of Contaminant Hydrology,https://doi.org/10.1016/j.jconhyd.2021.103835,full_text_verified_primary_ML_CGS,quantitative_main,yes,https://doi.org/10.1016/j.jconhyd.2021.103835,journal_article,yes,Meets the predeclared main-claim eligibility rule.,Local full-text PDF ingested on 2026-05-31; automated text extraction completed. Human page-level verification is still recommended before detailed prose claims.,evidence/WP4_CONSERVATIVE_ANALYSIS_CORE.csv,Storage dynamics and surrogates,Local manual-acquisition PDF; unknown/not reported values were not scored as zero.
Seabra2024_AIEnhancedDA,AI enhanced data assimilation and uncertainty quantification applied to Geological Carbon Storage,Gabriel Serrão Seabra; Nikolaj T. Mücke; Vinicius Luiz Santos Silva; Denis Voskov; Femke C. Vossepoel,2024,International Journal of Greenhouse Gas Control,https://doi.org/10.1016/j.ijggc.2024.104190,full_text_verified_primary_ML_CGS,quantitative_main,yes,https://doi.org/10.1016/j.ijggc.2024.104190,journal_article_with_repository_full_text,yes,Meets the predeclared main-claim eligibility rule.,"Page 1 abstract describes FNO/T-UNet surrogates, SH-ESMDA/SH-RML, high-fidelity posterior states, and GCS uncertainty quantification.",evidence/WP4_CONSERVATIVE_ANALYSIS_CORE.csv,"Monitoring, inversion and updating",Legal arXiv full text used for extraction; journal DOI recorded; no unknown values scored as zero.
Gahlot2025_DigitalShadow,An uncertainty-aware digital shadow for underground multimodal CO2 storage monitoring,Abhinav Prakash Gahlot; Rafael Orozco; Ziyi Yin; Grant Bruer; Felix J Herrmann,2025,Geophysical Journal International,https://doi.org/10.1093/gji/ggaf176,full_text_verified_primary_ML_CGS,quantitative_main,yes,https://doi.org/10.1093/gji/ggaf176,journal_article,yes,Meets the predeclared main-claim eligibility rule.,"Pages 1-2 describe 3D seismic monitoring, multiphase-flow dynamics, neural posterior density estimation, and conditional normalizing flows.",evidence/WP4_CONSERVATIVE_ANALYSIS_CORE.csv,Unmapped applications,Legal arXiv full text; keep preprint status visible in reference-cleaning reports. Journal version substituted for previous preprint/repository record. Journal version substituted for previous preprint/repository record.
Graham2020_BayesianGenerativeStorage,Bayesian Inversion Of Generative Models For Geologic Storage Of Carbon Dioxide,Gavin H. Graham; Yan Chen,2020,NeurIPS Workshop on Machine Learning and the Physical Sciences,https://arxiv.org/abs/2001.04829,full_text_verified_primary_ML_CGS,verified_but_main_quantitative_excluded,yes,https://arxiv.org/abs/2001.04829,conference_workshop_preprint,no,"Workshop/preprint record; retained as early method context, not central maturity evidence.","Pages 1-2 describe GAN-generated geologic volumes, posterior conditioning, historical flow data, and CO2 injection forecasting.",evidence/WP4_CONSERVATIVE_ANALYSIS_CORE.csv,"Monitoring, inversion and updating",Legal arXiv full text; workshop/preprint record flagged for reference cleanup. Reference-status resolution: early arXiv/workshop method background only. Reference-status resolution: early arXiv/workshop method background only.
Tang2022_DLDataAssimilationForecasting,A deep learning-accelerated data assimilation and forecasting workflow for commercial-scale geologic carbon storage,Hewei Tang; Pengcheng Fu; Christopher S. Sherman; Jize Zhang; Xin Ju; François Hamon; Nicholas A. Azzolina; Matthew Burton-Kelly; Joseph P. Morris,2021,International Journal of Greenhouse Gas Control,https://doi.org/10.1016/j.ijggc.2021.103488,full_text_verified_primary_ML_CGS,quantitative_main,yes,https://doi.org/10.1016/j.ijggc.2021.103488,journal_article_open_access,yes,Meets the predeclared main-claim eligibility rule.,"Page 1 abstract describes ES-MDA, pressure-history and plume observations, CNN surrogates, forecast uncertainty, and commercial-scale synthetic validation.",evidence/WP4_CONSERVATIVE_ANALYSIS_CORE.csv,"Monitoring, inversion and updating",Publisher open-access journal article available through arXiv; no unknown values scored as zero.
Teng2024_LikelihoodFreeDA,Likelihood-free inference and hierarchical data assimilation for geological carbon storage,Wenchao Teng; Louis J. Durlofsky,2025,Advances in Water Resources,https://doi.org/10.1016/j.advwatres.2025.104961,full_text_verified_primary_ML_CGS,quantitative_main,yes,https://doi.org/10.1016/j.advwatres.2025.104961,journal_article,yes,Meets the predeclared main-claim eligibility rule.,"Pages 1-3 describe hierarchical data assimilation, SMC-ABC, ESMDA, 3D recurrent R-U-Net, monitoring-well data, and high-fidelity simulation comparisons.",evidence/WP4_CONSERVATIVE_ANALYSIS_CORE.csv,"Monitoring, inversion and updating",Legal arXiv full text; peer-review status remains preprint/submitted. Journal version substituted for previous preprint/repository record. Journal version substituted for previous preprint/repository record.
VoThanh2026_DigitalTwinGNN,Toward Real-Time Digital Twins for CO₂ Storage: Graph Neural Network Ensembles for Multi-physics Forecasting and Risk Quantification,Hung Vo Thanh; Zhenxue Dai; Tao Zhang,2026,Rock Mechanics and Rock Engineering,https://doi.org/10.1007/s00603-026-05545-5,full_text_verified_primary_ML_CGS,quantitative_main,yes,https://doi.org/10.1007/s00603-026-05545-5,journal_article,yes,Meets the predeclared main-claim eligibility rule.,Page 1 frames the model as an emulator rather than a conservation-enforcing THMC solver; the results report reliability diagnostics and less than 3% relative cumulative plume-volume difference.,evidence/WP4_CONSERVATIVE_ANALYSIS_CORE.csv,"Leakage, wellbore and containment risk",WP2 legal publisher full text; strict realization split is not coded as explicit OOD testing.
Diplas2026_DOEInjection,A Fully Automated Design of Experiments-Based Method for Rapidly Screening Near-Optimal CO2 Injection Strategies,Demis Diplas; Sofianos Panagiotis Fotias; Ismail Ismail; Spyridon Bellas; Vassilis Gaganis,2026,Energies,https://doi.org/10.3390/en19051361,full_text_verified_primary_ML_CGS,quantitative_main,yes,https://doi.org/10.3390/en19051361,journal_article,yes,Meets the predeclared main-claim eligibility rule.,Methods define polynomial/RBF surrogates and BHP constraints; validation reports 2.12% mean absolute total error with 1.52% standard deviation.,evidence/WP4_CONSERVATIVE_ANALYSIS_CORE.csv,Operation and control,WP2 legal publisher full text; deterministic optimization evidence coded separately from uncertainty calibration.
Arafath2025_MalayBasinML,Permeability Prediction and Potential Site Assessment for CO2 Storage from Core Data and Well-Log Data in Malay Basin Using Advanced Machine Learning Algorithms,Md Yeasin Arafath; AKM Eahsanul Haque; Numair Ahmed Siddiqui; B. Venkateshwaran; Sohag Ali,2025,ACS Omega,https://doi.org/10.1021/acsomega.4c07242,full_text_verified_primary_ML_CGS,quantitative_main,yes,https://doi.org/10.1021/acsomega.4c07242,journal_article,yes,Meets the predeclared main-claim eligibility rule.,Abstract reports 99%/93% MLP train/test accuracy; the cross-validation section reports mean R2 0.9327 and correlation 0.9664.,evidence/WP4_CONSERVATIVE_ANALYSIS_CORE.csv,Screening and characterization,WP2 legal publisher full text; field validation is limited to characterization data and is not storage-operation validation.
TARGET_JointInversion2023_2022JB025372,Joint Inversion of Geophysical Data for Geologic Carbon Sequestration Monitoring: A Differentiable Physics‐Informed Neural Network Model,Mingliang Liu; Divakar Vashisth; Dario Grana; Tapan Mukerji,2023,Journal of Geophysical Research: Solid Earth,https://doi.org/10.1029/2022jb025372,full_text_verified_primary_ML_CGS,quantitative_main,yes,https://doi.org/10.1029/2022jb025372,journal_article,yes,Meets the predeclared main-claim eligibility rule.,Methods and case-study sections describe a modified Sleipner synthetic benchmark; Table 5 reports lower joint-inversion RMSE than either modality alone.,evidence/WP4_CONSERVATIVE_ANALYSIS_CORE.csv,"Monitoring, inversion and updating",User-supplied complete journal PDF; central-claim eligible only for the coded synthetic-inversion finding.
TARGET_DRLGeoRisk2026_214483,Deep reinforcement learning optimizing for geological CO2 storage considering geomechanical and leakage risks,Gamze Erdogan Erten; Bo Zhang; Shuxin Qiao; Walid BenSaleh; Jeff Boisvert,2026,Geoenergy Science and Engineering,https://doi.org/10.1016/j.geoen.2026.214483,full_text_verified_primary_ML_CGS,quantitative_main,yes,https://doi.org/10.1016/j.geoen.2026.214483,journal_article,yes,Meets the predeclared main-claim eligibility rule.,Methods define pressure penalties at 90% of minimum principal stress; results compare the learned policy with CMA-ES and fixed-rate controls across geologic realizations.,evidence/WP4_CONSERVATIVE_ANALYSIS_CORE.csv,Operation and control,User-supplied complete peer-reviewed journal PDF; journal version replaces the 2025 conference precursor for evidence coding.
ESR_Chen2023_229,Spatial Data Assimilation and Risk Forecasting in Geologic CO2 Sequestration,Bailian Chen; Qinjun Kang; Rajesh J. Pawar,2023,SPE Western Regional Meeting,https://doi.org/10.2118/212975-ms,full_text_verified_primary_ML_CGS,verified_but_main_quantitative_excluded,yes,https://doi.org/10.2118/212975-ms,conference_paper,no,Complete conference paper; retained as supplementary verified evidence only.,"Case-study figures identify a synthetic ground-truth saturation model and add 1-10% noise to spatial observations at years 1, 3, and 5.",evidence/WP4_CONSERVATIVE_ANALYSIS_CORE.csv,"Monitoring, inversion and updating",Complete SPE conference paper. Prior field-case coding was corrected: the study is synthetic and field_validated is confirmed absent.
ESR_Alkhowaildi2025_082,Optimizing Geologic Carbon Storage with Machine Learning: Impurity Effect on Trapping Mechanisms,Mustafa Alkhowaildi,2025,SPE Offshore Europe Conference & Exhibition,https://doi.org/10.2118/226801-ms,full_text_verified_primary_ML_CGS,verified_but_main_quantitative_excluded,yes,https://doi.org/10.2118/226801-ms,conference_paper,no,Conference proceedings; retained as supplementary verified evidence only.,Methods report 723 CMG-GEM runs and a 70/30 split; results report R2 near 0.99 and AAPE below 1.6% for the four trapping indices.,evidence/WP4_CONSERVATIVE_ANALYSIS_CORE.csv,Storage dynamics and surrogates,Complete SPE conference paper; retained as supplementary verified primary evidence only.
ESR_Ganesh2024_070,Application of Machine Learning Tools for Uncertainty Quantification of Storage Capacity in Geological Co2 Storage Sites,Ajay Ganesh; Alireza Rangriz Shokri; Yessica Peralta Gil; Gonzalo Zambrano; Rick  J. Chalaturnyk; Erick Nickel,2024,SSRN Electronic Journal,https://doi.org/10.2139/ssrn.5020365,full_text_verified_primary_ML_CGS,verified_but_main_quantitative_excluded,yes,https://doi.org/10.2139/ssrn.5020365,conference_paper,no,GHGT conference/SSRN version; retained as supplementary verified evidence only.,"Methods report 99 CMG-GEM runs, a 90/10 split, a 90%-of-fracture-pressure BHP limit, and one million Monte Carlo surrogate evaluations.",evidence/WP4_CONSERVATIVE_ANALYSIS_CORE.csv,Screening and characterization,Complete GHGT-17 conference paper distributed through SSRN; supplementary verified primary evidence only.
ESR_Mishra2022_076,Machine Learning Applications for Geologic Data Integration and Operational Data Analysis in Geologic Carbon Dioxide Storage Systems,Srikanta Mishra; Brandon Hill; Autumn Haagsma; Neeraj Gupta,2022,SSRN Electronic Journal,https://doi.org/10.2139/ssrn.4295004,full_text_verified_primary_ML_CGS,verified_but_main_quantitative_excluded,yes,https://doi.org/10.2139/ssrn.4295004,conference_paper,no,GHGT conference paper; not allowed to support a central maturity claim by itself.,Case studies use three Michigan reef wells and 243 cleaned Albion-Scipio wells; cross-well tests are explicitly less robust than within-well tests.,evidence/WP4_CONSERVATIVE_ANALYSIS_CORE.csv,Cross-cutting and other,Complete GHGT-16 conference paper; field evidence is retained but the record cannot support a central maturity claim by itself.
ESR_Moncada2025_046,Influencing Factors and Prediction of Co2 Wettability in Coal Seams for Carbon Geo-Storage: Leveraging Data-Driven Machine Learning Approaches,Andreas  Fernandez Moncada; Muhammad Arif,2025,SSRN,https://doi.org/10.2139/ssrn.5295247,full_text_verified_primary_ML_CGS,verified_but_main_quantitative_excluded,yes,https://doi.org/10.2139/ssrn.5295247,preprint,no,SSRN preprint; retained as supplementary emerging evidence only.,The title page states that the preprint has not been peer reviewed; methods describe 470 literature-derived observations and a 70/30 split.,evidence/WP4_CONSERVATIVE_ANALYSIS_CORE.csv,Cross-cutting and other,Complete SSRN preprint; retained as supplementary emerging-direction evidence only and excluded from central maturity claims.
ESR_K2014_181,Optimization of CO2 Sequestration in Saline Aquifers,Ramesh K.; Zheming Zhang,2014,CO2 Sequestration and Valorization,https://doi.org/10.5772/57066,background_non_primary_anchor,context_only,yes,https://doi.org/10.5772/57066,journal_article,no,"Used for geoscience mechanism, field-project, benchmark-design, or review-positioning context; not counted as primary ML-CGS evidence.","Full text extracted; evidence terms detected: mass, pressure, plume, geomechanics, geochemistry",evidence/BACKGROUND_NON_PRIMARY_ANCHORS.csv,injection optimization,coding_basis=metadata/title/rubric; source_status=core_metadata_screened_needs_full_text_check; full-text PDF extracted by automated OA workflow; verified full text but not counted as primary ML-CGS because ML method evidence was not detected
USGS2013_StorageResources,National Assessment of Geologic Carbon Dioxide Storage Resources: Results,U.S. Geological Survey Geologic Carbon Dioxide Storage Resources Assessment Team,2013,USGS Circular 1386,https://doi.org/10.3133/cir1386,background_non_primary_anchor,context_only,yes,https://doi.org/10.3133/cir1386,journal_article,no,"Used for geoscience mechanism, field-project, benchmark-design, or review-positioning context; not counted as primary ML-CGS evidence.","Full text extracted; evidence terms detected: geomechanics, geochemistry, rock/sensor physics",evidence/BACKGROUND_NON_PRIMARY_ANCHORS.csv,site screening,legacy literature_matrix candidate; full-text PDF extracted by automated OA workflow; verified full text but not counted as primary ML-CGS because ML method evidence was not detected
ESR_Ref2013_072,National assessment of geologic carbon dioxide storage resources: Results,,2013,Circular,https://doi.org/10.3133/cir1386,background_non_primary_anchor,context_only,yes,https://doi.org/10.3133/cir1386,journal_article,no,"Used for geoscience mechanism, field-project, benchmark-design, or review-positioning context; not counted as primary ML-CGS evidence.","Full text extracted; evidence terms detected: geomechanics, geochemistry, rock/sensor physics",evidence/BACKGROUND_NON_PRIMARY_ANCHORS.csv,capacity estimation,coding_basis=metadata/title/rubric; source_status=core_metadata_screened_needs_full_text_check; full-text PDF extracted by automated OA workflow; verified full text but not counted as primary ML-CGS because ML method evidence was not detected
ESR_Hannis2013_004,Monitoring the geological storage of CO 2,S.D. Hannis,2013,Geological Storage of Carbon Dioxide (CO2),https://doi.org/10.1533/9780857097279.1.68,background_non_primary_anchor,context_only,yes,https://doi.org/10.1533/9780857097279.1.68,journal_or_repository_full_text,no,"Used for geoscience mechanism, field-project, benchmark-design, or review-positioning context; not counted as primary ML-CGS evidence.",Automated full-text extraction from lawful PDF; page-level notes still needed before detailed prose.,evidence/BACKGROUND_NON_PRIMARY_ANCHORS.csv,monitoring background,"Ingested from local paper-search/paper-fetch workflow; no Sci-Hub, no CloakBrowser, no paywall bypass."
ESR_Savioli2017_343,A model for CO2 storage and seismic monitoring combining multiphase fluid flow and wave propagation simulators. The Sleipner-field case,Gabriela B. Savioli; Juan E. Santos; José M. Carcione; Davide Gei,2017,Computational Geosciences,https://doi.org/10.1007/s10596-016-9607-y,background_non_primary_anchor,context_only,yes,https://doi.org/10.1007/s10596-016-9607-y,journal_or_repository_full_text,no,"Used for geoscience mechanism, field-project, benchmark-design, or review-positioning context; not counted as primary ML-CGS evidence.",Automated full-text extraction from lawful PDF; page-level notes still needed before detailed prose.,evidence/BACKGROUND_NON_PRIMARY_ANCHORS.csv,monitoring background,"Ingested from local paper-search/paper-fetch workflow; no Sci-Hub, no CloakBrowser, no paywall bypass."
ESR_Twerda2018_202,CO2 Injection In Low Pressure Depleted Reservoirs,,,,,background_non_primary_anchor,context_only,no,Full text verified from an author-held or repository copy,background_anchor_pending_full_text,no,"Used for geoscience mechanism, field-project, benchmark-design, or review-positioning context; not counted as primary ML-CGS evidence.",not reported,evidence/BACKGROUND_NON_PRIMARY_ANCHORS.csv,pressure surrogate,Demoted by legal blocker replacement pass V1; legal full text still optional for background use.
ESR_Ge2022_005,Effect of Fines Migration on CO2 Storage and Trapping in Aquifers,,,,,background_non_primary_anchor,context_only,no,Full text verified from an author-held or repository copy,background_anchor_pending_full_text,no,"Used for geoscience mechanism, field-project, benchmark-design, or review-positioning context; not counted as primary ML-CGS evidence.",not reported,evidence/BACKGROUND_NON_PRIMARY_ANCHORS.csv,plume/saturation surrogate,Demoted by legal blocker replacement pass V1; legal full text still optional for background use.
ESR_Hesse2006_179,Scaling Analysis of the Migration of CO2 in Saline Aquifers,,,,,background_non_primary_anchor,context_only,no,Full text verified from an author-held or repository copy,background_anchor_pending_full_text,no,"Used for geoscience mechanism, field-project, benchmark-design, or review-positioning context; not counted as primary ML-CGS evidence.",not reported,evidence/BACKGROUND_NON_PRIMARY_ANCHORS.csv,plume/saturation surrogate,Demoted by legal blocker replacement pass V1; legal full text still optional for background use.
ESR_MacMinn2011_175,CO2 migration in saline aquifers: Regimes in migration with dissolution,,,,,background_non_primary_anchor,context_only,no,Full text verified from an author-held or repository copy,background_anchor_pending_full_text,no,"Used for geoscience mechanism, field-project, benchmark-design, or review-positioning context; not counted as primary ML-CGS evidence.",not reported,evidence/BACKGROUND_NON_PRIMARY_ANCHORS.csv,plume/saturation surrogate,Demoted by legal blocker replacement pass V1; legal full text still optional for background use.
ESR_Shabani2022_307,"Effects of Hydrogeological Heterogeneity on CO2 Migration and Mineral Trapping: 3D Reactive Transport Modeling of Geological CO2 Storage in the Mt. Simon Sandstone, Indiana, USA",,,,,background_non_primary_anchor,context_only,no,Full text verified from an author-held or repository copy,background_anchor_pending_full_text,no,"Used for geoscience mechanism, field-project, benchmark-design, or review-positioning context; not counted as primary ML-CGS evidence.",not reported,evidence/BACKGROUND_NON_PRIMARY_ANCHORS.csv,plume/saturation surrogate,Demoted by legal blocker replacement pass V1; legal full text still optional for background use.
ESR_TROJER2011_172,CO2 migration in saline aquifers,,,,,background_non_primary_anchor,context_only,no,Full text verified from an author-held or repository copy,background_anchor_pending_full_text,no,"Used for geoscience mechanism, field-project, benchmark-design, or review-positioning context; not counted as primary ML-CGS evidence.",not reported,evidence/BACKGROUND_NON_PRIMARY_ANCHORS.csv,plume/saturation surrogate,Demoted by legal blocker replacement pass V1; legal full text still optional for background use.
ESR_Yang2013_151,Upscaling of the constitutive relationships for CO2 migration in multimodal heterogeneous formations,,,,,background_non_primary_anchor,context_only,no,Full text verified from an author-held or repository copy,background_anchor_pending_full_text,no,"Used for geoscience mechanism, field-project, benchmark-design, or review-positioning context; not counted as primary ML-CGS evidence.",not reported,evidence/BACKGROUND_NON_PRIMARY_ANCHORS.csv,plume/saturation surrogate,Demoted by legal blocker replacement pass V1; legal full text still optional for background use.
ESR_Carman2014_380,"Update on Soil CO2 Flux Monitoring at the Illinois Basin - Decatur Project, USA",,,,,background_non_primary_anchor,context_only,no,Full text verified from an author-held or repository copy,background_anchor_pending_full_text,no,"Used for geoscience mechanism, field-project, benchmark-design, or review-positioning context; not counted as primary ML-CGS evidence.",not reported,evidence/BACKGROUND_NON_PRIMARY_ANCHORS.csv,monitoring design/MRV,Demoted by legal blocker replacement pass V1; legal full text still optional for background use.
ESR_Caspari2015_366,Feasibility of CO2 plume detection using 4D seismic: CO2CRC Otway Project case study - Part 1: Rock-physics modeling,,,,,background_non_primary_anchor,context_only,no,Full text verified from an author-held or repository copy,background_anchor_pending_full_text,no,"Used for geoscience mechanism, field-project, benchmark-design, or review-positioning context; not counted as primary ML-CGS evidence.",not reported,evidence/BACKGROUND_NON_PRIMARY_ANCHORS.csv,monitoring design/MRV,Demoted by legal blocker replacement pass V1; legal full text still optional for background use.
ESR_Chadwick2010_222,Measurement and monitoring technologies for verification of carbon dioxide (CO2) storage in underground reservoirs,,,,,background_non_primary_anchor,context_only,no,Full text verified from an author-held or repository copy,background_anchor_pending_full_text,no,"Used for geoscience mechanism, field-project, benchmark-design, or review-positioning context; not counted as primary ML-CGS evidence.",not reported,evidence/BACKGROUND_NON_PRIMARY_ANCHORS.csv,monitoring design/MRV,Demoted by legal blocker replacement pass V1; legal full text still optional for background use.
ESR_Fornel2013_341,To A Dynamic Update Of The Sleipner CO2 Storage Geological Model Using 4d Seismic Data,,,,,background_non_primary_anchor,context_only,no,Full text verified from an author-held or repository copy,background_anchor_pending_full_text,no,"Used for geoscience mechanism, field-project, benchmark-design, or review-positioning context; not counted as primary ML-CGS evidence.",not reported,evidence/BACKGROUND_NON_PRIMARY_ANCHORS.csv,monitoring design/MRV,Demoted by legal blocker replacement pass V1; legal full text still optional for background use.
ESR_Meckel2009_369,"Results From Continuous Downhole Monitoring PDG at a Field-Scale CO2 Demonstration Project, Cranfield, MS",,,,,background_non_primary_anchor,context_only,no,Full text verified from an author-held or repository copy,background_anchor_pending_full_text,no,"Used for geoscience mechanism, field-project, benchmark-design, or review-positioning context; not counted as primary ML-CGS evidence.",not reported,evidence/BACKGROUND_NON_PRIMARY_ANCHORS.csv,monitoring design/MRV,Demoted by legal blocker replacement pass V1; legal full text still optional for background use.
ESR_Osdal2014_218,Snøhvit CO2 Monitoring Using Well Pressure Measurement and 4D Seismic,,,,,background_non_primary_anchor,context_only,no,Full text verified from an author-held or repository copy,background_anchor_pending_full_text,no,"Used for geoscience mechanism, field-project, benchmark-design, or review-positioning context; not counted as primary ML-CGS evidence.",not reported,evidence/BACKGROUND_NON_PRIMARY_ANCHORS.csv,monitoring design/MRV,Demoted by legal blocker replacement pass V1; legal full text still optional for background use.
ESR_Park2026_101,Time-lapse seismic monitoring using 3D acoustic anisotropic full-waveform inversion: An application to the Sleipner CO2 storage site,,,,,background_non_primary_anchor,context_only,no,Full text verified from an author-held or repository copy,background_anchor_pending_full_text,no,"Used for geoscience mechanism, field-project, benchmark-design, or review-positioning context; not counted as primary ML-CGS evidence.",not reported,evidence/BACKGROUND_NON_PRIMARY_ANCHORS.csv,monitoring design/MRV,Demoted by legal blocker replacement pass V1; legal full text still optional for background use.
ESR_Pevzner2015_360,Feasibility of CO2 plume detection using 4D seismic: CO2CRC Otway Project case study - Part 2: Detectability analysis,,,,,background_non_primary_anchor,context_only,no,Full text verified from an author-held or repository copy,background_anchor_pending_full_text,no,"Used for geoscience mechanism, field-project, benchmark-design, or review-positioning context; not counted as primary ML-CGS evidence.",not reported,evidence/BACKGROUND_NON_PRIMARY_ANCHORS.csv,monitoring design/MRV,Demoted by legal blocker replacement pass V1; legal full text still optional for background use.
Twerda2018_LowPressureDepleted,CO2 Injection in Low Pressure Depleted Reservoirs,A. Twerda; S. Belfroid; F. Neele,2018,Fifth CO2 Geological Storage Workshop,not reported,background_non_primary_anchor,context_only,yes,Full text verified from an author-held or repository copy,background_or_field_anchor,no,"Used for geoscience mechanism, field-project, benchmark-design, or review-positioning context; not counted as primary ML-CGS evidence.",User-supplied local PDF; full-text text extracted for background use only.,evidence/BACKGROUND_NON_PRIMARY_ANCHORS.csv,field/storage operation background,Demoted because it lacks explicit machine-learning evidence for geological CO2 storage.
MacMinn2011_SalineMigration,CO2 migration in saline aquifers,Christopher W. MacMinn; Michael L. Szulczewski; Ruben Juanes,2011,Journal of Fluid Mechanics,https://doi.org/10.1017/jfm.2011.379,background_non_primary_anchor,context_only,yes,https://doi.org/10.1017/jfm.2011.379,background_or_field_anchor,no,"Used for geoscience mechanism, field-project, benchmark-design, or review-positioning context; not counted as primary ML-CGS evidence.",User-supplied local PDF; full-text text extracted for background use only.,evidence/BACKGROUND_NON_PRIMARY_ANCHORS.csv,migration physics background,Demoted because it lacks explicit machine-learning evidence for geological CO2 storage.
MacMinn2011_DissolutionRegimes,CO2 migration in saline aquifers: Regimes in migration with dissolution,Christopher W. MacMinn; Michael L. Szulczewski; Ruben Juanes,2011,Energy Procedia,not reported,background_non_primary_anchor,context_only,yes,Full text verified from an author-held or repository copy,background_or_field_anchor,no,"Used for geoscience mechanism, field-project, benchmark-design, or review-positioning context; not counted as primary ML-CGS evidence.",User-supplied local PDF; full-text text extracted for background use only.,evidence/BACKGROUND_NON_PRIMARY_ANCHORS.csv,migration physics background,Demoted because it lacks explicit machine-learning evidence for geological CO2 storage.
ESR_Chiquet2007_203,CO2/water interfacial tensions under pressure and temperature conditions of CO2 geological storage,P. Chiquet; D. Broseta; S. Thibeau,2007,Energy Conversion and Management,https://doi.org/10.1016/j.enconman.2007.01.011,background_non_primary_anchor,context_only,yes,https://doi.org/10.1016/j.enconman.2007.01.011,background_or_field_anchor,no,"Used for geoscience mechanism, field-project, benchmark-design, or review-positioning context; not counted as primary ML-CGS evidence.",User-supplied local PDF; full-text text extracted for background use only.,evidence/BACKGROUND_NON_PRIMARY_ANCHORS.csv,capillary/seal physics background,Demoted because it lacks explicit machine-learning evidence for geological CO2 storage.
Shabani2022_MtSimonReactiveTransport,"Effects of Hydrogeological Heterogeneity on CO2 Migration and Mineral Trapping: 3D Reactive Transport Modeling of Geological CO2 Storage in the Mt. Simon Sandstone, Indiana, USA",S. Shabani; coauthors not fully extracted,2022,not reported,not reported,background_non_primary_anchor,context_only,yes,Full text verified from an author-held or repository copy,background_or_field_anchor,no,"Used for geoscience mechanism, field-project, benchmark-design, or review-positioning context; not counted as primary ML-CGS evidence.",User-supplied local PDF; full-text text extracted for background use only.,evidence/BACKGROUND_NON_PRIMARY_ANCHORS.csv,reactive transport background,Demoted because it lacks explicit machine-learning evidence for geological CO2 storage.
Caspari2015_OtwayRockPhysics,Feasibility of CO2 plume detection using 4D seismic: CO2CRC Otway Project case study - Part 1: Rock-physics modeling,E. Caspari; coauthors not fully extracted,2015,International Journal of Greenhouse Gas Control,not reported,background_non_primary_anchor,context_only,yes,Full text verified from an author-held or repository copy,background_or_field_anchor,no,"Used for geoscience mechanism, field-project, benchmark-design, or review-positioning context; not counted as primary ML-CGS evidence.",User-supplied local PDF; full-text text extracted for background use only.,evidence/BACKGROUND_NON_PRIMARY_ANCHORS.csv,field monitoring anchor,Demoted because it lacks explicit machine-learning evidence for geological CO2 storage.
Pevzner2015_OtwayDetectability,Feasibility of CO2 plume detection using 4D seismic: CO2CRC Otway Project case study - Part 2: Detectability analysis,R. Pevzner; coauthors not fully extracted,2015,International Journal of Greenhouse Gas Control,not reported,background_non_primary_anchor,context_only,yes,Full text verified from an author-held or repository copy,background_or_field_anchor,no,"Used for geoscience mechanism, field-project, benchmark-design, or review-positioning context; not counted as primary ML-CGS evidence.",User-supplied local PDF; full-text text extracted for background use only.,evidence/BACKGROUND_NON_PRIMARY_ANCHORS.csv,field monitoring anchor,Demoted because it lacks explicit machine-learning evidence for geological CO2 storage.
MonitoringTech_CO2StorageVerification,Measurement and monitoring technologies for verification of carbon dioxide (CO2) storage in underground reservoirs,not fully extracted,not reported,not reported,not reported,background_non_primary_anchor,context_only,yes,Full text verified from an author-held or repository copy,background_or_field_anchor,no,"Used for geoscience mechanism, field-project, benchmark-design, or review-positioning context; not counted as primary ML-CGS evidence.",User-supplied local PDF; full-text text extracted for background use only.,evidence/BACKGROUND_NON_PRIMARY_ANCHORS.csv,monitoring/MRV background,Demoted because it lacks explicit machine-learning evidence for geological CO2 storage.
Meckel2009_CranfieldPDG,"Results From Continuous Downhole Monitoring (PDG) at a Field-Scale CO2 Demonstration Project, Cranfield, MS",T. A. Meckel; S. D. Hovorka,2009,SPE Annual Technical Conference and Exhibition,not reported,background_non_primary_anchor,context_only,yes,Full text verified from an author-held or repository copy,background_or_field_anchor,no,"Used for geoscience mechanism, field-project, benchmark-design, or review-positioning context; not counted as primary ML-CGS evidence.",User-supplied local PDF; full-text text extracted for background use only.,evidence/BACKGROUND_NON_PRIMARY_ANCHORS.csv,field monitoring anchor,Demoted because it lacks explicit machine-learning evidence for geological CO2 storage.
Hesse2006_SalineMigrationScaling,Scaling Analysis of the Migration of CO2 in Saline Aquifers,M. A. Hesse; H. A. Tchelepi; F. M. Orr Jr.,2006,SPE Annual Technical Conference and Exhibition,https://doi.org/10.2118/102796-MS,background_non_primary_anchor,context_only,yes,https://doi.org/10.2118/102796-MS,background_or_field_anchor,no,"Used for geoscience mechanism, field-project, benchmark-design, or review-positioning context; not counted as primary ML-CGS evidence.",User-supplied local PDF; full-text text extracted for background use only.,evidence/BACKGROUND_NON_PRIMARY_ANCHORS.csv,migration physics background,Demoted because it lacks explicit machine-learning evidence for geological CO2 storage.
ESR_Shokri2024_206,Significance of Multiple CO2 Plume Management and Pressure Interactions during Geological CO2 Storage Operation based on the Canadian Aquistore CCS Project,A. Shokri; coauthors not fully extracted,2024,Geoenergy Science and Engineering,not reported,background_non_primary_anchor,context_only,yes,Full text verified from an author-held or repository copy,background_or_field_anchor,no,"Used for geoscience mechanism, field-project, benchmark-design, or review-positioning context; not counted as primary ML-CGS evidence.",User-supplied local PDF; full-text text extracted for background use only.,evidence/BACKGROUND_NON_PRIMARY_ANCHORS.csv,field operation background,Demoted because it lacks explicit machine-learning evidence for geological CO2 storage.
SleipnerFWI_TimeLapse,Time-lapse seismic monitoring using 3D acoustic anisotropic full-waveform inversion: An application to the Sleipner CO2 storage site,not fully extracted,not reported,preprint or manuscript,not reported,background_non_primary_anchor,context_only,yes,Full text verified from an author-held or repository copy,background_or_field_anchor,no,"Used for geoscience mechanism, field-project, benchmark-design, or review-positioning context; not counted as primary ML-CGS evidence.",User-supplied local PDF; full-text text extracted for background use only.,evidence/BACKGROUND_NON_PRIMARY_ANCHORS.csv,field monitoring anchor,Demoted because it lacks explicit machine-learning evidence for geological CO2 storage.
Fornel2013_SleipnerDynamicUpdate,Toward a dynamic update of the Sleipner CO2 storage geological model using 4D seismic data,A. Fornel; A. Estublier,2013,Energy Procedia,not reported,background_non_primary_anchor,context_only,yes,Full text verified from an author-held or repository copy,background_or_field_anchor,no,"Used for geoscience mechanism, field-project, benchmark-design, or review-positioning context; not counted as primary ML-CGS evidence.",User-supplied local PDF; full-text text extracted for background use only.,evidence/BACKGROUND_NON_PRIMARY_ANCHORS.csv,field monitoring/history matching anchor,Demoted because it lacks explicit machine-learning evidence for geological CO2 storage.
IBDP_SoilCO2FluxUpdate,"Update on Soil CO2 Flux Monitoring at the Illinois Basin-Decatur Project, USA",not fully extracted,not reported,not reported,not reported,background_non_primary_anchor,context_only,yes,Full text verified from an author-held or repository copy,background_or_field_anchor,no,"Used for geoscience mechanism, field-project, benchmark-design, or review-positioning context; not counted as primary ML-CGS evidence.",User-supplied local PDF; full-text text extracted for background use only.,evidence/BACKGROUND_NON_PRIMARY_ANCHORS.csv,field monitoring anchor,Demoted because it lacks explicit machine-learning evidence for geological CO2 storage.
Yang2013_UpscalingConstitutive,Upscaling of the constitutive relationships for CO2 migration in multimodal heterogeneous formations,F. Yang; R. T. Johns; L. W. Lake,2013,International Journal of Greenhouse Gas Control,not reported,background_non_primary_anchor,context_only,yes,Full text verified from an author-held or repository copy,background_or_field_anchor,no,"Used for geoscience mechanism, field-project, benchmark-design, or review-positioning context; not counted as primary ML-CGS evidence.",User-supplied local PDF; full-text text extracted for background use only.,evidence/BACKGROUND_NON_PRIMARY_ANCHORS.csv,multiphase-flow physics background,Demoted because it lacks explicit machine-learning evidence for geological CO2 storage.
ESR_Popik2020_358,4D surface seismic monitoring the evolution of a small CO2 plume during and after injection: CO2CRC Otway Project study,Sofya Popik; Roman Pevzner; Konstantin Tertyshnikov; Dmitry Popik; Milovan Urosevic; Valeriya Shulakova; Stanislav Glubokovskikh; Boris Gurevich,2020,Exploration Geophysics,https://doi.org/10.1080/08123985.2020.1735934,background_non_primary_anchor,context_only,no,https://doi.org/10.1080/08123985.2020.1735934,background_source,no,"Used for geoscience mechanism, field-project, benchmark-design, or review-positioning context; not counted as primary ML-CGS evidence.",Metadata-level background classification; no full-text claim extraction in WP2.,evidence/BACKGROUND_NON_PRIMARY_ANCHORS.csv,monitoring design/MRV,WP2 screening closure; background anchor excluded from primary quantitative synthesis.
ESR_Roach2015_400,Assessment of 4D seismic repeatability and CO2 detection limits using a sparse permanent land array at the Aquistore CO2 storage site,Lisa A. N. Roach; Donald J. White; Brian Roberts,2015,Geophysics,https://doi.org/10.1190/geo2014-0201.1,background_non_primary_anchor,context_only,no,https://doi.org/10.1190/geo2014-0201.1,background_source,no,"Used for geoscience mechanism, field-project, benchmark-design, or review-positioning context; not counted as primary ML-CGS evidence.",Metadata-level background classification; no full-text claim extraction in WP2.,evidence/BACKGROUND_NON_PRIMARY_ANCHORS.csv,monitoring design/MRV,WP2 screening closure; background anchor excluded from primary quantitative synthesis.
ESR_White2014_391,"Initial Results from Seismic Monitoring at the Aquistore CO2 Storage Site, Saskatchewan, Canada",D.J. White; L.A.N. Roach; B. Roberts; T.M. Daley,2014,Energy Procedia,https://doi.org/10.1016/j.egypro.2014.11.477,background_non_primary_anchor,context_only,no,https://doi.org/10.1016/j.egypro.2014.11.477,background_source,no,"Used for geoscience mechanism, field-project, benchmark-design, or review-positioning context; not counted as primary ML-CGS evidence.",Metadata-level background classification; no full-text claim extraction in WP2.,evidence/BACKGROUND_NON_PRIMARY_ANCHORS.csv,monitoring design/MRV,WP2 screening closure; background anchor excluded from primary quantitative synthesis.
ESR_White2015_401,Time-lapse seismic performance of a sparse permanent array: Experience from the Aquistore CO2 storage site,Don J. White; Lisa A. N. Roach; Brian Roberts,2015,Geophysics,https://doi.org/10.1190/geo2014-0239.1,background_non_primary_anchor,context_only,no,https://doi.org/10.1190/geo2014-0239.1,background_source,no,"Used for geoscience mechanism, field-project, benchmark-design, or review-positioning context; not counted as primary ML-CGS evidence.",Metadata-level background classification; no full-text claim extraction in WP2.,evidence/BACKGROUND_NON_PRIMARY_ANCHORS.csv,monitoring design/MRV,WP2 screening closure; background anchor excluded from primary quantitative synthesis.
ESR_Alfi2016_220,"Integration of reservoir simulation, history matching, and 4D seismic for CO2-EOR and storage at Cranfield, Mississippi, USA",Masoud Alfi; Seyyed A. Hosseini,2016,Fuel,https://doi.org/10.1016/j.fuel.2016.02.032,background_non_primary_anchor,context_only,no,https://doi.org/10.1016/j.fuel.2016.02.032,background_source,no,"Used for geoscience mechanism, field-project, benchmark-design, or review-positioning context; not counted as primary ML-CGS evidence.",Metadata-level background classification; no full-text claim extraction in WP2.,evidence/BACKGROUND_NON_PRIMARY_ANCHORS.csv,Bayesian history matching,WP2 screening closure; background anchor excluded from primary quantitative synthesis.
ESR_Strandli2014_383,CO2 Plume Tracking and History Matching Using Multilevel Pressure Monitoring at the Illinois Basin - Decatur Project,Christin W. Strandli; Edward Mehnert; Sally M. Benson,2014,Energy Procedia,https://doi.org/10.1016/j.egypro.2014.11.483,background_non_primary_anchor,context_only,yes,https://doi.org/10.1016/j.egypro.2014.11.483,journal_article,no,"Used for geoscience mechanism, field-project, benchmark-design, or review-positioning context; not counted as primary ML-CGS evidence.",Abstract and results connect multilevel pressure monitoring to plume tracking and history matching at the Illinois Basin-Decatur Project.,evidence/BACKGROUND_NON_PRIMARY_ANCHORS.csv,field monitoring anchor,WP2 full-text verified background anchor; excluded from primary ML-CGS counts.
IEAGHG2020_MonitoringModeling,Monitoring and Modelling of CO2 Storage,IEAGHG; Gupta and contributors,2020,IEAGHG Technical Report 2020-01,https://ieaghg.org/publications/monitoring-and-modelling-of-co2-storage/,background_non_primary_anchor,context_only,no,https://ieaghg.org/publications/monitoring-and-modelling-of-co2-storage/,background_source,no,"Used for geoscience mechanism, field-project, benchmark-design, or review-positioning context; not counted as primary ML-CGS evidence.",Metadata-level background classification; no full-text claim extraction in WP2.,evidence/BACKGROUND_NON_PRIMARY_ANCHORS.csv,Bayesian history matching,WP2 screening closure; background anchor excluded from primary quantitative synthesis.
ESR_Anderson2017_373,Gas source attribution techniques for assessing leakage at geologic CO2 storage sites: Evaluating a CO2 and CH4 soil gas anomaly at the Cranfield CO2-EOR site,Jacob S. Anderson; Katherine D. Romanak; Changbing Yang; Jiemin Lu; Susan D. Hovorka; Michael H. Young,2017,Chemical Geology,https://doi.org/10.1016/j.chemgeo.2017.02.024,background_non_primary_anchor,context_only,no,https://doi.org/10.1016/j.chemgeo.2017.02.024,background_source,no,"Used for geoscience mechanism, field-project, benchmark-design, or review-positioning context; not counted as primary ML-CGS evidence.",Metadata-level background classification; no full-text claim extraction in WP2.,evidence/BACKGROUND_NON_PRIMARY_ANCHORS.csv,leakage detection,WP2 screening closure; background anchor excluded from primary quantitative synthesis.
ESR_Chadwick2014_338,CO2 storage monitoring: leakage detection and measurement in subsurface volumes from 3D seismic data at Sleipner,R. Andrew Chadwick; Benjamin P. Marchant; Gareth A. Williams,2014,Energy Procedia,https://doi.org/10.1016/j.egypro.2014.11.458,background_non_primary_anchor,context_only,yes,https://doi.org/10.1016/j.egypro.2014.11.458,journal_article,no,"Used for geoscience mechanism, field-project, benchmark-design, or review-positioning context; not counted as primary ML-CGS evidence.","Abstract and discussion report a lower detection threshold of roughly 3000 m3 pore volume, corresponding to about 2100 t CO2 for the assumed conditions.",evidence/BACKGROUND_NON_PRIMARY_ANCHORS.csv,field monitoring anchor,WP2 full-text verified background anchor; excluded from primary ML-CGS counts.
ESR_Do2022_277,Tracing CO2 leakage and migration using the hydrogeochemical tracers during a controlled CO2 release field test,Hyun-Kwon Do; Soonyoung Yu; Yon-Gyung Ryuh; YeoJin Ju; Hyun-Ji Kang; Seung-Wook Ha; Seong-Taek Yun,2022,Applied Geochemistry,https://doi.org/10.1016/j.apgeochem.2022.105390,background_non_primary_anchor,context_only,no,https://doi.org/10.1016/j.apgeochem.2022.105390,background_source,no,"Used for geoscience mechanism, field-project, benchmark-design, or review-positioning context; not counted as primary ML-CGS evidence.",Metadata-level background classification; no full-text claim extraction in WP2.,evidence/BACKGROUND_NON_PRIMARY_ANCHORS.csv,leakage detection,WP2 screening closure; background anchor excluded from primary quantitative synthesis.
ESR_Humez2014_278,CO2-water-mineral reactions during CO2 leakage: Geochemical and isotopic monitoring of a CO2 injection field test,Pauline Humez; Philippe Négrel; Vincent Lagneau; Julie Lions; Wolfram Kloppmann; Frédérick Gal; Romain Millot; Catherine Guerrot; et al.,2014,Chemical Geology,https://doi.org/10.1016/j.chemgeo.2014.01.001,background_non_primary_anchor,context_only,no,https://doi.org/10.1016/j.chemgeo.2014.01.001,background_source,no,"Used for geoscience mechanism, field-project, benchmark-design, or review-positioning context; not counted as primary ML-CGS evidence.",Metadata-level background classification; no full-text claim extraction in WP2.,evidence/BACKGROUND_NON_PRIMARY_ANCHORS.csv,leakage detection,WP2 screening closure; background anchor excluded from primary quantitative synthesis.
ESR_Lewicki2009_271,Detection of CO2 leakage by eddy covariance during the ZERT project’s CO2 release experiments,Jennifer L. Lewicki; George E. Hilley; Marc L. Fischer; Lehua Pana; Curtis M. Oldenburg; Laura Dobeck; Lee Spangler,2009,Energy Procedia,https://doi.org/10.1016/j.egypro.2009.01.299,background_non_primary_anchor,context_only,no,https://doi.org/10.1016/j.egypro.2009.01.299,background_source,no,"Used for geoscience mechanism, field-project, benchmark-design, or review-positioning context; not counted as primary ML-CGS evidence.",Metadata-level background classification; no full-text claim extraction in WP2.,evidence/BACKGROUND_NON_PRIMARY_ANCHORS.csv,leakage detection,WP2 screening closure; background anchor excluded from primary quantitative synthesis.
ESR_Meckel2013_370,"Assessing sensitivity to well leakage from three years of continuous reservoir pressure monitoring during CO2 injection at Cranfield, MS, USA",T.A. Meckel; M. Zeidouni; S.D. Hovorka; S.A. Hosseini,2013,International Journal of Greenhouse Gas Control,https://doi.org/10.1016/j.ijggc.2013.01.019,background_non_primary_anchor,context_only,no,https://doi.org/10.1016/j.ijggc.2013.01.019,background_source,no,"Used for geoscience mechanism, field-project, benchmark-design, or review-positioning context; not counted as primary ML-CGS evidence.",Metadata-level background classification; no full-text claim extraction in WP2.,evidence/BACKGROUND_NON_PRIMARY_ANCHORS.csv,leakage detection,WP2 screening closure; background anchor excluded from primary quantitative synthesis.
ESR_Pan2011_262,Transient CO2 leakage and injection in wellbore-reservoir systems for geologic carbon sequestration,Lehua Pan; Curtis M. Oldenburg; Karsten Pruess; Yu-Shu Wu,2011,Greenhouse Gases: Science and Technology,https://doi.org/10.1002/ghg.41,background_non_primary_anchor,context_only,yes,https://doi.org/10.1002/ghg.41,journal_article,no,"Used for geoscience mechanism, field-project, benchmark-design, or review-positioning context; not counted as primary ML-CGS evidence.",Model formulation couples multiphase Darcy flow in the reservoir with a drift-flux wellbore model; results describe transient leakage and injection regimes.,evidence/BACKGROUND_NON_PRIMARY_ANCHORS.csv,wellbore leakage mechanism anchor,WP2 full-text verified background anchor; excluded from primary ML-CGS counts.
ESR_Park2012_250,A pressure-monitoring method to warn CO2 leakage in geological storage sites,Yong-Chan Park; Dae-Gee Huh; Chan-Hee Park,2012,Environmental Earth Sciences,https://doi.org/10.1007/s12665-012-1667-2,background_non_primary_anchor,context_only,no,https://doi.org/10.1007/s12665-012-1667-2,background_source,no,"Used for geoscience mechanism, field-project, benchmark-design, or review-positioning context; not counted as primary ML-CGS evidence.",Metadata-level background classification; no full-text claim extraction in WP2.,evidence/BACKGROUND_NON_PRIMARY_ANCHORS.csv,leakage detection,WP2 screening closure; background anchor excluded from primary quantitative synthesis.
ESR_Cahill2015_274,Geochemical modeling of a sustained shallow aquifer CO2 leakage field study and implications for leakage and site monitoring,Aaron G Cahill; Rasmus Jakobsen,2015,International Journal of Greenhouse Gas Control,https://doi.org/10.1016/j.ijggc.2015.03.011,background_non_primary_anchor,context_only,no,https://doi.org/10.1016/j.ijggc.2015.03.011,background_source,no,"Used for geoscience mechanism, field-project, benchmark-design, or review-positioning context; not counted as primary ML-CGS evidence.",Metadata-level background classification; no full-text claim extraction in WP2.,evidence/BACKGROUND_NON_PRIMARY_ANCHORS.csv,leakage detection,WP2 screening closure; background anchor excluded from primary quantitative synthesis.
ESR_Jung2015_245,On the detection of leakage pathways in geological CO2 storage systems using pressure monitoring data: Impact of model parameter uncertainties,Yoojin Jung; Quanlin Zhou; Jens T. Birkholzer,2015,Advances in Water Resources,https://doi.org/10.1016/j.advwatres.2015.08.005,background_non_primary_anchor,context_only,no,https://doi.org/10.1016/j.advwatres.2015.08.005,background_source,no,"Used for geoscience mechanism, field-project, benchmark-design, or review-positioning context; not counted as primary ML-CGS evidence.",Metadata-level background classification; no full-text claim extraction in WP2.,evidence/BACKGROUND_NON_PRIMARY_ANCHORS.csv,leakage detection,WP2 screening closure; background anchor excluded from primary quantitative synthesis.
ESR_Issa2017_361,Passive seismic imaging at reservoir depths using ambient seismic noise recorded at the Otway CO2 geological storage research facility,Nader A. Issa; David Lumley; Roman Pevzner,2017,Geophysical Journal International,https://doi.org/10.1093/gji/ggx109,background_non_primary_anchor,context_only,no,https://doi.org/10.1093/gji/ggx109,background_source,no,"Used for geoscience mechanism, field-project, benchmark-design, or review-positioning context; not counted as primary ML-CGS evidence.",Metadata-level background classification; no full-text claim extraction in WP2.,evidence/BACKGROUND_NON_PRIMARY_ANCHORS.csv,seismic inversion,WP2 screening closure; background anchor excluded from primary quantitative synthesis.
ESR_Meadows2008_087,Time-lapse seismic modeling and inversion of CO2 saturation for storage and enhanced oil recovery,Mark Meadows,2008,The Leading Edge,https://doi.org/10.1190/1.2907183,background_non_primary_anchor,context_only,no,https://doi.org/10.1190/1.2907183,background_source,no,"Used for geoscience mechanism, field-project, benchmark-design, or review-positioning context; not counted as primary ML-CGS evidence.",Metadata-level background classification; no full-text claim extraction in WP2.,evidence/BACKGROUND_NON_PRIMARY_ANCHORS.csv,seismic inversion,WP2 screening closure; background anchor excluded from primary quantitative synthesis.
ESR_Goda2013_182,Global Optimization of Injection Well Placement Toward Higher Safety of CO2 Geological Storage,Takashi Goda; Kozo Sato,2013,Energy Procedia,https://doi.org/10.1016/j.egypro.2013.06.366,background_non_primary_anchor,context_only,no,https://doi.org/10.1016/j.egypro.2013.06.366,background_source,no,"Used for geoscience mechanism, field-project, benchmark-design, or review-positioning context; not counted as primary ML-CGS evidence.",Metadata-level background classification; no full-text claim extraction in WP2.,evidence/BACKGROUND_NON_PRIMARY_ANCHORS.csv,injection optimization,WP2 screening closure; background anchor excluded from primary quantitative synthesis.
ESR_Onuma2009_350,"Detection of surface deformation related with CO2 injection by DInSAR at In Salah, Algeria",Takumi Onuma; Shiro Ohkawa,2009,Energy Procedia,https://doi.org/10.1016/j.egypro.2009.01.283,background_non_primary_anchor,context_only,no,https://doi.org/10.1016/j.egypro.2009.01.283,background_source,no,"Used for geoscience mechanism, field-project, benchmark-design, or review-positioning context; not counted as primary ML-CGS evidence.",Metadata-level background classification; no full-text claim extraction in WP2.,evidence/BACKGROUND_NON_PRIMARY_ANCHORS.csv,geomechanics/seal risk,WP2 screening closure; background anchor excluded from primary quantitative synthesis.
ESR_Onuma2011_355,"Time series analysis of surface deformation related with CO2 injection by satellite-borne SAR interferometry at In Salah, Algeria",Takumi Onuma; Kinya Okada; Akira Otsubo,2011,Energy Procedia,https://doi.org/10.1016/j.egypro.2011.02.267,background_non_primary_anchor,context_only,no,https://doi.org/10.1016/j.egypro.2011.02.267,background_source,no,"Used for geoscience mechanism, field-project, benchmark-design, or review-positioning context; not counted as primary ML-CGS evidence.",Metadata-level background classification; no full-text claim extraction in WP2.,evidence/BACKGROUND_NON_PRIMARY_ANCHORS.csv,geomechanics/seal risk,WP2 screening closure; background anchor excluded from primary quantitative synthesis.
ESR_Espinoza2017_290,CO2 breakthrough-Caprock sealing efficiency and integrity for carbon geological storage,D. Nicolas Espinoza; J. Carlos Santamarina,2017,International Journal of Greenhouse Gas Control,https://doi.org/10.1016/j.ijggc.2017.09.019,background_non_primary_anchor,context_only,no,https://doi.org/10.1016/j.ijggc.2017.09.019,background_source,no,"Used for geoscience mechanism, field-project, benchmark-design, or review-positioning context; not counted as primary ML-CGS evidence.",Metadata-level background classification; no full-text claim extraction in WP2.,evidence/BACKGROUND_NON_PRIMARY_ANCHORS.csv,geomechanics/seal risk,WP2 screening closure; background anchor excluded from primary quantitative synthesis.
ESR_Kolawole2021_298,How can biogeomechanical alterations in shales impact caprock integrity and CO2 storage?,Oladoyin Kolawole; Ion Ispas; Mallika Kumar; Joachim Weber; Bo Zhao; Giovanni Zanoni,2021,Fuel,https://doi.org/10.1016/j.fuel.2021.120149,background_non_primary_anchor,context_only,no,https://doi.org/10.1016/j.fuel.2021.120149,background_source,no,"Used for geoscience mechanism, field-project, benchmark-design, or review-positioning context; not counted as primary ML-CGS evidence.",Metadata-level background classification; no full-text claim extraction in WP2.,evidence/BACKGROUND_NON_PRIMARY_ANCHORS.csv,geomechanics/seal risk,WP2 screening closure; background anchor excluded from primary quantitative synthesis.
ESR_MORENO2005_297,Methodology for assessing integrity of bounding seals (wells and caprock) for geological storage of CO2,F MORENO; R CHALATURNYK; J JIMENEZ,2005,Greenhouse Gas Control Technologies 7,https://doi.org/10.1016/b978-008044704-9/50074-4,background_non_primary_anchor,context_only,no,https://doi.org/10.1016/b978-008044704-9/50074-4,background_source,no,"Used for geoscience mechanism, field-project, benchmark-design, or review-positioning context; not counted as primary ML-CGS evidence.",Metadata-level background classification; no full-text claim extraction in WP2.,evidence/BACKGROUND_NON_PRIMARY_ANCHORS.csv,geomechanics/seal risk,WP2 screening closure; background anchor excluded from primary quantitative synthesis.
ESR_Sohn2026_296,Destabilization of shale caprock by cold CO2 injection: Implications to caprock integrity for geological carbon storage,Yongjune Sohn; Tae-Hyuk Kwon,2026,International Journal of Rock Mechanics and Mining Sciences,https://doi.org/10.1016/j.ijrmms.2026.106512,background_non_primary_anchor,context_only,no,https://doi.org/10.1016/j.ijrmms.2026.106512,background_source,no,"Used for geoscience mechanism, field-project, benchmark-design, or review-positioning context; not counted as primary ML-CGS evidence.",Metadata-level background classification; no full-text claim extraction in WP2.,evidence/BACKGROUND_NON_PRIMARY_ANCHORS.csv,geomechanics/seal risk,WP2 screening closure; background anchor excluded from primary quantitative synthesis.
ESR_DubosSalle2011_094,Estimation of permeability anisotropy using seismic inversion for the CO2 geological storage site of Sleipner (North Sea),Noalwenn Dubos-Sallée; Patrick N. J. Rasolofosaon,2011,Geophysics,https://doi.org/10.1190/1.3552689,background_non_primary_anchor,context_only,no,https://doi.org/10.1190/1.3552689,background_source,no,"Used for geoscience mechanism, field-project, benchmark-design, or review-positioning context; not counted as primary ML-CGS evidence.",Metadata-level background classification; no full-text claim extraction in WP2.,evidence/BACKGROUND_NON_PRIMARY_ANCHORS.csv,site screening,WP2 screening closure; background anchor excluded from primary quantitative synthesis.
ESR_Xiao2011_064,Natural CO2 occurrence in geological formations and the implications on CO2 storage capacity and site selection,Yitian Xiao; Gordon Macleod; David M. Advocate; Chris Reaves; Robert J. Pottorf,2011,Energy Procedia,https://doi.org/10.1016/j.egypro.2011.02.430,background_non_primary_anchor,context_only,no,https://doi.org/10.1016/j.egypro.2011.02.430,background_source,no,"Used for geoscience mechanism, field-project, benchmark-design, or review-positioning context; not counted as primary ML-CGS evidence.",Metadata-level background classification; no full-text claim extraction in WP2.,evidence/BACKGROUND_NON_PRIMARY_ANCHORS.csv,site screening,WP2 screening closure; background anchor excluded from primary quantitative synthesis.
NETL2017_SiteScreening,"Best Practices: Site Screening, Site Selection, and Site Characterization for Geologic Storage Projects",U.S. Department of Energy National Energy Technology Laboratory,2017,Official report,https://www.netl.doe.gov/node/5829,background_non_primary_anchor,context_only,no,https://www.netl.doe.gov/node/5829,background_source,no,"Used for geoscience mechanism, field-project, benchmark-design, or review-positioning context; not counted as primary ML-CGS evidence.",Metadata-level background classification; no full-text claim extraction in WP2.,evidence/BACKGROUND_NON_PRIMARY_ANCHORS.csv,site screening,WP2 screening closure; background anchor excluded from primary quantitative synthesis.
ESR_Jung2013_268,Experimental study of potential wellbore cement carbonation by various phases of carbon dioxide during geologic carbon sequestration,Hun Bok Jung; Wooyong Um,2013,Applied Geochemistry,https://doi.org/10.1016/j.apgeochem.2013.04.007,background_non_primary_anchor,context_only,no,https://doi.org/10.1016/j.apgeochem.2013.04.007,background_source,no,"Used for geoscience mechanism, field-project, benchmark-design, or review-positioning context; not counted as primary ML-CGS evidence.",Metadata-level background classification; no full-text claim extraction in WP2.,evidence/BACKGROUND_NON_PRIMARY_ANCHORS.csv,capacity estimation,WP2 screening closure; background anchor excluded from primary quantitative synthesis.
ESR_Khosrokhavar2016_020,Mechanisms for CO2 Sequestration in Geological Formations and Enhanced Gas Recovery,Roozbeh Khosrokhavar,2016,Springer Theses,https://doi.org/10.1007/978-3-319-23087-0,background_non_primary_anchor,context_only,no,https://doi.org/10.1007/978-3-319-23087-0,background_source,no,"Used for geoscience mechanism, field-project, benchmark-design, or review-positioning context; not counted as primary ML-CGS evidence.",Metadata-level background classification; no full-text claim extraction in WP2.,evidence/BACKGROUND_NON_PRIMARY_ANCHORS.csv,capacity estimation,WP2 screening closure; background anchor excluded from primary quantitative synthesis.
ESR_Nomeli2015_017,The Potential for Carbon Dioxide Sequestration in Subsurface Geological Formations,Mohammad A. Nomeli; Amir Riaz,2015,Handbook of Clean Energy Systems,https://doi.org/10.1002/9781118991978.hces161,background_non_primary_anchor,context_only,no,https://doi.org/10.1002/9781118991978.hces161,background_source,no,"Used for geoscience mechanism, field-project, benchmark-design, or review-positioning context; not counted as primary ML-CGS evidence.",Metadata-level background classification; no full-text claim extraction in WP2.,evidence/BACKGROUND_NON_PRIMARY_ANCHORS.csv,capacity estimation,WP2 screening closure; background anchor excluded from primary quantitative synthesis.
ESR_Ding2018_305,CO2 storage capacity estimation in oil reservoirs by solubility and mineral trapping,Shuaiwei Ding; Yi Xi; Hanqiao Jiang; Guangwei Liu,2018,Applied Geochemistry,https://doi.org/10.1016/j.apgeochem.2017.12.002,background_non_primary_anchor,context_only,no,https://doi.org/10.1016/j.apgeochem.2017.12.002,background_source,no,"Used for geoscience mechanism, field-project, benchmark-design, or review-positioning context; not counted as primary ML-CGS evidence.",Metadata-level background classification; no full-text claim extraction in WP2.,evidence/BACKGROUND_NON_PRIMARY_ANCHORS.csv,capacity estimation,WP2 screening closure; background anchor excluded from primary quantitative synthesis.
ESR_LIAUPIEN2011_038,Prospects for CO2 geological storage in deep saline aquifers of Lithuania and adjacent territories,Rasa ŠLIAUPIENĖ; Saulius ŠLIAUPA,2011,Geologija,https://doi.org/10.6001/geologija.v53i3.1893,background_non_primary_anchor,context_only,no,https://doi.org/10.6001/geologija.v53i3.1893,background_source,no,"Used for geoscience mechanism, field-project, benchmark-design, or review-positioning context; not counted as primary ML-CGS evidence.",Metadata-level background classification; no full-text claim extraction in WP2.,evidence/BACKGROUND_NON_PRIMARY_ANCHORS.csv,capacity estimation,WP2 screening closure; background anchor excluded from primary quantitative synthesis.
ESR_Pelissari2022_304,Parana Sedimentary Basin’s Potential for CO2 Geological Storage,Maria Rogieri Pelissari,2022,Perspectives to CO2 Geological Storage and Greenhouse Gas Negative Emissions in South-Southeastern Brazil: Paraná and Santos Sedimentary Basins,https://doi.org/10.5151/9786555501346-03,background_non_primary_anchor,context_only,no,https://doi.org/10.5151/9786555501346-03,background_source,no,"Used for geoscience mechanism, field-project, benchmark-design, or review-positioning context; not counted as primary ML-CGS evidence.",Metadata-level background classification; no full-text claim extraction in WP2.,evidence/BACKGROUND_NON_PRIMARY_ANCHORS.csv,capacity estimation,WP2 screening closure; background anchor excluded from primary quantitative synthesis.
ESR_Warwick2013_079,U.S. Geological Survey Geologic Carbon Dioxide Storage Resource Assessment of the United States,Peter D. Warwick; Madalyn S. Blondes; Sean T. Brennan; Margo D. Corum; Matthew D. Merrill,2013,Energy Procedia,https://doi.org/10.1016/j.egypro.2013.06.444,background_non_primary_anchor,context_only,no,https://doi.org/10.1016/j.egypro.2013.06.444,background_source,no,"Used for geoscience mechanism, field-project, benchmark-design, or review-positioning context; not counted as primary ML-CGS evidence.",Metadata-level background classification; no full-text claim extraction in WP2.,evidence/BACKGROUND_NON_PRIMARY_ANCHORS.csv,capacity estimation,WP2 screening closure; background anchor excluded from primary quantitative synthesis.
IEAGHG2025_AIWorkshop,AI in CCUS Workshop,IEAGHG,2025,IEAGHG workshop report page,https://ieaghg.org/events/ai-in-ccus-workshop/,background_non_primary_anchor,context_only,no,https://ieaghg.org/events/ai-in-ccus-workshop/,background_source,no,"Used for geoscience mechanism, field-project, benchmark-design, or review-positioning context; not counted as primary ML-CGS evidence.",Metadata-level background classification; no full-text claim extraction in WP2.,evidence/BACKGROUND_NON_PRIMARY_ANCHORS.csv,uncertainty_xai_deployment,WP2 screening closure; background anchor excluded from primary quantitative synthesis.
ESR_Diab2025_136,Temporal Extrapolation and Reliable Generalization via Temporal Neural Operator (TNO) for Geologic Carbon Storage,W. Diab; M. Al Kobaisi,2025,Innovative Technology for Reservoir Optimization,https://doi.org/10.3997/2214-4609.2025638027,metadata_level_pending,pending_full_text_or_scope_resolution,no,not available,metadata only,no,Storage-specific ML candidate; no legitimate open full text was found in the publisher/repository search on 2026-07-27.,not available,evidence/METADATA_LEVEL_RECORDS_TO_VERIFY.csv,neural operator surrogate,coding_basis=metadata/title/rubric; source_status=core_metadata_screened_needs_full_text_check
ESR_Chennakrishnan2024_210,Machine Learning Models Augment Geomechanical Processes for CO2 Storage,B. Chennakrishnan; H. Alikhani; S. Senapati,2024,Fifth EAGE Global Energy Transition Conference & Exhibition (GET 2024),https://doi.org/10.3997/2214-4609.202421242,metadata_level_pending,pending_full_text_or_scope_resolution,no,not available,metadata only,no,Potential storage-specific ML/geomechanics candidate; no legitimate open full text was found in the publisher/repository search on 2026-07-27.,not available,evidence/METADATA_LEVEL_RECORDS_TO_VERIFY.csv,geomechanics/seal risk,coding_basis=metadata/title/rubric; source_status=core_metadata_screened_needs_full_text_check
ESR_Ibrahim2024_150,Engineering Visual Presentation E04: Predicting ground surface deformation induced from CO2 plume movement using machine learning,Ibrahim M. Ibrahim,2024,Australian Energy Producers Journal,https://doi.org/10.1071/ep23317,metadata_level_pending,pending_full_text_or_scope_resolution,no,not available,metadata only,no,Potential storage-specific technical candidate; no legitimate open full text was found in the publisher/repository search on 2026-07-27.,not available,evidence/METADATA_LEVEL_RECORDS_TO_VERIFY.csv,geomechanics/seal risk,coding_basis=metadata/title/rubric; source_status=core_metadata_screened_needs_full_text_check
ESR_Daynac2025_066,CO2 Storage Site Assessment from Hydrocarbon Field Revision Using a High-resolution Stratigraphic Framework and Machine Learning,N. Daynac,2025,4th Carbon Capture and Storage Conference Asia Pacific,https://doi.org/10.3997/2214-4609.202573012,metadata_level_pending,pending_full_text_or_scope_resolution,no,not available,metadata only,no,Potential storage-specific ML candidate; no legitimate open full text was found in the publisher/repository search on 2026-07-27.,not available,evidence/METADATA_LEVEL_RECORDS_TO_VERIFY.csv,site screening,coding_basis=metadata/title/rubric; source_status=core_metadata_screened_needs_full_text_check
ESR_Barros2020_155,Quantitative Conformance Assessment in CO2 Storage Reservoirs under Geological Uncertainties Using Convolutional Neural Network Classifiers,E. Barros; B. Boullenger,2020,1st Geoscience & Engineering in Energy Transition Conference,https://doi.org/10.3997/2214-4609.202021062,metadata_level_pending,pending_full_text_or_scope_resolution,no,not available,metadata only,no,Storage-specific CNN candidate; no legitimate open full text was found in the publisher/repository search on 2026-07-27.,not available,evidence/METADATA_LEVEL_RECORDS_TO_VERIFY.csv,monitoring design/MRV,coding_basis=metadata/title/rubric; source_status=core_metadata_screened_needs_full_text_check
ESR_Abdul2025_244,Synthetic Seismic Modeling of CO2 Leakage Detection Using Machine Learning,A. Abdul; M. Kendall; T. Nissen-Meyer,2025,First EAGE Workshop on Geophysical Techniques for Monitoring CO2 Storage,https://doi.org/10.3997/2214-4609.202585018,metadata_level_pending,pending_full_text_or_scope_resolution,no,not available,metadata only,no,Storage-specific ML leakage candidate; no legitimate open full text was found in the publisher/repository search on 2026-07-27.,not available,evidence/METADATA_LEVEL_RECORDS_TO_VERIFY.csv,leakage detection,coding_basis=metadata/title/rubric; source_status=core_metadata_screened_needs_full_text_check
Tang2024_MultiFidelityFNO,,not reported,not reported,not reported,not reported,excluded_decision_record,excluded_from_primary_synthesis,not applicable,validation/TOP36_LEGAL_ACQUISITION_BLOCKERS.csv,not applicable,no,Duplicate of verified core record ESR_Tang2024_135.,not applicable,evidence/EXCLUDED_FROM_PRIMARY_SYNTHESIS.csv,not applicable,
Chen2024_RLPressureManagement,,not reported,not reported,not reported,not reported,excluded_decision_record,excluded_from_primary_synthesis,not applicable,validation/TOP36_LEGAL_ACQUISITION_BLOCKERS.csv,not applicable,no,Duplicate of verified core record ESR_Chen2024_119.,not applicable,evidence/EXCLUDED_FROM_PRIMARY_SYNTHESIS.csv,not applicable,
Tang2022_GeomechSurrogate,,not reported,not reported,not reported,not reported,excluded_decision_record,excluded_from_primary_synthesis,not applicable,validation/TOP36_LEGAL_ACQUISITION_BLOCKERS.csv,not applicable,no,Duplicate of verified core record ESR_Tang2022_226.,not applicable,evidence/EXCLUDED_FROM_PRIMARY_SYNTHESIS.csv,not applicable,
Zhang2025_PINNMigration,,not reported,not reported,not reported,not reported,excluded_decision_record,excluded_from_primary_synthesis,not applicable,validation/TOP36_LEGAL_ACQUISITION_BLOCKERS.csv,not applicable,no,Duplicate of canonical pending record ESR_Zhang2025_178.,not applicable,evidence/EXCLUDED_FROM_PRIMARY_SYNTHESIS.csv,not applicable,
ESR_Falola2024_130,,not reported,not reported,not reported,not reported,excluded_decision_record,excluded_from_primary_synthesis,not applicable,user_supplied_32,not applicable,no,SSRN/preprint-style duplicate or precursor substantially overlapping with the published AWR record ESR_Nunez2023_166; not counted separately.,not applicable,evidence/EXCLUDED_FROM_PRIMARY_SYNTHESIS.csv,not applicable,
ESR_Zheng2024_212,,not reported,not reported,not reported,not reported,excluded_decision_record,excluded_from_primary_synthesis,not applicable,user_supplied_32,not applicable,no,Duplicate metadata record for already verified core paper ESR_Zheng2025_207.,not applicable,evidence/EXCLUDED_FROM_PRIMARY_SYNTHESIS.csv,not applicable,
ESR_Singh2025_084,Time-lapse seismic inversion with for CO2 saturation and storage - A new hybrid machine learning approach,Shashank Singh; Aman Raj; Kuldeep Sarkar; Upendra K Singh,2025,2025 6th International Conference on Recent Advances in Information Technology (RAIT),https://doi.org/10.1109/rait65068.2025.11089471,excluded_decision_record,excluded_from_primary_synthesis,not applicable,https://doi.org/10.1109/rait65068.2025.11089471,not applicable,no,deleted from main text pending title/full-paper verification,not applicable,evidence/EXCLUDED_FROM_PRIMARY_SYNTHESIS.csv,not applicable,Not removed from historical core file to avoid changing figure counts without human confirmation.
ESR_Pevzner2024_217,Active Seismic Monitoring of Geological Carbon Storage using Refracted Waves: Feasibility Study,not reported,not reported,not reported,not reported,excluded_decision_record,excluded_from_primary_synthesis,not applicable,config/wp2_pending_status_map.csv,not applicable,no,Conference record without sufficient paper-level ML methods or validation for primary synthesis; stronger monitoring anchors are retained.,not applicable,evidence/EXCLUDED_FROM_PRIMARY_SYNTHESIS.csv,not applicable,WP2 screening closure; not counted in primary synthesis.
ESR_Srensen2008_010,"Baseline Investigations and Monitoring Strategy at the Vedsted Geological Storage Structure, Northern Jutland, Denmark",not reported,not reported,not reported,not reported,excluded_decision_record,excluded_from_primary_synthesis,not applicable,config/wp2_pending_status_map.csv,not applicable,no,Conference monitoring-strategy record is redundant with stronger full journal and project anchors.,not applicable,evidence/EXCLUDED_FROM_PRIMARY_SYNTHESIS.csv,not applicable,WP2 screening closure; not counted in primary synthesis.
ESR_Themann2009_221,"Measurement, Monitoring, and Verification of CO2 Storage: An Integrated Approach",not reported,not reported,not reported,not reported,excluded_decision_record,excluded_from_primary_synthesis,not applicable,config/wp2_pending_status_map.csv,not applicable,no,Conference/proceedings MMV overview lacks a primary ML-CGS workflow and is redundant with stronger background anchors.,not applicable,evidence/EXCLUDED_FROM_PRIMARY_SYNTHESIS.csv,not applicable,WP2 screening closure; not counted in primary synthesis.
ESR_White2019_392,"7 years of 4D seismic monitoring at the Aquistore CO2 storage site, Saskatchewan, Canada",not reported,not reported,not reported,not reported,excluded_decision_record,excluded_from_primary_synthesis,not applicable,config/wp2_pending_status_map.csv,not applicable,no,Expanded abstract is redundant with peer-reviewed Aquistore monitoring papers already retained as background anchors.,not applicable,evidence/EXCLUDED_FROM_PRIMARY_SYNTHESIS.csv,not applicable,WP2 screening closure; not counted in primary synthesis.
ESR_Wrdemann2010_008,"CO2 Storage, Monitoring and Safety Technology Overview on the Pilot Project CO2SINK",not reported,not reported,not reported,not reported,excluded_decision_record,excluded_from_primary_synthesis,not applicable,config/wp2_pending_status_map.csv,not applicable,no,Conference overview of CO2SINK is non-ML and redundant with stronger project and journal anchors.,not applicable,evidence/EXCLUDED_FROM_PRIMARY_SYNTHESIS.csv,not applicable,WP2 screening closure; not counted in primary synthesis.
ESR_stmo2010_009,Sleipner CO2 Storage- 13 Years of Injection and Monitoring,not reported,not reported,not reported,not reported,excluded_decision_record,excluded_from_primary_synthesis,not applicable,config/wp2_pending_status_map.csv,not applicable,no,Conference overview of Sleipner is non-ML and redundant with stronger project and journal anchors.,not applicable,evidence/EXCLUDED_FROM_PRIMARY_SYNTHESIS.csv,not applicable,WP2 screening closure; not counted in primary synthesis.
ESR_Williams2018_214,Chimneys And Channels: History Matching The Growing CO2 Plume At The Sleipner Storage Site,not reported,not reported,not reported,not reported,excluded_decision_record,excluded_from_primary_synthesis,not applicable,config/wp2_pending_status_map.csv,not applicable,no,Conference history-matching record is non-ML and redundant with stronger Sleipner background anchors.,not applicable,evidence/EXCLUDED_FROM_PRIMARY_SYNTHESIS.csv,not applicable,WP2 screening closure; not counted in primary synthesis.
ESR_CampbellNone_228,Optimal recovery of regional CO2 surface fluxes by data assimilation of anthropogenic and biogenic tracers,not reported,not reported,not reported,not reported,excluded_decision_record,excluded_from_primary_synthesis,not applicable,config/wp2_pending_status_map.csv,not applicable,no,Regional surface-flux data assimilation is outside explicit geological-storage ML decision support.,not applicable,evidence/EXCLUDED_FROM_PRIMARY_SYNTHESIS.csv,not applicable,WP2 screening closure; not counted in primary synthesis.
ESR_Jiang2023_219,History Matching for Geological Carbon Storage Using Data-Space Inversion with Spatio-Temporal Data Parameterization,not reported,not reported,not reported,not reported,excluded_decision_record,duplicate_or_superseded,not applicable,config/wp2_pending_status_map.csv,not applicable,no,Same work as the verified journal/core record; the SSRN metadata record is superseded.,not applicable,evidence/EXCLUDED_FROM_PRIMARY_SYNTHESIS.csv,not applicable,WP2 screening closure; not counted in primary synthesis.
ESR_Hermanrud2012_216,History-matching of CO2 Flow at Sleipner - New Insight based on Analyses of Temperature and Seismic Data,not reported,not reported,not reported,not reported,excluded_decision_record,excluded_from_primary_synthesis,not applicable,config/wp2_pending_status_map.csv,not applicable,no,Conference history-matching record is non-ML and redundant with stronger Sleipner field anchors.,not applicable,evidence/EXCLUDED_FROM_PRIMARY_SYNTHESIS.csv,not applicable,WP2 screening closure; not counted in primary synthesis.
ESR_Leong2023_095,Time-Lapse Seismic Inversion for Co2 Saturation with Seisco2net: An Application to Frio-Ii Site,not reported,not reported,not reported,not reported,excluded_decision_record,duplicate_or_superseded,not applicable,config/wp2_pending_status_map.csv,not applicable,no,Same work as the verified journal/core SeisCO2Net record; the SSRN metadata record is superseded.,not applicable,evidence/EXCLUDED_FROM_PRIMARY_SYNTHESIS.csv,not applicable,WP2 screening closure; not counted in primary synthesis.
ESR_Ourabah2022_088,Affordable High-Density Seismic for CO2 Geological Storage,not reported,not reported,not reported,not reported,excluded_decision_record,excluded_from_primary_synthesis,not applicable,config/wp2_pending_status_map.csv,not applicable,no,Conference seismic-technology example lacks sufficient paper-level ML evidence and is redundant with stronger monitoring anchors.,not applicable,evidence/EXCLUDED_FROM_PRIMARY_SYNTHESIS.csv,not applicable,WP2 screening closure; not counted in primary synthesis.
ESR_Tang2026_103,CO2 Saturation Prediction from Historical Time-Lapse Seismic Data Using Physics-Constrained VideoMAE,not reported,not reported,not reported,not reported,excluded_decision_record,excluded_from_primary_synthesis,not applicable,config/wp2_pending_status_map.csv,not applicable,no,"EGU abstract only; insufficient methods, data, validation, and limitations for primary full-text synthesis.",not applicable,evidence/EXCLUDED_FROM_PRIMARY_SYNTHESIS.csv,not applicable,WP2 screening closure; not counted in primary synthesis.
ESR_Tarrahi2015_191,Optimization of Geological Carbon Sequestration in Heterogeneous Saline Aquifers through Managed Injection for Uniform CO2 Distribution,not reported,not reported,not reported,not reported,excluded_decision_record,excluded_from_primary_synthesis,not applicable,config/wp2_pending_status_map.csv,not applicable,no,Conference optimization record lacks a qualifying primary ML workflow and is redundant with stronger optimization studies.,not applicable,evidence/EXCLUDED_FROM_PRIMARY_SYNTHESIS.csv,not applicable,WP2 screening closure; not counted in primary synthesis.
ESR_Du2026_227,Mapping Reservoir Pressure from Surface Deformation: An InSAR and Geomechanical Inversion of the In Salah CO₂ Reservoir for Assessing CO₂ Storage Safety,not reported,not reported,not reported,not reported,excluded_decision_record,excluded_from_primary_synthesis,not applicable,config/wp2_pending_status_map.csv,not applicable,no,"EGU abstract only; insufficient methods, data, validation, and limitations for primary full-text synthesis.",not applicable,evidence/EXCLUDED_FROM_PRIMARY_SYNTHESIS.csv,not applicable,WP2 screening closure; not counted in primary synthesis.
ESR_Kivi2025_286,"CO2BLOCKSEISM, a tool for screening CO2 storage resources constrained by the risk of induced seismicity",not reported,not reported,not reported,not reported,excluded_decision_record,excluded_from_primary_synthesis,not applicable,config/wp2_pending_status_map.csv,not applicable,no,"EGU abstract only; insufficient methods, data, validation, and limitations for primary full-text synthesis.",not applicable,evidence/EXCLUDED_FROM_PRIMARY_SYNTHESIS.csv,not applicable,WP2 screening closure; not counted in primary synthesis.
ESR_Verma2022_282,Risk analysis of injection-induced seismicity associated with geological CO2 storage through enhanced oil recovery,not reported,not reported,not reported,not reported,excluded_decision_record,excluded_from_primary_synthesis,not applicable,config/wp2_pending_status_map.csv,not applicable,no,Non-ML preprint/background item is superseded by stronger peer-reviewed geoscience anchors.,not applicable,evidence/EXCLUDED_FROM_PRIMARY_SYNTHESIS.csv,not applicable,WP2 screening closure; not counted in primary synthesis.
ESR_Zappone2018_300,"CO2 Sequestration: Studying Caprock And Fault Sealing Integrity, The CS-D Experiment In Mont Terri",not reported,not reported,not reported,not reported,excluded_decision_record,excluded_from_primary_synthesis,not applicable,config/wp2_pending_status_map.csv,not applicable,no,Conference monitoring record lacks sufficient full-text evidence and is redundant with stronger field anchors.,not applicable,evidence/EXCLUDED_FROM_PRIMARY_SYNTHESIS.csv,not applicable,WP2 screening closure; not counted in primary synthesis.
ESR_Busch2010_291,The Significance of Caprock Sealing Integrity for CO2 Storage,not reported,not reported,not reported,not reported,excluded_decision_record,excluded_from_primary_synthesis,not applicable,config/wp2_pending_status_map.csv,not applicable,no,Conference caprock/process record is non-ML and redundant with stronger peer-reviewed mechanism anchors.,not applicable,evidence/EXCLUDED_FROM_PRIMARY_SYNTHESIS.csv,not applicable,WP2 screening closure; not counted in primary synthesis.
ESR_Davis2019_289,"CO2 STORAGE IN THE SUBSURFACE - TRAP, SEAL, AND GEOMECHANICS CONSIDERATIONS",not reported,not reported,not reported,not reported,excluded_decision_record,excluded_from_primary_synthesis,not applicable,config/wp2_pending_status_map.csv,not applicable,no,Geological Society abstract only; insufficient paper-level evidence and no primary ML workflow.,not applicable,evidence/EXCLUDED_FROM_PRIMARY_SYNTHESIS.csv,not applicable,WP2 screening closure; not counted in primary synthesis.
ESR_Khan2010_295,An Integrated Geomechanics Workflow for Caprock-Integrity Analysis of a Potential Carbon Storage,not reported,not reported,not reported,not reported,excluded_decision_record,excluded_from_primary_synthesis,not applicable,config/wp2_pending_status_map.csv,not applicable,no,Conference process/monitoring record is non-ML and redundant with stronger peer-reviewed anchors.,not applicable,evidence/EXCLUDED_FROM_PRIMARY_SYNTHESIS.csv,not applicable,WP2 screening closure; not counted in primary synthesis.
ESR_Sun2022_288,An Integrated Geology-to-Geomechanics Workflow to Assess Geomechanical Risk of CO2 Geological Storage,not reported,not reported,not reported,not reported,excluded_decision_record,excluded_from_primary_synthesis,not applicable,config/wp2_pending_status_map.csv,not applicable,no,Conference process record is non-ML and redundant with stronger peer-reviewed anchors.,not applicable,evidence/EXCLUDED_FROM_PRIMARY_SYNTHESIS.csv,not applicable,WP2 screening closure; not counted in primary synthesis.
ESR_Younessi2024_301,Geomechanical Analysis of Caprock Integrity and Fault Stability for Greensand CO2 Storage Project Feasibility,not reported,not reported,not reported,not reported,excluded_decision_record,excluded_from_primary_synthesis,not applicable,config/wp2_pending_status_map.csv,not applicable,no,Conference process record is non-ML and redundant with stronger peer-reviewed anchors.,not applicable,evidence/EXCLUDED_FROM_PRIMARY_SYNTHESIS.csv,not applicable,WP2 screening closure; not counted in primary synthesis.
ESR_Zhang2025_023,A5-a3 - Numerical Analysis of Wave Propagation in Partially Saturated Porous Formations for CO2 Geological Sequestration,not reported,not reported,not reported,not reported,excluded_decision_record,excluded_from_primary_synthesis,not applicable,config/wp2_pending_status_map.csv,not applicable,no,Lecture/educational item is not a primary research article and is outside the quantitative synthesis.,not applicable,evidence/EXCLUDED_FROM_PRIMARY_SYNTHESIS.csv,not applicable,WP2 screening closure; not counted in primary synthesis.
ESR_Hller2010_031,Conservative assessment of geological CO2 storage capacity for Germany,not reported,not reported,not reported,not reported,excluded_decision_record,excluded_from_primary_synthesis,not applicable,config/wp2_pending_status_map.csv,not applicable,no,Conference storage-project record is non-ML and redundant with stronger peer-reviewed anchors.,not applicable,evidence/EXCLUDED_FROM_PRIMARY_SYNTHESIS.csv,not applicable,WP2 screening closure; not counted in primary synthesis.
ESR_Wjcicki2008_033,CO2 Storage Potential in Poland,not reported,not reported,not reported,not reported,excluded_decision_record,excluded_from_primary_synthesis,not applicable,config/wp2_pending_status_map.csv,not applicable,no,Conference storage-project record is non-ML and redundant with stronger peer-reviewed anchors.,not applicable,evidence/EXCLUDED_FROM_PRIMARY_SYNTHESIS.csv,not applicable,WP2 screening closure; not counted in primary synthesis.
ESR_Baek2023_257,Enabling site-specific well leakage risk estimation during geologic carbon sequestration using a modular deep-learning-based wellbore leakage model,not reported,not reported,not reported,not reported,excluded_decision_record,duplicate_or_superseded,not applicable,scripts/journal_neutral/close_wp2_screening.py,not applicable,no,Duplicate alias of canonical verified record Baek2023_WellboreLeakage; same DOI 10.1016/j.ijggc.2023.103903.,not applicable,evidence/EXCLUDED_FROM_PRIMARY_SYNTHESIS.csv,not applicable,WP2 DOI-level data-quality correction; the canonical record has the more complete full-text extraction.
