paper_id,field,reviewer_value,locked_value,final_value,decision_basis,changed_from_locked,reviewer_evidence,author_evidence,resolution_rationale,reviewer,adjudicator,review_date,adjudication_date,source_workbook,review_batch
Arafath2025_MalayBasinML,field_validation_category,field_observation_comparison,field_observation_comparison,field_observation_comparison,independent_exact_agreement_retained,no,"原文说明使用 X field 的“petrophysical data, well records, and core data”，模型结果与该场地岩心／测井解释相对照，故为单场地现场观测比较。数据采用 80%／10%／10% 划分及交叉验证，属于同分布测试而非 OOD。文中把“field-scale validation ... using pilot CO2 injection tests”列为未来工作，故没有受控注入验证；也未报告不确定性校准或需要传播的下游代理误差。物理得分来自 Archie 等简化岩石物理／测井约束。",,Reviewer and locked coding agreed exactly; the locked value was retained.,Xiaoyang Zhang (XZ),Yangqi Ma (YM),2026-07-29,2026-07-30,outputs\wp8_ijggc_v2_2026-07-30\IJGGC_V2_INDEPENDENT_REVIEW_FINALIZED_LOCKED.xlsx,prior26
ESR_Vishal2025_213,field_validation_category,field_observation_comparison,not_reported,field_observation_comparison,author_adjudicated_disagreement,yes,论文称数据来自 Cauvery Basin 的二维／三维地震与勘探井测井，并用 Well X-42 岩心数据验证，故记为现场观测比较；但 p.16 明言“lack of any real-time field validation”，不能记成注入工作流现场验证。p.14–15 仅笼统称对“independent offshore subsets”交叉验证、R²下降 5%–10%，未交代训练区域、留出规则或地质差异，故 OOD 与跨地质测试均记 unclear。95% 置信区间由残差标准误得到，但没有覆盖率／可靠性检验；BNN 被列为未来工作，故不记校准。,核查字段：现场验证类别。全文页码／章节：PDF pp.4–6（数据与训练）；pp.9–12（现场数据比较与区间）；pp.14–17（局限）。全文证据：论文称数据来自 Cauvery Basin 的二维／三维地震与勘探井测井，并用 Well X-42 岩心数据验证，故记为现场观测比较；但 p.16 明言“lack of any real-time field validation”，不能记成注入工作流现场验证。p.14–15 仅笼统称对“independent offshore subsets”交叉验证、R²下降 5%–10%，未交代训练区域、留出规则或地质差异，故 OOD 与跨地质测试均记 unclear。95% 置信区间由残差标准误得到，但没有覆盖率／可靠性检验；BNN 被列为未来工作，故不记校准。。复核信心：medium。,ML 输出已与单一场地的地震、测井、岩心或其他现场观测比较，但没有证据表明其进入现场运行工作流。因此最终编码为“field_observation_comparison”；原锁定值“not_reported”在本行全文证据及当前 Codebook 边界下不采用。,Xiaoyang Zhang (XZ),Yangqi Ma (YM),2026-07-29,2026-07-30,outputs\wp8_ijggc_v2_2026-07-30\IJGGC_V2_INDEPENDENT_REVIEW_FINALIZED_LOCKED.xlsx,prior26
ESR_Wu2025_042,field_validation_category,confirmed_absent,not_reported,confirmed_absent,author_adjudicated_disagreement,yes,"常规训练／测试来自合成汇编数据；结论亦承认“current training data relies on synthetic datasets”。显式盲测把韩国 Gorae V 盆地参数送入 CMG–GEM，并与训练好的 XGBoost 对比（RTI／STI 拟合约 98.53%／96.48%），属于跨地质背景的模拟 OOD，不是现场跨场地验证。100,000 次 Monte Carlo 给出 TEI 分布，但没有名义覆盖率或后验预测校验。模型 RMSE 与 Williams 图只评估代理误差，NSGA–II 目标中未纳入该误差，故不记误差传播。SHAP 趋势与 Henry’s law 对照，支持简化物理一致性。","核查字段：现场验证类别。全文页码／章节：PDF pp.17–26（数据与常规划分）；pp.29–35（Gorae V 盲测、Monte Carlo 与结论）。全文证据：常规训练／测试来自合成汇编数据；结论亦承认“current training data relies on synthetic datasets”。显式盲测把韩国 Gorae V 盆地参数送入 CMG–GEM，并与训练好的 XGBoost 对比（RTI／STI 拟合约 98.53%／96.48%），属于跨地质背景的模拟 OOD，不是现场跨场地验证。100,000 次 Monte Carlo 给出 TEI 分布，但没有名义覆盖率或后验预测校验。模型 RMSE 与 Williams 图只评估代理误差，NSGA–II 目标中未纳入该误差，故不记误差传播。SHAP 趋势与 Henry’s law 对照，支持简化物理一致性。。复核信心：high。",全文明确的 ML 评价对象仅为合成模拟、实验室数据库或场地模型模拟，未与现场观测或运行结果比较；这属于明确缺失。因此最终编码为“confirmed_absent”；原锁定值“not_reported”在本行全文证据及当前 Codebook 边界下不采用。,Xiaoyang Zhang (XZ),Yangqi Ma (YM),2026-07-29,2026-07-30,outputs\wp8_ijggc_v2_2026-07-30\IJGGC_V2_INDEPENDENT_REVIEW_FINALIZED_LOCKED.xlsx,prior26
ESR_Chan2024_124,field_validation_category,confirmed_absent,not_reported,confirmed_absent,author_adjudicated_disagreement,yes,所谓 IBDP field application 实际以场地模型的 ECLIPSE 模拟结果训练／评价 ML，没有与现场观测或注入数据对照。模型以粗网格数据训练并在原始细网格预测，且用 E300 细网格结果验证，属于明确的跨分辨率 OOD。作者同时指出代理为“pure data-driven”且不保证物理连续性，但对压力／饱和度场及选定优化方案进行了高保真模拟诊断。优化后仅把所选方案重新送入 E300；代理误差没有进入 MOGA 目标或约束，因此这是事后复核而不是误差传播。,核查字段：现场验证类别。全文页码／章节：PDF pp.5–8（合成测试、IBDP 模型与跨分辨率训练）；pp.9–11（优化与高保真复核）。全文证据：所谓 IBDP field application 实际以场地模型的 ECLIPSE 模拟结果训练／评价 ML，没有与现场观测或注入数据对照。模型以粗网格数据训练并在原始细网格预测，且用 E300 细网格结果验证，属于明确的跨分辨率 OOD。作者同时指出代理为“pure data-driven”且不保证物理连续性，但对压力／饱和度场及选定优化方案进行了高保真模拟诊断。优化后仅把所选方案重新送入 E300；代理误差没有进入 MOGA 目标或约束，因此这是事后复核而不是误差传播。。复核信心：high。,全文明确的 ML 评价对象仅为合成模拟、实验室数据库或场地模型模拟，未与现场观测或运行结果比较；这属于明确缺失。因此最终编码为“confirmed_absent”；原锁定值“not_reported”在本行全文证据及当前 Codebook 边界下不采用。,Xiaoyang Zhang (XZ),Yangqi Ma (YM),2026-07-29,2026-07-30,outputs\wp8_ijggc_v2_2026-07-30\IJGGC_V2_INDEPENDENT_REVIEW_FINALIZED_LOCKED.xlsx,prior26
TARGET_DRLGeoRisk2026_214483,field_validation_category,confirmed_absent,confirmed_absent,confirmed_absent,independent_exact_agreement_retained,no,研究使用基于 Aquistore 的条件地质统计实现及 820 个耦合流动–地质力学模拟，不是现场观测验证。独立验证实现被明确描述为“previously unseen realizations drawn from the same uncertainty distribution”，所以虽未见样本但仍是同分布，不能算 OOD。1000 个地质实现与域随机化用于稳健策略学习，但未做区间覆盖或校准。GRU–FNO 的误差只在附录／验证中报告，未作为奖励、约束或策略不确定性项传播。43 MPa 高风险压力线和边界泄漏惩罚直接进入控制目标，故决策就绪度较高但仍是 proof of concept。,,Reviewer and locked coding agreed exactly; the locked value was retained.,Xiaoyang Zhang (XZ),Yangqi Ma (YM),2026-07-29,2026-07-30,outputs\wp8_ijggc_v2_2026-07-30\IJGGC_V2_INDEPENDENT_REVIEW_FINALIZED_LOCKED.xlsx,prior26
ESR_RefNone_173,field_validation_category,confirmed_absent,not_reported,confirmed_absent,author_adjudicated_disagreement,yes,训练标签来自已发表的 CO2–水／盐水溶解度实验数据库，因此是实验室／受控证据而非储层现场验证或计划注入评价。全文采用随机 80%／20% 训练–测试划分，没有独立范围、场地或地质背景留出。网络给出点预测与常规误差指标，未见概率校准、后验预测检查或下游代理决策链。物理关系主要由温度、压力、盐度等输入及文献机理继承，未显式施加守恒／热力学约束。,"核查字段：现场验证类别。全文页码／章节：PDF pp.1, 5–13（实验数据库、模型、80／20 划分与结果）。全文证据：训练标签来自已发表的 CO2–水／盐水溶解度实验数据库，因此是实验室／受控证据而非储层现场验证或计划注入评价。全文采用随机 80%／20% 训练–测试划分，没有独立范围、场地或地质背景留出。网络给出点预测与常规误差指标，未见概率校准、后验预测检查或下游代理决策链。物理关系主要由温度、压力、盐度等输入及文献机理继承，未显式施加守恒／热力学约束。。复核信心：high。",全文明确的 ML 评价对象仅为合成模拟、实验室数据库或场地模型模拟，未与现场观测或运行结果比较；这属于明确缺失。因此最终编码为“confirmed_absent”；原锁定值“not_reported”在本行全文证据及当前 Codebook 边界下不采用。,Xiaoyang Zhang (XZ),Yangqi Ma (YM),2026-07-29,2026-07-30,outputs\wp8_ijggc_v2_2026-07-30\IJGGC_V2_INDEPENDENT_REVIEW_FINALIZED_LOCKED.xlsx,prior26
Wen2021_CCSNet,field_validation_category,confirmed_absent,not_reported,confirmed_absent,author_adjudicated_disagreement,yes,CCSNet 全部以 ECLIPSE 合成模拟训练；“training/validation data split is 10/1”，验证样本仍在同一参数采样域内，故无现场、受控注入或 OOD。模型对压力、饱和度、相组成等多物理输出做了模拟器对照和误差空间诊断，物理一致性高于仅报告网络精度。均值、标准差、误差直方图及经验回归误差项没有覆盖率／可靠性检验，故不记校准。CCSNet 又被用于生成筛选用 sweep／溶解度指标，但代理误差没有进入这些派生估计或决策。,核查字段：现场验证类别。全文页码／章节：PDF pp.5–15（全物理模拟、10∶1 划分与验证）；pp.20–23、31–32（筛选应用、随机划分与误差项）。全文证据：CCSNet 全部以 ECLIPSE 合成模拟训练；“training/validation data split is 10/1”，验证样本仍在同一参数采样域内，故无现场、受控注入或 OOD。模型对压力、饱和度、相组成等多物理输出做了模拟器对照和误差空间诊断，物理一致性高于仅报告网络精度。均值、标准差、误差直方图及经验回归误差项没有覆盖率／可靠性检验，故不记校准。CCSNet 又被用于生成筛选用 sweep／溶解度指标，但代理误差没有进入这些派生估计或决策。。复核信心：high。,全文明确的 ML 评价对象仅为合成模拟、实验室数据库或场地模型模拟，未与现场观测或运行结果比较；这属于明确缺失。因此最终编码为“confirmed_absent”；原锁定值“not_reported”在本行全文证据及当前 Codebook 边界下不采用。,Xiaoyang Zhang (XZ),Yangqi Ma (YM),2026-07-29,2026-07-30,outputs\wp8_ijggc_v2_2026-07-30\IJGGC_V2_INDEPENDENT_REVIEW_FINALIZED_LOCKED.xlsx,prior26
ESR_Liu2025_121,field_validation_category,not_reported,not_reported,not_reported,independent_exact_agreement_retained,no,该文件只有一页海报，说明 physics-coupled ML toolset、CRM 与储量／注入绩效用途，但没有给出数据来源、训练–测试方案、现场对照、受控注入评价、OOD、跨场地实验或不确定性校准结果；海报还把 cross-validation／进一步验证描述为 ongoing。按规则，缺报不能填 0，相关评分记 not reported。物理得分仅反映已陈述的简化耦合框架；不能据项目背景推断现场验证。,,Reviewer and locked coding agreed exactly; the locked value was retained.,Xiaoyang Zhang (XZ),Yangqi Ma (YM),2026-07-29,2026-07-30,outputs\wp8_ijggc_v2_2026-07-30\IJGGC_V2_INDEPENDENT_REVIEW_FINALIZED_LOCKED.xlsx,prior26
Shokouhi2021_PhysicsInformedSite,field_validation_category,confirmed_absent,not_reported,confirmed_absent,author_adjudicated_disagreement,yes,全文材料展示的是基于数值场的 physics-informed deep learning：损失中加入控制方程／边界条件并预测 CO₂ 储层响应；未出现现场观测、计划注入数据或跨场地评价。材料没有充分交代训练–测试留出方式，故 OOD 记 not_reported，而不是据沉默填 0；明确只有单一模拟设置，跨场地记 confirmed_absent。输出为确定性结果，没有校准或后验检查；该工作没有把代理嵌入反演／优化／决策链，代理误差传播不适用。,核查字段：现场验证类别。全文页码／章节：PDF pp.1–10（全文幻灯片：问题、PINN 架构、模拟结果与结论）。全文证据：全文材料展示的是基于数值场的 physics-informed deep learning：损失中加入控制方程／边界条件并预测 CO₂ 储层响应；未出现现场观测、计划注入数据或跨场地评价。材料没有充分交代训练–测试留出方式，故 OOD 记 not_reported，而不是据沉默填 0；明确只有单一模拟设置，跨场地记 confirmed_absent。输出为确定性结果，没有校准或后验检查；该工作没有把代理嵌入反演／优化／决策链，代理误差传播不适用。。复核信心：high。,全文明确的 ML 评价对象仅为合成模拟、实验室数据库或场地模型模拟，未与现场观测或运行结果比较；这属于明确缺失。因此最终编码为“confirmed_absent”；原锁定值“not_reported”在本行全文证据及当前 Codebook 边界下不采用。,Xiaoyang Zhang (XZ),Yangqi Ma (YM),2026-07-29,2026-07-30,outputs\wp8_ijggc_v2_2026-07-30\IJGGC_V2_INDEPENDENT_REVIEW_FINALIZED_LOCKED.xlsx,prior26
ESR_Pawar2023_168,field_validation_category,confirmed_absent,not_reported,confirmed_absent,author_adjudicated_disagreement,yes,论文用数值模拟生成的压力／饱和度场训练 FNO，并在同一合成数据生成机制的留出样本上报告误差；没有现场观测、计划注入数据、跨场地或明确分布外设置。FNO 未嵌入物理方程，物理性主要继承自训练模拟器；也未报告概率校准。本文只评价快速前向预测，没有实施反演、优化或储层决策，因此代理误差传播记 not_applicable。,核查字段：现场验证类别。全文页码／章节：PDF pp.1–5（全文：模拟数据、FNO 训练／测试与结果）。全文证据：论文用数值模拟生成的压力／饱和度场训练 FNO，并在同一合成数据生成机制的留出样本上报告误差；没有现场观测、计划注入数据、跨场地或明确分布外设置。FNO 未嵌入物理方程，物理性主要继承自训练模拟器；也未报告概率校准。本文只评价快速前向预测，没有实施反演、优化或储层决策，因此代理误差传播记 not_applicable。。复核信心：high。,全文明确的 ML 评价对象仅为合成模拟、实验室数据库或场地模型模拟，未与现场观测或运行结果比较；这属于明确缺失。因此最终编码为“confirmed_absent”；原锁定值“not_reported”在本行全文证据及当前 Codebook 边界下不采用。,Xiaoyang Zhang (XZ),Yangqi Ma (YM),2026-07-29,2026-07-30,outputs\wp8_ijggc_v2_2026-07-30\IJGGC_V2_INDEPENDENT_REVIEW_FINALIZED_LOCKED.xlsx,prior26
Zhang2021_LearningInversionFreeForecast,field_validation_category,confirmed_absent,not_reported,confirmed_absent,author_adjudicated_disagreement,yes,"研究明确为单个合成场景，观测来自一个 geomodel；p.11 还写明“To avoid extrapolation, LIP requires the observation data to lie inside of the prior samples”，故无 OOD 或跨场地测试。Bayesian LIP 给出预测场的后验均值／标准差，并在三个 synthetic truth 上逐图比较后验预测与真值，属于后验预测检查；但没有现场数据。LIP 是直接的观测–预测统计映射，不是另一个代理进入下游反演／优化的误差项，故代理误差传播记 not_applicable。","核查字段：现场验证类别。全文页码／章节：PDF pp.3–6（合成模型与 Bayesian LIP）；pp.8–11（后验–真值对照、限制与结论）。全文证据：研究明确为单个合成场景，观测来自一个 geomodel；p.11 还写明“To avoid extrapolation, LIP requires the observation data to lie inside of the prior samples”，故无 OOD 或跨场地测试。Bayesian LIP 给出预测场的后验均值／标准差，并在三个 synthetic truth 上逐图比较后验预测与真值，属于后验预测检查；但没有现场数据。LIP 是直接的观测–预测统计映射，不是另一个代理进入下游反演／优化的误差项，故代理误差传播记 not_applicable。。复核信心：high。",全文明确的 ML 评价对象仅为合成模拟、实验室数据库或场地模型模拟，未与现场观测或运行结果比较；这属于明确缺失。因此最终编码为“confirmed_absent”；原锁定值“not_reported”在本行全文证据及当前 Codebook 边界下不采用。,Xiaoyang Zhang (XZ),Yangqi Ma (YM),2026-07-29,2026-07-30,outputs\wp8_ijggc_v2_2026-07-30\IJGGC_V2_INDEPENDENT_REVIEW_FINALIZED_LOCKED.xlsx,prior26
ESR_Kadeethum2024_128,field_validation_category,confirmed_absent,not_reported,confirmed_absent,author_adjudicated_disagreement,yes,虽以 IBDP 场地数据建立 Eclipse 实现，但 ML 仅与多相流模拟结果对比，未评价现场观测或实际注入记录。90 个训练、10 个测试实现采用 uniform division，且作者特意保证测试输入均值／标准差“不偏离训练特征”，所以是同分布测试而非 OOD。INO 为数据驱动 ROM，论文把 physics-informed integration 列为未来方向；无不确定性校准，也没有实际反演／优化／决策环节，故代理误差传播不适用。,核查字段：现场验证类别。全文页码／章节：PDF pp.5–7（IBDP 模拟数据与划分）；pp.8–13（测试、局限与结论）。全文证据：虽以 IBDP 场地数据建立 Eclipse 实现，但 ML 仅与多相流模拟结果对比，未评价现场观测或实际注入记录。90 个训练、10 个测试实现采用 uniform division，且作者特意保证测试输入均值／标准差“不偏离训练特征”，所以是同分布测试而非 OOD。INO 为数据驱动 ROM，论文把 physics-informed integration 列为未来方向；无不确定性校准，也没有实际反演／优化／决策环节，故代理误差传播不适用。。复核信心：high。,全文明确的 ML 评价对象仅为合成模拟、实验室数据库或场地模型模拟，未与现场观测或运行结果比较；这属于明确缺失。因此最终编码为“confirmed_absent”；原锁定值“not_reported”在本行全文证据及当前 Codebook 边界下不采用。,Xiaoyang Zhang (XZ),Yangqi Ma (YM),2026-07-29,2026-07-30,outputs\wp8_ijggc_v2_2026-07-30\IJGGC_V2_INDEPENDENT_REVIEW_FINALIZED_LOCKED.xlsx,prior26
Wen2023_NestedFNO,field_validation_category,confirmed_absent,not_reported,confirmed_absent,author_adjudicated_disagreement,yes,Nested FNO 用半自适应局部网格数值模拟训练，测试仍从训练参数范围抽样；方法部分明确要求输入“within the training data sampling ranges”，故没有显式 OOD 或跨场地测试。1000 个同一统计分布的渗透率实现用于给出最大压力与羽流足迹的概率分布，可支持用地／监测设计，属于概率 UQ；但 95% error band 是代理误差描述，没有覆盖率校准。分层网络专门分析并减轻误差累积，但未把剩余代理误差作为风险／决策不确定性传播。,核查字段：现场验证类别。全文页码／章节：PDF pp.1–5（合成训练、同域测试与概率评估）；pp.6–8（范围限制、误差累积与微调）。全文证据：Nested FNO 用半自适应局部网格数值模拟训练，测试仍从训练参数范围抽样；方法部分明确要求输入“within the training data sampling ranges”，故没有显式 OOD 或跨场地测试。1000 个同一统计分布的渗透率实现用于给出最大压力与羽流足迹的概率分布，可支持用地／监测设计，属于概率 UQ；但 95% error band 是代理误差描述，没有覆盖率校准。分层网络专门分析并减轻误差累积，但未把剩余代理误差作为风险／决策不确定性传播。。复核信心：high。,全文明确的 ML 评价对象仅为合成模拟、实验室数据库或场地模型模拟，未与现场观测或运行结果比较；这属于明确缺失。因此最终编码为“confirmed_absent”；原锁定值“not_reported”在本行全文证据及当前 Codebook 边界下不采用。,Xiaoyang Zhang (XZ),Yangqi Ma (YM),2026-07-29,2026-07-30,outputs\wp8_ijggc_v2_2026-07-30\IJGGC_V2_INDEPENDENT_REVIEW_FINALIZED_LOCKED.xlsx,prior26
Mo2018_EncoderDecoderUQ,field_validation_category,confirmed_absent,not_reported,confirmed_absent,author_adjudicated_disagreement,yes,"全部样本来自相同随机介质／多相流模拟分布，无现场、计划注入、跨场地或显式 OOD。编码器–解码器代理生成 Monte Carlo 输出分布，并把概率密度、均值和方差与 20,000 次高保真 Monte Carlo 参考逐项对照，属于对预测不确定性的明确验证／检查，故不确定性为 3。物理一致性来自多相流模拟器对照与时空误差诊断。代理用于 UQ，但其自身逼近误差没有作为独立误差模型传播到决策或反演。","核查字段：现场验证类别。全文页码／章节：PDF pp.5–18（合成训练／测试与场量误差）；pp.22–26（Monte Carlo 分布验证与结论）。全文证据：全部样本来自相同随机介质／多相流模拟分布，无现场、计划注入、跨场地或显式 OOD。编码器–解码器代理生成 Monte Carlo 输出分布，并把概率密度、均值和方差与 20,000 次高保真 Monte Carlo 参考逐项对照，属于对预测不确定性的明确验证／检查，故不确定性为 3。物理一致性来自多相流模拟器对照与时空误差诊断。代理用于 UQ，但其自身逼近误差没有作为独立误差模型传播到决策或反演。。复核信心：high。",全文明确的 ML 评价对象仅为合成模拟、实验室数据库或场地模型模拟，未与现场观测或运行结果比较；这属于明确缺失。因此最终编码为“confirmed_absent”；原锁定值“not_reported”在本行全文证据及当前 Codebook 边界下不采用。,Xiaoyang Zhang (XZ),Yangqi Ma (YM),2026-07-29,2026-07-30,outputs\wp8_ijggc_v2_2026-07-30\IJGGC_V2_INDEPENDENT_REVIEW_FINALIZED_LOCKED.xlsx,prior26
ESR_Zhou2026_127,field_validation_category,confirmed_absent,not_reported,confirmed_absent,author_adjudicated_disagreement,yes,模型参数源于中国某海上 CGS 项目，但 300 个样本均由随机地质场与数值模拟生成，并按 240／30／30 同源划分；没有现场观测或计划注入数据评价，也无 OOD／跨场地测试。MRFNO 在损失中施加多尺度一致性与跨场耦合，并以 Verma–Pruess 更新孔隙度–渗透率，顺序耦合流动与地球化学，故物理一致性为 4。论文讨论嵌套网络的误差累积，但未实施反演、优化或决策，不能把跨网络误差累积等同于题目要求的下游代理误差传播。,"核查字段：现场验证类别。全文页码／章节：PDF pp.1, 5–13（场地参数、合成数据、物理耦合与随机划分）；pp.18–21（误差与局限）。全文证据：模型参数源于中国某海上 CGS 项目，但 300 个样本均由随机地质场与数值模拟生成，并按 240／30／30 同源划分；没有现场观测或计划注入数据评价，也无 OOD／跨场地测试。MRFNO 在损失中施加多尺度一致性与跨场耦合，并以 Verma–Pruess 更新孔隙度–渗透率，顺序耦合流动与地球化学，故物理一致性为 4。论文讨论嵌套网络的误差累积，但未实施反演、优化或决策，不能把跨网络误差累积等同于题目要求的下游代理误差传播。。复核信心：high。",全文明确的 ML 评价对象仅为合成模拟、实验室数据库或场地模型模拟，未与现场观测或运行结果比较；这属于明确缺失。因此最终编码为“confirmed_absent”；原锁定值“not_reported”在本行全文证据及当前 Codebook 边界下不采用。,Xiaoyang Zhang (XZ),Yangqi Ma (YM),2026-07-29,2026-07-30,outputs\wp8_ijggc_v2_2026-07-30\IJGGC_V2_INDEPENDENT_REVIEW_FINALIZED_LOCKED.xlsx,prior26
Han2024_HierarchicalMCMC,field_validation_category,confirmed_absent,not_reported,confirmed_absent,author_adjudicated_disagreement,yes,研究为合成历史匹配，没有现场或跨场地证据，训练／测试实现来自同一先验。关键阳性证据是：用 500 个测试实现估计代理预测误差标准差，并把该项与观测误差合并为 total error covariance，显式进入 hierarchical MCMC likelihood；这不是只报误差表，而是真正传播到反演。后验均值、可信区间／实现又与 synthetic truth 和高保真模拟逐项比较，构成后验检查。因此不确定性得分 4；但尚未形成现场阈值或运行决策。,核查字段：现场验证类别。全文页码／章节：PDF pp.1–7、9–17（代理、误差协方差与 hierarchical MCMC）；pp.31–38、41–53（真值与 SI 检查）。全文证据：研究为合成历史匹配，没有现场或跨场地证据，训练／测试实现来自同一先验。关键阳性证据是：用 500 个测试实现估计代理预测误差标准差，并把该项与观测误差合并为 total error covariance，显式进入 hierarchical MCMC likelihood；这不是只报误差表，而是真正传播到反演。后验均值、可信区间／实现又与 synthetic truth 和高保真模拟逐项比较，构成后验检查。因此不确定性得分 4；但尚未形成现场阈值或运行决策。。复核信心：high。,全文明确的 ML 评价对象仅为合成模拟、实验室数据库或场地模型模拟，未与现场观测或运行结果比较；这属于明确缺失。因此最终编码为“confirmed_absent”；原锁定值“not_reported”在本行全文证据及当前 Codebook 边界下不采用。,Xiaoyang Zhang (XZ),Yangqi Ma (YM),2026-07-29,2026-07-30,outputs\wp8_ijggc_v2_2026-07-30\IJGGC_V2_INDEPENDENT_REVIEW_FINALIZED_LOCKED.xlsx,prior26
Leong2024_SeisCO2Net,field_validation_category,controlled_field_evaluation,field_observation_comparison,controlled_field_evaluation,author_adjudicated_disagreement,yes,SeisCO2Net 先以合成地震–饱和度对训练，再直接用于 Frio-II 计划注入试验的时移地震资料，反演注入后 CO₂ 饱和度；这是单一受控现场评价，也是明确的 synthetic-to-field 分布外测试，但不是跨多个场地验证。工作流含岩石物理／正演一致性检查并与现场时移响应比较。20 组权重产生的标准差只表示模型集合离散度，未检验覆盖率或后验可靠性，故不记校准；该网络是直接反演器而非代理进入另一决策模型，代理误差传播不适用。,核查字段：现场验证类别。全文页码／章节：PDF pp.2、8–13（合成训练与岩石物理）；pp.18–29、35–48（Frio-II 现场应用、结果与局限）。全文证据：SeisCO2Net 先以合成地震–饱和度对训练，再直接用于 Frio-II 计划注入试验的时移地震资料，反演注入后 CO₂ 饱和度；这是单一受控现场评价，也是明确的 synthetic-to-field 分布外测试，但不是跨多个场地验证。工作流含岩石物理／正演一致性检查并与现场时移响应比较。20 组权重产生的标准差只表示模型集合离散度，未检验覆盖率或后验可靠性，故不记校准；该网络是直接反演器而非代理进入另一决策模型，代理误差传播不适用。。复核信心：high。,ML 已在计划注入或人工受控释放的现场数据上接受评价，满足受控现场评价边界。因此最终编码为“controlled_field_evaluation”；原锁定值“field_observation_comparison”在本行全文证据及当前 Codebook 边界下不采用。,Xiaoyang Zhang (XZ),Yangqi Ma (YM),2026-07-29,2026-07-30,outputs\wp8_ijggc_v2_2026-07-30\IJGGC_V2_INDEPENDENT_REVIEW_FINALIZED_LOCKED.xlsx,prior26
Wang2025_4DHistoryMatching,field_validation_category,confirmed_absent,not_reported,confirmed_absent,author_adjudicated_disagreement,yes,全文为合成 4D 地震／监测井历史匹配，数据与测试均来自同一地质先验，没有现场或 OOD。关键证据在误差模型：作者从独立测试集估计 surrogate model error 的均值／协方差，并与观测噪声合并为 total error covariance，直接进入 MCMC likelihood；因此代理误差已传播到反演。多组 synthetic truth 下又比较后验预测、可信区间与高保真结果，属于明确后验检查。不确定性因此为 4，且已接近可用于监测更新，但仍缺现场运行阈值。,核查字段：现场验证类别。全文页码／章节：PDF pp.1–5、11–22（合成 4D 地震历史匹配）；pp.32–46（代理误差协方差、MCMC 与后验检查）。全文证据：全文为合成 4D 地震／监测井历史匹配，数据与测试均来自同一地质先验，没有现场或 OOD。关键证据在误差模型：作者从独立测试集估计 surrogate model error 的均值／协方差，并与观测噪声合并为 total error covariance，直接进入 MCMC likelihood；因此代理误差已传播到反演。多组 synthetic truth 下又比较后验预测、可信区间与高保真结果，属于明确后验检查。不确定性因此为 4，且已接近可用于监测更新，但仍缺现场运行阈值。。复核信心：high。,全文明确的 ML 评价对象仅为合成模拟、实验室数据库或场地模型模拟，未与现场观测或运行结果比较；这属于明确缺失。因此最终编码为“confirmed_absent”；原锁定值“not_reported”在本行全文证据及当前 Codebook 边界下不采用。,Xiaoyang Zhang (XZ),Yangqi Ma (YM),2026-07-29,2026-07-30,outputs\wp8_ijggc_v2_2026-07-30\IJGGC_V2_INDEPENDENT_REVIEW_FINALIZED_LOCKED.xlsx,prior26
ESR_Wang2024_089,field_validation_category,field_workflow_evaluation,field_observation_comparison,field_workflow_evaluation,author_adjudicated_disagreement,yes,数据来自 Illinois Basin 同一场址的 IBDP 与 ICCS：IBDP 注入约 100 万吨，ICCS 自 2017 年计划注入；PNX 在注入后多时次测井，ML 直接估计现场 CO₂ 饱和度，故为现场工作流且确实评价了计划注入数据。模型用常规训练／测试留出，文中只称 testing dataset unseen，未按井、项目或地质背景留出，所以不是 OOD／跨场地验证。没有概率区间、校准或后验检查；SIGM、WPRE 等物理敏感特征支持有限物理解释，但未编码控制方程。,核查字段：现场验证类别。全文页码／章节：PDF pp.1–14（IBDP／ICCS 注入与现场测井数据）；pp.22–36（随机测试、结果与结论）。全文证据：数据来自 Illinois Basin 同一场址的 IBDP 与 ICCS：IBDP 注入约 100 万吨，ICCS 自 2017 年计划注入；PNX 在注入后多时次测井，ML 直接估计现场 CO₂ 饱和度，故为现场工作流且确实评价了计划注入数据。模型用常规训练／测试留出，文中只称 testing dataset unseen，未按井、项目或地质背景留出，所以不是 OOD／跨场地验证。没有概率区间、校准或后验检查；SIGM、WPRE 等物理敏感特征支持有限物理解释，但未编码控制方程。。复核信心：high。,ML 已在实际场地的数据工作流中对注入或监测资料进行评价，证据强于单纯的现场观测对照。因此最终编码为“field_workflow_evaluation”；原锁定值“field_observation_comparison”在本行全文证据及当前 Codebook 边界下不采用。,Xiaoyang Zhang (XZ),Yangqi Ma (YM),2026-07-29,2026-07-30,outputs\wp8_ijggc_v2_2026-07-30\IJGGC_V2_INDEPENDENT_REVIEW_FINALIZED_LOCKED.xlsx,prior26
Jiang2024_DSIHistoryMatching,field_validation_category,confirmed_absent,not_reported,confirmed_absent,author_adjudicated_disagreement,yes,研究在同一先验生成的合成储层上做 DSI 历史匹配，无现场、计划注入、跨场地或显式 OOD。作者不只展示区间，而是在五个 synthetic true models 上计算预测区间的 coverage probability，并与目标覆盖水平比较，构成明确的区间可靠性／后验检查，故不确定性为 3。物理一致性由流动模拟输出、时空参数化及真值诊断支持。AAE 用于数据空间参数化，并不是一个带误差项的前向代理进入优化或决策，因此代理误差传播记 not_applicable。,核查字段：现场验证类别。全文页码／章节：PDF pp.1–11（合成 DSI 与数据参数化）；pp.13–29（五个真值、coverage probability 与结论）。全文证据：研究在同一先验生成的合成储层上做 DSI 历史匹配，无现场、计划注入、跨场地或显式 OOD。作者不只展示区间，而是在五个 synthetic true models 上计算预测区间的 coverage probability，并与目标覆盖水平比较，构成明确的区间可靠性／后验检查，故不确定性为 3。物理一致性由流动模拟输出、时空参数化及真值诊断支持。AAE 用于数据空间参数化，并不是一个带误差项的前向代理进入优化或决策，因此代理误差传播记 not_applicable。。复核信心：high。,全文明确的 ML 评价对象仅为合成模拟、实验室数据库或场地模型模拟，未与现场观测或运行结果比较；这属于明确缺失。因此最终编码为“confirmed_absent”；原锁定值“not_reported”在本行全文证据及当前 Codebook 边界下不采用。,Xiaoyang Zhang (XZ),Yangqi Ma (YM),2026-07-29,2026-07-30,outputs\wp8_ijggc_v2_2026-07-30\IJGGC_V2_INDEPENDENT_REVIEW_FINALIZED_LOCKED.xlsx,prior26
TARGET_JointInversion2023_2022JB025372,field_validation_category,confirmed_absent,confirmed_absent,confirmed_absent,independent_exact_agreement_retained,no,联合地震／电磁反演在场地尺度合成监测数据上演示，没有现场注入资料或跨场地测试；测试模型仍来自同一生成设置。可微岩石物理、波动／电磁正演与联合损失显式进入网络，故物理一致性为 4。BNN 输出后验样本并展示均值／离散度，但未报告覆盖率、校准曲线或系统后验预测检验；作者把与完整 MCMC 的基准比较列为未来工作，故不记已校准。该网络本身就是反演模型，不存在另一个代理误差向下游传播的问题。,,Reviewer and locked coding agreed exactly; the locked value was retained.,Xiaoyang Zhang (XZ),Yangqi Ma (YM),2026-07-29,2026-07-30,outputs\wp8_ijggc_v2_2026-07-30\IJGGC_V2_INDEPENDENT_REVIEW_FINALIZED_LOCKED.xlsx,prior26
Zhong2019_PressureAnomaly,field_validation_category,controlled_field_evaluation,not_reported,controlled_field_evaluation,author_adjudicated_disagreement,yes,摘要明确：模型以无泄漏 base experiment 的井底压力训练，再在“一系列 controlled CO2 release experiments”上测试；现场试验在 Cranfield 通过 F3 以 60 kg／min 人工采出 CO₂ 形成已知泄漏事件。故为受控现场评价，且 nominal-to-leak 是显式异常分布测试，但仅一个场地。模型用 1000 次实现形成预测区间，并以 1σ／2σ／3σ 阈值直接判定异常；虽然未验证名义覆盖率，不能记校准，但不确定性确已进入现场报警决策，故不确定性与决策就绪度均为 4。,核查字段：现场验证类别。全文页码／章节：PDF pp.1、4–6（Cranfield 现场与人工泄漏）；pp.10–20（训练、预测区间、阈值与结论）。全文证据：摘要明确：模型以无泄漏 base experiment 的井底压力训练，再在“一系列 controlled CO2 release experiments”上测试；现场试验在 Cranfield 通过 F3 以 60 kg／min 人工采出 CO₂ 形成已知泄漏事件。故为受控现场评价，且 nominal-to-leak 是显式异常分布测试，但仅一个场地。模型用 1000 次实现形成预测区间，并以 1σ／2σ／3σ 阈值直接判定异常；虽然未验证名义覆盖率，不能记校准，但不确定性确已进入现场报警决策，故不确定性与决策就绪度均为 4。。复核信心：high。,ML 已在计划注入或人工受控释放的现场数据上接受评价，满足受控现场评价边界。因此最终编码为“controlled_field_evaluation”；原锁定值“not_reported”在本行全文证据及当前 Codebook 边界下不采用。,Xiaoyang Zhang (XZ),Yangqi Ma (YM),2026-07-29,2026-07-30,outputs\wp8_ijggc_v2_2026-07-30\IJGGC_V2_INDEPENDENT_REVIEW_FINALIZED_LOCKED.xlsx,prior26
Lin2020_PressureLeakage,field_validation_category,controlled_field_evaluation,not_reported,controlled_field_evaluation,author_adjudicated_disagreement,yes,Cranfield HPT 现场数据包含基线试验和通过 F3 地面阀形成的人工泄漏试验。作者明确“models are not trained on the leak test data”；模型只学 150-min 基线，再以 90-min 泄漏作为异常测试，因此是受控释放且为 nominal-to-leak OOD。固定 squared-error 阈值 1e-03 产生早期报警，形成可审计的现场决策链。20 个网络实现只用于汇总平均 MSE／计算时间，所谓 confidence 未做覆盖或可靠性检查，故校准不成立、不确定性仅记 1。没有跨场地实验。,核查字段：现场验证类别。全文页码／章节：PDF pp.2、6–14（Cranfield HPT、基线／泄漏与训练）；pp.18–26（模型比较、阈值与结论）。全文证据：Cranfield HPT 现场数据包含基线试验和通过 F3 地面阀形成的人工泄漏试验。作者明确“models are not trained on the leak test data”；模型只学 150-min 基线，再以 90-min 泄漏作为异常测试，因此是受控释放且为 nominal-to-leak OOD。固定 squared-error 阈值 1e-03 产生早期报警，形成可审计的现场决策链。20 个网络实现只用于汇总平均 MSE／计算时间，所谓 confidence 未做覆盖或可靠性检查，故校准不成立、不确定性仅记 1。没有跨场地实验。。复核信心：high。,ML 已在计划注入或人工受控释放的现场数据上接受评价，满足受控现场评价边界。因此最终编码为“controlled_field_evaluation”；原锁定值“not_reported”在本行全文证据及当前 Codebook 边界下不采用。,Xiaoyang Zhang (XZ),Yangqi Ma (YM),2026-07-29,2026-07-30,outputs\wp8_ijggc_v2_2026-07-30\IJGGC_V2_INDEPENDENT_REVIEW_FINALIZED_LOCKED.xlsx,prior26
Baek2023_WellboreLeakage,field_validation_category,confirmed_absent,not_reported,confirmed_absent,author_adjudicated_disagreement,yes,深度学习井筒 ROM 由 STOMP–CO₂ 数值模拟训练，采用随机 0.70／0.20／0.10 训练–验证–测试；应用案例仍是 homogeneous synthetic reservoir 与 hypothetical leaky wells，故无现场或 OOD。Darcy 驱动力等物理特征、分类–回归分解和模拟器对照支持物理诊断。500 个不确定井属性实现给出累计泄漏 P25／P50／P75，并面向许可风险，属于概率 UQ。作者承认 one-way coupling 会产生误差，但该误差没有进入风险分布或决策，故不记代理误差传播。,核查字段：现场验证类别。全文页码／章节：PDF pp.1–8（STOMP／井筒模型、70／20／10 划分）；pp.9–11（假想场地、500 实现与局限）。全文证据：深度学习井筒 ROM 由 STOMP–CO₂ 数值模拟训练，采用随机 0.70／0.20／0.10 训练–验证–测试；应用案例仍是 homogeneous synthetic reservoir 与 hypothetical leaky wells，故无现场或 OOD。Darcy 驱动力等物理特征、分类–回归分解和模拟器对照支持物理诊断。500 个不确定井属性实现给出累计泄漏 P25／P50／P75，并面向许可风险，属于概率 UQ。作者承认 one-way coupling 会产生误差，但该误差没有进入风险分布或决策，故不记代理误差传播。。复核信心：high。,全文明确的 ML 评价对象仅为合成模拟、实验室数据库或场地模型模拟，未与现场观测或运行结果比较；这属于明确缺失。因此最终编码为“confirmed_absent”；原锁定值“not_reported”在本行全文证据及当前 Codebook 边界下不采用。,Xiaoyang Zhang (XZ),Yangqi Ma (YM),2026-07-29,2026-07-30,outputs\wp8_ijggc_v2_2026-07-30\IJGGC_V2_INDEPENDENT_REVIEW_FINALIZED_LOCKED.xlsx,prior26
ESR_Tang2022_226,field_validation_category,confirmed_absent,not_reported,confirmed_absent,author_adjudicated_disagreement,yes,全文采用 commercial-scale 3D synthetic case，结论强调 displacement maps were synthetic，故无现场或受控注入评价。两个 R–U–Net 只用 1、2、5、10 年结果训练，却在 12、16 年预测，并明确称“acceptable extrapolation ... up to 16 years”，构成时间 OOD；不是跨场地。ES–MDA 后验压力／位移集合的均值、标准差与 synthetic truth 在观测时刻和未来时刻比较，属于后验预测检查。似然／更新协方差只描述 measurement error，未加入 R–U–Net 代理误差，故不记误差传播。流动–地质力学耦合由 GEOSX 与跨场预测支持。,核查字段：现场验证类别。全文页码／章节：PDF pp.4–18（合成耦合模型与 ES–MDA）；pp.27–38（时间外推与后验检查）；pp.40–42（结论／局限）。全文证据：全文采用 commercial-scale 3D synthetic case，结论强调 displacement maps were synthetic，故无现场或受控注入评价。两个 R–U–Net 只用 1、2、5、10 年结果训练，却在 12、16 年预测，并明确称“acceptable extrapolation ... up to 16 years”，构成时间 OOD；不是跨场地。ES–MDA 后验压力／位移集合的均值、标准差与 synthetic truth 在观测时刻和未来时刻比较，属于后验预测检查。似然／更新协方差只描述 measurement error，未加入 R–U–Net 代理误差，故不记误差传播。流动–地质力学耦合由 GEOSX 与跨场预测支持。。复核信心：high。,全文明确的 ML 评价对象仅为合成模拟、实验室数据库或场地模型模拟，未与现场观测或运行结果比较；这属于明确缺失。因此最终编码为“confirmed_absent”；原锁定值“not_reported”在本行全文证据及当前 Codebook 边界下不采用。,Xiaoyang Zhang (XZ),Yangqi Ma (YM),2026-07-29,2026-07-30,outputs\wp8_ijggc_v2_2026-07-30\IJGGC_V2_INDEPENDENT_REVIEW_FINALIZED_LOCKED.xlsx,prior26
ESR_Meng2025_211,field_validation_category,confirmed_absent,not_reported,confirmed_absent,author_adjudicated_disagreement,yes,研究明确使用“synthetic case reservoir model”；CMG–GEM 耦合组分流动与地质力学，并以 Mohr–Coulomb／滑移趋势描述断层再活化，物理一致性为 4。每个含水率场景的 1000 个 LHS 样本随机分成 80% 训练与 20% blind testing，仍是同分布，且没有现场／跨地质验证。论文统计误差分布并发现含水率 >0.9 时 FSD 误差不满足 ±20% 要求，但没有校准预测区间。随后只把优化范围限制到 ≤0.9，未把代理误差作为 Pareto 目标／约束的不确定性传播，故仍记 confirmed_absent。,核查字段：现场验证类别。全文页码／章节：PDF pp.3–7（合成耦合模型、Mohr–Coulomb 与数据）；pp.11–20（随机盲测、误差、Pareto 优化与局限）。全文证据：研究明确使用“synthetic case reservoir model”；CMG–GEM 耦合组分流动与地质力学，并以 Mohr–Coulomb／滑移趋势描述断层再活化，物理一致性为 4。每个含水率场景的 1000 个 LHS 样本随机分成 80% 训练与 20% blind testing，仍是同分布，且没有现场／跨地质验证。论文统计误差分布并发现含水率 >0.9 时 FSD 误差不满足 ±20% 要求，但没有校准预测区间。随后只把优化范围限制到 ≤0.9，未把代理误差作为 Pareto 目标／约束的不确定性传播，故仍记 confirmed_absent。。复核信心：high。,全文明确的 ML 评价对象仅为合成模拟、实验室数据库或场地模型模拟，未与现场观测或运行结果比较；这属于明确缺失。因此最终编码为“confirmed_absent”；原锁定值“not_reported”在本行全文证据及当前 Codebook 边界下不采用。,Xiaoyang Zhang (XZ),Yangqi Ma (YM),2026-07-29,2026-07-30,outputs\wp8_ijggc_v2_2026-07-30\IJGGC_V2_INDEPENDENT_REVIEW_FINALIZED_LOCKED.xlsx,prior26
Arafath2025_MalayBasinML,controlled_release_validation_state,confirmed_absent,confirmed_absent,confirmed_absent,independent_exact_agreement_retained,no,"原文说明使用 X field 的“petrophysical data, well records, and core data”，模型结果与该场地岩心／测井解释相对照，故为单场地现场观测比较。数据采用 80%／10%／10% 划分及交叉验证，属于同分布测试而非 OOD。文中把“field-scale validation ... using pilot CO2 injection tests”列为未来工作，故没有受控注入验证；也未报告不确定性校准或需要传播的下游代理误差。物理得分来自 Archie 等简化岩石物理／测井约束。",,Reviewer and locked coding agreed exactly; the locked value was retained.,Xiaoyang Zhang (XZ),Yangqi Ma (YM),2026-07-29,2026-07-30,outputs\wp8_ijggc_v2_2026-07-30\IJGGC_V2_INDEPENDENT_REVIEW_FINALIZED_LOCKED.xlsx,prior26
ESR_Vishal2025_213,controlled_release_validation_state,confirmed_absent,not_reported,confirmed_absent,author_adjudicated_disagreement,yes,论文称数据来自 Cauvery Basin 的二维／三维地震与勘探井测井，并用 Well X-42 岩心数据验证，故记为现场观测比较；但 p.16 明言“lack of any real-time field validation”，不能记成注入工作流现场验证。p.14–15 仅笼统称对“independent offshore subsets”交叉验证、R²下降 5%–10%，未交代训练区域、留出规则或地质差异，故 OOD 与跨地质测试均记 unclear。95% 置信区间由残差标准误得到，但没有覆盖率／可靠性检验；BNN 被列为未来工作，故不记校准。,核查字段：受控释放／计划注入数据评价。全文页码／章节：PDF pp.4–6（数据与训练）；pp.9–12（现场数据比较与区间）；pp.14–17（局限）。全文证据：论文称数据来自 Cauvery Basin 的二维／三维地震与勘探井测井，并用 Well X-42 岩心数据验证，故记为现场观测比较；但 p.16 明言“lack of any real-time field validation”，不能记成注入工作流现场验证。p.14–15 仅笼统称对“independent offshore subsets”交叉验证、R²下降 5%–10%，未交代训练区域、留出规则或地质差异，故 OOD 与跨地质测试均记 unclear。95% 置信区间由残差标准误得到，但没有覆盖率／可靠性检验；BNN 被列为未来工作，故不记校准。。复核信心：medium。,全文所列训练与评价数据明确不包含计划注入或人工受控释放数据，故为明确缺失。因此最终编码为“confirmed_absent”；原锁定值“not_reported”在本行全文证据及当前 Codebook 边界下不采用。,Xiaoyang Zhang (XZ),Yangqi Ma (YM),2026-07-29,2026-07-30,outputs\wp8_ijggc_v2_2026-07-30\IJGGC_V2_INDEPENDENT_REVIEW_FINALIZED_LOCKED.xlsx,prior26
ESR_Wu2025_042,controlled_release_validation_state,confirmed_absent,not_reported,confirmed_absent,author_adjudicated_disagreement,yes,"常规训练／测试来自合成汇编数据；结论亦承认“current training data relies on synthetic datasets”。显式盲测把韩国 Gorae V 盆地参数送入 CMG–GEM，并与训练好的 XGBoost 对比（RTI／STI 拟合约 98.53%／96.48%），属于跨地质背景的模拟 OOD，不是现场跨场地验证。100,000 次 Monte Carlo 给出 TEI 分布，但没有名义覆盖率或后验预测校验。模型 RMSE 与 Williams 图只评估代理误差，NSGA–II 目标中未纳入该误差，故不记误差传播。SHAP 趋势与 Henry’s law 对照，支持简化物理一致性。","核查字段：受控释放／计划注入数据评价。全文页码／章节：PDF pp.17–26（数据与常规划分）；pp.29–35（Gorae V 盲测、Monte Carlo 与结论）。全文证据：常规训练／测试来自合成汇编数据；结论亦承认“current training data relies on synthetic datasets”。显式盲测把韩国 Gorae V 盆地参数送入 CMG–GEM，并与训练好的 XGBoost 对比（RTI／STI 拟合约 98.53%／96.48%），属于跨地质背景的模拟 OOD，不是现场跨场地验证。100,000 次 Monte Carlo 给出 TEI 分布，但没有名义覆盖率或后验预测校验。模型 RMSE 与 Williams 图只评估代理误差，NSGA–II 目标中未纳入该误差，故不记误差传播。SHAP 趋势与 Henry’s law 对照，支持简化物理一致性。。复核信心：high。",全文所列训练与评价数据明确不包含计划注入或人工受控释放数据，故为明确缺失。因此最终编码为“confirmed_absent”；原锁定值“not_reported”在本行全文证据及当前 Codebook 边界下不采用。,Xiaoyang Zhang (XZ),Yangqi Ma (YM),2026-07-29,2026-07-30,outputs\wp8_ijggc_v2_2026-07-30\IJGGC_V2_INDEPENDENT_REVIEW_FINALIZED_LOCKED.xlsx,prior26
ESR_Chan2024_124,controlled_release_validation_state,confirmed_absent,not_reported,confirmed_absent,author_adjudicated_disagreement,yes,所谓 IBDP field application 实际以场地模型的 ECLIPSE 模拟结果训练／评价 ML，没有与现场观测或注入数据对照。模型以粗网格数据训练并在原始细网格预测，且用 E300 细网格结果验证，属于明确的跨分辨率 OOD。作者同时指出代理为“pure data-driven”且不保证物理连续性，但对压力／饱和度场及选定优化方案进行了高保真模拟诊断。优化后仅把所选方案重新送入 E300；代理误差没有进入 MOGA 目标或约束，因此这是事后复核而不是误差传播。,核查字段：受控释放／计划注入数据评价。全文页码／章节：PDF pp.5–8（合成测试、IBDP 模型与跨分辨率训练）；pp.9–11（优化与高保真复核）。全文证据：所谓 IBDP field application 实际以场地模型的 ECLIPSE 模拟结果训练／评价 ML，没有与现场观测或注入数据对照。模型以粗网格数据训练并在原始细网格预测，且用 E300 细网格结果验证，属于明确的跨分辨率 OOD。作者同时指出代理为“pure data-driven”且不保证物理连续性，但对压力／饱和度场及选定优化方案进行了高保真模拟诊断。优化后仅把所选方案重新送入 E300；代理误差没有进入 MOGA 目标或约束，因此这是事后复核而不是误差传播。。复核信心：high。,全文所列训练与评价数据明确不包含计划注入或人工受控释放数据，故为明确缺失。因此最终编码为“confirmed_absent”；原锁定值“not_reported”在本行全文证据及当前 Codebook 边界下不采用。,Xiaoyang Zhang (XZ),Yangqi Ma (YM),2026-07-29,2026-07-30,outputs\wp8_ijggc_v2_2026-07-30\IJGGC_V2_INDEPENDENT_REVIEW_FINALIZED_LOCKED.xlsx,prior26
TARGET_DRLGeoRisk2026_214483,controlled_release_validation_state,confirmed_absent,confirmed_absent,confirmed_absent,independent_exact_agreement_retained,no,研究使用基于 Aquistore 的条件地质统计实现及 820 个耦合流动–地质力学模拟，不是现场观测验证。独立验证实现被明确描述为“previously unseen realizations drawn from the same uncertainty distribution”，所以虽未见样本但仍是同分布，不能算 OOD。1000 个地质实现与域随机化用于稳健策略学习，但未做区间覆盖或校准。GRU–FNO 的误差只在附录／验证中报告，未作为奖励、约束或策略不确定性项传播。43 MPa 高风险压力线和边界泄漏惩罚直接进入控制目标，故决策就绪度较高但仍是 proof of concept。,,Reviewer and locked coding agreed exactly; the locked value was retained.,Xiaoyang Zhang (XZ),Yangqi Ma (YM),2026-07-29,2026-07-30,outputs\wp8_ijggc_v2_2026-07-30\IJGGC_V2_INDEPENDENT_REVIEW_FINALIZED_LOCKED.xlsx,prior26
ESR_RefNone_173,controlled_release_validation_state,confirmed_absent,not_reported,confirmed_absent,author_adjudicated_disagreement,yes,训练标签来自已发表的 CO2–水／盐水溶解度实验数据库，因此是实验室／受控证据而非储层现场验证或计划注入评价。全文采用随机 80%／20% 训练–测试划分，没有独立范围、场地或地质背景留出。网络给出点预测与常规误差指标，未见概率校准、后验预测检查或下游代理决策链。物理关系主要由温度、压力、盐度等输入及文献机理继承，未显式施加守恒／热力学约束。,"核查字段：受控释放／计划注入数据评价。全文页码／章节：PDF pp.1, 5–13（实验数据库、模型、80／20 划分与结果）。全文证据：训练标签来自已发表的 CO2–水／盐水溶解度实验数据库，因此是实验室／受控证据而非储层现场验证或计划注入评价。全文采用随机 80%／20% 训练–测试划分，没有独立范围、场地或地质背景留出。网络给出点预测与常规误差指标，未见概率校准、后验预测检查或下游代理决策链。物理关系主要由温度、压力、盐度等输入及文献机理继承，未显式施加守恒／热力学约束。。复核信心：high。",全文所列训练与评价数据明确不包含计划注入或人工受控释放数据，故为明确缺失。因此最终编码为“confirmed_absent”；原锁定值“not_reported”在本行全文证据及当前 Codebook 边界下不采用。,Xiaoyang Zhang (XZ),Yangqi Ma (YM),2026-07-29,2026-07-30,outputs\wp8_ijggc_v2_2026-07-30\IJGGC_V2_INDEPENDENT_REVIEW_FINALIZED_LOCKED.xlsx,prior26
Wen2021_CCSNet,controlled_release_validation_state,confirmed_absent,not_reported,confirmed_absent,author_adjudicated_disagreement,yes,CCSNet 全部以 ECLIPSE 合成模拟训练；“training/validation data split is 10/1”，验证样本仍在同一参数采样域内，故无现场、受控注入或 OOD。模型对压力、饱和度、相组成等多物理输出做了模拟器对照和误差空间诊断，物理一致性高于仅报告网络精度。均值、标准差、误差直方图及经验回归误差项没有覆盖率／可靠性检验，故不记校准。CCSNet 又被用于生成筛选用 sweep／溶解度指标，但代理误差没有进入这些派生估计或决策。,核查字段：受控释放／计划注入数据评价。全文页码／章节：PDF pp.5–15（全物理模拟、10∶1 划分与验证）；pp.20–23、31–32（筛选应用、随机划分与误差项）。全文证据：CCSNet 全部以 ECLIPSE 合成模拟训练；“training/validation data split is 10/1”，验证样本仍在同一参数采样域内，故无现场、受控注入或 OOD。模型对压力、饱和度、相组成等多物理输出做了模拟器对照和误差空间诊断，物理一致性高于仅报告网络精度。均值、标准差、误差直方图及经验回归误差项没有覆盖率／可靠性检验，故不记校准。CCSNet 又被用于生成筛选用 sweep／溶解度指标，但代理误差没有进入这些派生估计或决策。。复核信心：high。,全文所列训练与评价数据明确不包含计划注入或人工受控释放数据，故为明确缺失。因此最终编码为“confirmed_absent”；原锁定值“not_reported”在本行全文证据及当前 Codebook 边界下不采用。,Xiaoyang Zhang (XZ),Yangqi Ma (YM),2026-07-29,2026-07-30,outputs\wp8_ijggc_v2_2026-07-30\IJGGC_V2_INDEPENDENT_REVIEW_FINALIZED_LOCKED.xlsx,prior26
ESR_Liu2025_121,controlled_release_validation_state,not_reported,not_reported,not_reported,independent_exact_agreement_retained,no,该文件只有一页海报，说明 physics-coupled ML toolset、CRM 与储量／注入绩效用途，但没有给出数据来源、训练–测试方案、现场对照、受控注入评价、OOD、跨场地实验或不确定性校准结果；海报还把 cross-validation／进一步验证描述为 ongoing。按规则，缺报不能填 0，相关评分记 not reported。物理得分仅反映已陈述的简化耦合框架；不能据项目背景推断现场验证。,,Reviewer and locked coding agreed exactly; the locked value was retained.,Xiaoyang Zhang (XZ),Yangqi Ma (YM),2026-07-29,2026-07-30,outputs\wp8_ijggc_v2_2026-07-30\IJGGC_V2_INDEPENDENT_REVIEW_FINALIZED_LOCKED.xlsx,prior26
Shokouhi2021_PhysicsInformedSite,controlled_release_validation_state,confirmed_absent,not_reported,confirmed_absent,author_adjudicated_disagreement,yes,全文材料展示的是基于数值场的 physics-informed deep learning：损失中加入控制方程／边界条件并预测 CO₂ 储层响应；未出现现场观测、计划注入数据或跨场地评价。材料没有充分交代训练–测试留出方式，故 OOD 记 not_reported，而不是据沉默填 0；明确只有单一模拟设置，跨场地记 confirmed_absent。输出为确定性结果，没有校准或后验检查；该工作没有把代理嵌入反演／优化／决策链，代理误差传播不适用。,核查字段：受控释放／计划注入数据评价。全文页码／章节：PDF pp.1–10（全文幻灯片：问题、PINN 架构、模拟结果与结论）。全文证据：全文材料展示的是基于数值场的 physics-informed deep learning：损失中加入控制方程／边界条件并预测 CO₂ 储层响应；未出现现场观测、计划注入数据或跨场地评价。材料没有充分交代训练–测试留出方式，故 OOD 记 not_reported，而不是据沉默填 0；明确只有单一模拟设置，跨场地记 confirmed_absent。输出为确定性结果，没有校准或后验检查；该工作没有把代理嵌入反演／优化／决策链，代理误差传播不适用。。复核信心：high。,全文所列训练与评价数据明确不包含计划注入或人工受控释放数据，故为明确缺失。因此最终编码为“confirmed_absent”；原锁定值“not_reported”在本行全文证据及当前 Codebook 边界下不采用。,Xiaoyang Zhang (XZ),Yangqi Ma (YM),2026-07-29,2026-07-30,outputs\wp8_ijggc_v2_2026-07-30\IJGGC_V2_INDEPENDENT_REVIEW_FINALIZED_LOCKED.xlsx,prior26
ESR_Pawar2023_168,controlled_release_validation_state,confirmed_absent,not_reported,confirmed_absent,author_adjudicated_disagreement,yes,论文用数值模拟生成的压力／饱和度场训练 FNO，并在同一合成数据生成机制的留出样本上报告误差；没有现场观测、计划注入数据、跨场地或明确分布外设置。FNO 未嵌入物理方程，物理性主要继承自训练模拟器；也未报告概率校准。本文只评价快速前向预测，没有实施反演、优化或储层决策，因此代理误差传播记 not_applicable。,核查字段：受控释放／计划注入数据评价。全文页码／章节：PDF pp.1–5（全文：模拟数据、FNO 训练／测试与结果）。全文证据：论文用数值模拟生成的压力／饱和度场训练 FNO，并在同一合成数据生成机制的留出样本上报告误差；没有现场观测、计划注入数据、跨场地或明确分布外设置。FNO 未嵌入物理方程，物理性主要继承自训练模拟器；也未报告概率校准。本文只评价快速前向预测，没有实施反演、优化或储层决策，因此代理误差传播记 not_applicable。。复核信心：high。,全文所列训练与评价数据明确不包含计划注入或人工受控释放数据，故为明确缺失。因此最终编码为“confirmed_absent”；原锁定值“not_reported”在本行全文证据及当前 Codebook 边界下不采用。,Xiaoyang Zhang (XZ),Yangqi Ma (YM),2026-07-29,2026-07-30,outputs\wp8_ijggc_v2_2026-07-30\IJGGC_V2_INDEPENDENT_REVIEW_FINALIZED_LOCKED.xlsx,prior26
Zhang2021_LearningInversionFreeForecast,controlled_release_validation_state,confirmed_absent,not_reported,confirmed_absent,author_adjudicated_disagreement,yes,"研究明确为单个合成场景，观测来自一个 geomodel；p.11 还写明“To avoid extrapolation, LIP requires the observation data to lie inside of the prior samples”，故无 OOD 或跨场地测试。Bayesian LIP 给出预测场的后验均值／标准差，并在三个 synthetic truth 上逐图比较后验预测与真值，属于后验预测检查；但没有现场数据。LIP 是直接的观测–预测统计映射，不是另一个代理进入下游反演／优化的误差项，故代理误差传播记 not_applicable。","核查字段：受控释放／计划注入数据评价。全文页码／章节：PDF pp.3–6（合成模型与 Bayesian LIP）；pp.8–11（后验–真值对照、限制与结论）。全文证据：研究明确为单个合成场景，观测来自一个 geomodel；p.11 还写明“To avoid extrapolation, LIP requires the observation data to lie inside of the prior samples”，故无 OOD 或跨场地测试。Bayesian LIP 给出预测场的后验均值／标准差，并在三个 synthetic truth 上逐图比较后验预测与真值，属于后验预测检查；但没有现场数据。LIP 是直接的观测–预测统计映射，不是另一个代理进入下游反演／优化的误差项，故代理误差传播记 not_applicable。。复核信心：high。",全文所列训练与评价数据明确不包含计划注入或人工受控释放数据，故为明确缺失。因此最终编码为“confirmed_absent”；原锁定值“not_reported”在本行全文证据及当前 Codebook 边界下不采用。,Xiaoyang Zhang (XZ),Yangqi Ma (YM),2026-07-29,2026-07-30,outputs\wp8_ijggc_v2_2026-07-30\IJGGC_V2_INDEPENDENT_REVIEW_FINALIZED_LOCKED.xlsx,prior26
ESR_Kadeethum2024_128,controlled_release_validation_state,confirmed_absent,not_reported,confirmed_absent,author_adjudicated_disagreement,yes,虽以 IBDP 场地数据建立 Eclipse 实现，但 ML 仅与多相流模拟结果对比，未评价现场观测或实际注入记录。90 个训练、10 个测试实现采用 uniform division，且作者特意保证测试输入均值／标准差“不偏离训练特征”，所以是同分布测试而非 OOD。INO 为数据驱动 ROM，论文把 physics-informed integration 列为未来方向；无不确定性校准，也没有实际反演／优化／决策环节，故代理误差传播不适用。,核查字段：受控释放／计划注入数据评价。全文页码／章节：PDF pp.5–7（IBDP 模拟数据与划分）；pp.8–13（测试、局限与结论）。全文证据：虽以 IBDP 场地数据建立 Eclipse 实现，但 ML 仅与多相流模拟结果对比，未评价现场观测或实际注入记录。90 个训练、10 个测试实现采用 uniform division，且作者特意保证测试输入均值／标准差“不偏离训练特征”，所以是同分布测试而非 OOD。INO 为数据驱动 ROM，论文把 physics-informed integration 列为未来方向；无不确定性校准，也没有实际反演／优化／决策环节，故代理误差传播不适用。。复核信心：high。,全文所列训练与评价数据明确不包含计划注入或人工受控释放数据，故为明确缺失。因此最终编码为“confirmed_absent”；原锁定值“not_reported”在本行全文证据及当前 Codebook 边界下不采用。,Xiaoyang Zhang (XZ),Yangqi Ma (YM),2026-07-29,2026-07-30,outputs\wp8_ijggc_v2_2026-07-30\IJGGC_V2_INDEPENDENT_REVIEW_FINALIZED_LOCKED.xlsx,prior26
Wen2023_NestedFNO,controlled_release_validation_state,confirmed_absent,not_reported,confirmed_absent,author_adjudicated_disagreement,yes,Nested FNO 用半自适应局部网格数值模拟训练，测试仍从训练参数范围抽样；方法部分明确要求输入“within the training data sampling ranges”，故没有显式 OOD 或跨场地测试。1000 个同一统计分布的渗透率实现用于给出最大压力与羽流足迹的概率分布，可支持用地／监测设计，属于概率 UQ；但 95% error band 是代理误差描述，没有覆盖率校准。分层网络专门分析并减轻误差累积，但未把剩余代理误差作为风险／决策不确定性传播。,核查字段：受控释放／计划注入数据评价。全文页码／章节：PDF pp.1–5（合成训练、同域测试与概率评估）；pp.6–8（范围限制、误差累积与微调）。全文证据：Nested FNO 用半自适应局部网格数值模拟训练，测试仍从训练参数范围抽样；方法部分明确要求输入“within the training data sampling ranges”，故没有显式 OOD 或跨场地测试。1000 个同一统计分布的渗透率实现用于给出最大压力与羽流足迹的概率分布，可支持用地／监测设计，属于概率 UQ；但 95% error band 是代理误差描述，没有覆盖率校准。分层网络专门分析并减轻误差累积，但未把剩余代理误差作为风险／决策不确定性传播。。复核信心：high。,全文所列训练与评价数据明确不包含计划注入或人工受控释放数据，故为明确缺失。因此最终编码为“confirmed_absent”；原锁定值“not_reported”在本行全文证据及当前 Codebook 边界下不采用。,Xiaoyang Zhang (XZ),Yangqi Ma (YM),2026-07-29,2026-07-30,outputs\wp8_ijggc_v2_2026-07-30\IJGGC_V2_INDEPENDENT_REVIEW_FINALIZED_LOCKED.xlsx,prior26
Mo2018_EncoderDecoderUQ,controlled_release_validation_state,confirmed_absent,not_reported,confirmed_absent,author_adjudicated_disagreement,yes,"全部样本来自相同随机介质／多相流模拟分布，无现场、计划注入、跨场地或显式 OOD。编码器–解码器代理生成 Monte Carlo 输出分布，并把概率密度、均值和方差与 20,000 次高保真 Monte Carlo 参考逐项对照，属于对预测不确定性的明确验证／检查，故不确定性为 3。物理一致性来自多相流模拟器对照与时空误差诊断。代理用于 UQ，但其自身逼近误差没有作为独立误差模型传播到决策或反演。","核查字段：受控释放／计划注入数据评价。全文页码／章节：PDF pp.5–18（合成训练／测试与场量误差）；pp.22–26（Monte Carlo 分布验证与结论）。全文证据：全部样本来自相同随机介质／多相流模拟分布，无现场、计划注入、跨场地或显式 OOD。编码器–解码器代理生成 Monte Carlo 输出分布，并把概率密度、均值和方差与 20,000 次高保真 Monte Carlo 参考逐项对照，属于对预测不确定性的明确验证／检查，故不确定性为 3。物理一致性来自多相流模拟器对照与时空误差诊断。代理用于 UQ，但其自身逼近误差没有作为独立误差模型传播到决策或反演。。复核信心：high。",全文所列训练与评价数据明确不包含计划注入或人工受控释放数据，故为明确缺失。因此最终编码为“confirmed_absent”；原锁定值“not_reported”在本行全文证据及当前 Codebook 边界下不采用。,Xiaoyang Zhang (XZ),Yangqi Ma (YM),2026-07-29,2026-07-30,outputs\wp8_ijggc_v2_2026-07-30\IJGGC_V2_INDEPENDENT_REVIEW_FINALIZED_LOCKED.xlsx,prior26
ESR_Zhou2026_127,controlled_release_validation_state,confirmed_absent,not_reported,confirmed_absent,author_adjudicated_disagreement,yes,模型参数源于中国某海上 CGS 项目，但 300 个样本均由随机地质场与数值模拟生成，并按 240／30／30 同源划分；没有现场观测或计划注入数据评价，也无 OOD／跨场地测试。MRFNO 在损失中施加多尺度一致性与跨场耦合，并以 Verma–Pruess 更新孔隙度–渗透率，顺序耦合流动与地球化学，故物理一致性为 4。论文讨论嵌套网络的误差累积，但未实施反演、优化或决策，不能把跨网络误差累积等同于题目要求的下游代理误差传播。,"核查字段：受控释放／计划注入数据评价。全文页码／章节：PDF pp.1, 5–13（场地参数、合成数据、物理耦合与随机划分）；pp.18–21（误差与局限）。全文证据：模型参数源于中国某海上 CGS 项目，但 300 个样本均由随机地质场与数值模拟生成，并按 240／30／30 同源划分；没有现场观测或计划注入数据评价，也无 OOD／跨场地测试。MRFNO 在损失中施加多尺度一致性与跨场耦合，并以 Verma–Pruess 更新孔隙度–渗透率，顺序耦合流动与地球化学，故物理一致性为 4。论文讨论嵌套网络的误差累积，但未实施反演、优化或决策，不能把跨网络误差累积等同于题目要求的下游代理误差传播。。复核信心：high。",全文所列训练与评价数据明确不包含计划注入或人工受控释放数据，故为明确缺失。因此最终编码为“confirmed_absent”；原锁定值“not_reported”在本行全文证据及当前 Codebook 边界下不采用。,Xiaoyang Zhang (XZ),Yangqi Ma (YM),2026-07-29,2026-07-30,outputs\wp8_ijggc_v2_2026-07-30\IJGGC_V2_INDEPENDENT_REVIEW_FINALIZED_LOCKED.xlsx,prior26
Han2024_HierarchicalMCMC,controlled_release_validation_state,confirmed_absent,not_reported,confirmed_absent,author_adjudicated_disagreement,yes,研究为合成历史匹配，没有现场或跨场地证据，训练／测试实现来自同一先验。关键阳性证据是：用 500 个测试实现估计代理预测误差标准差，并把该项与观测误差合并为 total error covariance，显式进入 hierarchical MCMC likelihood；这不是只报误差表，而是真正传播到反演。后验均值、可信区间／实现又与 synthetic truth 和高保真模拟逐项比较，构成后验检查。因此不确定性得分 4；但尚未形成现场阈值或运行决策。,核查字段：受控释放／计划注入数据评价。全文页码／章节：PDF pp.1–7、9–17（代理、误差协方差与 hierarchical MCMC）；pp.31–38、41–53（真值与 SI 检查）。全文证据：研究为合成历史匹配，没有现场或跨场地证据，训练／测试实现来自同一先验。关键阳性证据是：用 500 个测试实现估计代理预测误差标准差，并把该项与观测误差合并为 total error covariance，显式进入 hierarchical MCMC likelihood；这不是只报误差表，而是真正传播到反演。后验均值、可信区间／实现又与 synthetic truth 和高保真模拟逐项比较，构成后验检查。因此不确定性得分 4；但尚未形成现场阈值或运行决策。。复核信心：high。,全文所列训练与评价数据明确不包含计划注入或人工受控释放数据，故为明确缺失。因此最终编码为“confirmed_absent”；原锁定值“not_reported”在本行全文证据及当前 Codebook 边界下不采用。,Xiaoyang Zhang (XZ),Yangqi Ma (YM),2026-07-29,2026-07-30,outputs\wp8_ijggc_v2_2026-07-30\IJGGC_V2_INDEPENDENT_REVIEW_FINALIZED_LOCKED.xlsx,prior26
Leong2024_SeisCO2Net,controlled_release_validation_state,ml_evaluated_on_controlled_release,ml_evaluated_on_controlled_release,ml_evaluated_on_controlled_release,independent_exact_agreement_retained,no,SeisCO2Net 先以合成地震–饱和度对训练，再直接用于 Frio-II 计划注入试验的时移地震资料，反演注入后 CO₂ 饱和度；这是单一受控现场评价，也是明确的 synthetic-to-field 分布外测试，但不是跨多个场地验证。工作流含岩石物理／正演一致性检查并与现场时移响应比较。20 组权重产生的标准差只表示模型集合离散度，未检验覆盖率或后验可靠性，故不记校准；该网络是直接反演器而非代理进入另一决策模型，代理误差传播不适用。,,Reviewer and locked coding agreed exactly; the locked value was retained.,Xiaoyang Zhang (XZ),Yangqi Ma (YM),2026-07-29,2026-07-30,outputs\wp8_ijggc_v2_2026-07-30\IJGGC_V2_INDEPENDENT_REVIEW_FINALIZED_LOCKED.xlsx,prior26
Wang2025_4DHistoryMatching,controlled_release_validation_state,confirmed_absent,not_reported,confirmed_absent,author_adjudicated_disagreement,yes,全文为合成 4D 地震／监测井历史匹配，数据与测试均来自同一地质先验，没有现场或 OOD。关键证据在误差模型：作者从独立测试集估计 surrogate model error 的均值／协方差，并与观测噪声合并为 total error covariance，直接进入 MCMC likelihood；因此代理误差已传播到反演。多组 synthetic truth 下又比较后验预测、可信区间与高保真结果，属于明确后验检查。不确定性因此为 4，且已接近可用于监测更新，但仍缺现场运行阈值。,核查字段：受控释放／计划注入数据评价。全文页码／章节：PDF pp.1–5、11–22（合成 4D 地震历史匹配）；pp.32–46（代理误差协方差、MCMC 与后验检查）。全文证据：全文为合成 4D 地震／监测井历史匹配，数据与测试均来自同一地质先验，没有现场或 OOD。关键证据在误差模型：作者从独立测试集估计 surrogate model error 的均值／协方差，并与观测噪声合并为 total error covariance，直接进入 MCMC likelihood；因此代理误差已传播到反演。多组 synthetic truth 下又比较后验预测、可信区间与高保真结果，属于明确后验检查。不确定性因此为 4，且已接近可用于监测更新，但仍缺现场运行阈值。。复核信心：high。,全文所列训练与评价数据明确不包含计划注入或人工受控释放数据，故为明确缺失。因此最终编码为“confirmed_absent”；原锁定值“not_reported”在本行全文证据及当前 Codebook 边界下不采用。,Xiaoyang Zhang (XZ),Yangqi Ma (YM),2026-07-29,2026-07-30,outputs\wp8_ijggc_v2_2026-07-30\IJGGC_V2_INDEPENDENT_REVIEW_FINALIZED_LOCKED.xlsx,prior26
ESR_Wang2024_089,controlled_release_validation_state,ml_evaluated_on_controlled_release,not_reported,ml_evaluated_on_controlled_release,author_adjudicated_disagreement,yes,数据来自 Illinois Basin 同一场址的 IBDP 与 ICCS：IBDP 注入约 100 万吨，ICCS 自 2017 年计划注入；PNX 在注入后多时次测井，ML 直接估计现场 CO₂ 饱和度，故为现场工作流且确实评价了计划注入数据。模型用常规训练／测试留出，文中只称 testing dataset unseen，未按井、项目或地质背景留出，所以不是 OOD／跨场地验证。没有概率区间、校准或后验检查；SIGM、WPRE 等物理敏感特征支持有限物理解释，但未编码控制方程。,核查字段：受控释放／计划注入数据评价。全文页码／章节：PDF pp.1–14（IBDP／ICCS 注入与现场测井数据）；pp.22–36（随机测试、结果与结论）。全文证据：数据来自 Illinois Basin 同一场址的 IBDP 与 ICCS：IBDP 注入约 100 万吨，ICCS 自 2017 年计划注入；PNX 在注入后多时次测井，ML 直接估计现场 CO₂ 饱和度，故为现场工作流且确实评价了计划注入数据。模型用常规训练／测试留出，文中只称 testing dataset unseen，未按井、项目或地质背景留出，所以不是 OOD／跨场地验证。没有概率区间、校准或后验检查；SIGM、WPRE 等物理敏感特征支持有限物理解释，但未编码控制方程。。复核信心：high。,全文明确说明 ML 在计划注入或人工受控释放形成的数据上进行评价，满足该类别定义。因此最终编码为“ml_evaluated_on_controlled_release”；原锁定值“not_reported”在本行全文证据及当前 Codebook 边界下不采用。,Xiaoyang Zhang (XZ),Yangqi Ma (YM),2026-07-29,2026-07-30,outputs\wp8_ijggc_v2_2026-07-30\IJGGC_V2_INDEPENDENT_REVIEW_FINALIZED_LOCKED.xlsx,prior26
Jiang2024_DSIHistoryMatching,controlled_release_validation_state,confirmed_absent,not_reported,confirmed_absent,author_adjudicated_disagreement,yes,研究在同一先验生成的合成储层上做 DSI 历史匹配，无现场、计划注入、跨场地或显式 OOD。作者不只展示区间，而是在五个 synthetic true models 上计算预测区间的 coverage probability，并与目标覆盖水平比较，构成明确的区间可靠性／后验检查，故不确定性为 3。物理一致性由流动模拟输出、时空参数化及真值诊断支持。AAE 用于数据空间参数化，并不是一个带误差项的前向代理进入优化或决策，因此代理误差传播记 not_applicable。,核查字段：受控释放／计划注入数据评价。全文页码／章节：PDF pp.1–11（合成 DSI 与数据参数化）；pp.13–29（五个真值、coverage probability 与结论）。全文证据：研究在同一先验生成的合成储层上做 DSI 历史匹配，无现场、计划注入、跨场地或显式 OOD。作者不只展示区间，而是在五个 synthetic true models 上计算预测区间的 coverage probability，并与目标覆盖水平比较，构成明确的区间可靠性／后验检查，故不确定性为 3。物理一致性由流动模拟输出、时空参数化及真值诊断支持。AAE 用于数据空间参数化，并不是一个带误差项的前向代理进入优化或决策，因此代理误差传播记 not_applicable。。复核信心：high。,全文所列训练与评价数据明确不包含计划注入或人工受控释放数据，故为明确缺失。因此最终编码为“confirmed_absent”；原锁定值“not_reported”在本行全文证据及当前 Codebook 边界下不采用。,Xiaoyang Zhang (XZ),Yangqi Ma (YM),2026-07-29,2026-07-30,outputs\wp8_ijggc_v2_2026-07-30\IJGGC_V2_INDEPENDENT_REVIEW_FINALIZED_LOCKED.xlsx,prior26
TARGET_JointInversion2023_2022JB025372,controlled_release_validation_state,confirmed_absent,confirmed_absent,confirmed_absent,independent_exact_agreement_retained,no,联合地震／电磁反演在场地尺度合成监测数据上演示，没有现场注入资料或跨场地测试；测试模型仍来自同一生成设置。可微岩石物理、波动／电磁正演与联合损失显式进入网络，故物理一致性为 4。BNN 输出后验样本并展示均值／离散度，但未报告覆盖率、校准曲线或系统后验预测检验；作者把与完整 MCMC 的基准比较列为未来工作，故不记已校准。该网络本身就是反演模型，不存在另一个代理误差向下游传播的问题。,,Reviewer and locked coding agreed exactly; the locked value was retained.,Xiaoyang Zhang (XZ),Yangqi Ma (YM),2026-07-29,2026-07-30,outputs\wp8_ijggc_v2_2026-07-30\IJGGC_V2_INDEPENDENT_REVIEW_FINALIZED_LOCKED.xlsx,prior26
Zhong2019_PressureAnomaly,controlled_release_validation_state,ml_evaluated_on_controlled_release,ml_evaluated_on_controlled_release,ml_evaluated_on_controlled_release,independent_exact_agreement_retained,no,摘要明确：模型以无泄漏 base experiment 的井底压力训练，再在“一系列 controlled CO2 release experiments”上测试；现场试验在 Cranfield 通过 F3 以 60 kg／min 人工采出 CO₂ 形成已知泄漏事件。故为受控现场评价，且 nominal-to-leak 是显式异常分布测试，但仅一个场地。模型用 1000 次实现形成预测区间，并以 1σ／2σ／3σ 阈值直接判定异常；虽然未验证名义覆盖率，不能记校准，但不确定性确已进入现场报警决策，故不确定性与决策就绪度均为 4。,,Reviewer and locked coding agreed exactly; the locked value was retained.,Xiaoyang Zhang (XZ),Yangqi Ma (YM),2026-07-29,2026-07-30,outputs\wp8_ijggc_v2_2026-07-30\IJGGC_V2_INDEPENDENT_REVIEW_FINALIZED_LOCKED.xlsx,prior26
Lin2020_PressureLeakage,controlled_release_validation_state,ml_evaluated_on_controlled_release,ml_evaluated_on_controlled_release,ml_evaluated_on_controlled_release,independent_exact_agreement_retained,no,Cranfield HPT 现场数据包含基线试验和通过 F3 地面阀形成的人工泄漏试验。作者明确“models are not trained on the leak test data”；模型只学 150-min 基线，再以 90-min 泄漏作为异常测试，因此是受控释放且为 nominal-to-leak OOD。固定 squared-error 阈值 1e-03 产生早期报警，形成可审计的现场决策链。20 个网络实现只用于汇总平均 MSE／计算时间，所谓 confidence 未做覆盖或可靠性检查，故校准不成立、不确定性仅记 1。没有跨场地实验。,,Reviewer and locked coding agreed exactly; the locked value was retained.,Xiaoyang Zhang (XZ),Yangqi Ma (YM),2026-07-29,2026-07-30,outputs\wp8_ijggc_v2_2026-07-30\IJGGC_V2_INDEPENDENT_REVIEW_FINALIZED_LOCKED.xlsx,prior26
Baek2023_WellboreLeakage,controlled_release_validation_state,confirmed_absent,not_reported,confirmed_absent,author_adjudicated_disagreement,yes,深度学习井筒 ROM 由 STOMP–CO₂ 数值模拟训练，采用随机 0.70／0.20／0.10 训练–验证–测试；应用案例仍是 homogeneous synthetic reservoir 与 hypothetical leaky wells，故无现场或 OOD。Darcy 驱动力等物理特征、分类–回归分解和模拟器对照支持物理诊断。500 个不确定井属性实现给出累计泄漏 P25／P50／P75，并面向许可风险，属于概率 UQ。作者承认 one-way coupling 会产生误差，但该误差没有进入风险分布或决策，故不记代理误差传播。,核查字段：受控释放／计划注入数据评价。全文页码／章节：PDF pp.1–8（STOMP／井筒模型、70／20／10 划分）；pp.9–11（假想场地、500 实现与局限）。全文证据：深度学习井筒 ROM 由 STOMP–CO₂ 数值模拟训练，采用随机 0.70／0.20／0.10 训练–验证–测试；应用案例仍是 homogeneous synthetic reservoir 与 hypothetical leaky wells，故无现场或 OOD。Darcy 驱动力等物理特征、分类–回归分解和模拟器对照支持物理诊断。500 个不确定井属性实现给出累计泄漏 P25／P50／P75，并面向许可风险，属于概率 UQ。作者承认 one-way coupling 会产生误差，但该误差没有进入风险分布或决策，故不记代理误差传播。。复核信心：high。,全文所列训练与评价数据明确不包含计划注入或人工受控释放数据，故为明确缺失。因此最终编码为“confirmed_absent”；原锁定值“not_reported”在本行全文证据及当前 Codebook 边界下不采用。,Xiaoyang Zhang (XZ),Yangqi Ma (YM),2026-07-29,2026-07-30,outputs\wp8_ijggc_v2_2026-07-30\IJGGC_V2_INDEPENDENT_REVIEW_FINALIZED_LOCKED.xlsx,prior26
ESR_Tang2022_226,controlled_release_validation_state,confirmed_absent,not_reported,confirmed_absent,author_adjudicated_disagreement,yes,全文采用 commercial-scale 3D synthetic case，结论强调 displacement maps were synthetic，故无现场或受控注入评价。两个 R–U–Net 只用 1、2、5、10 年结果训练，却在 12、16 年预测，并明确称“acceptable extrapolation ... up to 16 years”，构成时间 OOD；不是跨场地。ES–MDA 后验压力／位移集合的均值、标准差与 synthetic truth 在观测时刻和未来时刻比较，属于后验预测检查。似然／更新协方差只描述 measurement error，未加入 R–U–Net 代理误差，故不记误差传播。流动–地质力学耦合由 GEOSX 与跨场预测支持。,核查字段：受控释放／计划注入数据评价。全文页码／章节：PDF pp.4–18（合成耦合模型与 ES–MDA）；pp.27–38（时间外推与后验检查）；pp.40–42（结论／局限）。全文证据：全文采用 commercial-scale 3D synthetic case，结论强调 displacement maps were synthetic，故无现场或受控注入评价。两个 R–U–Net 只用 1、2、5、10 年结果训练，却在 12、16 年预测，并明确称“acceptable extrapolation ... up to 16 years”，构成时间 OOD；不是跨场地。ES–MDA 后验压力／位移集合的均值、标准差与 synthetic truth 在观测时刻和未来时刻比较，属于后验预测检查。似然／更新协方差只描述 measurement error，未加入 R–U–Net 代理误差，故不记误差传播。流动–地质力学耦合由 GEOSX 与跨场预测支持。。复核信心：high。,全文所列训练与评价数据明确不包含计划注入或人工受控释放数据，故为明确缺失。因此最终编码为“confirmed_absent”；原锁定值“not_reported”在本行全文证据及当前 Codebook 边界下不采用。,Xiaoyang Zhang (XZ),Yangqi Ma (YM),2026-07-29,2026-07-30,outputs\wp8_ijggc_v2_2026-07-30\IJGGC_V2_INDEPENDENT_REVIEW_FINALIZED_LOCKED.xlsx,prior26
ESR_Meng2025_211,controlled_release_validation_state,confirmed_absent,not_reported,confirmed_absent,author_adjudicated_disagreement,yes,研究明确使用“synthetic case reservoir model”；CMG–GEM 耦合组分流动与地质力学，并以 Mohr–Coulomb／滑移趋势描述断层再活化，物理一致性为 4。每个含水率场景的 1000 个 LHS 样本随机分成 80% 训练与 20% blind testing，仍是同分布，且没有现场／跨地质验证。论文统计误差分布并发现含水率 >0.9 时 FSD 误差不满足 ±20% 要求，但没有校准预测区间。随后只把优化范围限制到 ≤0.9，未把代理误差作为 Pareto 目标／约束的不确定性传播，故仍记 confirmed_absent。,核查字段：受控释放／计划注入数据评价。全文页码／章节：PDF pp.3–7（合成耦合模型、Mohr–Coulomb 与数据）；pp.11–20（随机盲测、误差、Pareto 优化与局限）。全文证据：研究明确使用“synthetic case reservoir model”；CMG–GEM 耦合组分流动与地质力学，并以 Mohr–Coulomb／滑移趋势描述断层再活化，物理一致性为 4。每个含水率场景的 1000 个 LHS 样本随机分成 80% 训练与 20% blind testing，仍是同分布，且没有现场／跨地质验证。论文统计误差分布并发现含水率 >0.9 时 FSD 误差不满足 ±20% 要求，但没有校准预测区间。随后只把优化范围限制到 ≤0.9，未把代理误差作为 Pareto 目标／约束的不确定性传播，故仍记 confirmed_absent。。复核信心：high。,全文所列训练与评价数据明确不包含计划注入或人工受控释放数据，故为明确缺失。因此最终编码为“confirmed_absent”；原锁定值“not_reported”在本行全文证据及当前 Codebook 边界下不采用。,Xiaoyang Zhang (XZ),Yangqi Ma (YM),2026-07-29,2026-07-30,outputs\wp8_ijggc_v2_2026-07-30\IJGGC_V2_INDEPENDENT_REVIEW_FINALIZED_LOCKED.xlsx,prior26
Arafath2025_MalayBasinML,ood_test_category,confirmed_absent,confirmed_absent,confirmed_absent,independent_exact_agreement_retained,no,"原文说明使用 X field 的“petrophysical data, well records, and core data”，模型结果与该场地岩心／测井解释相对照，故为单场地现场观测比较。数据采用 80%／10%／10% 划分及交叉验证，属于同分布测试而非 OOD。文中把“field-scale validation ... using pilot CO2 injection tests”列为未来工作，故没有受控注入验证；也未报告不确定性校准或需要传播的下游代理误差。物理得分来自 Archie 等简化岩石物理／测井约束。",,Reviewer and locked coding agreed exactly; the locked value was retained.,Xiaoyang Zhang (XZ),Yangqi Ma (YM),2026-07-29,2026-07-30,outputs\wp8_ijggc_v2_2026-07-30\IJGGC_V2_INDEPENDENT_REVIEW_FINALIZED_LOCKED.xlsx,prior26
ESR_Vishal2025_213,ood_test_category,unclear,not_reported,unclear,author_adjudicated_disagreement,yes,论文称数据来自 Cauvery Basin 的二维／三维地震与勘探井测井，并用 Well X-42 岩心数据验证，故记为现场观测比较；但 p.16 明言“lack of any real-time field validation”，不能记成注入工作流现场验证。p.14–15 仅笼统称对“independent offshore subsets”交叉验证、R²下降 5%–10%，未交代训练区域、留出规则或地质差异，故 OOD 与跨地质测试均记 unclear。95% 置信区间由残差标准误得到，但没有覆盖率／可靠性检验；BNN 被列为未来工作，故不记校准。,核查字段：明确 OOD 测试。全文页码／章节：PDF pp.4–6（数据与训练）；pp.9–12（现场数据比较与区间）；pp.14–17（局限）。全文证据：论文称数据来自 Cauvery Basin 的二维／三维地震与勘探井测井，并用 Well X-42 岩心数据验证，故记为现场观测比较；但 p.16 明言“lack of any real-time field validation”，不能记成注入工作流现场验证。p.14–15 仅笼统称对“independent offshore subsets”交叉验证、R²下降 5%–10%，未交代训练区域、留出规则或地质差异，故 OOD 与跨地质测试均记 unclear。95% 置信区间由残差标准误得到，但没有覆盖率／可靠性检验；BNN 被列为未来工作，故不记校准。。复核信心：medium。,虽称独立或外部子集，但未说明训练范围、留出规则或分布差异，不能据此确认 OOD。因此最终编码为“unclear”；原锁定值“not_reported”在本行全文证据及当前 Codebook 边界下不采用。,Xiaoyang Zhang (XZ),Yangqi Ma (YM),2026-07-29,2026-07-30,outputs\wp8_ijggc_v2_2026-07-30\IJGGC_V2_INDEPENDENT_REVIEW_FINALIZED_LOCKED.xlsx,prior26
ESR_Wu2025_042,ood_test_category,cross_site_heldout,cross_site_heldout,cross_site_heldout,independent_exact_agreement_retained,no,"常规训练／测试来自合成汇编数据；结论亦承认“current training data relies on synthetic datasets”。显式盲测把韩国 Gorae V 盆地参数送入 CMG–GEM，并与训练好的 XGBoost 对比（RTI／STI 拟合约 98.53%／96.48%），属于跨地质背景的模拟 OOD，不是现场跨场地验证。100,000 次 Monte Carlo 给出 TEI 分布，但没有名义覆盖率或后验预测校验。模型 RMSE 与 Williams 图只评估代理误差，NSGA–II 目标中未纳入该误差，故不记误差传播。SHAP 趋势与 Henry’s law 对照，支持简化物理一致性。",,Reviewer and locked coding agreed exactly; the locked value was retained.,Xiaoyang Zhang (XZ),Yangqi Ma (YM),2026-07-29,2026-07-30,outputs\wp8_ijggc_v2_2026-07-30\IJGGC_V2_INDEPENDENT_REVIEW_FINALIZED_LOCKED.xlsx,prior26
ESR_Chan2024_124,ood_test_category,legacy_explicit_ood_test,legacy_explicit_ood_test,legacy_explicit_ood_test,independent_exact_agreement_retained,no,所谓 IBDP field application 实际以场地模型的 ECLIPSE 模拟结果训练／评价 ML，没有与现场观测或注入数据对照。模型以粗网格数据训练并在原始细网格预测，且用 E300 细网格结果验证，属于明确的跨分辨率 OOD。作者同时指出代理为“pure data-driven”且不保证物理连续性，但对压力／饱和度场及选定优化方案进行了高保真模拟诊断。优化后仅把所选方案重新送入 E300；代理误差没有进入 MOGA 目标或约束，因此这是事后复核而不是误差传播。,,Reviewer and locked coding agreed exactly; the locked value was retained.,Xiaoyang Zhang (XZ),Yangqi Ma (YM),2026-07-29,2026-07-30,outputs\wp8_ijggc_v2_2026-07-30\IJGGC_V2_INDEPENDENT_REVIEW_FINALIZED_LOCKED.xlsx,prior26
TARGET_DRLGeoRisk2026_214483,ood_test_category,confirmed_absent,confirmed_absent,confirmed_absent,independent_exact_agreement_retained,no,研究使用基于 Aquistore 的条件地质统计实现及 820 个耦合流动–地质力学模拟，不是现场观测验证。独立验证实现被明确描述为“previously unseen realizations drawn from the same uncertainty distribution”，所以虽未见样本但仍是同分布，不能算 OOD。1000 个地质实现与域随机化用于稳健策略学习，但未做区间覆盖或校准。GRU–FNO 的误差只在附录／验证中报告，未作为奖励、约束或策略不确定性项传播。43 MPa 高风险压力线和边界泄漏惩罚直接进入控制目标，故决策就绪度较高但仍是 proof of concept。,,Reviewer and locked coding agreed exactly; the locked value was retained.,Xiaoyang Zhang (XZ),Yangqi Ma (YM),2026-07-29,2026-07-30,outputs\wp8_ijggc_v2_2026-07-30\IJGGC_V2_INDEPENDENT_REVIEW_FINALIZED_LOCKED.xlsx,prior26
ESR_RefNone_173,ood_test_category,confirmed_absent,legacy_explicit_ood_test,confirmed_absent,author_adjudicated_disagreement,yes,训练标签来自已发表的 CO2–水／盐水溶解度实验数据库，因此是实验室／受控证据而非储层现场验证或计划注入评价。全文采用随机 80%／20% 训练–测试划分，没有独立范围、场地或地质背景留出。网络给出点预测与常规误差指标，未见概率校准、后验预测检查或下游代理决策链。物理关系主要由温度、压力、盐度等输入及文献机理继承，未显式施加守恒／热力学约束。,"核查字段：明确 OOD 测试。全文页码／章节：PDF pp.1, 5–13（实验数据库、模型、80／20 划分与结果）。全文证据：训练标签来自已发表的 CO2–水／盐水溶解度实验数据库，因此是实验室／受控证据而非储层现场验证或计划注入评价。全文采用随机 80%／20% 训练–测试划分，没有独立范围、场地或地质背景留出。网络给出点预测与常规误差指标，未见概率校准、后验预测检查或下游代理决策链。物理关系主要由温度、压力、盐度等输入及文献机理继承，未显式施加守恒／热力学约束。。复核信心：high。",评价仅为随机划分、同一生成机制留出或同分布测试；普通训练–测试划分不构成 OOD。因此最终编码为“confirmed_absent”；原锁定值“legacy_explicit_ood_test”在本行全文证据及当前 Codebook 边界下不采用。,Xiaoyang Zhang (XZ),Yangqi Ma (YM),2026-07-29,2026-07-30,outputs\wp8_ijggc_v2_2026-07-30\IJGGC_V2_INDEPENDENT_REVIEW_FINALIZED_LOCKED.xlsx,prior26
Wen2021_CCSNet,ood_test_category,confirmed_absent,not_reported,confirmed_absent,author_adjudicated_disagreement,yes,CCSNet 全部以 ECLIPSE 合成模拟训练；“training/validation data split is 10/1”，验证样本仍在同一参数采样域内，故无现场、受控注入或 OOD。模型对压力、饱和度、相组成等多物理输出做了模拟器对照和误差空间诊断，物理一致性高于仅报告网络精度。均值、标准差、误差直方图及经验回归误差项没有覆盖率／可靠性检验，故不记校准。CCSNet 又被用于生成筛选用 sweep／溶解度指标，但代理误差没有进入这些派生估计或决策。,核查字段：明确 OOD 测试。全文页码／章节：PDF pp.5–15（全物理模拟、10∶1 划分与验证）；pp.20–23、31–32（筛选应用、随机划分与误差项）。全文证据：CCSNet 全部以 ECLIPSE 合成模拟训练；“training/validation data split is 10/1”，验证样本仍在同一参数采样域内，故无现场、受控注入或 OOD。模型对压力、饱和度、相组成等多物理输出做了模拟器对照和误差空间诊断，物理一致性高于仅报告网络精度。均值、标准差、误差直方图及经验回归误差项没有覆盖率／可靠性检验，故不记校准。CCSNet 又被用于生成筛选用 sweep／溶解度指标，但代理误差没有进入这些派生估计或决策。。复核信心：high。,评价仅为随机划分、同一生成机制留出或同分布测试；普通训练–测试划分不构成 OOD。因此最终编码为“confirmed_absent”；原锁定值“not_reported”在本行全文证据及当前 Codebook 边界下不采用。,Xiaoyang Zhang (XZ),Yangqi Ma (YM),2026-07-29,2026-07-30,outputs\wp8_ijggc_v2_2026-07-30\IJGGC_V2_INDEPENDENT_REVIEW_FINALIZED_LOCKED.xlsx,prior26
ESR_Liu2025_121,ood_test_category,not_reported,not_reported,not_reported,independent_exact_agreement_retained,no,该文件只有一页海报，说明 physics-coupled ML toolset、CRM 与储量／注入绩效用途，但没有给出数据来源、训练–测试方案、现场对照、受控注入评价、OOD、跨场地实验或不确定性校准结果；海报还把 cross-validation／进一步验证描述为 ongoing。按规则，缺报不能填 0，相关评分记 not reported。物理得分仅反映已陈述的简化耦合框架；不能据项目背景推断现场验证。,,Reviewer and locked coding agreed exactly; the locked value was retained.,Xiaoyang Zhang (XZ),Yangqi Ma (YM),2026-07-29,2026-07-30,outputs\wp8_ijggc_v2_2026-07-30\IJGGC_V2_INDEPENDENT_REVIEW_FINALIZED_LOCKED.xlsx,prior26
Shokouhi2021_PhysicsInformedSite,ood_test_category,not_reported,not_reported,not_reported,independent_exact_agreement_retained,no,全文材料展示的是基于数值场的 physics-informed deep learning：损失中加入控制方程／边界条件并预测 CO₂ 储层响应；未出现现场观测、计划注入数据或跨场地评价。材料没有充分交代训练–测试留出方式，故 OOD 记 not_reported，而不是据沉默填 0；明确只有单一模拟设置，跨场地记 confirmed_absent。输出为确定性结果，没有校准或后验检查；该工作没有把代理嵌入反演／优化／决策链，代理误差传播不适用。,,Reviewer and locked coding agreed exactly; the locked value was retained.,Xiaoyang Zhang (XZ),Yangqi Ma (YM),2026-07-29,2026-07-30,outputs\wp8_ijggc_v2_2026-07-30\IJGGC_V2_INDEPENDENT_REVIEW_FINALIZED_LOCKED.xlsx,prior26
ESR_Pawar2023_168,ood_test_category,confirmed_absent,not_reported,confirmed_absent,author_adjudicated_disagreement,yes,论文用数值模拟生成的压力／饱和度场训练 FNO，并在同一合成数据生成机制的留出样本上报告误差；没有现场观测、计划注入数据、跨场地或明确分布外设置。FNO 未嵌入物理方程，物理性主要继承自训练模拟器；也未报告概率校准。本文只评价快速前向预测，没有实施反演、优化或储层决策，因此代理误差传播记 not_applicable。,核查字段：明确 OOD 测试。全文页码／章节：PDF pp.1–5（全文：模拟数据、FNO 训练／测试与结果）。全文证据：论文用数值模拟生成的压力／饱和度场训练 FNO，并在同一合成数据生成机制的留出样本上报告误差；没有现场观测、计划注入数据、跨场地或明确分布外设置。FNO 未嵌入物理方程，物理性主要继承自训练模拟器；也未报告概率校准。本文只评价快速前向预测，没有实施反演、优化或储层决策，因此代理误差传播记 not_applicable。。复核信心：high。,评价仅为随机划分、同一生成机制留出或同分布测试；普通训练–测试划分不构成 OOD。因此最终编码为“confirmed_absent”；原锁定值“not_reported”在本行全文证据及当前 Codebook 边界下不采用。,Xiaoyang Zhang (XZ),Yangqi Ma (YM),2026-07-29,2026-07-30,outputs\wp8_ijggc_v2_2026-07-30\IJGGC_V2_INDEPENDENT_REVIEW_FINALIZED_LOCKED.xlsx,prior26
Zhang2021_LearningInversionFreeForecast,ood_test_category,confirmed_absent,legacy_explicit_ood_test,confirmed_absent,author_adjudicated_disagreement,yes,"研究明确为单个合成场景，观测来自一个 geomodel；p.11 还写明“To avoid extrapolation, LIP requires the observation data to lie inside of the prior samples”，故无 OOD 或跨场地测试。Bayesian LIP 给出预测场的后验均值／标准差，并在三个 synthetic truth 上逐图比较后验预测与真值，属于后验预测检查；但没有现场数据。LIP 是直接的观测–预测统计映射，不是另一个代理进入下游反演／优化的误差项，故代理误差传播记 not_applicable。","核查字段：明确 OOD 测试。全文页码／章节：PDF pp.3–6（合成模型与 Bayesian LIP）；pp.8–11（后验–真值对照、限制与结论）。全文证据：研究明确为单个合成场景，观测来自一个 geomodel；p.11 还写明“To avoid extrapolation, LIP requires the observation data to lie inside of the prior samples”，故无 OOD 或跨场地测试。Bayesian LIP 给出预测场的后验均值／标准差，并在三个 synthetic truth 上逐图比较后验预测与真值，属于后验预测检查；但没有现场数据。LIP 是直接的观测–预测统计映射，不是另一个代理进入下游反演／优化的误差项，故代理误差传播记 not_applicable。。复核信心：high。",评价仅为随机划分、同一生成机制留出或同分布测试；普通训练–测试划分不构成 OOD。因此最终编码为“confirmed_absent”；原锁定值“legacy_explicit_ood_test”在本行全文证据及当前 Codebook 边界下不采用。,Xiaoyang Zhang (XZ),Yangqi Ma (YM),2026-07-29,2026-07-30,outputs\wp8_ijggc_v2_2026-07-30\IJGGC_V2_INDEPENDENT_REVIEW_FINALIZED_LOCKED.xlsx,prior26
ESR_Kadeethum2024_128,ood_test_category,confirmed_absent,unclear,confirmed_absent,author_adjudicated_disagreement,yes,虽以 IBDP 场地数据建立 Eclipse 实现，但 ML 仅与多相流模拟结果对比，未评价现场观测或实际注入记录。90 个训练、10 个测试实现采用 uniform division，且作者特意保证测试输入均值／标准差“不偏离训练特征”，所以是同分布测试而非 OOD。INO 为数据驱动 ROM，论文把 physics-informed integration 列为未来方向；无不确定性校准，也没有实际反演／优化／决策环节，故代理误差传播不适用。,核查字段：明确 OOD 测试。全文页码／章节：PDF pp.5–7（IBDP 模拟数据与划分）；pp.8–13（测试、局限与结论）。全文证据：虽以 IBDP 场地数据建立 Eclipse 实现，但 ML 仅与多相流模拟结果对比，未评价现场观测或实际注入记录。90 个训练、10 个测试实现采用 uniform division，且作者特意保证测试输入均值／标准差“不偏离训练特征”，所以是同分布测试而非 OOD。INO 为数据驱动 ROM，论文把 physics-informed integration 列为未来方向；无不确定性校准，也没有实际反演／优化／决策环节，故代理误差传播不适用。。复核信心：high。,评价仅为随机划分、同一生成机制留出或同分布测试；普通训练–测试划分不构成 OOD。因此最终编码为“confirmed_absent”；原锁定值“unclear”在本行全文证据及当前 Codebook 边界下不采用。,Xiaoyang Zhang (XZ),Yangqi Ma (YM),2026-07-29,2026-07-30,outputs\wp8_ijggc_v2_2026-07-30\IJGGC_V2_INDEPENDENT_REVIEW_FINALIZED_LOCKED.xlsx,prior26
Wen2023_NestedFNO,ood_test_category,confirmed_absent,legacy_explicit_ood_test,confirmed_absent,author_adjudicated_disagreement,yes,Nested FNO 用半自适应局部网格数值模拟训练，测试仍从训练参数范围抽样；方法部分明确要求输入“within the training data sampling ranges”，故没有显式 OOD 或跨场地测试。1000 个同一统计分布的渗透率实现用于给出最大压力与羽流足迹的概率分布，可支持用地／监测设计，属于概率 UQ；但 95% error band 是代理误差描述，没有覆盖率校准。分层网络专门分析并减轻误差累积，但未把剩余代理误差作为风险／决策不确定性传播。,核查字段：明确 OOD 测试。全文页码／章节：PDF pp.1–5（合成训练、同域测试与概率评估）；pp.6–8（范围限制、误差累积与微调）。全文证据：Nested FNO 用半自适应局部网格数值模拟训练，测试仍从训练参数范围抽样；方法部分明确要求输入“within the training data sampling ranges”，故没有显式 OOD 或跨场地测试。1000 个同一统计分布的渗透率实现用于给出最大压力与羽流足迹的概率分布，可支持用地／监测设计，属于概率 UQ；但 95% error band 是代理误差描述，没有覆盖率校准。分层网络专门分析并减轻误差累积，但未把剩余代理误差作为风险／决策不确定性传播。。复核信心：high。,评价仅为随机划分、同一生成机制留出或同分布测试；普通训练–测试划分不构成 OOD。因此最终编码为“confirmed_absent”；原锁定值“legacy_explicit_ood_test”在本行全文证据及当前 Codebook 边界下不采用。,Xiaoyang Zhang (XZ),Yangqi Ma (YM),2026-07-29,2026-07-30,outputs\wp8_ijggc_v2_2026-07-30\IJGGC_V2_INDEPENDENT_REVIEW_FINALIZED_LOCKED.xlsx,prior26
Mo2018_EncoderDecoderUQ,ood_test_category,confirmed_absent,legacy_explicit_ood_test,confirmed_absent,author_adjudicated_disagreement,yes,"全部样本来自相同随机介质／多相流模拟分布，无现场、计划注入、跨场地或显式 OOD。编码器–解码器代理生成 Monte Carlo 输出分布，并把概率密度、均值和方差与 20,000 次高保真 Monte Carlo 参考逐项对照，属于对预测不确定性的明确验证／检查，故不确定性为 3。物理一致性来自多相流模拟器对照与时空误差诊断。代理用于 UQ，但其自身逼近误差没有作为独立误差模型传播到决策或反演。","核查字段：明确 OOD 测试。全文页码／章节：PDF pp.5–18（合成训练／测试与场量误差）；pp.22–26（Monte Carlo 分布验证与结论）。全文证据：全部样本来自相同随机介质／多相流模拟分布，无现场、计划注入、跨场地或显式 OOD。编码器–解码器代理生成 Monte Carlo 输出分布，并把概率密度、均值和方差与 20,000 次高保真 Monte Carlo 参考逐项对照，属于对预测不确定性的明确验证／检查，故不确定性为 3。物理一致性来自多相流模拟器对照与时空误差诊断。代理用于 UQ，但其自身逼近误差没有作为独立误差模型传播到决策或反演。。复核信心：high。",评价仅为随机划分、同一生成机制留出或同分布测试；普通训练–测试划分不构成 OOD。因此最终编码为“confirmed_absent”；原锁定值“legacy_explicit_ood_test”在本行全文证据及当前 Codebook 边界下不采用。,Xiaoyang Zhang (XZ),Yangqi Ma (YM),2026-07-29,2026-07-30,outputs\wp8_ijggc_v2_2026-07-30\IJGGC_V2_INDEPENDENT_REVIEW_FINALIZED_LOCKED.xlsx,prior26
ESR_Zhou2026_127,ood_test_category,confirmed_absent,not_reported,confirmed_absent,author_adjudicated_disagreement,yes,模型参数源于中国某海上 CGS 项目，但 300 个样本均由随机地质场与数值模拟生成，并按 240／30／30 同源划分；没有现场观测或计划注入数据评价，也无 OOD／跨场地测试。MRFNO 在损失中施加多尺度一致性与跨场耦合，并以 Verma–Pruess 更新孔隙度–渗透率，顺序耦合流动与地球化学，故物理一致性为 4。论文讨论嵌套网络的误差累积，但未实施反演、优化或决策，不能把跨网络误差累积等同于题目要求的下游代理误差传播。,"核查字段：明确 OOD 测试。全文页码／章节：PDF pp.1, 5–13（场地参数、合成数据、物理耦合与随机划分）；pp.18–21（误差与局限）。全文证据：模型参数源于中国某海上 CGS 项目，但 300 个样本均由随机地质场与数值模拟生成，并按 240／30／30 同源划分；没有现场观测或计划注入数据评价，也无 OOD／跨场地测试。MRFNO 在损失中施加多尺度一致性与跨场耦合，并以 Verma–Pruess 更新孔隙度–渗透率，顺序耦合流动与地球化学，故物理一致性为 4。论文讨论嵌套网络的误差累积，但未实施反演、优化或决策，不能把跨网络误差累积等同于题目要求的下游代理误差传播。。复核信心：high。",评价仅为随机划分、同一生成机制留出或同分布测试；普通训练–测试划分不构成 OOD。因此最终编码为“confirmed_absent”；原锁定值“not_reported”在本行全文证据及当前 Codebook 边界下不采用。,Xiaoyang Zhang (XZ),Yangqi Ma (YM),2026-07-29,2026-07-30,outputs\wp8_ijggc_v2_2026-07-30\IJGGC_V2_INDEPENDENT_REVIEW_FINALIZED_LOCKED.xlsx,prior26
Han2024_HierarchicalMCMC,ood_test_category,confirmed_absent,legacy_explicit_ood_test,confirmed_absent,author_adjudicated_disagreement,yes,研究为合成历史匹配，没有现场或跨场地证据，训练／测试实现来自同一先验。关键阳性证据是：用 500 个测试实现估计代理预测误差标准差，并把该项与观测误差合并为 total error covariance，显式进入 hierarchical MCMC likelihood；这不是只报误差表，而是真正传播到反演。后验均值、可信区间／实现又与 synthetic truth 和高保真模拟逐项比较，构成后验检查。因此不确定性得分 4；但尚未形成现场阈值或运行决策。,核查字段：明确 OOD 测试。全文页码／章节：PDF pp.1–7、9–17（代理、误差协方差与 hierarchical MCMC）；pp.31–38、41–53（真值与 SI 检查）。全文证据：研究为合成历史匹配，没有现场或跨场地证据，训练／测试实现来自同一先验。关键阳性证据是：用 500 个测试实现估计代理预测误差标准差，并把该项与观测误差合并为 total error covariance，显式进入 hierarchical MCMC likelihood；这不是只报误差表，而是真正传播到反演。后验均值、可信区间／实现又与 synthetic truth 和高保真模拟逐项比较，构成后验检查。因此不确定性得分 4；但尚未形成现场阈值或运行决策。。复核信心：high。,评价仅为随机划分、同一生成机制留出或同分布测试；普通训练–测试划分不构成 OOD。因此最终编码为“confirmed_absent”；原锁定值“legacy_explicit_ood_test”在本行全文证据及当前 Codebook 边界下不采用。,Xiaoyang Zhang (XZ),Yangqi Ma (YM),2026-07-29,2026-07-30,outputs\wp8_ijggc_v2_2026-07-30\IJGGC_V2_INDEPENDENT_REVIEW_FINALIZED_LOCKED.xlsx,prior26
Leong2024_SeisCO2Net,ood_test_category,legacy_explicit_ood_test,legacy_explicit_ood_test,legacy_explicit_ood_test,independent_exact_agreement_retained,no,SeisCO2Net 先以合成地震–饱和度对训练，再直接用于 Frio-II 计划注入试验的时移地震资料，反演注入后 CO₂ 饱和度；这是单一受控现场评价，也是明确的 synthetic-to-field 分布外测试，但不是跨多个场地验证。工作流含岩石物理／正演一致性检查并与现场时移响应比较。20 组权重产生的标准差只表示模型集合离散度，未检验覆盖率或后验可靠性，故不记校准；该网络是直接反演器而非代理进入另一决策模型，代理误差传播不适用。,,Reviewer and locked coding agreed exactly; the locked value was retained.,Xiaoyang Zhang (XZ),Yangqi Ma (YM),2026-07-29,2026-07-30,outputs\wp8_ijggc_v2_2026-07-30\IJGGC_V2_INDEPENDENT_REVIEW_FINALIZED_LOCKED.xlsx,prior26
Wang2025_4DHistoryMatching,ood_test_category,confirmed_absent,legacy_explicit_ood_test,confirmed_absent,author_adjudicated_disagreement,yes,全文为合成 4D 地震／监测井历史匹配，数据与测试均来自同一地质先验，没有现场或 OOD。关键证据在误差模型：作者从独立测试集估计 surrogate model error 的均值／协方差，并与观测噪声合并为 total error covariance，直接进入 MCMC likelihood；因此代理误差已传播到反演。多组 synthetic truth 下又比较后验预测、可信区间与高保真结果，属于明确后验检查。不确定性因此为 4，且已接近可用于监测更新，但仍缺现场运行阈值。,核查字段：明确 OOD 测试。全文页码／章节：PDF pp.1–5、11–22（合成 4D 地震历史匹配）；pp.32–46（代理误差协方差、MCMC 与后验检查）。全文证据：全文为合成 4D 地震／监测井历史匹配，数据与测试均来自同一地质先验，没有现场或 OOD。关键证据在误差模型：作者从独立测试集估计 surrogate model error 的均值／协方差，并与观测噪声合并为 total error covariance，直接进入 MCMC likelihood；因此代理误差已传播到反演。多组 synthetic truth 下又比较后验预测、可信区间与高保真结果，属于明确后验检查。不确定性因此为 4，且已接近可用于监测更新，但仍缺现场运行阈值。。复核信心：high。,评价仅为随机划分、同一生成机制留出或同分布测试；普通训练–测试划分不构成 OOD。因此最终编码为“confirmed_absent”；原锁定值“legacy_explicit_ood_test”在本行全文证据及当前 Codebook 边界下不采用。,Xiaoyang Zhang (XZ),Yangqi Ma (YM),2026-07-29,2026-07-30,outputs\wp8_ijggc_v2_2026-07-30\IJGGC_V2_INDEPENDENT_REVIEW_FINALIZED_LOCKED.xlsx,prior26
ESR_Wang2024_089,ood_test_category,confirmed_absent,not_reported,confirmed_absent,author_adjudicated_disagreement,yes,数据来自 Illinois Basin 同一场址的 IBDP 与 ICCS：IBDP 注入约 100 万吨，ICCS 自 2017 年计划注入；PNX 在注入后多时次测井，ML 直接估计现场 CO₂ 饱和度，故为现场工作流且确实评价了计划注入数据。模型用常规训练／测试留出，文中只称 testing dataset unseen，未按井、项目或地质背景留出，所以不是 OOD／跨场地验证。没有概率区间、校准或后验检查；SIGM、WPRE 等物理敏感特征支持有限物理解释，但未编码控制方程。,核查字段：明确 OOD 测试。全文页码／章节：PDF pp.1–14（IBDP／ICCS 注入与现场测井数据）；pp.22–36（随机测试、结果与结论）。全文证据：数据来自 Illinois Basin 同一场址的 IBDP 与 ICCS：IBDP 注入约 100 万吨，ICCS 自 2017 年计划注入；PNX 在注入后多时次测井，ML 直接估计现场 CO₂ 饱和度，故为现场工作流且确实评价了计划注入数据。模型用常规训练／测试留出，文中只称 testing dataset unseen，未按井、项目或地质背景留出，所以不是 OOD／跨场地验证。没有概率区间、校准或后验检查；SIGM、WPRE 等物理敏感特征支持有限物理解释，但未编码控制方程。。复核信心：high。,评价仅为随机划分、同一生成机制留出或同分布测试；普通训练–测试划分不构成 OOD。因此最终编码为“confirmed_absent”；原锁定值“not_reported”在本行全文证据及当前 Codebook 边界下不采用。,Xiaoyang Zhang (XZ),Yangqi Ma (YM),2026-07-29,2026-07-30,outputs\wp8_ijggc_v2_2026-07-30\IJGGC_V2_INDEPENDENT_REVIEW_FINALIZED_LOCKED.xlsx,prior26
Jiang2024_DSIHistoryMatching,ood_test_category,confirmed_absent,legacy_explicit_ood_test,confirmed_absent,author_adjudicated_disagreement,yes,研究在同一先验生成的合成储层上做 DSI 历史匹配，无现场、计划注入、跨场地或显式 OOD。作者不只展示区间，而是在五个 synthetic true models 上计算预测区间的 coverage probability，并与目标覆盖水平比较，构成明确的区间可靠性／后验检查，故不确定性为 3。物理一致性由流动模拟输出、时空参数化及真值诊断支持。AAE 用于数据空间参数化，并不是一个带误差项的前向代理进入优化或决策，因此代理误差传播记 not_applicable。,核查字段：明确 OOD 测试。全文页码／章节：PDF pp.1–11（合成 DSI 与数据参数化）；pp.13–29（五个真值、coverage probability 与结论）。全文证据：研究在同一先验生成的合成储层上做 DSI 历史匹配，无现场、计划注入、跨场地或显式 OOD。作者不只展示区间，而是在五个 synthetic true models 上计算预测区间的 coverage probability，并与目标覆盖水平比较，构成明确的区间可靠性／后验检查，故不确定性为 3。物理一致性由流动模拟输出、时空参数化及真值诊断支持。AAE 用于数据空间参数化，并不是一个带误差项的前向代理进入优化或决策，因此代理误差传播记 not_applicable。。复核信心：high。,评价仅为随机划分、同一生成机制留出或同分布测试；普通训练–测试划分不构成 OOD。因此最终编码为“confirmed_absent”；原锁定值“legacy_explicit_ood_test”在本行全文证据及当前 Codebook 边界下不采用。,Xiaoyang Zhang (XZ),Yangqi Ma (YM),2026-07-29,2026-07-30,outputs\wp8_ijggc_v2_2026-07-30\IJGGC_V2_INDEPENDENT_REVIEW_FINALIZED_LOCKED.xlsx,prior26
TARGET_JointInversion2023_2022JB025372,ood_test_category,confirmed_absent,confirmed_absent,confirmed_absent,independent_exact_agreement_retained,no,联合地震／电磁反演在场地尺度合成监测数据上演示，没有现场注入资料或跨场地测试；测试模型仍来自同一生成设置。可微岩石物理、波动／电磁正演与联合损失显式进入网络，故物理一致性为 4。BNN 输出后验样本并展示均值／离散度，但未报告覆盖率、校准曲线或系统后验预测检验；作者把与完整 MCMC 的基准比较列为未来工作，故不记已校准。该网络本身就是反演模型，不存在另一个代理误差向下游传播的问题。,,Reviewer and locked coding agreed exactly; the locked value was retained.,Xiaoyang Zhang (XZ),Yangqi Ma (YM),2026-07-29,2026-07-30,outputs\wp8_ijggc_v2_2026-07-30\IJGGC_V2_INDEPENDENT_REVIEW_FINALIZED_LOCKED.xlsx,prior26
Zhong2019_PressureAnomaly,ood_test_category,legacy_explicit_ood_test,legacy_explicit_ood_test,legacy_explicit_ood_test,independent_exact_agreement_retained,no,摘要明确：模型以无泄漏 base experiment 的井底压力训练，再在“一系列 controlled CO2 release experiments”上测试；现场试验在 Cranfield 通过 F3 以 60 kg／min 人工采出 CO₂ 形成已知泄漏事件。故为受控现场评价，且 nominal-to-leak 是显式异常分布测试，但仅一个场地。模型用 1000 次实现形成预测区间，并以 1σ／2σ／3σ 阈值直接判定异常；虽然未验证名义覆盖率，不能记校准，但不确定性确已进入现场报警决策，故不确定性与决策就绪度均为 4。,,Reviewer and locked coding agreed exactly; the locked value was retained.,Xiaoyang Zhang (XZ),Yangqi Ma (YM),2026-07-29,2026-07-30,outputs\wp8_ijggc_v2_2026-07-30\IJGGC_V2_INDEPENDENT_REVIEW_FINALIZED_LOCKED.xlsx,prior26
Lin2020_PressureLeakage,ood_test_category,legacy_explicit_ood_test,legacy_explicit_ood_test,legacy_explicit_ood_test,independent_exact_agreement_retained,no,Cranfield HPT 现场数据包含基线试验和通过 F3 地面阀形成的人工泄漏试验。作者明确“models are not trained on the leak test data”；模型只学 150-min 基线，再以 90-min 泄漏作为异常测试，因此是受控释放且为 nominal-to-leak OOD。固定 squared-error 阈值 1e-03 产生早期报警，形成可审计的现场决策链。20 个网络实现只用于汇总平均 MSE／计算时间，所谓 confidence 未做覆盖或可靠性检查，故校准不成立、不确定性仅记 1。没有跨场地实验。,,Reviewer and locked coding agreed exactly; the locked value was retained.,Xiaoyang Zhang (XZ),Yangqi Ma (YM),2026-07-29,2026-07-30,outputs\wp8_ijggc_v2_2026-07-30\IJGGC_V2_INDEPENDENT_REVIEW_FINALIZED_LOCKED.xlsx,prior26
Baek2023_WellboreLeakage,ood_test_category,confirmed_absent,legacy_explicit_ood_test,confirmed_absent,author_adjudicated_disagreement,yes,深度学习井筒 ROM 由 STOMP–CO₂ 数值模拟训练，采用随机 0.70／0.20／0.10 训练–验证–测试；应用案例仍是 homogeneous synthetic reservoir 与 hypothetical leaky wells，故无现场或 OOD。Darcy 驱动力等物理特征、分类–回归分解和模拟器对照支持物理诊断。500 个不确定井属性实现给出累计泄漏 P25／P50／P75，并面向许可风险，属于概率 UQ。作者承认 one-way coupling 会产生误差，但该误差没有进入风险分布或决策，故不记代理误差传播。,核查字段：明确 OOD 测试。全文页码／章节：PDF pp.1–8（STOMP／井筒模型、70／20／10 划分）；pp.9–11（假想场地、500 实现与局限）。全文证据：深度学习井筒 ROM 由 STOMP–CO₂ 数值模拟训练，采用随机 0.70／0.20／0.10 训练–验证–测试；应用案例仍是 homogeneous synthetic reservoir 与 hypothetical leaky wells，故无现场或 OOD。Darcy 驱动力等物理特征、分类–回归分解和模拟器对照支持物理诊断。500 个不确定井属性实现给出累计泄漏 P25／P50／P75，并面向许可风险，属于概率 UQ。作者承认 one-way coupling 会产生误差，但该误差没有进入风险分布或决策，故不记代理误差传播。。复核信心：high。,评价仅为随机划分、同一生成机制留出或同分布测试；普通训练–测试划分不构成 OOD。因此最终编码为“confirmed_absent”；原锁定值“legacy_explicit_ood_test”在本行全文证据及当前 Codebook 边界下不采用。,Xiaoyang Zhang (XZ),Yangqi Ma (YM),2026-07-29,2026-07-30,outputs\wp8_ijggc_v2_2026-07-30\IJGGC_V2_INDEPENDENT_REVIEW_FINALIZED_LOCKED.xlsx,prior26
ESR_Tang2022_226,ood_test_category,legacy_explicit_ood_test,legacy_explicit_ood_test,legacy_explicit_ood_test,independent_exact_agreement_retained,no,全文采用 commercial-scale 3D synthetic case，结论强调 displacement maps were synthetic，故无现场或受控注入评价。两个 R–U–Net 只用 1、2、5、10 年结果训练，却在 12、16 年预测，并明确称“acceptable extrapolation ... up to 16 years”，构成时间 OOD；不是跨场地。ES–MDA 后验压力／位移集合的均值、标准差与 synthetic truth 在观测时刻和未来时刻比较，属于后验预测检查。似然／更新协方差只描述 measurement error，未加入 R–U–Net 代理误差，故不记误差传播。流动–地质力学耦合由 GEOSX 与跨场预测支持。,,Reviewer and locked coding agreed exactly; the locked value was retained.,Xiaoyang Zhang (XZ),Yangqi Ma (YM),2026-07-29,2026-07-30,outputs\wp8_ijggc_v2_2026-07-30\IJGGC_V2_INDEPENDENT_REVIEW_FINALIZED_LOCKED.xlsx,prior26
ESR_Meng2025_211,ood_test_category,confirmed_absent,not_reported,confirmed_absent,author_adjudicated_disagreement,yes,研究明确使用“synthetic case reservoir model”；CMG–GEM 耦合组分流动与地质力学，并以 Mohr–Coulomb／滑移趋势描述断层再活化，物理一致性为 4。每个含水率场景的 1000 个 LHS 样本随机分成 80% 训练与 20% blind testing，仍是同分布，且没有现场／跨地质验证。论文统计误差分布并发现含水率 >0.9 时 FSD 误差不满足 ±20% 要求，但没有校准预测区间。随后只把优化范围限制到 ≤0.9，未把代理误差作为 Pareto 目标／约束的不确定性传播，故仍记 confirmed_absent。,核查字段：明确 OOD 测试。全文页码／章节：PDF pp.3–7（合成耦合模型、Mohr–Coulomb 与数据）；pp.11–20（随机盲测、误差、Pareto 优化与局限）。全文证据：研究明确使用“synthetic case reservoir model”；CMG–GEM 耦合组分流动与地质力学，并以 Mohr–Coulomb／滑移趋势描述断层再活化，物理一致性为 4。每个含水率场景的 1000 个 LHS 样本随机分成 80% 训练与 20% blind testing，仍是同分布，且没有现场／跨地质验证。论文统计误差分布并发现含水率 >0.9 时 FSD 误差不满足 ±20% 要求，但没有校准预测区间。随后只把优化范围限制到 ≤0.9，未把代理误差作为 Pareto 目标／约束的不确定性传播，故仍记 confirmed_absent。。复核信心：high。,评价仅为随机划分、同一生成机制留出或同分布测试；普通训练–测试划分不构成 OOD。因此最终编码为“confirmed_absent”；原锁定值“not_reported”在本行全文证据及当前 Codebook 边界下不采用。,Xiaoyang Zhang (XZ),Yangqi Ma (YM),2026-07-29,2026-07-30,outputs\wp8_ijggc_v2_2026-07-30\IJGGC_V2_INDEPENDENT_REVIEW_FINALIZED_LOCKED.xlsx,prior26
Arafath2025_MalayBasinML,cross_site_test_state,confirmed_absent,confirmed_absent,confirmed_absent,independent_exact_agreement_retained,no,"原文说明使用 X field 的“petrophysical data, well records, and core data”，模型结果与该场地岩心／测井解释相对照，故为单场地现场观测比较。数据采用 80%／10%／10% 划分及交叉验证，属于同分布测试而非 OOD。文中把“field-scale validation ... using pilot CO2 injection tests”列为未来工作，故没有受控注入验证；也未报告不确定性校准或需要传播的下游代理误差。物理得分来自 Archie 等简化岩石物理／测井约束。",,Reviewer and locked coding agreed exactly; the locked value was retained.,Xiaoyang Zhang (XZ),Yangqi Ma (YM),2026-07-29,2026-07-30,outputs\wp8_ijggc_v2_2026-07-30\IJGGC_V2_INDEPENDENT_REVIEW_FINALIZED_LOCKED.xlsx,prior26
ESR_Vishal2025_213,cross_site_test_state,unclear,not_reported,unclear,author_adjudicated_disagreement,yes,论文称数据来自 Cauvery Basin 的二维／三维地震与勘探井测井，并用 Well X-42 岩心数据验证，故记为现场观测比较；但 p.16 明言“lack of any real-time field validation”，不能记成注入工作流现场验证。p.14–15 仅笼统称对“independent offshore subsets”交叉验证、R²下降 5%–10%，未交代训练区域、留出规则或地质差异，故 OOD 与跨地质测试均记 unclear。95% 置信区间由残差标准误得到，但没有覆盖率／可靠性检验；BNN 被列为未来工作，故不记校准。,核查字段：跨场地／跨地质背景测试。全文页码／章节：PDF pp.4–6（数据与训练）；pp.9–12（现场数据比较与区间）；pp.14–17（局限）。全文证据：论文称数据来自 Cauvery Basin 的二维／三维地震与勘探井测井，并用 Well X-42 岩心数据验证，故记为现场观测比较；但 p.16 明言“lack of any real-time field validation”，不能记成注入工作流现场验证。p.14–15 仅笼统称对“independent offshore subsets”交叉验证、R²下降 5%–10%，未交代训练区域、留出规则或地质差异，故 OOD 与跨地质测试均记 unclear。95% 置信区间由残差标准误得到，但没有覆盖率／可靠性检验；BNN 被列为未来工作，故不记校准。。复核信心：medium。,文中提到独立区域或数据子集，但场地身份与地质差异未交代，跨场地状态仍不清。因此最终编码为“unclear”；原锁定值“not_reported”在本行全文证据及当前 Codebook 边界下不采用。,Xiaoyang Zhang (XZ),Yangqi Ma (YM),2026-07-29,2026-07-30,outputs\wp8_ijggc_v2_2026-07-30\IJGGC_V2_INDEPENDENT_REVIEW_FINALIZED_LOCKED.xlsx,prior26
ESR_Wu2025_042,cross_site_test_state,explicit_heldout_cross_site_test,explicit_heldout_cross_site_test,explicit_heldout_cross_site_test,independent_exact_agreement_retained,no,"常规训练／测试来自合成汇编数据；结论亦承认“current training data relies on synthetic datasets”。显式盲测把韩国 Gorae V 盆地参数送入 CMG–GEM，并与训练好的 XGBoost 对比（RTI／STI 拟合约 98.53%／96.48%），属于跨地质背景的模拟 OOD，不是现场跨场地验证。100,000 次 Monte Carlo 给出 TEI 分布，但没有名义覆盖率或后验预测校验。模型 RMSE 与 Williams 图只评估代理误差，NSGA–II 目标中未纳入该误差，故不记误差传播。SHAP 趋势与 Henry’s law 对照，支持简化物理一致性。",,Reviewer and locked coding agreed exactly; the locked value was retained.,Xiaoyang Zhang (XZ),Yangqi Ma (YM),2026-07-29,2026-07-30,outputs\wp8_ijggc_v2_2026-07-30\IJGGC_V2_INDEPENDENT_REVIEW_FINALIZED_LOCKED.xlsx,prior26
ESR_Chan2024_124,cross_site_test_state,confirmed_absent,not_reported,confirmed_absent,author_adjudicated_disagreement,yes,所谓 IBDP field application 实际以场地模型的 ECLIPSE 模拟结果训练／评价 ML，没有与现场观测或注入数据对照。模型以粗网格数据训练并在原始细网格预测，且用 E300 细网格结果验证，属于明确的跨分辨率 OOD。作者同时指出代理为“pure data-driven”且不保证物理连续性，但对压力／饱和度场及选定优化方案进行了高保真模拟诊断。优化后仅把所选方案重新送入 E300；代理误差没有进入 MOGA 目标或约束，因此这是事后复核而不是误差传播。,核查字段：跨场地／跨地质背景测试。全文页码／章节：PDF pp.5–8（合成测试、IBDP 模型与跨分辨率训练）；pp.9–11（优化与高保真复核）。全文证据：所谓 IBDP field application 实际以场地模型的 ECLIPSE 模拟结果训练／评价 ML，没有与现场观测或注入数据对照。模型以粗网格数据训练并在原始细网格预测，且用 E300 细网格结果验证，属于明确的跨分辨率 OOD。作者同时指出代理为“pure data-driven”且不保证物理连续性，但对压力／饱和度场及选定优化方案进行了高保真模拟诊断。优化后仅把所选方案重新送入 E300；代理误差没有进入 MOGA 目标或约束，因此这是事后复核而不是误差传播。。复核信心：high。,全文评价局限于单一场地、同一模拟设置或同一地质背景；现场案例本身不等于跨场地验证。因此最终编码为“confirmed_absent”；原锁定值“not_reported”在本行全文证据及当前 Codebook 边界下不采用。,Xiaoyang Zhang (XZ),Yangqi Ma (YM),2026-07-29,2026-07-30,outputs\wp8_ijggc_v2_2026-07-30\IJGGC_V2_INDEPENDENT_REVIEW_FINALIZED_LOCKED.xlsx,prior26
TARGET_DRLGeoRisk2026_214483,cross_site_test_state,confirmed_absent,confirmed_absent,confirmed_absent,independent_exact_agreement_retained,no,研究使用基于 Aquistore 的条件地质统计实现及 820 个耦合流动–地质力学模拟，不是现场观测验证。独立验证实现被明确描述为“previously unseen realizations drawn from the same uncertainty distribution”，所以虽未见样本但仍是同分布，不能算 OOD。1000 个地质实现与域随机化用于稳健策略学习，但未做区间覆盖或校准。GRU–FNO 的误差只在附录／验证中报告，未作为奖励、约束或策略不确定性项传播。43 MPa 高风险压力线和边界泄漏惩罚直接进入控制目标，故决策就绪度较高但仍是 proof of concept。,,Reviewer and locked coding agreed exactly; the locked value was retained.,Xiaoyang Zhang (XZ),Yangqi Ma (YM),2026-07-29,2026-07-30,outputs\wp8_ijggc_v2_2026-07-30\IJGGC_V2_INDEPENDENT_REVIEW_FINALIZED_LOCKED.xlsx,prior26
ESR_RefNone_173,cross_site_test_state,confirmed_absent,not_reported,confirmed_absent,author_adjudicated_disagreement,yes,训练标签来自已发表的 CO2–水／盐水溶解度实验数据库，因此是实验室／受控证据而非储层现场验证或计划注入评价。全文采用随机 80%／20% 训练–测试划分，没有独立范围、场地或地质背景留出。网络给出点预测与常规误差指标，未见概率校准、后验预测检查或下游代理决策链。物理关系主要由温度、压力、盐度等输入及文献机理继承，未显式施加守恒／热力学约束。,"核查字段：跨场地／跨地质背景测试。全文页码／章节：PDF pp.1, 5–13（实验数据库、模型、80／20 划分与结果）。全文证据：训练标签来自已发表的 CO2–水／盐水溶解度实验数据库，因此是实验室／受控证据而非储层现场验证或计划注入评价。全文采用随机 80%／20% 训练–测试划分，没有独立范围、场地或地质背景留出。网络给出点预测与常规误差指标，未见概率校准、后验预测检查或下游代理决策链。物理关系主要由温度、压力、盐度等输入及文献机理继承，未显式施加守恒／热力学约束。。复核信心：high。",全文评价局限于单一场地、同一模拟设置或同一地质背景；现场案例本身不等于跨场地验证。因此最终编码为“confirmed_absent”；原锁定值“not_reported”在本行全文证据及当前 Codebook 边界下不采用。,Xiaoyang Zhang (XZ),Yangqi Ma (YM),2026-07-29,2026-07-30,outputs\wp8_ijggc_v2_2026-07-30\IJGGC_V2_INDEPENDENT_REVIEW_FINALIZED_LOCKED.xlsx,prior26
Wen2021_CCSNet,cross_site_test_state,confirmed_absent,not_reported,confirmed_absent,author_adjudicated_disagreement,yes,CCSNet 全部以 ECLIPSE 合成模拟训练；“training/validation data split is 10/1”，验证样本仍在同一参数采样域内，故无现场、受控注入或 OOD。模型对压力、饱和度、相组成等多物理输出做了模拟器对照和误差空间诊断，物理一致性高于仅报告网络精度。均值、标准差、误差直方图及经验回归误差项没有覆盖率／可靠性检验，故不记校准。CCSNet 又被用于生成筛选用 sweep／溶解度指标，但代理误差没有进入这些派生估计或决策。,核查字段：跨场地／跨地质背景测试。全文页码／章节：PDF pp.5–15（全物理模拟、10∶1 划分与验证）；pp.20–23、31–32（筛选应用、随机划分与误差项）。全文证据：CCSNet 全部以 ECLIPSE 合成模拟训练；“training/validation data split is 10/1”，验证样本仍在同一参数采样域内，故无现场、受控注入或 OOD。模型对压力、饱和度、相组成等多物理输出做了模拟器对照和误差空间诊断，物理一致性高于仅报告网络精度。均值、标准差、误差直方图及经验回归误差项没有覆盖率／可靠性检验，故不记校准。CCSNet 又被用于生成筛选用 sweep／溶解度指标，但代理误差没有进入这些派生估计或决策。。复核信心：high。,全文评价局限于单一场地、同一模拟设置或同一地质背景；现场案例本身不等于跨场地验证。因此最终编码为“confirmed_absent”；原锁定值“not_reported”在本行全文证据及当前 Codebook 边界下不采用。,Xiaoyang Zhang (XZ),Yangqi Ma (YM),2026-07-29,2026-07-30,outputs\wp8_ijggc_v2_2026-07-30\IJGGC_V2_INDEPENDENT_REVIEW_FINALIZED_LOCKED.xlsx,prior26
ESR_Liu2025_121,cross_site_test_state,not_reported,not_reported,not_reported,independent_exact_agreement_retained,no,该文件只有一页海报，说明 physics-coupled ML toolset、CRM 与储量／注入绩效用途，但没有给出数据来源、训练–测试方案、现场对照、受控注入评价、OOD、跨场地实验或不确定性校准结果；海报还把 cross-validation／进一步验证描述为 ongoing。按规则，缺报不能填 0，相关评分记 not reported。物理得分仅反映已陈述的简化耦合框架；不能据项目背景推断现场验证。,,Reviewer and locked coding agreed exactly; the locked value was retained.,Xiaoyang Zhang (XZ),Yangqi Ma (YM),2026-07-29,2026-07-30,outputs\wp8_ijggc_v2_2026-07-30\IJGGC_V2_INDEPENDENT_REVIEW_FINALIZED_LOCKED.xlsx,prior26
Shokouhi2021_PhysicsInformedSite,cross_site_test_state,confirmed_absent,not_reported,confirmed_absent,author_adjudicated_disagreement,yes,全文材料展示的是基于数值场的 physics-informed deep learning：损失中加入控制方程／边界条件并预测 CO₂ 储层响应；未出现现场观测、计划注入数据或跨场地评价。材料没有充分交代训练–测试留出方式，故 OOD 记 not_reported，而不是据沉默填 0；明确只有单一模拟设置，跨场地记 confirmed_absent。输出为确定性结果，没有校准或后验检查；该工作没有把代理嵌入反演／优化／决策链，代理误差传播不适用。,核查字段：跨场地／跨地质背景测试。全文页码／章节：PDF pp.1–10（全文幻灯片：问题、PINN 架构、模拟结果与结论）。全文证据：全文材料展示的是基于数值场的 physics-informed deep learning：损失中加入控制方程／边界条件并预测 CO₂ 储层响应；未出现现场观测、计划注入数据或跨场地评价。材料没有充分交代训练–测试留出方式，故 OOD 记 not_reported，而不是据沉默填 0；明确只有单一模拟设置，跨场地记 confirmed_absent。输出为确定性结果，没有校准或后验检查；该工作没有把代理嵌入反演／优化／决策链，代理误差传播不适用。。复核信心：high。,全文评价局限于单一场地、同一模拟设置或同一地质背景；现场案例本身不等于跨场地验证。因此最终编码为“confirmed_absent”；原锁定值“not_reported”在本行全文证据及当前 Codebook 边界下不采用。,Xiaoyang Zhang (XZ),Yangqi Ma (YM),2026-07-29,2026-07-30,outputs\wp8_ijggc_v2_2026-07-30\IJGGC_V2_INDEPENDENT_REVIEW_FINALIZED_LOCKED.xlsx,prior26
ESR_Pawar2023_168,cross_site_test_state,confirmed_absent,not_reported,confirmed_absent,author_adjudicated_disagreement,yes,论文用数值模拟生成的压力／饱和度场训练 FNO，并在同一合成数据生成机制的留出样本上报告误差；没有现场观测、计划注入数据、跨场地或明确分布外设置。FNO 未嵌入物理方程，物理性主要继承自训练模拟器；也未报告概率校准。本文只评价快速前向预测，没有实施反演、优化或储层决策，因此代理误差传播记 not_applicable。,核查字段：跨场地／跨地质背景测试。全文页码／章节：PDF pp.1–5（全文：模拟数据、FNO 训练／测试与结果）。全文证据：论文用数值模拟生成的压力／饱和度场训练 FNO，并在同一合成数据生成机制的留出样本上报告误差；没有现场观测、计划注入数据、跨场地或明确分布外设置。FNO 未嵌入物理方程，物理性主要继承自训练模拟器；也未报告概率校准。本文只评价快速前向预测，没有实施反演、优化或储层决策，因此代理误差传播记 not_applicable。。复核信心：high。,全文评价局限于单一场地、同一模拟设置或同一地质背景；现场案例本身不等于跨场地验证。因此最终编码为“confirmed_absent”；原锁定值“not_reported”在本行全文证据及当前 Codebook 边界下不采用。,Xiaoyang Zhang (XZ),Yangqi Ma (YM),2026-07-29,2026-07-30,outputs\wp8_ijggc_v2_2026-07-30\IJGGC_V2_INDEPENDENT_REVIEW_FINALIZED_LOCKED.xlsx,prior26
Zhang2021_LearningInversionFreeForecast,cross_site_test_state,confirmed_absent,not_reported,confirmed_absent,author_adjudicated_disagreement,yes,"研究明确为单个合成场景，观测来自一个 geomodel；p.11 还写明“To avoid extrapolation, LIP requires the observation data to lie inside of the prior samples”，故无 OOD 或跨场地测试。Bayesian LIP 给出预测场的后验均值／标准差，并在三个 synthetic truth 上逐图比较后验预测与真值，属于后验预测检查；但没有现场数据。LIP 是直接的观测–预测统计映射，不是另一个代理进入下游反演／优化的误差项，故代理误差传播记 not_applicable。","核查字段：跨场地／跨地质背景测试。全文页码／章节：PDF pp.3–6（合成模型与 Bayesian LIP）；pp.8–11（后验–真值对照、限制与结论）。全文证据：研究明确为单个合成场景，观测来自一个 geomodel；p.11 还写明“To avoid extrapolation, LIP requires the observation data to lie inside of the prior samples”，故无 OOD 或跨场地测试。Bayesian LIP 给出预测场的后验均值／标准差，并在三个 synthetic truth 上逐图比较后验预测与真值，属于后验预测检查；但没有现场数据。LIP 是直接的观测–预测统计映射，不是另一个代理进入下游反演／优化的误差项，故代理误差传播记 not_applicable。。复核信心：high。",全文评价局限于单一场地、同一模拟设置或同一地质背景；现场案例本身不等于跨场地验证。因此最终编码为“confirmed_absent”；原锁定值“not_reported”在本行全文证据及当前 Codebook 边界下不采用。,Xiaoyang Zhang (XZ),Yangqi Ma (YM),2026-07-29,2026-07-30,outputs\wp8_ijggc_v2_2026-07-30\IJGGC_V2_INDEPENDENT_REVIEW_FINALIZED_LOCKED.xlsx,prior26
ESR_Kadeethum2024_128,cross_site_test_state,confirmed_absent,not_reported,confirmed_absent,author_adjudicated_disagreement,yes,虽以 IBDP 场地数据建立 Eclipse 实现，但 ML 仅与多相流模拟结果对比，未评价现场观测或实际注入记录。90 个训练、10 个测试实现采用 uniform division，且作者特意保证测试输入均值／标准差“不偏离训练特征”，所以是同分布测试而非 OOD。INO 为数据驱动 ROM，论文把 physics-informed integration 列为未来方向；无不确定性校准，也没有实际反演／优化／决策环节，故代理误差传播不适用。,核查字段：跨场地／跨地质背景测试。全文页码／章节：PDF pp.5–7（IBDP 模拟数据与划分）；pp.8–13（测试、局限与结论）。全文证据：虽以 IBDP 场地数据建立 Eclipse 实现，但 ML 仅与多相流模拟结果对比，未评价现场观测或实际注入记录。90 个训练、10 个测试实现采用 uniform division，且作者特意保证测试输入均值／标准差“不偏离训练特征”，所以是同分布测试而非 OOD。INO 为数据驱动 ROM，论文把 physics-informed integration 列为未来方向；无不确定性校准，也没有实际反演／优化／决策环节，故代理误差传播不适用。。复核信心：high。,全文评价局限于单一场地、同一模拟设置或同一地质背景；现场案例本身不等于跨场地验证。因此最终编码为“confirmed_absent”；原锁定值“not_reported”在本行全文证据及当前 Codebook 边界下不采用。,Xiaoyang Zhang (XZ),Yangqi Ma (YM),2026-07-29,2026-07-30,outputs\wp8_ijggc_v2_2026-07-30\IJGGC_V2_INDEPENDENT_REVIEW_FINALIZED_LOCKED.xlsx,prior26
Wen2023_NestedFNO,cross_site_test_state,confirmed_absent,not_reported,confirmed_absent,author_adjudicated_disagreement,yes,Nested FNO 用半自适应局部网格数值模拟训练，测试仍从训练参数范围抽样；方法部分明确要求输入“within the training data sampling ranges”，故没有显式 OOD 或跨场地测试。1000 个同一统计分布的渗透率实现用于给出最大压力与羽流足迹的概率分布，可支持用地／监测设计，属于概率 UQ；但 95% error band 是代理误差描述，没有覆盖率校准。分层网络专门分析并减轻误差累积，但未把剩余代理误差作为风险／决策不确定性传播。,核查字段：跨场地／跨地质背景测试。全文页码／章节：PDF pp.1–5（合成训练、同域测试与概率评估）；pp.6–8（范围限制、误差累积与微调）。全文证据：Nested FNO 用半自适应局部网格数值模拟训练，测试仍从训练参数范围抽样；方法部分明确要求输入“within the training data sampling ranges”，故没有显式 OOD 或跨场地测试。1000 个同一统计分布的渗透率实现用于给出最大压力与羽流足迹的概率分布，可支持用地／监测设计，属于概率 UQ；但 95% error band 是代理误差描述，没有覆盖率校准。分层网络专门分析并减轻误差累积，但未把剩余代理误差作为风险／决策不确定性传播。。复核信心：high。,全文评价局限于单一场地、同一模拟设置或同一地质背景；现场案例本身不等于跨场地验证。因此最终编码为“confirmed_absent”；原锁定值“not_reported”在本行全文证据及当前 Codebook 边界下不采用。,Xiaoyang Zhang (XZ),Yangqi Ma (YM),2026-07-29,2026-07-30,outputs\wp8_ijggc_v2_2026-07-30\IJGGC_V2_INDEPENDENT_REVIEW_FINALIZED_LOCKED.xlsx,prior26
Mo2018_EncoderDecoderUQ,cross_site_test_state,confirmed_absent,not_reported,confirmed_absent,author_adjudicated_disagreement,yes,"全部样本来自相同随机介质／多相流模拟分布，无现场、计划注入、跨场地或显式 OOD。编码器–解码器代理生成 Monte Carlo 输出分布，并把概率密度、均值和方差与 20,000 次高保真 Monte Carlo 参考逐项对照，属于对预测不确定性的明确验证／检查，故不确定性为 3。物理一致性来自多相流模拟器对照与时空误差诊断。代理用于 UQ，但其自身逼近误差没有作为独立误差模型传播到决策或反演。","核查字段：跨场地／跨地质背景测试。全文页码／章节：PDF pp.5–18（合成训练／测试与场量误差）；pp.22–26（Monte Carlo 分布验证与结论）。全文证据：全部样本来自相同随机介质／多相流模拟分布，无现场、计划注入、跨场地或显式 OOD。编码器–解码器代理生成 Monte Carlo 输出分布，并把概率密度、均值和方差与 20,000 次高保真 Monte Carlo 参考逐项对照，属于对预测不确定性的明确验证／检查，故不确定性为 3。物理一致性来自多相流模拟器对照与时空误差诊断。代理用于 UQ，但其自身逼近误差没有作为独立误差模型传播到决策或反演。。复核信心：high。",全文评价局限于单一场地、同一模拟设置或同一地质背景；现场案例本身不等于跨场地验证。因此最终编码为“confirmed_absent”；原锁定值“not_reported”在本行全文证据及当前 Codebook 边界下不采用。,Xiaoyang Zhang (XZ),Yangqi Ma (YM),2026-07-29,2026-07-30,outputs\wp8_ijggc_v2_2026-07-30\IJGGC_V2_INDEPENDENT_REVIEW_FINALIZED_LOCKED.xlsx,prior26
ESR_Zhou2026_127,cross_site_test_state,confirmed_absent,not_reported,confirmed_absent,author_adjudicated_disagreement,yes,模型参数源于中国某海上 CGS 项目，但 300 个样本均由随机地质场与数值模拟生成，并按 240／30／30 同源划分；没有现场观测或计划注入数据评价，也无 OOD／跨场地测试。MRFNO 在损失中施加多尺度一致性与跨场耦合，并以 Verma–Pruess 更新孔隙度–渗透率，顺序耦合流动与地球化学，故物理一致性为 4。论文讨论嵌套网络的误差累积，但未实施反演、优化或决策，不能把跨网络误差累积等同于题目要求的下游代理误差传播。,"核查字段：跨场地／跨地质背景测试。全文页码／章节：PDF pp.1, 5–13（场地参数、合成数据、物理耦合与随机划分）；pp.18–21（误差与局限）。全文证据：模型参数源于中国某海上 CGS 项目，但 300 个样本均由随机地质场与数值模拟生成，并按 240／30／30 同源划分；没有现场观测或计划注入数据评价，也无 OOD／跨场地测试。MRFNO 在损失中施加多尺度一致性与跨场耦合，并以 Verma–Pruess 更新孔隙度–渗透率，顺序耦合流动与地球化学，故物理一致性为 4。论文讨论嵌套网络的误差累积，但未实施反演、优化或决策，不能把跨网络误差累积等同于题目要求的下游代理误差传播。。复核信心：high。",全文评价局限于单一场地、同一模拟设置或同一地质背景；现场案例本身不等于跨场地验证。因此最终编码为“confirmed_absent”；原锁定值“not_reported”在本行全文证据及当前 Codebook 边界下不采用。,Xiaoyang Zhang (XZ),Yangqi Ma (YM),2026-07-29,2026-07-30,outputs\wp8_ijggc_v2_2026-07-30\IJGGC_V2_INDEPENDENT_REVIEW_FINALIZED_LOCKED.xlsx,prior26
Han2024_HierarchicalMCMC,cross_site_test_state,confirmed_absent,not_reported,confirmed_absent,author_adjudicated_disagreement,yes,研究为合成历史匹配，没有现场或跨场地证据，训练／测试实现来自同一先验。关键阳性证据是：用 500 个测试实现估计代理预测误差标准差，并把该项与观测误差合并为 total error covariance，显式进入 hierarchical MCMC likelihood；这不是只报误差表，而是真正传播到反演。后验均值、可信区间／实现又与 synthetic truth 和高保真模拟逐项比较，构成后验检查。因此不确定性得分 4；但尚未形成现场阈值或运行决策。,核查字段：跨场地／跨地质背景测试。全文页码／章节：PDF pp.1–7、9–17（代理、误差协方差与 hierarchical MCMC）；pp.31–38、41–53（真值与 SI 检查）。全文证据：研究为合成历史匹配，没有现场或跨场地证据，训练／测试实现来自同一先验。关键阳性证据是：用 500 个测试实现估计代理预测误差标准差，并把该项与观测误差合并为 total error covariance，显式进入 hierarchical MCMC likelihood；这不是只报误差表，而是真正传播到反演。后验均值、可信区间／实现又与 synthetic truth 和高保真模拟逐项比较，构成后验检查。因此不确定性得分 4；但尚未形成现场阈值或运行决策。。复核信心：high。,全文评价局限于单一场地、同一模拟设置或同一地质背景；现场案例本身不等于跨场地验证。因此最终编码为“confirmed_absent”；原锁定值“not_reported”在本行全文证据及当前 Codebook 边界下不采用。,Xiaoyang Zhang (XZ),Yangqi Ma (YM),2026-07-29,2026-07-30,outputs\wp8_ijggc_v2_2026-07-30\IJGGC_V2_INDEPENDENT_REVIEW_FINALIZED_LOCKED.xlsx,prior26
Leong2024_SeisCO2Net,cross_site_test_state,confirmed_absent,not_reported,confirmed_absent,author_adjudicated_disagreement,yes,SeisCO2Net 先以合成地震–饱和度对训练，再直接用于 Frio-II 计划注入试验的时移地震资料，反演注入后 CO₂ 饱和度；这是单一受控现场评价，也是明确的 synthetic-to-field 分布外测试，但不是跨多个场地验证。工作流含岩石物理／正演一致性检查并与现场时移响应比较。20 组权重产生的标准差只表示模型集合离散度，未检验覆盖率或后验可靠性，故不记校准；该网络是直接反演器而非代理进入另一决策模型，代理误差传播不适用。,核查字段：跨场地／跨地质背景测试。全文页码／章节：PDF pp.2、8–13（合成训练与岩石物理）；pp.18–29、35–48（Frio-II 现场应用、结果与局限）。全文证据：SeisCO2Net 先以合成地震–饱和度对训练，再直接用于 Frio-II 计划注入试验的时移地震资料，反演注入后 CO₂ 饱和度；这是单一受控现场评价，也是明确的 synthetic-to-field 分布外测试，但不是跨多个场地验证。工作流含岩石物理／正演一致性检查并与现场时移响应比较。20 组权重产生的标准差只表示模型集合离散度，未检验覆盖率或后验可靠性，故不记校准；该网络是直接反演器而非代理进入另一决策模型，代理误差传播不适用。。复核信心：high。,全文评价局限于单一场地、同一模拟设置或同一地质背景；现场案例本身不等于跨场地验证。因此最终编码为“confirmed_absent”；原锁定值“not_reported”在本行全文证据及当前 Codebook 边界下不采用。,Xiaoyang Zhang (XZ),Yangqi Ma (YM),2026-07-29,2026-07-30,outputs\wp8_ijggc_v2_2026-07-30\IJGGC_V2_INDEPENDENT_REVIEW_FINALIZED_LOCKED.xlsx,prior26
Wang2025_4DHistoryMatching,cross_site_test_state,confirmed_absent,not_reported,confirmed_absent,author_adjudicated_disagreement,yes,全文为合成 4D 地震／监测井历史匹配，数据与测试均来自同一地质先验，没有现场或 OOD。关键证据在误差模型：作者从独立测试集估计 surrogate model error 的均值／协方差，并与观测噪声合并为 total error covariance，直接进入 MCMC likelihood；因此代理误差已传播到反演。多组 synthetic truth 下又比较后验预测、可信区间与高保真结果，属于明确后验检查。不确定性因此为 4，且已接近可用于监测更新，但仍缺现场运行阈值。,核查字段：跨场地／跨地质背景测试。全文页码／章节：PDF pp.1–5、11–22（合成 4D 地震历史匹配）；pp.32–46（代理误差协方差、MCMC 与后验检查）。全文证据：全文为合成 4D 地震／监测井历史匹配，数据与测试均来自同一地质先验，没有现场或 OOD。关键证据在误差模型：作者从独立测试集估计 surrogate model error 的均值／协方差，并与观测噪声合并为 total error covariance，直接进入 MCMC likelihood；因此代理误差已传播到反演。多组 synthetic truth 下又比较后验预测、可信区间与高保真结果，属于明确后验检查。不确定性因此为 4，且已接近可用于监测更新，但仍缺现场运行阈值。。复核信心：high。,全文评价局限于单一场地、同一模拟设置或同一地质背景；现场案例本身不等于跨场地验证。因此最终编码为“confirmed_absent”；原锁定值“not_reported”在本行全文证据及当前 Codebook 边界下不采用。,Xiaoyang Zhang (XZ),Yangqi Ma (YM),2026-07-29,2026-07-30,outputs\wp8_ijggc_v2_2026-07-30\IJGGC_V2_INDEPENDENT_REVIEW_FINALIZED_LOCKED.xlsx,prior26
ESR_Wang2024_089,cross_site_test_state,confirmed_absent,not_reported,confirmed_absent,author_adjudicated_disagreement,yes,数据来自 Illinois Basin 同一场址的 IBDP 与 ICCS：IBDP 注入约 100 万吨，ICCS 自 2017 年计划注入；PNX 在注入后多时次测井，ML 直接估计现场 CO₂ 饱和度，故为现场工作流且确实评价了计划注入数据。模型用常规训练／测试留出，文中只称 testing dataset unseen，未按井、项目或地质背景留出，所以不是 OOD／跨场地验证。没有概率区间、校准或后验检查；SIGM、WPRE 等物理敏感特征支持有限物理解释，但未编码控制方程。,核查字段：跨场地／跨地质背景测试。全文页码／章节：PDF pp.1–14（IBDP／ICCS 注入与现场测井数据）；pp.22–36（随机测试、结果与结论）。全文证据：数据来自 Illinois Basin 同一场址的 IBDP 与 ICCS：IBDP 注入约 100 万吨，ICCS 自 2017 年计划注入；PNX 在注入后多时次测井，ML 直接估计现场 CO₂ 饱和度，故为现场工作流且确实评价了计划注入数据。模型用常规训练／测试留出，文中只称 testing dataset unseen，未按井、项目或地质背景留出，所以不是 OOD／跨场地验证。没有概率区间、校准或后验检查；SIGM、WPRE 等物理敏感特征支持有限物理解释，但未编码控制方程。。复核信心：high。,全文评价局限于单一场地、同一模拟设置或同一地质背景；现场案例本身不等于跨场地验证。因此最终编码为“confirmed_absent”；原锁定值“not_reported”在本行全文证据及当前 Codebook 边界下不采用。,Xiaoyang Zhang (XZ),Yangqi Ma (YM),2026-07-29,2026-07-30,outputs\wp8_ijggc_v2_2026-07-30\IJGGC_V2_INDEPENDENT_REVIEW_FINALIZED_LOCKED.xlsx,prior26
Jiang2024_DSIHistoryMatching,cross_site_test_state,confirmed_absent,not_reported,confirmed_absent,author_adjudicated_disagreement,yes,研究在同一先验生成的合成储层上做 DSI 历史匹配，无现场、计划注入、跨场地或显式 OOD。作者不只展示区间，而是在五个 synthetic true models 上计算预测区间的 coverage probability，并与目标覆盖水平比较，构成明确的区间可靠性／后验检查，故不确定性为 3。物理一致性由流动模拟输出、时空参数化及真值诊断支持。AAE 用于数据空间参数化，并不是一个带误差项的前向代理进入优化或决策，因此代理误差传播记 not_applicable。,核查字段：跨场地／跨地质背景测试。全文页码／章节：PDF pp.1–11（合成 DSI 与数据参数化）；pp.13–29（五个真值、coverage probability 与结论）。全文证据：研究在同一先验生成的合成储层上做 DSI 历史匹配，无现场、计划注入、跨场地或显式 OOD。作者不只展示区间，而是在五个 synthetic true models 上计算预测区间的 coverage probability，并与目标覆盖水平比较，构成明确的区间可靠性／后验检查，故不确定性为 3。物理一致性由流动模拟输出、时空参数化及真值诊断支持。AAE 用于数据空间参数化，并不是一个带误差项的前向代理进入优化或决策，因此代理误差传播记 not_applicable。。复核信心：high。,全文评价局限于单一场地、同一模拟设置或同一地质背景；现场案例本身不等于跨场地验证。因此最终编码为“confirmed_absent”；原锁定值“not_reported”在本行全文证据及当前 Codebook 边界下不采用。,Xiaoyang Zhang (XZ),Yangqi Ma (YM),2026-07-29,2026-07-30,outputs\wp8_ijggc_v2_2026-07-30\IJGGC_V2_INDEPENDENT_REVIEW_FINALIZED_LOCKED.xlsx,prior26
TARGET_JointInversion2023_2022JB025372,cross_site_test_state,confirmed_absent,confirmed_absent,confirmed_absent,independent_exact_agreement_retained,no,联合地震／电磁反演在场地尺度合成监测数据上演示，没有现场注入资料或跨场地测试；测试模型仍来自同一生成设置。可微岩石物理、波动／电磁正演与联合损失显式进入网络，故物理一致性为 4。BNN 输出后验样本并展示均值／离散度，但未报告覆盖率、校准曲线或系统后验预测检验；作者把与完整 MCMC 的基准比较列为未来工作，故不记已校准。该网络本身就是反演模型，不存在另一个代理误差向下游传播的问题。,,Reviewer and locked coding agreed exactly; the locked value was retained.,Xiaoyang Zhang (XZ),Yangqi Ma (YM),2026-07-29,2026-07-30,outputs\wp8_ijggc_v2_2026-07-30\IJGGC_V2_INDEPENDENT_REVIEW_FINALIZED_LOCKED.xlsx,prior26
Zhong2019_PressureAnomaly,cross_site_test_state,confirmed_absent,not_reported,confirmed_absent,author_adjudicated_disagreement,yes,摘要明确：模型以无泄漏 base experiment 的井底压力训练，再在“一系列 controlled CO2 release experiments”上测试；现场试验在 Cranfield 通过 F3 以 60 kg／min 人工采出 CO₂ 形成已知泄漏事件。故为受控现场评价，且 nominal-to-leak 是显式异常分布测试，但仅一个场地。模型用 1000 次实现形成预测区间，并以 1σ／2σ／3σ 阈值直接判定异常；虽然未验证名义覆盖率，不能记校准，但不确定性确已进入现场报警决策，故不确定性与决策就绪度均为 4。,核查字段：跨场地／跨地质背景测试。全文页码／章节：PDF pp.1、4–6（Cranfield 现场与人工泄漏）；pp.10–20（训练、预测区间、阈值与结论）。全文证据：摘要明确：模型以无泄漏 base experiment 的井底压力训练，再在“一系列 controlled CO2 release experiments”上测试；现场试验在 Cranfield 通过 F3 以 60 kg／min 人工采出 CO₂ 形成已知泄漏事件。故为受控现场评价，且 nominal-to-leak 是显式异常分布测试，但仅一个场地。模型用 1000 次实现形成预测区间，并以 1σ／2σ／3σ 阈值直接判定异常；虽然未验证名义覆盖率，不能记校准，但不确定性确已进入现场报警决策，故不确定性与决策就绪度均为 4。。复核信心：high。,全文评价局限于单一场地、同一模拟设置或同一地质背景；现场案例本身不等于跨场地验证。因此最终编码为“confirmed_absent”；原锁定值“not_reported”在本行全文证据及当前 Codebook 边界下不采用。,Xiaoyang Zhang (XZ),Yangqi Ma (YM),2026-07-29,2026-07-30,outputs\wp8_ijggc_v2_2026-07-30\IJGGC_V2_INDEPENDENT_REVIEW_FINALIZED_LOCKED.xlsx,prior26
Lin2020_PressureLeakage,cross_site_test_state,confirmed_absent,not_reported,confirmed_absent,author_adjudicated_disagreement,yes,Cranfield HPT 现场数据包含基线试验和通过 F3 地面阀形成的人工泄漏试验。作者明确“models are not trained on the leak test data”；模型只学 150-min 基线，再以 90-min 泄漏作为异常测试，因此是受控释放且为 nominal-to-leak OOD。固定 squared-error 阈值 1e-03 产生早期报警，形成可审计的现场决策链。20 个网络实现只用于汇总平均 MSE／计算时间，所谓 confidence 未做覆盖或可靠性检查，故校准不成立、不确定性仅记 1。没有跨场地实验。,核查字段：跨场地／跨地质背景测试。全文页码／章节：PDF pp.2、6–14（Cranfield HPT、基线／泄漏与训练）；pp.18–26（模型比较、阈值与结论）。全文证据：Cranfield HPT 现场数据包含基线试验和通过 F3 地面阀形成的人工泄漏试验。作者明确“models are not trained on the leak test data”；模型只学 150-min 基线，再以 90-min 泄漏作为异常测试，因此是受控释放且为 nominal-to-leak OOD。固定 squared-error 阈值 1e-03 产生早期报警，形成可审计的现场决策链。20 个网络实现只用于汇总平均 MSE／计算时间，所谓 confidence 未做覆盖或可靠性检查，故校准不成立、不确定性仅记 1。没有跨场地实验。。复核信心：high。,全文评价局限于单一场地、同一模拟设置或同一地质背景；现场案例本身不等于跨场地验证。因此最终编码为“confirmed_absent”；原锁定值“not_reported”在本行全文证据及当前 Codebook 边界下不采用。,Xiaoyang Zhang (XZ),Yangqi Ma (YM),2026-07-29,2026-07-30,outputs\wp8_ijggc_v2_2026-07-30\IJGGC_V2_INDEPENDENT_REVIEW_FINALIZED_LOCKED.xlsx,prior26
Baek2023_WellboreLeakage,cross_site_test_state,confirmed_absent,not_reported,confirmed_absent,author_adjudicated_disagreement,yes,深度学习井筒 ROM 由 STOMP–CO₂ 数值模拟训练，采用随机 0.70／0.20／0.10 训练–验证–测试；应用案例仍是 homogeneous synthetic reservoir 与 hypothetical leaky wells，故无现场或 OOD。Darcy 驱动力等物理特征、分类–回归分解和模拟器对照支持物理诊断。500 个不确定井属性实现给出累计泄漏 P25／P50／P75，并面向许可风险，属于概率 UQ。作者承认 one-way coupling 会产生误差，但该误差没有进入风险分布或决策，故不记代理误差传播。,核查字段：跨场地／跨地质背景测试。全文页码／章节：PDF pp.1–8（STOMP／井筒模型、70／20／10 划分）；pp.9–11（假想场地、500 实现与局限）。全文证据：深度学习井筒 ROM 由 STOMP–CO₂ 数值模拟训练，采用随机 0.70／0.20／0.10 训练–验证–测试；应用案例仍是 homogeneous synthetic reservoir 与 hypothetical leaky wells，故无现场或 OOD。Darcy 驱动力等物理特征、分类–回归分解和模拟器对照支持物理诊断。500 个不确定井属性实现给出累计泄漏 P25／P50／P75，并面向许可风险，属于概率 UQ。作者承认 one-way coupling 会产生误差，但该误差没有进入风险分布或决策，故不记代理误差传播。。复核信心：high。,全文评价局限于单一场地、同一模拟设置或同一地质背景；现场案例本身不等于跨场地验证。因此最终编码为“confirmed_absent”；原锁定值“not_reported”在本行全文证据及当前 Codebook 边界下不采用。,Xiaoyang Zhang (XZ),Yangqi Ma (YM),2026-07-29,2026-07-30,outputs\wp8_ijggc_v2_2026-07-30\IJGGC_V2_INDEPENDENT_REVIEW_FINALIZED_LOCKED.xlsx,prior26
ESR_Tang2022_226,cross_site_test_state,confirmed_absent,not_reported,confirmed_absent,author_adjudicated_disagreement,yes,全文采用 commercial-scale 3D synthetic case，结论强调 displacement maps were synthetic，故无现场或受控注入评价。两个 R–U–Net 只用 1、2、5、10 年结果训练，却在 12、16 年预测，并明确称“acceptable extrapolation ... up to 16 years”，构成时间 OOD；不是跨场地。ES–MDA 后验压力／位移集合的均值、标准差与 synthetic truth 在观测时刻和未来时刻比较，属于后验预测检查。似然／更新协方差只描述 measurement error，未加入 R–U–Net 代理误差，故不记误差传播。流动–地质力学耦合由 GEOSX 与跨场预测支持。,核查字段：跨场地／跨地质背景测试。全文页码／章节：PDF pp.4–18（合成耦合模型与 ES–MDA）；pp.27–38（时间外推与后验检查）；pp.40–42（结论／局限）。全文证据：全文采用 commercial-scale 3D synthetic case，结论强调 displacement maps were synthetic，故无现场或受控注入评价。两个 R–U–Net 只用 1、2、5、10 年结果训练，却在 12、16 年预测，并明确称“acceptable extrapolation ... up to 16 years”，构成时间 OOD；不是跨场地。ES–MDA 后验压力／位移集合的均值、标准差与 synthetic truth 在观测时刻和未来时刻比较，属于后验预测检查。似然／更新协方差只描述 measurement error，未加入 R–U–Net 代理误差，故不记误差传播。流动–地质力学耦合由 GEOSX 与跨场预测支持。。复核信心：high。,全文评价局限于单一场地、同一模拟设置或同一地质背景；现场案例本身不等于跨场地验证。因此最终编码为“confirmed_absent”；原锁定值“not_reported”在本行全文证据及当前 Codebook 边界下不采用。,Xiaoyang Zhang (XZ),Yangqi Ma (YM),2026-07-29,2026-07-30,outputs\wp8_ijggc_v2_2026-07-30\IJGGC_V2_INDEPENDENT_REVIEW_FINALIZED_LOCKED.xlsx,prior26
ESR_Meng2025_211,cross_site_test_state,confirmed_absent,not_reported,confirmed_absent,author_adjudicated_disagreement,yes,研究明确使用“synthetic case reservoir model”；CMG–GEM 耦合组分流动与地质力学，并以 Mohr–Coulomb／滑移趋势描述断层再活化，物理一致性为 4。每个含水率场景的 1000 个 LHS 样本随机分成 80% 训练与 20% blind testing，仍是同分布，且没有现场／跨地质验证。论文统计误差分布并发现含水率 >0.9 时 FSD 误差不满足 ±20% 要求，但没有校准预测区间。随后只把优化范围限制到 ≤0.9，未把代理误差作为 Pareto 目标／约束的不确定性传播，故仍记 confirmed_absent。,核查字段：跨场地／跨地质背景测试。全文页码／章节：PDF pp.3–7（合成耦合模型、Mohr–Coulomb 与数据）；pp.11–20（随机盲测、误差、Pareto 优化与局限）。全文证据：研究明确使用“synthetic case reservoir model”；CMG–GEM 耦合组分流动与地质力学，并以 Mohr–Coulomb／滑移趋势描述断层再活化，物理一致性为 4。每个含水率场景的 1000 个 LHS 样本随机分成 80% 训练与 20% blind testing，仍是同分布，且没有现场／跨地质验证。论文统计误差分布并发现含水率 >0.9 时 FSD 误差不满足 ±20% 要求，但没有校准预测区间。随后只把优化范围限制到 ≤0.9，未把代理误差作为 Pareto 目标／约束的不确定性传播，故仍记 confirmed_absent。。复核信心：high。,全文评价局限于单一场地、同一模拟设置或同一地质背景；现场案例本身不等于跨场地验证。因此最终编码为“confirmed_absent”；原锁定值“not_reported”在本行全文证据及当前 Codebook 边界下不采用。,Xiaoyang Zhang (XZ),Yangqi Ma (YM),2026-07-29,2026-07-30,outputs\wp8_ijggc_v2_2026-07-30\IJGGC_V2_INDEPENDENT_REVIEW_FINALIZED_LOCKED.xlsx,prior26
Arafath2025_MalayBasinML,uncertainty_calibration_category,deterministic_or_confirmed_absent,deterministic_or_confirmed_absent,deterministic_or_confirmed_absent,independent_exact_agreement_retained,no,"原文说明使用 X field 的“petrophysical data, well records, and core data”，模型结果与该场地岩心／测井解释相对照，故为单场地现场观测比较。数据采用 80%／10%／10% 划分及交叉验证，属于同分布测试而非 OOD。文中把“field-scale validation ... using pilot CO2 injection tests”列为未来工作，故没有受控注入验证；也未报告不确定性校准或需要传播的下游代理误差。物理得分来自 Archie 等简化岩石物理／测井约束。",,Reviewer and locked coding agreed exactly; the locked value was retained.,Xiaoyang Zhang (XZ),Yangqi Ma (YM),2026-07-29,2026-07-30,outputs\wp8_ijggc_v2_2026-07-30\IJGGC_V2_INDEPENDENT_REVIEW_FINALIZED_LOCKED.xlsx,prior26
ESR_Vishal2025_213,uncertainty_calibration_category,not_reported,not_reported,not_reported,independent_exact_agreement_retained,no,论文称数据来自 Cauvery Basin 的二维／三维地震与勘探井测井，并用 Well X-42 岩心数据验证，故记为现场观测比较；但 p.16 明言“lack of any real-time field validation”，不能记成注入工作流现场验证。p.14–15 仅笼统称对“independent offshore subsets”交叉验证、R²下降 5%–10%，未交代训练区域、留出规则或地质差异，故 OOD 与跨地质测试均记 unclear。95% 置信区间由残差标准误得到，但没有覆盖率／可靠性检验；BNN 被列为未来工作，故不记校准。,,Reviewer and locked coding agreed exactly; the locked value was retained.,Xiaoyang Zhang (XZ),Yangqi Ma (YM),2026-07-29,2026-07-30,outputs\wp8_ijggc_v2_2026-07-30\IJGGC_V2_INDEPENDENT_REVIEW_FINALIZED_LOCKED.xlsx,prior26
ESR_Wu2025_042,uncertainty_calibration_category,not_reported,not_reported,not_reported,independent_exact_agreement_retained,no,"常规训练／测试来自合成汇编数据；结论亦承认“current training data relies on synthetic datasets”。显式盲测把韩国 Gorae V 盆地参数送入 CMG–GEM，并与训练好的 XGBoost 对比（RTI／STI 拟合约 98.53%／96.48%），属于跨地质背景的模拟 OOD，不是现场跨场地验证。100,000 次 Monte Carlo 给出 TEI 分布，但没有名义覆盖率或后验预测校验。模型 RMSE 与 Williams 图只评估代理误差，NSGA–II 目标中未纳入该误差，故不记误差传播。SHAP 趋势与 Henry’s law 对照，支持简化物理一致性。",,Reviewer and locked coding agreed exactly; the locked value was retained.,Xiaoyang Zhang (XZ),Yangqi Ma (YM),2026-07-29,2026-07-30,outputs\wp8_ijggc_v2_2026-07-30\IJGGC_V2_INDEPENDENT_REVIEW_FINALIZED_LOCKED.xlsx,prior26
ESR_Chan2024_124,uncertainty_calibration_category,deterministic_or_confirmed_absent,legacy_uncertainty_calibration_or_posterior_check,deterministic_or_confirmed_absent,author_adjudicated_disagreement,yes,所谓 IBDP field application 实际以场地模型的 ECLIPSE 模拟结果训练／评价 ML，没有与现场观测或注入数据对照。模型以粗网格数据训练并在原始细网格预测，且用 E300 细网格结果验证，属于明确的跨分辨率 OOD。作者同时指出代理为“pure data-driven”且不保证物理连续性，但对压力／饱和度场及选定优化方案进行了高保真模拟诊断。优化后仅把所选方案重新送入 E300；代理误差没有进入 MOGA 目标或约束，因此这是事后复核而不是误差传播。,核查字段：不确定性校准／后验预测检查。全文页码／章节：PDF pp.5–8（合成测试、IBDP 模型与跨分辨率训练）；pp.9–11（优化与高保真复核）。全文证据：所谓 IBDP field application 实际以场地模型的 ECLIPSE 模拟结果训练／评价 ML，没有与现场观测或注入数据对照。模型以粗网格数据训练并在原始细网格预测，且用 E300 细网格结果验证，属于明确的跨分辨率 OOD。作者同时指出代理为“pure data-driven”且不保证物理连续性，但对压力／饱和度场及选定优化方案进行了高保真模拟诊断。优化后仅把所选方案重新送入 E300；代理误差没有进入 MOGA 目标或约束，因此这是事后复核而不是误差传播。。复核信心：high。,方法给出确定性结果，或仅报告未校准的方差、区间、敏感性或模型集合；这些证据不等于校准。因此最终编码为“deterministic_or_confirmed_absent”；原锁定值“legacy_uncertainty_calibration_or_posterior_check”在本行全文证据及当前 Codebook 边界下不采用。,Xiaoyang Zhang (XZ),Yangqi Ma (YM),2026-07-29,2026-07-30,outputs\wp8_ijggc_v2_2026-07-30\IJGGC_V2_INDEPENDENT_REVIEW_FINALIZED_LOCKED.xlsx,prior26
TARGET_DRLGeoRisk2026_214483,uncertainty_calibration_category,not_reported,deterministic_or_confirmed_absent,not_reported,author_adjudicated_disagreement,yes,研究使用基于 Aquistore 的条件地质统计实现及 820 个耦合流动–地质力学模拟，不是现场观测验证。独立验证实现被明确描述为“previously unseen realizations drawn from the same uncertainty distribution”，所以虽未见样本但仍是同分布，不能算 OOD。1000 个地质实现与域随机化用于稳健策略学习，但未做区间覆盖或校准。GRU–FNO 的误差只在附录／验证中报告，未作为奖励、约束或策略不确定性项传播。43 MPa 高风险压力线和边界泄漏惩罚直接进入控制目标，故决策就绪度较高但仍是 proof of concept。,核查字段：不确定性校准／后验预测检查。全文页码／章节：PDF pp.1–7（Aquistore 场地模型、代理与域随机化）；pp.11–15（验证、阈值与局限）。全文证据：研究使用基于 Aquistore 的条件地质统计实现及 820 个耦合流动–地质力学模拟，不是现场观测验证。独立验证实现被明确描述为“previously unseen realizations drawn from the same uncertainty distribution”，所以虽未见样本但仍是同分布，不能算 OOD。1000 个地质实现与域随机化用于稳健策略学习，但未做区间覆盖或校准。GRU–FNO 的误差只在附录／验证中报告，未作为奖励、约束或策略不确定性项传播。43 MPa 高风险压力线和边界泄漏惩罚直接进入控制目标，故决策就绪度较高但仍是 proof of concept。。复核信心：high。,全文未报告可核查的覆盖率、可靠性、后验预测检查或其他校准评价；不能从沉默推断为明确无。因此最终编码为“not_reported”；原锁定值“deterministic_or_confirmed_absent”在本行全文证据及当前 Codebook 边界下不采用。,Xiaoyang Zhang (XZ),Yangqi Ma (YM),2026-07-29,2026-07-30,outputs\wp8_ijggc_v2_2026-07-30\IJGGC_V2_INDEPENDENT_REVIEW_FINALIZED_LOCKED.xlsx,prior26
ESR_RefNone_173,uncertainty_calibration_category,deterministic_or_confirmed_absent,not_reported,deterministic_or_confirmed_absent,author_adjudicated_disagreement,yes,训练标签来自已发表的 CO2–水／盐水溶解度实验数据库，因此是实验室／受控证据而非储层现场验证或计划注入评价。全文采用随机 80%／20% 训练–测试划分，没有独立范围、场地或地质背景留出。网络给出点预测与常规误差指标，未见概率校准、后验预测检查或下游代理决策链。物理关系主要由温度、压力、盐度等输入及文献机理继承，未显式施加守恒／热力学约束。,"核查字段：不确定性校准／后验预测检查。全文页码／章节：PDF pp.1, 5–13（实验数据库、模型、80／20 划分与结果）。全文证据：训练标签来自已发表的 CO2–水／盐水溶解度实验数据库，因此是实验室／受控证据而非储层现场验证或计划注入评价。全文采用随机 80%／20% 训练–测试划分，没有独立范围、场地或地质背景留出。网络给出点预测与常规误差指标，未见概率校准、后验预测检查或下游代理决策链。物理关系主要由温度、压力、盐度等输入及文献机理继承，未显式施加守恒／热力学约束。。复核信心：high。",方法给出确定性结果，或仅报告未校准的方差、区间、敏感性或模型集合；这些证据不等于校准。因此最终编码为“deterministic_or_confirmed_absent”；原锁定值“not_reported”在本行全文证据及当前 Codebook 边界下不采用。,Xiaoyang Zhang (XZ),Yangqi Ma (YM),2026-07-29,2026-07-30,outputs\wp8_ijggc_v2_2026-07-30\IJGGC_V2_INDEPENDENT_REVIEW_FINALIZED_LOCKED.xlsx,prior26
Wen2021_CCSNet,uncertainty_calibration_category,not_reported,not_reported,not_reported,independent_exact_agreement_retained,no,CCSNet 全部以 ECLIPSE 合成模拟训练；“training/validation data split is 10/1”，验证样本仍在同一参数采样域内，故无现场、受控注入或 OOD。模型对压力、饱和度、相组成等多物理输出做了模拟器对照和误差空间诊断，物理一致性高于仅报告网络精度。均值、标准差、误差直方图及经验回归误差项没有覆盖率／可靠性检验，故不记校准。CCSNet 又被用于生成筛选用 sweep／溶解度指标，但代理误差没有进入这些派生估计或决策。,,Reviewer and locked coding agreed exactly; the locked value was retained.,Xiaoyang Zhang (XZ),Yangqi Ma (YM),2026-07-29,2026-07-30,outputs\wp8_ijggc_v2_2026-07-30\IJGGC_V2_INDEPENDENT_REVIEW_FINALIZED_LOCKED.xlsx,prior26
ESR_Liu2025_121,uncertainty_calibration_category,not_reported,not_reported,not_reported,independent_exact_agreement_retained,no,该文件只有一页海报，说明 physics-coupled ML toolset、CRM 与储量／注入绩效用途，但没有给出数据来源、训练–测试方案、现场对照、受控注入评价、OOD、跨场地实验或不确定性校准结果；海报还把 cross-validation／进一步验证描述为 ongoing。按规则，缺报不能填 0，相关评分记 not reported。物理得分仅反映已陈述的简化耦合框架；不能据项目背景推断现场验证。,,Reviewer and locked coding agreed exactly; the locked value was retained.,Xiaoyang Zhang (XZ),Yangqi Ma (YM),2026-07-29,2026-07-30,outputs\wp8_ijggc_v2_2026-07-30\IJGGC_V2_INDEPENDENT_REVIEW_FINALIZED_LOCKED.xlsx,prior26
Shokouhi2021_PhysicsInformedSite,uncertainty_calibration_category,deterministic_or_confirmed_absent,not_reported,deterministic_or_confirmed_absent,author_adjudicated_disagreement,yes,全文材料展示的是基于数值场的 physics-informed deep learning：损失中加入控制方程／边界条件并预测 CO₂ 储层响应；未出现现场观测、计划注入数据或跨场地评价。材料没有充分交代训练–测试留出方式，故 OOD 记 not_reported，而不是据沉默填 0；明确只有单一模拟设置，跨场地记 confirmed_absent。输出为确定性结果，没有校准或后验检查；该工作没有把代理嵌入反演／优化／决策链，代理误差传播不适用。,核查字段：不确定性校准／后验预测检查。全文页码／章节：PDF pp.1–10（全文幻灯片：问题、PINN 架构、模拟结果与结论）。全文证据：全文材料展示的是基于数值场的 physics-informed deep learning：损失中加入控制方程／边界条件并预测 CO₂ 储层响应；未出现现场观测、计划注入数据或跨场地评价。材料没有充分交代训练–测试留出方式，故 OOD 记 not_reported，而不是据沉默填 0；明确只有单一模拟设置，跨场地记 confirmed_absent。输出为确定性结果，没有校准或后验检查；该工作没有把代理嵌入反演／优化／决策链，代理误差传播不适用。。复核信心：high。,方法给出确定性结果，或仅报告未校准的方差、区间、敏感性或模型集合；这些证据不等于校准。因此最终编码为“deterministic_or_confirmed_absent”；原锁定值“not_reported”在本行全文证据及当前 Codebook 边界下不采用。,Xiaoyang Zhang (XZ),Yangqi Ma (YM),2026-07-29,2026-07-30,outputs\wp8_ijggc_v2_2026-07-30\IJGGC_V2_INDEPENDENT_REVIEW_FINALIZED_LOCKED.xlsx,prior26
ESR_Pawar2023_168,uncertainty_calibration_category,deterministic_or_confirmed_absent,not_reported,deterministic_or_confirmed_absent,author_adjudicated_disagreement,yes,论文用数值模拟生成的压力／饱和度场训练 FNO，并在同一合成数据生成机制的留出样本上报告误差；没有现场观测、计划注入数据、跨场地或明确分布外设置。FNO 未嵌入物理方程，物理性主要继承自训练模拟器；也未报告概率校准。本文只评价快速前向预测，没有实施反演、优化或储层决策，因此代理误差传播记 not_applicable。,核查字段：不确定性校准／后验预测检查。全文页码／章节：PDF pp.1–5（全文：模拟数据、FNO 训练／测试与结果）。全文证据：论文用数值模拟生成的压力／饱和度场训练 FNO，并在同一合成数据生成机制的留出样本上报告误差；没有现场观测、计划注入数据、跨场地或明确分布外设置。FNO 未嵌入物理方程，物理性主要继承自训练模拟器；也未报告概率校准。本文只评价快速前向预测，没有实施反演、优化或储层决策，因此代理误差传播记 not_applicable。。复核信心：high。,方法给出确定性结果，或仅报告未校准的方差、区间、敏感性或模型集合；这些证据不等于校准。因此最终编码为“deterministic_or_confirmed_absent”；原锁定值“not_reported”在本行全文证据及当前 Codebook 边界下不采用。,Xiaoyang Zhang (XZ),Yangqi Ma (YM),2026-07-29,2026-07-30,outputs\wp8_ijggc_v2_2026-07-30\IJGGC_V2_INDEPENDENT_REVIEW_FINALIZED_LOCKED.xlsx,prior26
Zhang2021_LearningInversionFreeForecast,uncertainty_calibration_category,legacy_uncertainty_calibration_or_posterior_check,legacy_uncertainty_calibration_or_posterior_check,legacy_uncertainty_calibration_or_posterior_check,independent_exact_agreement_retained,no,"研究明确为单个合成场景，观测来自一个 geomodel；p.11 还写明“To avoid extrapolation, LIP requires the observation data to lie inside of the prior samples”，故无 OOD 或跨场地测试。Bayesian LIP 给出预测场的后验均值／标准差，并在三个 synthetic truth 上逐图比较后验预测与真值，属于后验预测检查；但没有现场数据。LIP 是直接的观测–预测统计映射，不是另一个代理进入下游反演／优化的误差项，故代理误差传播记 not_applicable。",,Reviewer and locked coding agreed exactly; the locked value was retained.,Xiaoyang Zhang (XZ),Yangqi Ma (YM),2026-07-29,2026-07-30,outputs\wp8_ijggc_v2_2026-07-30\IJGGC_V2_INDEPENDENT_REVIEW_FINALIZED_LOCKED.xlsx,prior26
ESR_Kadeethum2024_128,uncertainty_calibration_category,deterministic_or_confirmed_absent,not_reported,deterministic_or_confirmed_absent,author_adjudicated_disagreement,yes,虽以 IBDP 场地数据建立 Eclipse 实现，但 ML 仅与多相流模拟结果对比，未评价现场观测或实际注入记录。90 个训练、10 个测试实现采用 uniform division，且作者特意保证测试输入均值／标准差“不偏离训练特征”，所以是同分布测试而非 OOD。INO 为数据驱动 ROM，论文把 physics-informed integration 列为未来方向；无不确定性校准，也没有实际反演／优化／决策环节，故代理误差传播不适用。,核查字段：不确定性校准／后验预测检查。全文页码／章节：PDF pp.5–7（IBDP 模拟数据与划分）；pp.8–13（测试、局限与结论）。全文证据：虽以 IBDP 场地数据建立 Eclipse 实现，但 ML 仅与多相流模拟结果对比，未评价现场观测或实际注入记录。90 个训练、10 个测试实现采用 uniform division，且作者特意保证测试输入均值／标准差“不偏离训练特征”，所以是同分布测试而非 OOD。INO 为数据驱动 ROM，论文把 physics-informed integration 列为未来方向；无不确定性校准，也没有实际反演／优化／决策环节，故代理误差传播不适用。。复核信心：high。,方法给出确定性结果，或仅报告未校准的方差、区间、敏感性或模型集合；这些证据不等于校准。因此最终编码为“deterministic_or_confirmed_absent”；原锁定值“not_reported”在本行全文证据及当前 Codebook 边界下不采用。,Xiaoyang Zhang (XZ),Yangqi Ma (YM),2026-07-29,2026-07-30,outputs\wp8_ijggc_v2_2026-07-30\IJGGC_V2_INDEPENDENT_REVIEW_FINALIZED_LOCKED.xlsx,prior26
Wen2023_NestedFNO,uncertainty_calibration_category,not_reported,not_reported,not_reported,independent_exact_agreement_retained,no,Nested FNO 用半自适应局部网格数值模拟训练，测试仍从训练参数范围抽样；方法部分明确要求输入“within the training data sampling ranges”，故没有显式 OOD 或跨场地测试。1000 个同一统计分布的渗透率实现用于给出最大压力与羽流足迹的概率分布，可支持用地／监测设计，属于概率 UQ；但 95% error band 是代理误差描述，没有覆盖率校准。分层网络专门分析并减轻误差累积，但未把剩余代理误差作为风险／决策不确定性传播。,,Reviewer and locked coding agreed exactly; the locked value was retained.,Xiaoyang Zhang (XZ),Yangqi Ma (YM),2026-07-29,2026-07-30,outputs\wp8_ijggc_v2_2026-07-30\IJGGC_V2_INDEPENDENT_REVIEW_FINALIZED_LOCKED.xlsx,prior26
Mo2018_EncoderDecoderUQ,uncertainty_calibration_category,legacy_uncertainty_calibration_or_posterior_check,not_reported,legacy_uncertainty_calibration_or_posterior_check,author_adjudicated_disagreement,yes,"全部样本来自相同随机介质／多相流模拟分布，无现场、计划注入、跨场地或显式 OOD。编码器–解码器代理生成 Monte Carlo 输出分布，并把概率密度、均值和方差与 20,000 次高保真 Monte Carlo 参考逐项对照，属于对预测不确定性的明确验证／检查，故不确定性为 3。物理一致性来自多相流模拟器对照与时空误差诊断。代理用于 UQ，但其自身逼近误差没有作为独立误差模型传播到决策或反演。","核查字段：不确定性校准／后验预测检查。全文页码／章节：PDF pp.5–18（合成训练／测试与场量误差）；pp.22–26（Monte Carlo 分布验证与结论）。全文证据：全部样本来自相同随机介质／多相流模拟分布，无现场、计划注入、跨场地或显式 OOD。编码器–解码器代理生成 Monte Carlo 输出分布，并把概率密度、均值和方差与 20,000 次高保真 Monte Carlo 参考逐项对照，属于对预测不确定性的明确验证／检查，故不确定性为 3。物理一致性来自多相流模拟器对照与时空误差诊断。代理用于 UQ，但其自身逼近误差没有作为独立误差模型传播到决策或反演。。复核信心：high。",全文提供了可识别的区间可靠性或后验预测检查，但其报告方式对应代码本中的 legacy 类别。因此最终编码为“legacy_uncertainty_calibration_or_posterior_check”；原锁定值“not_reported”在本行全文证据及当前 Codebook 边界下不采用。,Xiaoyang Zhang (XZ),Yangqi Ma (YM),2026-07-29,2026-07-30,outputs\wp8_ijggc_v2_2026-07-30\IJGGC_V2_INDEPENDENT_REVIEW_FINALIZED_LOCKED.xlsx,prior26
ESR_Zhou2026_127,uncertainty_calibration_category,deterministic_or_confirmed_absent,not_reported,deterministic_or_confirmed_absent,author_adjudicated_disagreement,yes,模型参数源于中国某海上 CGS 项目，但 300 个样本均由随机地质场与数值模拟生成，并按 240／30／30 同源划分；没有现场观测或计划注入数据评价，也无 OOD／跨场地测试。MRFNO 在损失中施加多尺度一致性与跨场耦合，并以 Verma–Pruess 更新孔隙度–渗透率，顺序耦合流动与地球化学，故物理一致性为 4。论文讨论嵌套网络的误差累积，但未实施反演、优化或决策，不能把跨网络误差累积等同于题目要求的下游代理误差传播。,"核查字段：不确定性校准／后验预测检查。全文页码／章节：PDF pp.1, 5–13（场地参数、合成数据、物理耦合与随机划分）；pp.18–21（误差与局限）。全文证据：模型参数源于中国某海上 CGS 项目，但 300 个样本均由随机地质场与数值模拟生成，并按 240／30／30 同源划分；没有现场观测或计划注入数据评价，也无 OOD／跨场地测试。MRFNO 在损失中施加多尺度一致性与跨场耦合，并以 Verma–Pruess 更新孔隙度–渗透率，顺序耦合流动与地球化学，故物理一致性为 4。论文讨论嵌套网络的误差累积，但未实施反演、优化或决策，不能把跨网络误差累积等同于题目要求的下游代理误差传播。。复核信心：high。",方法给出确定性结果，或仅报告未校准的方差、区间、敏感性或模型集合；这些证据不等于校准。因此最终编码为“deterministic_or_confirmed_absent”；原锁定值“not_reported”在本行全文证据及当前 Codebook 边界下不采用。,Xiaoyang Zhang (XZ),Yangqi Ma (YM),2026-07-29,2026-07-30,outputs\wp8_ijggc_v2_2026-07-30\IJGGC_V2_INDEPENDENT_REVIEW_FINALIZED_LOCKED.xlsx,prior26
Han2024_HierarchicalMCMC,uncertainty_calibration_category,calibrated_or_posterior_checked,legacy_uncertainty_calibration_or_posterior_check,calibrated_or_posterior_checked,author_adjudicated_disagreement,yes,研究为合成历史匹配，没有现场或跨场地证据，训练／测试实现来自同一先验。关键阳性证据是：用 500 个测试实现估计代理预测误差标准差，并把该项与观测误差合并为 total error covariance，显式进入 hierarchical MCMC likelihood；这不是只报误差表，而是真正传播到反演。后验均值、可信区间／实现又与 synthetic truth 和高保真模拟逐项比较，构成后验检查。因此不确定性得分 4；但尚未形成现场阈值或运行决策。,核查字段：不确定性校准／后验预测检查。全文页码／章节：PDF pp.1–7、9–17（代理、误差协方差与 hierarchical MCMC）；pp.31–38、41–53（真值与 SI 检查）。全文证据：研究为合成历史匹配，没有现场或跨场地证据，训练／测试实现来自同一先验。关键阳性证据是：用 500 个测试实现估计代理预测误差标准差，并把该项与观测误差合并为 total error covariance，显式进入 hierarchical MCMC likelihood；这不是只报误差表，而是真正传播到反演。后验均值、可信区间／实现又与 synthetic truth 和高保真模拟逐项比较，构成后验检查。因此不确定性得分 4；但尚未形成现场阈值或运行决策。。复核信心：high。,全文明确评价了校准、覆盖率、可靠性或后验预测表现，满足已校准／后验检查类别。因此最终编码为“calibrated_or_posterior_checked”；原锁定值“legacy_uncertainty_calibration_or_posterior_check”在本行全文证据及当前 Codebook 边界下不采用。,Xiaoyang Zhang (XZ),Yangqi Ma (YM),2026-07-29,2026-07-30,outputs\wp8_ijggc_v2_2026-07-30\IJGGC_V2_INDEPENDENT_REVIEW_FINALIZED_LOCKED.xlsx,prior26
Leong2024_SeisCO2Net,uncertainty_calibration_category,not_reported,not_reported,not_reported,independent_exact_agreement_retained,no,SeisCO2Net 先以合成地震–饱和度对训练，再直接用于 Frio-II 计划注入试验的时移地震资料，反演注入后 CO₂ 饱和度；这是单一受控现场评价，也是明确的 synthetic-to-field 分布外测试，但不是跨多个场地验证。工作流含岩石物理／正演一致性检查并与现场时移响应比较。20 组权重产生的标准差只表示模型集合离散度，未检验覆盖率或后验可靠性，故不记校准；该网络是直接反演器而非代理进入另一决策模型，代理误差传播不适用。,,Reviewer and locked coding agreed exactly; the locked value was retained.,Xiaoyang Zhang (XZ),Yangqi Ma (YM),2026-07-29,2026-07-30,outputs\wp8_ijggc_v2_2026-07-30\IJGGC_V2_INDEPENDENT_REVIEW_FINALIZED_LOCKED.xlsx,prior26
Wang2025_4DHistoryMatching,uncertainty_calibration_category,calibrated_or_posterior_checked,legacy_uncertainty_calibration_or_posterior_check,calibrated_or_posterior_checked,author_adjudicated_disagreement,yes,全文为合成 4D 地震／监测井历史匹配，数据与测试均来自同一地质先验，没有现场或 OOD。关键证据在误差模型：作者从独立测试集估计 surrogate model error 的均值／协方差，并与观测噪声合并为 total error covariance，直接进入 MCMC likelihood；因此代理误差已传播到反演。多组 synthetic truth 下又比较后验预测、可信区间与高保真结果，属于明确后验检查。不确定性因此为 4，且已接近可用于监测更新，但仍缺现场运行阈值。,核查字段：不确定性校准／后验预测检查。全文页码／章节：PDF pp.1–5、11–22（合成 4D 地震历史匹配）；pp.32–46（代理误差协方差、MCMC 与后验检查）。全文证据：全文为合成 4D 地震／监测井历史匹配，数据与测试均来自同一地质先验，没有现场或 OOD。关键证据在误差模型：作者从独立测试集估计 surrogate model error 的均值／协方差，并与观测噪声合并为 total error covariance，直接进入 MCMC likelihood；因此代理误差已传播到反演。多组 synthetic truth 下又比较后验预测、可信区间与高保真结果，属于明确后验检查。不确定性因此为 4，且已接近可用于监测更新，但仍缺现场运行阈值。。复核信心：high。,全文明确评价了校准、覆盖率、可靠性或后验预测表现，满足已校准／后验检查类别。因此最终编码为“calibrated_or_posterior_checked”；原锁定值“legacy_uncertainty_calibration_or_posterior_check”在本行全文证据及当前 Codebook 边界下不采用。,Xiaoyang Zhang (XZ),Yangqi Ma (YM),2026-07-29,2026-07-30,outputs\wp8_ijggc_v2_2026-07-30\IJGGC_V2_INDEPENDENT_REVIEW_FINALIZED_LOCKED.xlsx,prior26
ESR_Wang2024_089,uncertainty_calibration_category,deterministic_or_confirmed_absent,not_reported,deterministic_or_confirmed_absent,author_adjudicated_disagreement,yes,数据来自 Illinois Basin 同一场址的 IBDP 与 ICCS：IBDP 注入约 100 万吨，ICCS 自 2017 年计划注入；PNX 在注入后多时次测井，ML 直接估计现场 CO₂ 饱和度，故为现场工作流且确实评价了计划注入数据。模型用常规训练／测试留出，文中只称 testing dataset unseen，未按井、项目或地质背景留出，所以不是 OOD／跨场地验证。没有概率区间、校准或后验检查；SIGM、WPRE 等物理敏感特征支持有限物理解释，但未编码控制方程。,核查字段：不确定性校准／后验预测检查。全文页码／章节：PDF pp.1–14（IBDP／ICCS 注入与现场测井数据）；pp.22–36（随机测试、结果与结论）。全文证据：数据来自 Illinois Basin 同一场址的 IBDP 与 ICCS：IBDP 注入约 100 万吨，ICCS 自 2017 年计划注入；PNX 在注入后多时次测井，ML 直接估计现场 CO₂ 饱和度，故为现场工作流且确实评价了计划注入数据。模型用常规训练／测试留出，文中只称 testing dataset unseen，未按井、项目或地质背景留出，所以不是 OOD／跨场地验证。没有概率区间、校准或后验检查；SIGM、WPRE 等物理敏感特征支持有限物理解释，但未编码控制方程。。复核信心：high。,方法给出确定性结果，或仅报告未校准的方差、区间、敏感性或模型集合；这些证据不等于校准。因此最终编码为“deterministic_or_confirmed_absent”；原锁定值“not_reported”在本行全文证据及当前 Codebook 边界下不采用。,Xiaoyang Zhang (XZ),Yangqi Ma (YM),2026-07-29,2026-07-30,outputs\wp8_ijggc_v2_2026-07-30\IJGGC_V2_INDEPENDENT_REVIEW_FINALIZED_LOCKED.xlsx,prior26
Jiang2024_DSIHistoryMatching,uncertainty_calibration_category,calibrated_or_posterior_checked,not_reported,calibrated_or_posterior_checked,author_adjudicated_disagreement,yes,研究在同一先验生成的合成储层上做 DSI 历史匹配，无现场、计划注入、跨场地或显式 OOD。作者不只展示区间，而是在五个 synthetic true models 上计算预测区间的 coverage probability，并与目标覆盖水平比较，构成明确的区间可靠性／后验检查，故不确定性为 3。物理一致性由流动模拟输出、时空参数化及真值诊断支持。AAE 用于数据空间参数化，并不是一个带误差项的前向代理进入优化或决策，因此代理误差传播记 not_applicable。,核查字段：不确定性校准／后验预测检查。全文页码／章节：PDF pp.1–11（合成 DSI 与数据参数化）；pp.13–29（五个真值、coverage probability 与结论）。全文证据：研究在同一先验生成的合成储层上做 DSI 历史匹配，无现场、计划注入、跨场地或显式 OOD。作者不只展示区间，而是在五个 synthetic true models 上计算预测区间的 coverage probability，并与目标覆盖水平比较，构成明确的区间可靠性／后验检查，故不确定性为 3。物理一致性由流动模拟输出、时空参数化及真值诊断支持。AAE 用于数据空间参数化，并不是一个带误差项的前向代理进入优化或决策，因此代理误差传播记 not_applicable。。复核信心：high。,全文明确评价了校准、覆盖率、可靠性或后验预测表现，满足已校准／后验检查类别。因此最终编码为“calibrated_or_posterior_checked”；原锁定值“not_reported”在本行全文证据及当前 Codebook 边界下不采用。,Xiaoyang Zhang (XZ),Yangqi Ma (YM),2026-07-29,2026-07-30,outputs\wp8_ijggc_v2_2026-07-30\IJGGC_V2_INDEPENDENT_REVIEW_FINALIZED_LOCKED.xlsx,prior26
TARGET_JointInversion2023_2022JB025372,uncertainty_calibration_category,not_reported,not_reported,not_reported,independent_exact_agreement_retained,no,联合地震／电磁反演在场地尺度合成监测数据上演示，没有现场注入资料或跨场地测试；测试模型仍来自同一生成设置。可微岩石物理、波动／电磁正演与联合损失显式进入网络，故物理一致性为 4。BNN 输出后验样本并展示均值／离散度，但未报告覆盖率、校准曲线或系统后验预测检验；作者把与完整 MCMC 的基准比较列为未来工作，故不记已校准。该网络本身就是反演模型，不存在另一个代理误差向下游传播的问题。,,Reviewer and locked coding agreed exactly; the locked value was retained.,Xiaoyang Zhang (XZ),Yangqi Ma (YM),2026-07-29,2026-07-30,outputs\wp8_ijggc_v2_2026-07-30\IJGGC_V2_INDEPENDENT_REVIEW_FINALIZED_LOCKED.xlsx,prior26
Zhong2019_PressureAnomaly,uncertainty_calibration_category,not_reported,not_reported,not_reported,independent_exact_agreement_retained,no,摘要明确：模型以无泄漏 base experiment 的井底压力训练，再在“一系列 controlled CO2 release experiments”上测试；现场试验在 Cranfield 通过 F3 以 60 kg／min 人工采出 CO₂ 形成已知泄漏事件。故为受控现场评价，且 nominal-to-leak 是显式异常分布测试，但仅一个场地。模型用 1000 次实现形成预测区间，并以 1σ／2σ／3σ 阈值直接判定异常；虽然未验证名义覆盖率，不能记校准，但不确定性确已进入现场报警决策，故不确定性与决策就绪度均为 4。,,Reviewer and locked coding agreed exactly; the locked value was retained.,Xiaoyang Zhang (XZ),Yangqi Ma (YM),2026-07-29,2026-07-30,outputs\wp8_ijggc_v2_2026-07-30\IJGGC_V2_INDEPENDENT_REVIEW_FINALIZED_LOCKED.xlsx,prior26
Lin2020_PressureLeakage,uncertainty_calibration_category,not_reported,not_reported,not_reported,independent_exact_agreement_retained,no,Cranfield HPT 现场数据包含基线试验和通过 F3 地面阀形成的人工泄漏试验。作者明确“models are not trained on the leak test data”；模型只学 150-min 基线，再以 90-min 泄漏作为异常测试，因此是受控释放且为 nominal-to-leak OOD。固定 squared-error 阈值 1e-03 产生早期报警，形成可审计的现场决策链。20 个网络实现只用于汇总平均 MSE／计算时间，所谓 confidence 未做覆盖或可靠性检查，故校准不成立、不确定性仅记 1。没有跨场地实验。,,Reviewer and locked coding agreed exactly; the locked value was retained.,Xiaoyang Zhang (XZ),Yangqi Ma (YM),2026-07-29,2026-07-30,outputs\wp8_ijggc_v2_2026-07-30\IJGGC_V2_INDEPENDENT_REVIEW_FINALIZED_LOCKED.xlsx,prior26
Baek2023_WellboreLeakage,uncertainty_calibration_category,not_reported,not_reported,not_reported,independent_exact_agreement_retained,no,深度学习井筒 ROM 由 STOMP–CO₂ 数值模拟训练，采用随机 0.70／0.20／0.10 训练–验证–测试；应用案例仍是 homogeneous synthetic reservoir 与 hypothetical leaky wells，故无现场或 OOD。Darcy 驱动力等物理特征、分类–回归分解和模拟器对照支持物理诊断。500 个不确定井属性实现给出累计泄漏 P25／P50／P75，并面向许可风险，属于概率 UQ。作者承认 one-way coupling 会产生误差，但该误差没有进入风险分布或决策，故不记代理误差传播。,,Reviewer and locked coding agreed exactly; the locked value was retained.,Xiaoyang Zhang (XZ),Yangqi Ma (YM),2026-07-29,2026-07-30,outputs\wp8_ijggc_v2_2026-07-30\IJGGC_V2_INDEPENDENT_REVIEW_FINALIZED_LOCKED.xlsx,prior26
ESR_Tang2022_226,uncertainty_calibration_category,legacy_uncertainty_calibration_or_posterior_check,legacy_uncertainty_calibration_or_posterior_check,legacy_uncertainty_calibration_or_posterior_check,independent_exact_agreement_retained,no,全文采用 commercial-scale 3D synthetic case，结论强调 displacement maps were synthetic，故无现场或受控注入评价。两个 R–U–Net 只用 1、2、5、10 年结果训练，却在 12、16 年预测，并明确称“acceptable extrapolation ... up to 16 years”，构成时间 OOD；不是跨场地。ES–MDA 后验压力／位移集合的均值、标准差与 synthetic truth 在观测时刻和未来时刻比较，属于后验预测检查。似然／更新协方差只描述 measurement error，未加入 R–U–Net 代理误差，故不记误差传播。流动–地质力学耦合由 GEOSX 与跨场预测支持。,,Reviewer and locked coding agreed exactly; the locked value was retained.,Xiaoyang Zhang (XZ),Yangqi Ma (YM),2026-07-29,2026-07-30,outputs\wp8_ijggc_v2_2026-07-30\IJGGC_V2_INDEPENDENT_REVIEW_FINALIZED_LOCKED.xlsx,prior26
ESR_Meng2025_211,uncertainty_calibration_category,deterministic_or_confirmed_absent,legacy_uncertainty_calibration_or_posterior_check,deterministic_or_confirmed_absent,author_adjudicated_disagreement,yes,研究明确使用“synthetic case reservoir model”；CMG–GEM 耦合组分流动与地质力学，并以 Mohr–Coulomb／滑移趋势描述断层再活化，物理一致性为 4。每个含水率场景的 1000 个 LHS 样本随机分成 80% 训练与 20% blind testing，仍是同分布，且没有现场／跨地质验证。论文统计误差分布并发现含水率 >0.9 时 FSD 误差不满足 ±20% 要求，但没有校准预测区间。随后只把优化范围限制到 ≤0.9，未把代理误差作为 Pareto 目标／约束的不确定性传播，故仍记 confirmed_absent。,核查字段：不确定性校准／后验预测检查。全文页码／章节：PDF pp.3–7（合成耦合模型、Mohr–Coulomb 与数据）；pp.11–20（随机盲测、误差、Pareto 优化与局限）。全文证据：研究明确使用“synthetic case reservoir model”；CMG–GEM 耦合组分流动与地质力学，并以 Mohr–Coulomb／滑移趋势描述断层再活化，物理一致性为 4。每个含水率场景的 1000 个 LHS 样本随机分成 80% 训练与 20% blind testing，仍是同分布，且没有现场／跨地质验证。论文统计误差分布并发现含水率 >0.9 时 FSD 误差不满足 ±20% 要求，但没有校准预测区间。随后只把优化范围限制到 ≤0.9，未把代理误差作为 Pareto 目标／约束的不确定性传播，故仍记 confirmed_absent。。复核信心：high。,方法给出确定性结果，或仅报告未校准的方差、区间、敏感性或模型集合；这些证据不等于校准。因此最终编码为“deterministic_or_confirmed_absent”；原锁定值“legacy_uncertainty_calibration_or_posterior_check”在本行全文证据及当前 Codebook 边界下不采用。,Xiaoyang Zhang (XZ),Yangqi Ma (YM),2026-07-29,2026-07-30,outputs\wp8_ijggc_v2_2026-07-30\IJGGC_V2_INDEPENDENT_REVIEW_FINALIZED_LOCKED.xlsx,prior26
Arafath2025_MalayBasinML,surrogate_error_propagation_category,not_applicable,not_applicable,not_applicable,independent_exact_agreement_retained,no,"原文说明使用 X field 的“petrophysical data, well records, and core data”，模型结果与该场地岩心／测井解释相对照，故为单场地现场观测比较。数据采用 80%／10%／10% 划分及交叉验证，属于同分布测试而非 OOD。文中把“field-scale validation ... using pilot CO2 injection tests”列为未来工作，故没有受控注入验证；也未报告不确定性校准或需要传播的下游代理误差。物理得分来自 Archie 等简化岩石物理／测井约束。",,Reviewer and locked coding agreed exactly; the locked value was retained.,Xiaoyang Zhang (XZ),Yangqi Ma (YM),2026-07-29,2026-07-30,outputs\wp8_ijggc_v2_2026-07-30\IJGGC_V2_INDEPENDENT_REVIEW_FINALIZED_LOCKED.xlsx,prior26
ESR_Vishal2025_213,surrogate_error_propagation_category,not_applicable,not_reported,not_applicable,author_adjudicated_disagreement,yes,论文称数据来自 Cauvery Basin 的二维／三维地震与勘探井测井，并用 Well X-42 岩心数据验证，故记为现场观测比较；但 p.16 明言“lack of any real-time field validation”，不能记成注入工作流现场验证。p.14–15 仅笼统称对“independent offshore subsets”交叉验证、R²下降 5%–10%，未交代训练区域、留出规则或地质差异，故 OOD 与跨地质测试均记 unclear。95% 置信区间由残差标准误得到，但没有覆盖率／可靠性检验；BNN 被列为未来工作，故不记校准。,核查字段：代理模型误差传播。全文页码／章节：PDF pp.4–6（数据与训练）；pp.9–12（现场数据比较与区间）；pp.14–17（局限）。全文证据：论文称数据来自 Cauvery Basin 的二维／三维地震与勘探井测井，并用 Well X-42 岩心数据验证，故记为现场观测比较；但 p.16 明言“lack of any real-time field validation”，不能记成注入工作流现场验证。p.14–15 仅笼统称对“independent offshore subsets”交叉验证、R²下降 5%–10%，未交代训练区域、留出规则或地质差异，故 OOD 与跨地质测试均记 unclear。95% 置信区间由残差标准误得到，但没有覆盖率／可靠性检验；BNN 被列为未来工作，故不记校准。。复核信心：medium。,该工作没有把代理模型嵌入反演、优化或储层决策链，因此不存在需要评价的下游误差传播环节。因此最终编码为“not_applicable”；原锁定值“not_reported”在本行全文证据及当前 Codebook 边界下不采用。,Xiaoyang Zhang (XZ),Yangqi Ma (YM),2026-07-29,2026-07-30,outputs\wp8_ijggc_v2_2026-07-30\IJGGC_V2_INDEPENDENT_REVIEW_FINALIZED_LOCKED.xlsx,prior26
ESR_Wu2025_042,surrogate_error_propagation_category,confirmed_absent,not_reported,confirmed_absent,author_adjudicated_disagreement,yes,"常规训练／测试来自合成汇编数据；结论亦承认“current training data relies on synthetic datasets”。显式盲测把韩国 Gorae V 盆地参数送入 CMG–GEM，并与训练好的 XGBoost 对比（RTI／STI 拟合约 98.53%／96.48%），属于跨地质背景的模拟 OOD，不是现场跨场地验证。100,000 次 Monte Carlo 给出 TEI 分布，但没有名义覆盖率或后验预测校验。模型 RMSE 与 Williams 图只评估代理误差，NSGA–II 目标中未纳入该误差，故不记误差传播。SHAP 趋势与 Henry’s law 对照，支持简化物理一致性。","核查字段：代理模型误差传播。全文页码／章节：PDF pp.17–26（数据与常规划分）；pp.29–35（Gorae V 盲测、Monte Carlo 与结论）。全文证据：常规训练／测试来自合成汇编数据；结论亦承认“current training data relies on synthetic datasets”。显式盲测把韩国 Gorae V 盆地参数送入 CMG–GEM，并与训练好的 XGBoost 对比（RTI／STI 拟合约 98.53%／96.48%），属于跨地质背景的模拟 OOD，不是现场跨场地验证。100,000 次 Monte Carlo 给出 TEI 分布，但没有名义覆盖率或后验预测校验。模型 RMSE 与 Williams 图只评估代理误差，NSGA–II 目标中未纳入该误差，故不记误差传播。SHAP 趋势与 Henry’s law 对照，支持简化物理一致性。。复核信心：high。",代理模型用于后续分析，但只报告基准误差或事后高保真复核，误差未进入目标、似然、约束或决策量。因此最终编码为“confirmed_absent”；原锁定值“not_reported”在本行全文证据及当前 Codebook 边界下不采用。,Xiaoyang Zhang (XZ),Yangqi Ma (YM),2026-07-29,2026-07-30,outputs\wp8_ijggc_v2_2026-07-30\IJGGC_V2_INDEPENDENT_REVIEW_FINALIZED_LOCKED.xlsx,prior26
ESR_Chan2024_124,surrogate_error_propagation_category,confirmed_absent,not_reported,confirmed_absent,author_adjudicated_disagreement,yes,所谓 IBDP field application 实际以场地模型的 ECLIPSE 模拟结果训练／评价 ML，没有与现场观测或注入数据对照。模型以粗网格数据训练并在原始细网格预测，且用 E300 细网格结果验证，属于明确的跨分辨率 OOD。作者同时指出代理为“pure data-driven”且不保证物理连续性，但对压力／饱和度场及选定优化方案进行了高保真模拟诊断。优化后仅把所选方案重新送入 E300；代理误差没有进入 MOGA 目标或约束，因此这是事后复核而不是误差传播。,核查字段：代理模型误差传播。全文页码／章节：PDF pp.5–8（合成测试、IBDP 模型与跨分辨率训练）；pp.9–11（优化与高保真复核）。全文证据：所谓 IBDP field application 实际以场地模型的 ECLIPSE 模拟结果训练／评价 ML，没有与现场观测或注入数据对照。模型以粗网格数据训练并在原始细网格预测，且用 E300 细网格结果验证，属于明确的跨分辨率 OOD。作者同时指出代理为“pure data-driven”且不保证物理连续性，但对压力／饱和度场及选定优化方案进行了高保真模拟诊断。优化后仅把所选方案重新送入 E300；代理误差没有进入 MOGA 目标或约束，因此这是事后复核而不是误差传播。。复核信心：high。,代理模型用于后续分析，但只报告基准误差或事后高保真复核，误差未进入目标、似然、约束或决策量。因此最终编码为“confirmed_absent”；原锁定值“not_reported”在本行全文证据及当前 Codebook 边界下不采用。,Xiaoyang Zhang (XZ),Yangqi Ma (YM),2026-07-29,2026-07-30,outputs\wp8_ijggc_v2_2026-07-30\IJGGC_V2_INDEPENDENT_REVIEW_FINALIZED_LOCKED.xlsx,prior26
TARGET_DRLGeoRisk2026_214483,surrogate_error_propagation_category,confirmed_absent,not_reported,confirmed_absent,author_adjudicated_disagreement,yes,研究使用基于 Aquistore 的条件地质统计实现及 820 个耦合流动–地质力学模拟，不是现场观测验证。独立验证实现被明确描述为“previously unseen realizations drawn from the same uncertainty distribution”，所以虽未见样本但仍是同分布，不能算 OOD。1000 个地质实现与域随机化用于稳健策略学习，但未做区间覆盖或校准。GRU–FNO 的误差只在附录／验证中报告，未作为奖励、约束或策略不确定性项传播。43 MPa 高风险压力线和边界泄漏惩罚直接进入控制目标，故决策就绪度较高但仍是 proof of concept。,核查字段：代理模型误差传播。全文页码／章节：PDF pp.1–7（Aquistore 场地模型、代理与域随机化）；pp.11–15（验证、阈值与局限）。全文证据：研究使用基于 Aquistore 的条件地质统计实现及 820 个耦合流动–地质力学模拟，不是现场观测验证。独立验证实现被明确描述为“previously unseen realizations drawn from the same uncertainty distribution”，所以虽未见样本但仍是同分布，不能算 OOD。1000 个地质实现与域随机化用于稳健策略学习，但未做区间覆盖或校准。GRU–FNO 的误差只在附录／验证中报告，未作为奖励、约束或策略不确定性项传播。43 MPa 高风险压力线和边界泄漏惩罚直接进入控制目标，故决策就绪度较高但仍是 proof of concept。。复核信心：high。,代理模型用于后续分析，但只报告基准误差或事后高保真复核，误差未进入目标、似然、约束或决策量。因此最终编码为“confirmed_absent”；原锁定值“not_reported”在本行全文证据及当前 Codebook 边界下不采用。,Xiaoyang Zhang (XZ),Yangqi Ma (YM),2026-07-29,2026-07-30,outputs\wp8_ijggc_v2_2026-07-30\IJGGC_V2_INDEPENDENT_REVIEW_FINALIZED_LOCKED.xlsx,prior26
ESR_RefNone_173,surrogate_error_propagation_category,not_applicable,not_reported,not_applicable,author_adjudicated_disagreement,yes,训练标签来自已发表的 CO2–水／盐水溶解度实验数据库，因此是实验室／受控证据而非储层现场验证或计划注入评价。全文采用随机 80%／20% 训练–测试划分，没有独立范围、场地或地质背景留出。网络给出点预测与常规误差指标，未见概率校准、后验预测检查或下游代理决策链。物理关系主要由温度、压力、盐度等输入及文献机理继承，未显式施加守恒／热力学约束。,"核查字段：代理模型误差传播。全文页码／章节：PDF pp.1, 5–13（实验数据库、模型、80／20 划分与结果）。全文证据：训练标签来自已发表的 CO2–水／盐水溶解度实验数据库，因此是实验室／受控证据而非储层现场验证或计划注入评价。全文采用随机 80%／20% 训练–测试划分，没有独立范围、场地或地质背景留出。网络给出点预测与常规误差指标，未见概率校准、后验预测检查或下游代理决策链。物理关系主要由温度、压力、盐度等输入及文献机理继承，未显式施加守恒／热力学约束。。复核信心：high。",该工作没有把代理模型嵌入反演、优化或储层决策链，因此不存在需要评价的下游误差传播环节。因此最终编码为“not_applicable”；原锁定值“not_reported”在本行全文证据及当前 Codebook 边界下不采用。,Xiaoyang Zhang (XZ),Yangqi Ma (YM),2026-07-29,2026-07-30,outputs\wp8_ijggc_v2_2026-07-30\IJGGC_V2_INDEPENDENT_REVIEW_FINALIZED_LOCKED.xlsx,prior26
Wen2021_CCSNet,surrogate_error_propagation_category,confirmed_absent,not_reported,confirmed_absent,author_adjudicated_disagreement,yes,CCSNet 全部以 ECLIPSE 合成模拟训练；“training/validation data split is 10/1”，验证样本仍在同一参数采样域内，故无现场、受控注入或 OOD。模型对压力、饱和度、相组成等多物理输出做了模拟器对照和误差空间诊断，物理一致性高于仅报告网络精度。均值、标准差、误差直方图及经验回归误差项没有覆盖率／可靠性检验，故不记校准。CCSNet 又被用于生成筛选用 sweep／溶解度指标，但代理误差没有进入这些派生估计或决策。,核查字段：代理模型误差传播。全文页码／章节：PDF pp.5–15（全物理模拟、10∶1 划分与验证）；pp.20–23、31–32（筛选应用、随机划分与误差项）。全文证据：CCSNet 全部以 ECLIPSE 合成模拟训练；“training/validation data split is 10/1”，验证样本仍在同一参数采样域内，故无现场、受控注入或 OOD。模型对压力、饱和度、相组成等多物理输出做了模拟器对照和误差空间诊断，物理一致性高于仅报告网络精度。均值、标准差、误差直方图及经验回归误差项没有覆盖率／可靠性检验，故不记校准。CCSNet 又被用于生成筛选用 sweep／溶解度指标，但代理误差没有进入这些派生估计或决策。。复核信心：high。,代理模型用于后续分析，但只报告基准误差或事后高保真复核，误差未进入目标、似然、约束或决策量。因此最终编码为“confirmed_absent”；原锁定值“not_reported”在本行全文证据及当前 Codebook 边界下不采用。,Xiaoyang Zhang (XZ),Yangqi Ma (YM),2026-07-29,2026-07-30,outputs\wp8_ijggc_v2_2026-07-30\IJGGC_V2_INDEPENDENT_REVIEW_FINALIZED_LOCKED.xlsx,prior26
ESR_Liu2025_121,surrogate_error_propagation_category,not_applicable,not_reported,not_applicable,author_adjudicated_disagreement,yes,该文件只有一页海报，说明 physics-coupled ML toolset、CRM 与储量／注入绩效用途，但没有给出数据来源、训练–测试方案、现场对照、受控注入评价、OOD、跨场地实验或不确定性校准结果；海报还把 cross-validation／进一步验证描述为 ongoing。按规则，缺报不能填 0，相关评分记 not reported。物理得分仅反映已陈述的简化耦合框架；不能据项目背景推断现场验证。,核查字段：代理模型误差传播。全文页码／章节：PDF p.1（单页会议海报全文）。全文证据：该文件只有一页海报，说明 physics-coupled ML toolset、CRM 与储量／注入绩效用途，但没有给出数据来源、训练–测试方案、现场对照、受控注入评价、OOD、跨场地实验或不确定性校准结果；海报还把 cross-validation／进一步验证描述为 ongoing。按规则，缺报不能填 0，相关评分记 not reported。物理得分仅反映已陈述的简化耦合框架；不能据项目背景推断现场验证。。复核信心：low。,该工作没有把代理模型嵌入反演、优化或储层决策链，因此不存在需要评价的下游误差传播环节。因此最终编码为“not_applicable”；原锁定值“not_reported”在本行全文证据及当前 Codebook 边界下不采用。,Xiaoyang Zhang (XZ),Yangqi Ma (YM),2026-07-29,2026-07-30,outputs\wp8_ijggc_v2_2026-07-30\IJGGC_V2_INDEPENDENT_REVIEW_FINALIZED_LOCKED.xlsx,prior26
Shokouhi2021_PhysicsInformedSite,surrogate_error_propagation_category,not_applicable,not_reported,not_applicable,author_adjudicated_disagreement,yes,全文材料展示的是基于数值场的 physics-informed deep learning：损失中加入控制方程／边界条件并预测 CO₂ 储层响应；未出现现场观测、计划注入数据或跨场地评价。材料没有充分交代训练–测试留出方式，故 OOD 记 not_reported，而不是据沉默填 0；明确只有单一模拟设置，跨场地记 confirmed_absent。输出为确定性结果，没有校准或后验检查；该工作没有把代理嵌入反演／优化／决策链，代理误差传播不适用。,核查字段：代理模型误差传播。全文页码／章节：PDF pp.1–10（全文幻灯片：问题、PINN 架构、模拟结果与结论）。全文证据：全文材料展示的是基于数值场的 physics-informed deep learning：损失中加入控制方程／边界条件并预测 CO₂ 储层响应；未出现现场观测、计划注入数据或跨场地评价。材料没有充分交代训练–测试留出方式，故 OOD 记 not_reported，而不是据沉默填 0；明确只有单一模拟设置，跨场地记 confirmed_absent。输出为确定性结果，没有校准或后验检查；该工作没有把代理嵌入反演／优化／决策链，代理误差传播不适用。。复核信心：high。,该工作没有把代理模型嵌入反演、优化或储层决策链，因此不存在需要评价的下游误差传播环节。因此最终编码为“not_applicable”；原锁定值“not_reported”在本行全文证据及当前 Codebook 边界下不采用。,Xiaoyang Zhang (XZ),Yangqi Ma (YM),2026-07-29,2026-07-30,outputs\wp8_ijggc_v2_2026-07-30\IJGGC_V2_INDEPENDENT_REVIEW_FINALIZED_LOCKED.xlsx,prior26
ESR_Pawar2023_168,surrogate_error_propagation_category,not_applicable,not_reported,not_applicable,author_adjudicated_disagreement,yes,论文用数值模拟生成的压力／饱和度场训练 FNO，并在同一合成数据生成机制的留出样本上报告误差；没有现场观测、计划注入数据、跨场地或明确分布外设置。FNO 未嵌入物理方程，物理性主要继承自训练模拟器；也未报告概率校准。本文只评价快速前向预测，没有实施反演、优化或储层决策，因此代理误差传播记 not_applicable。,核查字段：代理模型误差传播。全文页码／章节：PDF pp.1–5（全文：模拟数据、FNO 训练／测试与结果）。全文证据：论文用数值模拟生成的压力／饱和度场训练 FNO，并在同一合成数据生成机制的留出样本上报告误差；没有现场观测、计划注入数据、跨场地或明确分布外设置。FNO 未嵌入物理方程，物理性主要继承自训练模拟器；也未报告概率校准。本文只评价快速前向预测，没有实施反演、优化或储层决策，因此代理误差传播记 not_applicable。。复核信心：high。,该工作没有把代理模型嵌入反演、优化或储层决策链，因此不存在需要评价的下游误差传播环节。因此最终编码为“not_applicable”；原锁定值“not_reported”在本行全文证据及当前 Codebook 边界下不采用。,Xiaoyang Zhang (XZ),Yangqi Ma (YM),2026-07-29,2026-07-30,outputs\wp8_ijggc_v2_2026-07-30\IJGGC_V2_INDEPENDENT_REVIEW_FINALIZED_LOCKED.xlsx,prior26
Zhang2021_LearningInversionFreeForecast,surrogate_error_propagation_category,not_applicable,not_reported,not_applicable,author_adjudicated_disagreement,yes,"研究明确为单个合成场景，观测来自一个 geomodel；p.11 还写明“To avoid extrapolation, LIP requires the observation data to lie inside of the prior samples”，故无 OOD 或跨场地测试。Bayesian LIP 给出预测场的后验均值／标准差，并在三个 synthetic truth 上逐图比较后验预测与真值，属于后验预测检查；但没有现场数据。LIP 是直接的观测–预测统计映射，不是另一个代理进入下游反演／优化的误差项，故代理误差传播记 not_applicable。","核查字段：代理模型误差传播。全文页码／章节：PDF pp.3–6（合成模型与 Bayesian LIP）；pp.8–11（后验–真值对照、限制与结论）。全文证据：研究明确为单个合成场景，观测来自一个 geomodel；p.11 还写明“To avoid extrapolation, LIP requires the observation data to lie inside of the prior samples”，故无 OOD 或跨场地测试。Bayesian LIP 给出预测场的后验均值／标准差，并在三个 synthetic truth 上逐图比较后验预测与真值，属于后验预测检查；但没有现场数据。LIP 是直接的观测–预测统计映射，不是另一个代理进入下游反演／优化的误差项，故代理误差传播记 not_applicable。。复核信心：high。",该工作没有把代理模型嵌入反演、优化或储层决策链，因此不存在需要评价的下游误差传播环节。因此最终编码为“not_applicable”；原锁定值“not_reported”在本行全文证据及当前 Codebook 边界下不采用。,Xiaoyang Zhang (XZ),Yangqi Ma (YM),2026-07-29,2026-07-30,outputs\wp8_ijggc_v2_2026-07-30\IJGGC_V2_INDEPENDENT_REVIEW_FINALIZED_LOCKED.xlsx,prior26
ESR_Kadeethum2024_128,surrogate_error_propagation_category,not_applicable,not_reported,not_applicable,author_adjudicated_disagreement,yes,虽以 IBDP 场地数据建立 Eclipse 实现，但 ML 仅与多相流模拟结果对比，未评价现场观测或实际注入记录。90 个训练、10 个测试实现采用 uniform division，且作者特意保证测试输入均值／标准差“不偏离训练特征”，所以是同分布测试而非 OOD。INO 为数据驱动 ROM，论文把 physics-informed integration 列为未来方向；无不确定性校准，也没有实际反演／优化／决策环节，故代理误差传播不适用。,核查字段：代理模型误差传播。全文页码／章节：PDF pp.5–7（IBDP 模拟数据与划分）；pp.8–13（测试、局限与结论）。全文证据：虽以 IBDP 场地数据建立 Eclipse 实现，但 ML 仅与多相流模拟结果对比，未评价现场观测或实际注入记录。90 个训练、10 个测试实现采用 uniform division，且作者特意保证测试输入均值／标准差“不偏离训练特征”，所以是同分布测试而非 OOD。INO 为数据驱动 ROM，论文把 physics-informed integration 列为未来方向；无不确定性校准，也没有实际反演／优化／决策环节，故代理误差传播不适用。。复核信心：high。,该工作没有把代理模型嵌入反演、优化或储层决策链，因此不存在需要评价的下游误差传播环节。因此最终编码为“not_applicable”；原锁定值“not_reported”在本行全文证据及当前 Codebook 边界下不采用。,Xiaoyang Zhang (XZ),Yangqi Ma (YM),2026-07-29,2026-07-30,outputs\wp8_ijggc_v2_2026-07-30\IJGGC_V2_INDEPENDENT_REVIEW_FINALIZED_LOCKED.xlsx,prior26
Wen2023_NestedFNO,surrogate_error_propagation_category,confirmed_absent,not_reported,confirmed_absent,author_adjudicated_disagreement,yes,Nested FNO 用半自适应局部网格数值模拟训练，测试仍从训练参数范围抽样；方法部分明确要求输入“within the training data sampling ranges”，故没有显式 OOD 或跨场地测试。1000 个同一统计分布的渗透率实现用于给出最大压力与羽流足迹的概率分布，可支持用地／监测设计，属于概率 UQ；但 95% error band 是代理误差描述，没有覆盖率校准。分层网络专门分析并减轻误差累积，但未把剩余代理误差作为风险／决策不确定性传播。,核查字段：代理模型误差传播。全文页码／章节：PDF pp.1–5（合成训练、同域测试与概率评估）；pp.6–8（范围限制、误差累积与微调）。全文证据：Nested FNO 用半自适应局部网格数值模拟训练，测试仍从训练参数范围抽样；方法部分明确要求输入“within the training data sampling ranges”，故没有显式 OOD 或跨场地测试。1000 个同一统计分布的渗透率实现用于给出最大压力与羽流足迹的概率分布，可支持用地／监测设计，属于概率 UQ；但 95% error band 是代理误差描述，没有覆盖率校准。分层网络专门分析并减轻误差累积，但未把剩余代理误差作为风险／决策不确定性传播。。复核信心：high。,代理模型用于后续分析，但只报告基准误差或事后高保真复核，误差未进入目标、似然、约束或决策量。因此最终编码为“confirmed_absent”；原锁定值“not_reported”在本行全文证据及当前 Codebook 边界下不采用。,Xiaoyang Zhang (XZ),Yangqi Ma (YM),2026-07-29,2026-07-30,outputs\wp8_ijggc_v2_2026-07-30\IJGGC_V2_INDEPENDENT_REVIEW_FINALIZED_LOCKED.xlsx,prior26
Mo2018_EncoderDecoderUQ,surrogate_error_propagation_category,confirmed_absent,not_reported,confirmed_absent,author_adjudicated_disagreement,yes,"全部样本来自相同随机介质／多相流模拟分布，无现场、计划注入、跨场地或显式 OOD。编码器–解码器代理生成 Monte Carlo 输出分布，并把概率密度、均值和方差与 20,000 次高保真 Monte Carlo 参考逐项对照，属于对预测不确定性的明确验证／检查，故不确定性为 3。物理一致性来自多相流模拟器对照与时空误差诊断。代理用于 UQ，但其自身逼近误差没有作为独立误差模型传播到决策或反演。","核查字段：代理模型误差传播。全文页码／章节：PDF pp.5–18（合成训练／测试与场量误差）；pp.22–26（Monte Carlo 分布验证与结论）。全文证据：全部样本来自相同随机介质／多相流模拟分布，无现场、计划注入、跨场地或显式 OOD。编码器–解码器代理生成 Monte Carlo 输出分布，并把概率密度、均值和方差与 20,000 次高保真 Monte Carlo 参考逐项对照，属于对预测不确定性的明确验证／检查，故不确定性为 3。物理一致性来自多相流模拟器对照与时空误差诊断。代理用于 UQ，但其自身逼近误差没有作为独立误差模型传播到决策或反演。。复核信心：high。",代理模型用于后续分析，但只报告基准误差或事后高保真复核，误差未进入目标、似然、约束或决策量。因此最终编码为“confirmed_absent”；原锁定值“not_reported”在本行全文证据及当前 Codebook 边界下不采用。,Xiaoyang Zhang (XZ),Yangqi Ma (YM),2026-07-29,2026-07-30,outputs\wp8_ijggc_v2_2026-07-30\IJGGC_V2_INDEPENDENT_REVIEW_FINALIZED_LOCKED.xlsx,prior26
ESR_Zhou2026_127,surrogate_error_propagation_category,not_applicable,not_reported,not_applicable,author_adjudicated_disagreement,yes,模型参数源于中国某海上 CGS 项目，但 300 个样本均由随机地质场与数值模拟生成，并按 240／30／30 同源划分；没有现场观测或计划注入数据评价，也无 OOD／跨场地测试。MRFNO 在损失中施加多尺度一致性与跨场耦合，并以 Verma–Pruess 更新孔隙度–渗透率，顺序耦合流动与地球化学，故物理一致性为 4。论文讨论嵌套网络的误差累积，但未实施反演、优化或决策，不能把跨网络误差累积等同于题目要求的下游代理误差传播。,"核查字段：代理模型误差传播。全文页码／章节：PDF pp.1, 5–13（场地参数、合成数据、物理耦合与随机划分）；pp.18–21（误差与局限）。全文证据：模型参数源于中国某海上 CGS 项目，但 300 个样本均由随机地质场与数值模拟生成，并按 240／30／30 同源划分；没有现场观测或计划注入数据评价，也无 OOD／跨场地测试。MRFNO 在损失中施加多尺度一致性与跨场耦合，并以 Verma–Pruess 更新孔隙度–渗透率，顺序耦合流动与地球化学，故物理一致性为 4。论文讨论嵌套网络的误差累积，但未实施反演、优化或决策，不能把跨网络误差累积等同于题目要求的下游代理误差传播。。复核信心：high。",该工作没有把代理模型嵌入反演、优化或储层决策链，因此不存在需要评价的下游误差传播环节。因此最终编码为“not_applicable”；原锁定值“not_reported”在本行全文证据及当前 Codebook 边界下不采用。,Xiaoyang Zhang (XZ),Yangqi Ma (YM),2026-07-29,2026-07-30,outputs\wp8_ijggc_v2_2026-07-30\IJGGC_V2_INDEPENDENT_REVIEW_FINALIZED_LOCKED.xlsx,prior26
Han2024_HierarchicalMCMC,surrogate_error_propagation_category,propagated_into_inference_or_decision,legacy_surrogate_error_propagation,propagated_into_inference_or_decision,author_adjudicated_disagreement,yes,研究为合成历史匹配，没有现场或跨场地证据，训练／测试实现来自同一先验。关键阳性证据是：用 500 个测试实现估计代理预测误差标准差，并把该项与观测误差合并为 total error covariance，显式进入 hierarchical MCMC likelihood；这不是只报误差表，而是真正传播到反演。后验均值、可信区间／实现又与 synthetic truth 和高保真模拟逐项比较，构成后验检查。因此不确定性得分 4；但尚未形成现场阈值或运行决策。,核查字段：代理模型误差传播。全文页码／章节：PDF pp.1–7、9–17（代理、误差协方差与 hierarchical MCMC）；pp.31–38、41–53（真值与 SI 检查）。全文证据：研究为合成历史匹配，没有现场或跨场地证据，训练／测试实现来自同一先验。关键阳性证据是：用 500 个测试实现估计代理预测误差标准差，并把该项与观测误差合并为 total error covariance，显式进入 hierarchical MCMC likelihood；这不是只报误差表，而是真正传播到反演。后验均值、可信区间／实现又与 synthetic truth 和高保真模拟逐项比较，构成后验检查。因此不确定性得分 4；但尚未形成现场阈值或运行决策。。复核信心：high。,代理误差已显式进入似然、误差协方差、优化约束或决策计算，而非仅在基准测试中报告。因此最终编码为“propagated_into_inference_or_decision”；原锁定值“legacy_surrogate_error_propagation”在本行全文证据及当前 Codebook 边界下不采用。,Xiaoyang Zhang (XZ),Yangqi Ma (YM),2026-07-29,2026-07-30,outputs\wp8_ijggc_v2_2026-07-30\IJGGC_V2_INDEPENDENT_REVIEW_FINALIZED_LOCKED.xlsx,prior26
Leong2024_SeisCO2Net,surrogate_error_propagation_category,not_applicable,not_reported,not_applicable,author_adjudicated_disagreement,yes,SeisCO2Net 先以合成地震–饱和度对训练，再直接用于 Frio-II 计划注入试验的时移地震资料，反演注入后 CO₂ 饱和度；这是单一受控现场评价，也是明确的 synthetic-to-field 分布外测试，但不是跨多个场地验证。工作流含岩石物理／正演一致性检查并与现场时移响应比较。20 组权重产生的标准差只表示模型集合离散度，未检验覆盖率或后验可靠性，故不记校准；该网络是直接反演器而非代理进入另一决策模型，代理误差传播不适用。,核查字段：代理模型误差传播。全文页码／章节：PDF pp.2、8–13（合成训练与岩石物理）；pp.18–29、35–48（Frio-II 现场应用、结果与局限）。全文证据：SeisCO2Net 先以合成地震–饱和度对训练，再直接用于 Frio-II 计划注入试验的时移地震资料，反演注入后 CO₂ 饱和度；这是单一受控现场评价，也是明确的 synthetic-to-field 分布外测试，但不是跨多个场地验证。工作流含岩石物理／正演一致性检查并与现场时移响应比较。20 组权重产生的标准差只表示模型集合离散度，未检验覆盖率或后验可靠性，故不记校准；该网络是直接反演器而非代理进入另一决策模型，代理误差传播不适用。。复核信心：high。,该工作没有把代理模型嵌入反演、优化或储层决策链，因此不存在需要评价的下游误差传播环节。因此最终编码为“not_applicable”；原锁定值“not_reported”在本行全文证据及当前 Codebook 边界下不采用。,Xiaoyang Zhang (XZ),Yangqi Ma (YM),2026-07-29,2026-07-30,outputs\wp8_ijggc_v2_2026-07-30\IJGGC_V2_INDEPENDENT_REVIEW_FINALIZED_LOCKED.xlsx,prior26
Wang2025_4DHistoryMatching,surrogate_error_propagation_category,propagated_into_inference_or_decision,legacy_surrogate_error_propagation,propagated_into_inference_or_decision,author_adjudicated_disagreement,yes,全文为合成 4D 地震／监测井历史匹配，数据与测试均来自同一地质先验，没有现场或 OOD。关键证据在误差模型：作者从独立测试集估计 surrogate model error 的均值／协方差，并与观测噪声合并为 total error covariance，直接进入 MCMC likelihood；因此代理误差已传播到反演。多组 synthetic truth 下又比较后验预测、可信区间与高保真结果，属于明确后验检查。不确定性因此为 4，且已接近可用于监测更新，但仍缺现场运行阈值。,核查字段：代理模型误差传播。全文页码／章节：PDF pp.1–5、11–22（合成 4D 地震历史匹配）；pp.32–46（代理误差协方差、MCMC 与后验检查）。全文证据：全文为合成 4D 地震／监测井历史匹配，数据与测试均来自同一地质先验，没有现场或 OOD。关键证据在误差模型：作者从独立测试集估计 surrogate model error 的均值／协方差，并与观测噪声合并为 total error covariance，直接进入 MCMC likelihood；因此代理误差已传播到反演。多组 synthetic truth 下又比较后验预测、可信区间与高保真结果，属于明确后验检查。不确定性因此为 4，且已接近可用于监测更新，但仍缺现场运行阈值。。复核信心：high。,代理误差已显式进入似然、误差协方差、优化约束或决策计算，而非仅在基准测试中报告。因此最终编码为“propagated_into_inference_or_decision”；原锁定值“legacy_surrogate_error_propagation”在本行全文证据及当前 Codebook 边界下不采用。,Xiaoyang Zhang (XZ),Yangqi Ma (YM),2026-07-29,2026-07-30,outputs\wp8_ijggc_v2_2026-07-30\IJGGC_V2_INDEPENDENT_REVIEW_FINALIZED_LOCKED.xlsx,prior26
ESR_Wang2024_089,surrogate_error_propagation_category,not_applicable,not_reported,not_applicable,author_adjudicated_disagreement,yes,数据来自 Illinois Basin 同一场址的 IBDP 与 ICCS：IBDP 注入约 100 万吨，ICCS 自 2017 年计划注入；PNX 在注入后多时次测井，ML 直接估计现场 CO₂ 饱和度，故为现场工作流且确实评价了计划注入数据。模型用常规训练／测试留出，文中只称 testing dataset unseen，未按井、项目或地质背景留出，所以不是 OOD／跨场地验证。没有概率区间、校准或后验检查；SIGM、WPRE 等物理敏感特征支持有限物理解释，但未编码控制方程。,核查字段：代理模型误差传播。全文页码／章节：PDF pp.1–14（IBDP／ICCS 注入与现场测井数据）；pp.22–36（随机测试、结果与结论）。全文证据：数据来自 Illinois Basin 同一场址的 IBDP 与 ICCS：IBDP 注入约 100 万吨，ICCS 自 2017 年计划注入；PNX 在注入后多时次测井，ML 直接估计现场 CO₂ 饱和度，故为现场工作流且确实评价了计划注入数据。模型用常规训练／测试留出，文中只称 testing dataset unseen，未按井、项目或地质背景留出，所以不是 OOD／跨场地验证。没有概率区间、校准或后验检查；SIGM、WPRE 等物理敏感特征支持有限物理解释，但未编码控制方程。。复核信心：high。,该工作没有把代理模型嵌入反演、优化或储层决策链，因此不存在需要评价的下游误差传播环节。因此最终编码为“not_applicable”；原锁定值“not_reported”在本行全文证据及当前 Codebook 边界下不采用。,Xiaoyang Zhang (XZ),Yangqi Ma (YM),2026-07-29,2026-07-30,outputs\wp8_ijggc_v2_2026-07-30\IJGGC_V2_INDEPENDENT_REVIEW_FINALIZED_LOCKED.xlsx,prior26
Jiang2024_DSIHistoryMatching,surrogate_error_propagation_category,not_applicable,legacy_surrogate_error_propagation,not_applicable,author_adjudicated_disagreement,yes,研究在同一先验生成的合成储层上做 DSI 历史匹配，无现场、计划注入、跨场地或显式 OOD。作者不只展示区间，而是在五个 synthetic true models 上计算预测区间的 coverage probability，并与目标覆盖水平比较，构成明确的区间可靠性／后验检查，故不确定性为 3。物理一致性由流动模拟输出、时空参数化及真值诊断支持。AAE 用于数据空间参数化，并不是一个带误差项的前向代理进入优化或决策，因此代理误差传播记 not_applicable。,核查字段：代理模型误差传播。全文页码／章节：PDF pp.1–11（合成 DSI 与数据参数化）；pp.13–29（五个真值、coverage probability 与结论）。全文证据：研究在同一先验生成的合成储层上做 DSI 历史匹配，无现场、计划注入、跨场地或显式 OOD。作者不只展示区间，而是在五个 synthetic true models 上计算预测区间的 coverage probability，并与目标覆盖水平比较，构成明确的区间可靠性／后验检查，故不确定性为 3。物理一致性由流动模拟输出、时空参数化及真值诊断支持。AAE 用于数据空间参数化，并不是一个带误差项的前向代理进入优化或决策，因此代理误差传播记 not_applicable。。复核信心：high。,该工作没有把代理模型嵌入反演、优化或储层决策链，因此不存在需要评价的下游误差传播环节。因此最终编码为“not_applicable”；原锁定值“legacy_surrogate_error_propagation”在本行全文证据及当前 Codebook 边界下不采用。,Xiaoyang Zhang (XZ),Yangqi Ma (YM),2026-07-29,2026-07-30,outputs\wp8_ijggc_v2_2026-07-30\IJGGC_V2_INDEPENDENT_REVIEW_FINALIZED_LOCKED.xlsx,prior26
TARGET_JointInversion2023_2022JB025372,surrogate_error_propagation_category,not_applicable,confirmed_absent,not_applicable,author_adjudicated_disagreement,yes,联合地震／电磁反演在场地尺度合成监测数据上演示，没有现场注入资料或跨场地测试；测试模型仍来自同一生成设置。可微岩石物理、波动／电磁正演与联合损失显式进入网络，故物理一致性为 4。BNN 输出后验样本并展示均值／离散度，但未报告覆盖率、校准曲线或系统后验预测检验；作者把与完整 MCMC 的基准比较列为未来工作，故不记已校准。该网络本身就是反演模型，不存在另一个代理误差向下游传播的问题。,核查字段：代理模型误差传播。全文页码／章节：PDF pp.1、3–4（合成监测场景）；pp.8–15、17–19（可微物理联合反演、BNN 与局限）。全文证据：联合地震／电磁反演在场地尺度合成监测数据上演示，没有现场注入资料或跨场地测试；测试模型仍来自同一生成设置。可微岩石物理、波动／电磁正演与联合损失显式进入网络，故物理一致性为 4。BNN 输出后验样本并展示均值／离散度，但未报告覆盖率、校准曲线或系统后验预测检验；作者把与完整 MCMC 的基准比较列为未来工作，故不记已校准。该网络本身就是反演模型，不存在另一个代理误差向下游传播的问题。。复核信心：high。,该工作没有把代理模型嵌入反演、优化或储层决策链，因此不存在需要评价的下游误差传播环节。因此最终编码为“not_applicable”；原锁定值“confirmed_absent”在本行全文证据及当前 Codebook 边界下不采用。,Xiaoyang Zhang (XZ),Yangqi Ma (YM),2026-07-29,2026-07-30,outputs\wp8_ijggc_v2_2026-07-30\IJGGC_V2_INDEPENDENT_REVIEW_FINALIZED_LOCKED.xlsx,prior26
Zhong2019_PressureAnomaly,surrogate_error_propagation_category,not_applicable,not_reported,not_applicable,author_adjudicated_disagreement,yes,摘要明确：模型以无泄漏 base experiment 的井底压力训练，再在“一系列 controlled CO2 release experiments”上测试；现场试验在 Cranfield 通过 F3 以 60 kg／min 人工采出 CO₂ 形成已知泄漏事件。故为受控现场评价，且 nominal-to-leak 是显式异常分布测试，但仅一个场地。模型用 1000 次实现形成预测区间，并以 1σ／2σ／3σ 阈值直接判定异常；虽然未验证名义覆盖率，不能记校准，但不确定性确已进入现场报警决策，故不确定性与决策就绪度均为 4。,核查字段：代理模型误差传播。全文页码／章节：PDF pp.1、4–6（Cranfield 现场与人工泄漏）；pp.10–20（训练、预测区间、阈值与结论）。全文证据：摘要明确：模型以无泄漏 base experiment 的井底压力训练，再在“一系列 controlled CO2 release experiments”上测试；现场试验在 Cranfield 通过 F3 以 60 kg／min 人工采出 CO₂ 形成已知泄漏事件。故为受控现场评价，且 nominal-to-leak 是显式异常分布测试，但仅一个场地。模型用 1000 次实现形成预测区间，并以 1σ／2σ／3σ 阈值直接判定异常；虽然未验证名义覆盖率，不能记校准，但不确定性确已进入现场报警决策，故不确定性与决策就绪度均为 4。。复核信心：high。,该工作没有把代理模型嵌入反演、优化或储层决策链，因此不存在需要评价的下游误差传播环节。因此最终编码为“not_applicable”；原锁定值“not_reported”在本行全文证据及当前 Codebook 边界下不采用。,Xiaoyang Zhang (XZ),Yangqi Ma (YM),2026-07-29,2026-07-30,outputs\wp8_ijggc_v2_2026-07-30\IJGGC_V2_INDEPENDENT_REVIEW_FINALIZED_LOCKED.xlsx,prior26
Lin2020_PressureLeakage,surrogate_error_propagation_category,not_applicable,legacy_surrogate_error_propagation,not_applicable,author_adjudicated_disagreement,yes,Cranfield HPT 现场数据包含基线试验和通过 F3 地面阀形成的人工泄漏试验。作者明确“models are not trained on the leak test data”；模型只学 150-min 基线，再以 90-min 泄漏作为异常测试，因此是受控释放且为 nominal-to-leak OOD。固定 squared-error 阈值 1e-03 产生早期报警，形成可审计的现场决策链。20 个网络实现只用于汇总平均 MSE／计算时间，所谓 confidence 未做覆盖或可靠性检查，故校准不成立、不确定性仅记 1。没有跨场地实验。,核查字段：代理模型误差传播。全文页码／章节：PDF pp.2、6–14（Cranfield HPT、基线／泄漏与训练）；pp.18–26（模型比较、阈值与结论）。全文证据：Cranfield HPT 现场数据包含基线试验和通过 F3 地面阀形成的人工泄漏试验。作者明确“models are not trained on the leak test data”；模型只学 150-min 基线，再以 90-min 泄漏作为异常测试，因此是受控释放且为 nominal-to-leak OOD。固定 squared-error 阈值 1e-03 产生早期报警，形成可审计的现场决策链。20 个网络实现只用于汇总平均 MSE／计算时间，所谓 confidence 未做覆盖或可靠性检查，故校准不成立、不确定性仅记 1。没有跨场地实验。。复核信心：high。,该工作没有把代理模型嵌入反演、优化或储层决策链，因此不存在需要评价的下游误差传播环节。因此最终编码为“not_applicable”；原锁定值“legacy_surrogate_error_propagation”在本行全文证据及当前 Codebook 边界下不采用。,Xiaoyang Zhang (XZ),Yangqi Ma (YM),2026-07-29,2026-07-30,outputs\wp8_ijggc_v2_2026-07-30\IJGGC_V2_INDEPENDENT_REVIEW_FINALIZED_LOCKED.xlsx,prior26
Baek2023_WellboreLeakage,surrogate_error_propagation_category,confirmed_absent,not_reported,confirmed_absent,author_adjudicated_disagreement,yes,深度学习井筒 ROM 由 STOMP–CO₂ 数值模拟训练，采用随机 0.70／0.20／0.10 训练–验证–测试；应用案例仍是 homogeneous synthetic reservoir 与 hypothetical leaky wells，故无现场或 OOD。Darcy 驱动力等物理特征、分类–回归分解和模拟器对照支持物理诊断。500 个不确定井属性实现给出累计泄漏 P25／P50／P75，并面向许可风险，属于概率 UQ。作者承认 one-way coupling 会产生误差，但该误差没有进入风险分布或决策，故不记代理误差传播。,核查字段：代理模型误差传播。全文页码／章节：PDF pp.1–8（STOMP／井筒模型、70／20／10 划分）；pp.9–11（假想场地、500 实现与局限）。全文证据：深度学习井筒 ROM 由 STOMP–CO₂ 数值模拟训练，采用随机 0.70／0.20／0.10 训练–验证–测试；应用案例仍是 homogeneous synthetic reservoir 与 hypothetical leaky wells，故无现场或 OOD。Darcy 驱动力等物理特征、分类–回归分解和模拟器对照支持物理诊断。500 个不确定井属性实现给出累计泄漏 P25／P50／P75，并面向许可风险，属于概率 UQ。作者承认 one-way coupling 会产生误差，但该误差没有进入风险分布或决策，故不记代理误差传播。。复核信心：high。,代理模型用于后续分析，但只报告基准误差或事后高保真复核，误差未进入目标、似然、约束或决策量。因此最终编码为“confirmed_absent”；原锁定值“not_reported”在本行全文证据及当前 Codebook 边界下不采用。,Xiaoyang Zhang (XZ),Yangqi Ma (YM),2026-07-29,2026-07-30,outputs\wp8_ijggc_v2_2026-07-30\IJGGC_V2_INDEPENDENT_REVIEW_FINALIZED_LOCKED.xlsx,prior26
ESR_Tang2022_226,surrogate_error_propagation_category,confirmed_absent,not_reported,confirmed_absent,author_adjudicated_disagreement,yes,全文采用 commercial-scale 3D synthetic case，结论强调 displacement maps were synthetic，故无现场或受控注入评价。两个 R–U–Net 只用 1、2、5、10 年结果训练，却在 12、16 年预测，并明确称“acceptable extrapolation ... up to 16 years”，构成时间 OOD；不是跨场地。ES–MDA 后验压力／位移集合的均值、标准差与 synthetic truth 在观测时刻和未来时刻比较，属于后验预测检查。似然／更新协方差只描述 measurement error，未加入 R–U–Net 代理误差，故不记误差传播。流动–地质力学耦合由 GEOSX 与跨场预测支持。,核查字段：代理模型误差传播。全文页码／章节：PDF pp.4–18（合成耦合模型与 ES–MDA）；pp.27–38（时间外推与后验检查）；pp.40–42（结论／局限）。全文证据：全文采用 commercial-scale 3D synthetic case，结论强调 displacement maps were synthetic，故无现场或受控注入评价。两个 R–U–Net 只用 1、2、5、10 年结果训练，却在 12、16 年预测，并明确称“acceptable extrapolation ... up to 16 years”，构成时间 OOD；不是跨场地。ES–MDA 后验压力／位移集合的均值、标准差与 synthetic truth 在观测时刻和未来时刻比较，属于后验预测检查。似然／更新协方差只描述 measurement error，未加入 R–U–Net 代理误差，故不记误差传播。流动–地质力学耦合由 GEOSX 与跨场预测支持。。复核信心：high。,代理模型用于后续分析，但只报告基准误差或事后高保真复核，误差未进入目标、似然、约束或决策量。因此最终编码为“confirmed_absent”；原锁定值“not_reported”在本行全文证据及当前 Codebook 边界下不采用。,Xiaoyang Zhang (XZ),Yangqi Ma (YM),2026-07-29,2026-07-30,outputs\wp8_ijggc_v2_2026-07-30\IJGGC_V2_INDEPENDENT_REVIEW_FINALIZED_LOCKED.xlsx,prior26
ESR_Meng2025_211,surrogate_error_propagation_category,confirmed_absent,not_reported,confirmed_absent,author_adjudicated_disagreement,yes,研究明确使用“synthetic case reservoir model”；CMG–GEM 耦合组分流动与地质力学，并以 Mohr–Coulomb／滑移趋势描述断层再活化，物理一致性为 4。每个含水率场景的 1000 个 LHS 样本随机分成 80% 训练与 20% blind testing，仍是同分布，且没有现场／跨地质验证。论文统计误差分布并发现含水率 >0.9 时 FSD 误差不满足 ±20% 要求，但没有校准预测区间。随后只把优化范围限制到 ≤0.9，未把代理误差作为 Pareto 目标／约束的不确定性传播，故仍记 confirmed_absent。,核查字段：代理模型误差传播。全文页码／章节：PDF pp.3–7（合成耦合模型、Mohr–Coulomb 与数据）；pp.11–20（随机盲测、误差、Pareto 优化与局限）。全文证据：研究明确使用“synthetic case reservoir model”；CMG–GEM 耦合组分流动与地质力学，并以 Mohr–Coulomb／滑移趋势描述断层再活化，物理一致性为 4。每个含水率场景的 1000 个 LHS 样本随机分成 80% 训练与 20% blind testing，仍是同分布，且没有现场／跨地质验证。论文统计误差分布并发现含水率 >0.9 时 FSD 误差不满足 ±20% 要求，但没有校准预测区间。随后只把优化范围限制到 ≤0.9，未把代理误差作为 Pareto 目标／约束的不确定性传播，故仍记 confirmed_absent。。复核信心：high。,代理模型用于后续分析，但只报告基准误差或事后高保真复核，误差未进入目标、似然、约束或决策量。因此最终编码为“confirmed_absent”；原锁定值“not_reported”在本行全文证据及当前 Codebook 边界下不采用。,Xiaoyang Zhang (XZ),Yangqi Ma (YM),2026-07-29,2026-07-30,outputs\wp8_ijggc_v2_2026-07-30\IJGGC_V2_INDEPENDENT_REVIEW_FINALIZED_LOCKED.xlsx,prior26
Arafath2025_MalayBasinML,field_evidence_score,3,3,3,independent_exact_agreement_retained,no,"原文说明使用 X field 的“petrophysical data, well records, and core data”，模型结果与该场地岩心／测井解释相对照，故为单场地现场观测比较。数据采用 80%／10%／10% 划分及交叉验证，属于同分布测试而非 OOD。文中把“field-scale validation ... using pilot CO2 injection tests”列为未来工作，故没有受控注入验证；也未报告不确定性校准或需要传播的下游代理误差。物理得分来自 Archie 等简化岩石物理／测井约束。",,Reviewer and locked coding agreed exactly; the locked value was retained.,Xiaoyang Zhang (XZ),Yangqi Ma (YM),2026-07-29,2026-07-30,outputs\wp8_ijggc_v2_2026-07-30\IJGGC_V2_INDEPENDENT_REVIEW_FINALIZED_LOCKED.xlsx,prior26
ESR_Vishal2025_213,field_evidence_score,3,2,3,author_adjudicated_disagreement,yes,论文称数据来自 Cauvery Basin 的二维／三维地震与勘探井测井，并用 Well X-42 岩心数据验证，故记为现场观测比较；但 p.16 明言“lack of any real-time field validation”，不能记成注入工作流现场验证。p.14–15 仅笼统称对“independent offshore subsets”交叉验证、R²下降 5%–10%，未交代训练区域、留出规则或地质差异，故 OOD 与跨地质测试均记 unclear。95% 置信区间由残差标准误得到，但没有覆盖率／可靠性检验；BNN 被列为未来工作，故不记校准。,核查字段：现场证据评分。全文页码／章节：PDF pp.4–6（数据与训练）；pp.9–12（现场数据比较与区间）；pp.14–17（局限）。全文证据：论文称数据来自 Cauvery Basin 的二维／三维地震与勘探井测井，并用 Well X-42 岩心数据验证，故记为现场观测比较；但 p.16 明言“lack of any real-time field validation”，不能记成注入工作流现场验证。p.14–15 仅笼统称对“independent offshore subsets”交叉验证、R²下降 5%–10%，未交代训练区域、留出规则或地质差异，故 OOD 与跨地质测试均记 unclear。95% 置信区间由残差标准误得到，但没有覆盖率／可靠性检验；BNN 被列为未来工作，故不记校准。。复核信心：medium。,ML 与单一真实场地的观测或受控注入资料比较，符合 3 分。因此最终编码为“3”；原锁定值“2”在本行全文证据及当前 Codebook 边界下不采用。,Xiaoyang Zhang (XZ),Yangqi Ma (YM),2026-07-29,2026-07-30,outputs\wp8_ijggc_v2_2026-07-30\IJGGC_V2_INDEPENDENT_REVIEW_FINALIZED_LOCKED.xlsx,prior26
ESR_Wu2025_042,field_evidence_score,0,0,0,independent_exact_agreement_retained,no,"常规训练／测试来自合成汇编数据；结论亦承认“current training data relies on synthetic datasets”。显式盲测把韩国 Gorae V 盆地参数送入 CMG–GEM，并与训练好的 XGBoost 对比（RTI／STI 拟合约 98.53%／96.48%），属于跨地质背景的模拟 OOD，不是现场跨场地验证。100,000 次 Monte Carlo 给出 TEI 分布，但没有名义覆盖率或后验预测校验。模型 RMSE 与 Williams 图只评估代理误差，NSGA–II 目标中未纳入该误差，故不记误差传播。SHAP 趋势与 Henry’s law 对照，支持简化物理一致性。",,Reviewer and locked coding agreed exactly; the locked value was retained.,Xiaoyang Zhang (XZ),Yangqi Ma (YM),2026-07-29,2026-07-30,outputs\wp8_ijggc_v2_2026-07-30\IJGGC_V2_INDEPENDENT_REVIEW_FINALIZED_LOCKED.xlsx,prior26
ESR_Chan2024_124,field_evidence_score,1,1,1,independent_exact_agreement_retained,no,所谓 IBDP field application 实际以场地模型的 ECLIPSE 模拟结果训练／评价 ML，没有与现场观测或注入数据对照。模型以粗网格数据训练并在原始细网格预测，且用 E300 细网格结果验证，属于明确的跨分辨率 OOD。作者同时指出代理为“pure data-driven”且不保证物理连续性，但对压力／饱和度场及选定优化方案进行了高保真模拟诊断。优化后仅把所选方案重新送入 E300；代理误差没有进入 MOGA 目标或约束，因此这是事后复核而不是误差传播。,,Reviewer and locked coding agreed exactly; the locked value was retained.,Xiaoyang Zhang (XZ),Yangqi Ma (YM),2026-07-29,2026-07-30,outputs\wp8_ijggc_v2_2026-07-30\IJGGC_V2_INDEPENDENT_REVIEW_FINALIZED_LOCKED.xlsx,prior26
TARGET_DRLGeoRisk2026_214483,field_evidence_score,1,1,1,independent_exact_agreement_retained,no,研究使用基于 Aquistore 的条件地质统计实现及 820 个耦合流动–地质力学模拟，不是现场观测验证。独立验证实现被明确描述为“previously unseen realizations drawn from the same uncertainty distribution”，所以虽未见样本但仍是同分布，不能算 OOD。1000 个地质实现与域随机化用于稳健策略学习，但未做区间覆盖或校准。GRU–FNO 的误差只在附录／验证中报告，未作为奖励、约束或策略不确定性项传播。43 MPa 高风险压力线和边界泄漏惩罚直接进入控制目标，故决策就绪度较高但仍是 proof of concept。,,Reviewer and locked coding agreed exactly; the locked value was retained.,Xiaoyang Zhang (XZ),Yangqi Ma (YM),2026-07-29,2026-07-30,outputs\wp8_ijggc_v2_2026-07-30\IJGGC_V2_INDEPENDENT_REVIEW_FINALIZED_LOCKED.xlsx,prior26
ESR_RefNone_173,field_evidence_score,2,2,2,independent_exact_agreement_retained,no,训练标签来自已发表的 CO2–水／盐水溶解度实验数据库，因此是实验室／受控证据而非储层现场验证或计划注入评价。全文采用随机 80%／20% 训练–测试划分，没有独立范围、场地或地质背景留出。网络给出点预测与常规误差指标，未见概率校准、后验预测检查或下游代理决策链。物理关系主要由温度、压力、盐度等输入及文献机理继承，未显式施加守恒／热力学约束。,,Reviewer and locked coding agreed exactly; the locked value was retained.,Xiaoyang Zhang (XZ),Yangqi Ma (YM),2026-07-29,2026-07-30,outputs\wp8_ijggc_v2_2026-07-30\IJGGC_V2_INDEPENDENT_REVIEW_FINALIZED_LOCKED.xlsx,prior26
Wen2021_CCSNet,field_evidence_score,0,0,0,independent_exact_agreement_retained,no,CCSNet 全部以 ECLIPSE 合成模拟训练；“training/validation data split is 10/1”，验证样本仍在同一参数采样域内，故无现场、受控注入或 OOD。模型对压力、饱和度、相组成等多物理输出做了模拟器对照和误差空间诊断，物理一致性高于仅报告网络精度。均值、标准差、误差直方图及经验回归误差项没有覆盖率／可靠性检验，故不记校准。CCSNet 又被用于生成筛选用 sweep／溶解度指标，但代理误差没有进入这些派生估计或决策。,,Reviewer and locked coding agreed exactly; the locked value was retained.,Xiaoyang Zhang (XZ),Yangqi Ma (YM),2026-07-29,2026-07-30,outputs\wp8_ijggc_v2_2026-07-30\IJGGC_V2_INDEPENDENT_REVIEW_FINALIZED_LOCKED.xlsx,prior26
ESR_Liu2025_121,field_evidence_score,not_reported,0,not_reported,author_adjudicated_disagreement,yes,该文件只有一页海报，说明 physics-coupled ML toolset、CRM 与储量／注入绩效用途，但没有给出数据来源、训练–测试方案、现场对照、受控注入评价、OOD、跨场地实验或不确定性校准结果；海报还把 cross-validation／进一步验证描述为 ongoing。按规则，缺报不能填 0，相关评分记 not reported。物理得分仅反映已陈述的简化耦合框架；不能据项目背景推断现场验证。,核查字段：现场证据评分。全文页码／章节：PDF p.1（单页会议海报全文）。全文证据：该文件只有一页海报，说明 physics-coupled ML toolset、CRM 与储量／注入绩效用途，但没有给出数据来源、训练–测试方案、现场对照、受控注入评价、OOD、跨场地实验或不确定性校准结果；海报还把 cross-validation／进一步验证描述为 ongoing。按规则，缺报不能填 0，相关评分记 not reported。物理得分仅反映已陈述的简化耦合框架；不能据项目背景推断现场验证。。复核信心：low。,全文未报告可评分的现场证据，故保留 not reported，不把缺报记为 0。因此最终编码为“not reported”；原锁定值“0”在本行全文证据及当前 Codebook 边界下不采用。,Xiaoyang Zhang (XZ),Yangqi Ma (YM),2026-07-29,2026-07-30,outputs\wp8_ijggc_v2_2026-07-30\IJGGC_V2_INDEPENDENT_REVIEW_FINALIZED_LOCKED.xlsx,prior26
Shokouhi2021_PhysicsInformedSite,field_evidence_score,0,0,0,independent_exact_agreement_retained,no,全文材料展示的是基于数值场的 physics-informed deep learning：损失中加入控制方程／边界条件并预测 CO₂ 储层响应；未出现现场观测、计划注入数据或跨场地评价。材料没有充分交代训练–测试留出方式，故 OOD 记 not_reported，而不是据沉默填 0；明确只有单一模拟设置，跨场地记 confirmed_absent。输出为确定性结果，没有校准或后验检查；该工作没有把代理嵌入反演／优化／决策链，代理误差传播不适用。,,Reviewer and locked coding agreed exactly; the locked value was retained.,Xiaoyang Zhang (XZ),Yangqi Ma (YM),2026-07-29,2026-07-30,outputs\wp8_ijggc_v2_2026-07-30\IJGGC_V2_INDEPENDENT_REVIEW_FINALIZED_LOCKED.xlsx,prior26
ESR_Pawar2023_168,field_evidence_score,0,0,0,independent_exact_agreement_retained,no,论文用数值模拟生成的压力／饱和度场训练 FNO，并在同一合成数据生成机制的留出样本上报告误差；没有现场观测、计划注入数据、跨场地或明确分布外设置。FNO 未嵌入物理方程，物理性主要继承自训练模拟器；也未报告概率校准。本文只评价快速前向预测，没有实施反演、优化或储层决策，因此代理误差传播记 not_applicable。,,Reviewer and locked coding agreed exactly; the locked value was retained.,Xiaoyang Zhang (XZ),Yangqi Ma (YM),2026-07-29,2026-07-30,outputs\wp8_ijggc_v2_2026-07-30\IJGGC_V2_INDEPENDENT_REVIEW_FINALIZED_LOCKED.xlsx,prior26
Zhang2021_LearningInversionFreeForecast,field_evidence_score,0,0,0,independent_exact_agreement_retained,no,"研究明确为单个合成场景，观测来自一个 geomodel；p.11 还写明“To avoid extrapolation, LIP requires the observation data to lie inside of the prior samples”，故无 OOD 或跨场地测试。Bayesian LIP 给出预测场的后验均值／标准差，并在三个 synthetic truth 上逐图比较后验预测与真值，属于后验预测检查；但没有现场数据。LIP 是直接的观测–预测统计映射，不是另一个代理进入下游反演／优化的误差项，故代理误差传播记 not_applicable。",,Reviewer and locked coding agreed exactly; the locked value was retained.,Xiaoyang Zhang (XZ),Yangqi Ma (YM),2026-07-29,2026-07-30,outputs\wp8_ijggc_v2_2026-07-30\IJGGC_V2_INDEPENDENT_REVIEW_FINALIZED_LOCKED.xlsx,prior26
ESR_Kadeethum2024_128,field_evidence_score,1,0,1,author_adjudicated_disagreement,yes,虽以 IBDP 场地数据建立 Eclipse 实现，但 ML 仅与多相流模拟结果对比，未评价现场观测或实际注入记录。90 个训练、10 个测试实现采用 uniform division，且作者特意保证测试输入均值／标准差“不偏离训练特征”，所以是同分布测试而非 OOD。INO 为数据驱动 ROM，论文把 physics-informed integration 列为未来方向；无不确定性校准，也没有实际反演／优化／决策环节，故代理误差传播不适用。,核查字段：现场证据评分。全文页码／章节：PDF pp.5–7（IBDP 模拟数据与划分）；pp.8–13（测试、局限与结论）。全文证据：虽以 IBDP 场地数据建立 Eclipse 实现，但 ML 仅与多相流模拟结果对比，未评价现场观测或实际注入记录。90 个训练、10 个测试实现采用 uniform division，且作者特意保证测试输入均值／标准差“不偏离训练特征”，所以是同分布测试而非 OOD。INO 为数据驱动 ROM，论文把 physics-informed integration 列为未来方向；无不确定性校准，也没有实际反演／优化／决策环节，故代理误差传播不适用。。复核信心：high。,证据为现场启发的场地模型或合成监测情景，未与真实现场观测比较，符合 1 分。因此最终编码为“1”；原锁定值“0”在本行全文证据及当前 Codebook 边界下不采用。,Xiaoyang Zhang (XZ),Yangqi Ma (YM),2026-07-29,2026-07-30,outputs\wp8_ijggc_v2_2026-07-30\IJGGC_V2_INDEPENDENT_REVIEW_FINALIZED_LOCKED.xlsx,prior26
Wen2023_NestedFNO,field_evidence_score,0,0,0,independent_exact_agreement_retained,no,Nested FNO 用半自适应局部网格数值模拟训练，测试仍从训练参数范围抽样；方法部分明确要求输入“within the training data sampling ranges”，故没有显式 OOD 或跨场地测试。1000 个同一统计分布的渗透率实现用于给出最大压力与羽流足迹的概率分布，可支持用地／监测设计，属于概率 UQ；但 95% error band 是代理误差描述，没有覆盖率校准。分层网络专门分析并减轻误差累积，但未把剩余代理误差作为风险／决策不确定性传播。,,Reviewer and locked coding agreed exactly; the locked value was retained.,Xiaoyang Zhang (XZ),Yangqi Ma (YM),2026-07-29,2026-07-30,outputs\wp8_ijggc_v2_2026-07-30\IJGGC_V2_INDEPENDENT_REVIEW_FINALIZED_LOCKED.xlsx,prior26
Mo2018_EncoderDecoderUQ,field_evidence_score,0,0,0,independent_exact_agreement_retained,no,"全部样本来自相同随机介质／多相流模拟分布，无现场、计划注入、跨场地或显式 OOD。编码器–解码器代理生成 Monte Carlo 输出分布，并把概率密度、均值和方差与 20,000 次高保真 Monte Carlo 参考逐项对照，属于对预测不确定性的明确验证／检查，故不确定性为 3。物理一致性来自多相流模拟器对照与时空误差诊断。代理用于 UQ，但其自身逼近误差没有作为独立误差模型传播到决策或反演。",,Reviewer and locked coding agreed exactly; the locked value was retained.,Xiaoyang Zhang (XZ),Yangqi Ma (YM),2026-07-29,2026-07-30,outputs\wp8_ijggc_v2_2026-07-30\IJGGC_V2_INDEPENDENT_REVIEW_FINALIZED_LOCKED.xlsx,prior26
ESR_Zhou2026_127,field_evidence_score,1,0,1,author_adjudicated_disagreement,yes,模型参数源于中国某海上 CGS 项目，但 300 个样本均由随机地质场与数值模拟生成，并按 240／30／30 同源划分；没有现场观测或计划注入数据评价，也无 OOD／跨场地测试。MRFNO 在损失中施加多尺度一致性与跨场耦合，并以 Verma–Pruess 更新孔隙度–渗透率，顺序耦合流动与地球化学，故物理一致性为 4。论文讨论嵌套网络的误差累积，但未实施反演、优化或决策，不能把跨网络误差累积等同于题目要求的下游代理误差传播。,"核查字段：现场证据评分。全文页码／章节：PDF pp.1, 5–13（场地参数、合成数据、物理耦合与随机划分）；pp.18–21（误差与局限）。全文证据：模型参数源于中国某海上 CGS 项目，但 300 个样本均由随机地质场与数值模拟生成，并按 240／30／30 同源划分；没有现场观测或计划注入数据评价，也无 OOD／跨场地测试。MRFNO 在损失中施加多尺度一致性与跨场耦合，并以 Verma–Pruess 更新孔隙度–渗透率，顺序耦合流动与地球化学，故物理一致性为 4。论文讨论嵌套网络的误差累积，但未实施反演、优化或决策，不能把跨网络误差累积等同于题目要求的下游代理误差传播。。复核信心：high。",证据为现场启发的场地模型或合成监测情景，未与真实现场观测比较，符合 1 分。因此最终编码为“1”；原锁定值“0”在本行全文证据及当前 Codebook 边界下不采用。,Xiaoyang Zhang (XZ),Yangqi Ma (YM),2026-07-29,2026-07-30,outputs\wp8_ijggc_v2_2026-07-30\IJGGC_V2_INDEPENDENT_REVIEW_FINALIZED_LOCKED.xlsx,prior26
Han2024_HierarchicalMCMC,field_evidence_score,0,0,0,independent_exact_agreement_retained,no,研究为合成历史匹配，没有现场或跨场地证据，训练／测试实现来自同一先验。关键阳性证据是：用 500 个测试实现估计代理预测误差标准差，并把该项与观测误差合并为 total error covariance，显式进入 hierarchical MCMC likelihood；这不是只报误差表，而是真正传播到反演。后验均值、可信区间／实现又与 synthetic truth 和高保真模拟逐项比较，构成后验检查。因此不确定性得分 4；但尚未形成现场阈值或运行决策。,,Reviewer and locked coding agreed exactly; the locked value was retained.,Xiaoyang Zhang (XZ),Yangqi Ma (YM),2026-07-29,2026-07-30,outputs\wp8_ijggc_v2_2026-07-30\IJGGC_V2_INDEPENDENT_REVIEW_FINALIZED_LOCKED.xlsx,prior26
Leong2024_SeisCO2Net,field_evidence_score,3,3,3,independent_exact_agreement_retained,no,SeisCO2Net 先以合成地震–饱和度对训练，再直接用于 Frio-II 计划注入试验的时移地震资料，反演注入后 CO₂ 饱和度；这是单一受控现场评价，也是明确的 synthetic-to-field 分布外测试，但不是跨多个场地验证。工作流含岩石物理／正演一致性检查并与现场时移响应比较。20 组权重产生的标准差只表示模型集合离散度，未检验覆盖率或后验可靠性，故不记校准；该网络是直接反演器而非代理进入另一决策模型，代理误差传播不适用。,,Reviewer and locked coding agreed exactly; the locked value was retained.,Xiaoyang Zhang (XZ),Yangqi Ma (YM),2026-07-29,2026-07-30,outputs\wp8_ijggc_v2_2026-07-30\IJGGC_V2_INDEPENDENT_REVIEW_FINALIZED_LOCKED.xlsx,prior26
Wang2025_4DHistoryMatching,field_evidence_score,0,1,0,author_adjudicated_disagreement,yes,全文为合成 4D 地震／监测井历史匹配，数据与测试均来自同一地质先验，没有现场或 OOD。关键证据在误差模型：作者从独立测试集估计 surrogate model error 的均值／协方差，并与观测噪声合并为 total error covariance，直接进入 MCMC likelihood；因此代理误差已传播到反演。多组 synthetic truth 下又比较后验预测、可信区间与高保真结果，属于明确后验检查。不确定性因此为 4，且已接近可用于监测更新，但仍缺现场运行阈值。,核查字段：现场证据评分。全文页码／章节：PDF pp.1–5、11–22（合成 4D 地震历史匹配）；pp.32–46（代理误差协方差、MCMC 与后验检查）。全文证据：全文为合成 4D 地震／监测井历史匹配，数据与测试均来自同一地质先验，没有现场或 OOD。关键证据在误差模型：作者从独立测试集估计 surrogate model error 的均值／协方差，并与观测噪声合并为 total error covariance，直接进入 MCMC likelihood；因此代理误差已传播到反演。多组 synthetic truth 下又比较后验预测、可信区间与高保真结果，属于明确后验检查。不确定性因此为 4，且已接近可用于监测更新，但仍缺现场运行阈值。。复核信心：high。,全文证据仅为合成基准，符合现场证据 0 分。因此最终编码为“0”；原锁定值“1”在本行全文证据及当前 Codebook 边界下不采用。,Xiaoyang Zhang (XZ),Yangqi Ma (YM),2026-07-29,2026-07-30,outputs\wp8_ijggc_v2_2026-07-30\IJGGC_V2_INDEPENDENT_REVIEW_FINALIZED_LOCKED.xlsx,prior26
ESR_Wang2024_089,field_evidence_score,3,3,3,independent_exact_agreement_retained,no,数据来自 Illinois Basin 同一场址的 IBDP 与 ICCS：IBDP 注入约 100 万吨，ICCS 自 2017 年计划注入；PNX 在注入后多时次测井，ML 直接估计现场 CO₂ 饱和度，故为现场工作流且确实评价了计划注入数据。模型用常规训练／测试留出，文中只称 testing dataset unseen，未按井、项目或地质背景留出，所以不是 OOD／跨场地验证。没有概率区间、校准或后验检查；SIGM、WPRE 等物理敏感特征支持有限物理解释，但未编码控制方程。,,Reviewer and locked coding agreed exactly; the locked value was retained.,Xiaoyang Zhang (XZ),Yangqi Ma (YM),2026-07-29,2026-07-30,outputs\wp8_ijggc_v2_2026-07-30\IJGGC_V2_INDEPENDENT_REVIEW_FINALIZED_LOCKED.xlsx,prior26
Jiang2024_DSIHistoryMatching,field_evidence_score,0,1,0,author_adjudicated_disagreement,yes,研究在同一先验生成的合成储层上做 DSI 历史匹配，无现场、计划注入、跨场地或显式 OOD。作者不只展示区间，而是在五个 synthetic true models 上计算预测区间的 coverage probability，并与目标覆盖水平比较，构成明确的区间可靠性／后验检查，故不确定性为 3。物理一致性由流动模拟输出、时空参数化及真值诊断支持。AAE 用于数据空间参数化，并不是一个带误差项的前向代理进入优化或决策，因此代理误差传播记 not_applicable。,核查字段：现场证据评分。全文页码／章节：PDF pp.1–11（合成 DSI 与数据参数化）；pp.13–29（五个真值、coverage probability 与结论）。全文证据：研究在同一先验生成的合成储层上做 DSI 历史匹配，无现场、计划注入、跨场地或显式 OOD。作者不只展示区间，而是在五个 synthetic true models 上计算预测区间的 coverage probability，并与目标覆盖水平比较，构成明确的区间可靠性／后验检查，故不确定性为 3。物理一致性由流动模拟输出、时空参数化及真值诊断支持。AAE 用于数据空间参数化，并不是一个带误差项的前向代理进入优化或决策，因此代理误差传播记 not_applicable。。复核信心：high。,全文证据仅为合成基准，符合现场证据 0 分。因此最终编码为“0”；原锁定值“1”在本行全文证据及当前 Codebook 边界下不采用。,Xiaoyang Zhang (XZ),Yangqi Ma (YM),2026-07-29,2026-07-30,outputs\wp8_ijggc_v2_2026-07-30\IJGGC_V2_INDEPENDENT_REVIEW_FINALIZED_LOCKED.xlsx,prior26
TARGET_JointInversion2023_2022JB025372,field_evidence_score,1,1,1,independent_exact_agreement_retained,no,联合地震／电磁反演在场地尺度合成监测数据上演示，没有现场注入资料或跨场地测试；测试模型仍来自同一生成设置。可微岩石物理、波动／电磁正演与联合损失显式进入网络，故物理一致性为 4。BNN 输出后验样本并展示均值／离散度，但未报告覆盖率、校准曲线或系统后验预测检验；作者把与完整 MCMC 的基准比较列为未来工作，故不记已校准。该网络本身就是反演模型，不存在另一个代理误差向下游传播的问题。,,Reviewer and locked coding agreed exactly; the locked value was retained.,Xiaoyang Zhang (XZ),Yangqi Ma (YM),2026-07-29,2026-07-30,outputs\wp8_ijggc_v2_2026-07-30\IJGGC_V2_INDEPENDENT_REVIEW_FINALIZED_LOCKED.xlsx,prior26
Zhong2019_PressureAnomaly,field_evidence_score,3,0,3,author_adjudicated_disagreement,yes,摘要明确：模型以无泄漏 base experiment 的井底压力训练，再在“一系列 controlled CO2 release experiments”上测试；现场试验在 Cranfield 通过 F3 以 60 kg／min 人工采出 CO₂ 形成已知泄漏事件。故为受控现场评价，且 nominal-to-leak 是显式异常分布测试，但仅一个场地。模型用 1000 次实现形成预测区间，并以 1σ／2σ／3σ 阈值直接判定异常；虽然未验证名义覆盖率，不能记校准，但不确定性确已进入现场报警决策，故不确定性与决策就绪度均为 4。,核查字段：现场证据评分。全文页码／章节：PDF pp.1、4–6（Cranfield 现场与人工泄漏）；pp.10–20（训练、预测区间、阈值与结论）。全文证据：摘要明确：模型以无泄漏 base experiment 的井底压力训练，再在“一系列 controlled CO2 release experiments”上测试；现场试验在 Cranfield 通过 F3 以 60 kg／min 人工采出 CO₂ 形成已知泄漏事件。故为受控现场评价，且 nominal-to-leak 是显式异常分布测试，但仅一个场地。模型用 1000 次实现形成预测区间，并以 1σ／2σ／3σ 阈值直接判定异常；虽然未验证名义覆盖率，不能记校准，但不确定性确已进入现场报警决策，故不确定性与决策就绪度均为 4。。复核信心：high。,ML 与单一真实场地的观测或受控注入资料比较，符合 3 分。因此最终编码为“3”；原锁定值“0”在本行全文证据及当前 Codebook 边界下不采用。,Xiaoyang Zhang (XZ),Yangqi Ma (YM),2026-07-29,2026-07-30,outputs\wp8_ijggc_v2_2026-07-30\IJGGC_V2_INDEPENDENT_REVIEW_FINALIZED_LOCKED.xlsx,prior26
Lin2020_PressureLeakage,field_evidence_score,3,0,3,author_adjudicated_disagreement,yes,Cranfield HPT 现场数据包含基线试验和通过 F3 地面阀形成的人工泄漏试验。作者明确“models are not trained on the leak test data”；模型只学 150-min 基线，再以 90-min 泄漏作为异常测试，因此是受控释放且为 nominal-to-leak OOD。固定 squared-error 阈值 1e-03 产生早期报警，形成可审计的现场决策链。20 个网络实现只用于汇总平均 MSE／计算时间，所谓 confidence 未做覆盖或可靠性检查，故校准不成立、不确定性仅记 1。没有跨场地实验。,核查字段：现场证据评分。全文页码／章节：PDF pp.2、6–14（Cranfield HPT、基线／泄漏与训练）；pp.18–26（模型比较、阈值与结论）。全文证据：Cranfield HPT 现场数据包含基线试验和通过 F3 地面阀形成的人工泄漏试验。作者明确“models are not trained on the leak test data”；模型只学 150-min 基线，再以 90-min 泄漏作为异常测试，因此是受控释放且为 nominal-to-leak OOD。固定 squared-error 阈值 1e-03 产生早期报警，形成可审计的现场决策链。20 个网络实现只用于汇总平均 MSE／计算时间，所谓 confidence 未做覆盖或可靠性检查，故校准不成立、不确定性仅记 1。没有跨场地实验。。复核信心：high。,ML 与单一真实场地的观测或受控注入资料比较，符合 3 分。因此最终编码为“3”；原锁定值“0”在本行全文证据及当前 Codebook 边界下不采用。,Xiaoyang Zhang (XZ),Yangqi Ma (YM),2026-07-29,2026-07-30,outputs\wp8_ijggc_v2_2026-07-30\IJGGC_V2_INDEPENDENT_REVIEW_FINALIZED_LOCKED.xlsx,prior26
Baek2023_WellboreLeakage,field_evidence_score,1,0,1,author_adjudicated_disagreement,yes,深度学习井筒 ROM 由 STOMP–CO₂ 数值模拟训练，采用随机 0.70／0.20／0.10 训练–验证–测试；应用案例仍是 homogeneous synthetic reservoir 与 hypothetical leaky wells，故无现场或 OOD。Darcy 驱动力等物理特征、分类–回归分解和模拟器对照支持物理诊断。500 个不确定井属性实现给出累计泄漏 P25／P50／P75，并面向许可风险，属于概率 UQ。作者承认 one-way coupling 会产生误差，但该误差没有进入风险分布或决策，故不记代理误差传播。,核查字段：现场证据评分。全文页码／章节：PDF pp.1–8（STOMP／井筒模型、70／20／10 划分）；pp.9–11（假想场地、500 实现与局限）。全文证据：深度学习井筒 ROM 由 STOMP–CO₂ 数值模拟训练，采用随机 0.70／0.20／0.10 训练–验证–测试；应用案例仍是 homogeneous synthetic reservoir 与 hypothetical leaky wells，故无现场或 OOD。Darcy 驱动力等物理特征、分类–回归分解和模拟器对照支持物理诊断。500 个不确定井属性实现给出累计泄漏 P25／P50／P75，并面向许可风险，属于概率 UQ。作者承认 one-way coupling 会产生误差，但该误差没有进入风险分布或决策，故不记代理误差传播。。复核信心：high。,证据为现场启发的场地模型或合成监测情景，未与真实现场观测比较，符合 1 分。因此最终编码为“1”；原锁定值“0”在本行全文证据及当前 Codebook 边界下不采用。,Xiaoyang Zhang (XZ),Yangqi Ma (YM),2026-07-29,2026-07-30,outputs\wp8_ijggc_v2_2026-07-30\IJGGC_V2_INDEPENDENT_REVIEW_FINALIZED_LOCKED.xlsx,prior26
ESR_Tang2022_226,field_evidence_score,1,1,1,independent_exact_agreement_retained,no,全文采用 commercial-scale 3D synthetic case，结论强调 displacement maps were synthetic，故无现场或受控注入评价。两个 R–U–Net 只用 1、2、5、10 年结果训练，却在 12、16 年预测，并明确称“acceptable extrapolation ... up to 16 years”，构成时间 OOD；不是跨场地。ES–MDA 后验压力／位移集合的均值、标准差与 synthetic truth 在观测时刻和未来时刻比较，属于后验预测检查。似然／更新协方差只描述 measurement error，未加入 R–U–Net 代理误差，故不记误差传播。流动–地质力学耦合由 GEOSX 与跨场预测支持。,,Reviewer and locked coding agreed exactly; the locked value was retained.,Xiaoyang Zhang (XZ),Yangqi Ma (YM),2026-07-29,2026-07-30,outputs\wp8_ijggc_v2_2026-07-30\IJGGC_V2_INDEPENDENT_REVIEW_FINALIZED_LOCKED.xlsx,prior26
ESR_Meng2025_211,field_evidence_score,1,,1,author_verified_locked_baseline_unavailable,yes,研究明确使用“synthetic case reservoir model”；CMG–GEM 耦合组分流动与地质力学，并以 Mohr–Coulomb／滑移趋势描述断层再活化，物理一致性为 4。每个含水率场景的 1000 个 LHS 样本随机分成 80% 训练与 20% blind testing，仍是同分布，且没有现场／跨地质验证。论文统计误差分布并发现含水率 >0.9 时 FSD 误差不满足 ±20% 要求，但没有校准预测区间。随后只把优化范围限制到 ≤0.9，未把代理误差作为 Pareto 目标／约束的不确定性传播，故仍记 confirmed_absent。,作者全文核查（现场证据评分）：页码／章节 PDF pp.3–7（合成耦合模型、Mohr–Coulomb 与数据）；pp.11–20（随机盲测、误差、Pareto 优化与局限）。证据说明：研究明确使用“synthetic case reservoir model”；CMG–GEM 耦合组分流动与地质力学，并以 Mohr–Coulomb／滑移趋势描述断层再活化，物理一致性为 4。每个含水率场景的 1000 个 LHS 样本随机分成 80% 训练与 20% blind testing，仍是同分布，且没有现场／跨地质验证。论文统计误差分布并发现含水率 >0.9 时 FSD 误差不满足 ±20% 要求，但没有校准预测区间。随后只把优化范围限制到 ≤0.9，未把代理误差作为 Pareto 目标／约束的不确定性传播，故仍记 confirmed_absent。。核查信心：high。,证据为现场启发的场地模型或合成监测情景，未与真实现场观测比较，符合现场证据 1 分。作者基准虽为空，仍按全文证据确定该值，没有把空白自动转换为 0；最终值采用“1”。,Xiaoyang Zhang (XZ),Yangqi Ma (YM),2026-07-29,2026-07-30,outputs\wp8_ijggc_v2_2026-07-30\IJGGC_V2_INDEPENDENT_REVIEW_FINALIZED_LOCKED.xlsx,prior26
Arafath2025_MalayBasinML,physical_consistency_score,2,2,2,independent_exact_agreement_retained,no,"原文说明使用 X field 的“petrophysical data, well records, and core data”，模型结果与该场地岩心／测井解释相对照，故为单场地现场观测比较。数据采用 80%／10%／10% 划分及交叉验证，属于同分布测试而非 OOD。文中把“field-scale validation ... using pilot CO2 injection tests”列为未来工作，故没有受控注入验证；也未报告不确定性校准或需要传播的下游代理误差。物理得分来自 Archie 等简化岩石物理／测井约束。",,Reviewer and locked coding agreed exactly; the locked value was retained.,Xiaoyang Zhang (XZ),Yangqi Ma (YM),2026-07-29,2026-07-30,outputs\wp8_ijggc_v2_2026-07-30\IJGGC_V2_INDEPENDENT_REVIEW_FINALIZED_LOCKED.xlsx,prior26
ESR_Vishal2025_213,physical_consistency_score,1,1,1,independent_exact_agreement_retained,no,论文称数据来自 Cauvery Basin 的二维／三维地震与勘探井测井，并用 Well X-42 岩心数据验证，故记为现场观测比较；但 p.16 明言“lack of any real-time field validation”，不能记成注入工作流现场验证。p.14–15 仅笼统称对“independent offshore subsets”交叉验证、R²下降 5%–10%，未交代训练区域、留出规则或地质差异，故 OOD 与跨地质测试均记 unclear。95% 置信区间由残差标准误得到，但没有覆盖率／可靠性检验；BNN 被列为未来工作，故不记校准。,,Reviewer and locked coding agreed exactly; the locked value was retained.,Xiaoyang Zhang (XZ),Yangqi Ma (YM),2026-07-29,2026-07-30,outputs\wp8_ijggc_v2_2026-07-30\IJGGC_V2_INDEPENDENT_REVIEW_FINALIZED_LOCKED.xlsx,prior26
ESR_Wu2025_042,physical_consistency_score,2,1,2,author_adjudicated_disagreement,yes,"常规训练／测试来自合成汇编数据；结论亦承认“current training data relies on synthetic datasets”。显式盲测把韩国 Gorae V 盆地参数送入 CMG–GEM，并与训练好的 XGBoost 对比（RTI／STI 拟合约 98.53%／96.48%），属于跨地质背景的模拟 OOD，不是现场跨场地验证。100,000 次 Monte Carlo 给出 TEI 分布，但没有名义覆盖率或后验预测校验。模型 RMSE 与 Williams 图只评估代理误差，NSGA–II 目标中未纳入该误差，故不记误差传播。SHAP 趋势与 Henry’s law 对照，支持简化物理一致性。","核查字段：物理一致性评分。全文页码／章节：PDF pp.17–26（数据与常规划分）；pp.29–35（Gorae V 盲测、Monte Carlo 与结论）。全文证据：常规训练／测试来自合成汇编数据；结论亦承认“current training data relies on synthetic datasets”。显式盲测把韩国 Gorae V 盆地参数送入 CMG–GEM，并与训练好的 XGBoost 对比（RTI／STI 拟合约 98.53%／96.48%），属于跨地质背景的模拟 OOD，不是现场跨场地验证。100,000 次 Monte Carlo 给出 TEI 分布，但没有名义覆盖率或后验预测校验。模型 RMSE 与 Williams 图只评估代理误差，NSGA–II 目标中未纳入该误差，故不记误差传播。SHAP 趋势与 Henry’s law 对照，支持简化物理一致性。。复核信心：high。",方法显式编码简化物理关系或结构约束，但缺少更完整的诊断验证，符合 2 分。因此最终编码为“2”；原锁定值“1”在本行全文证据及当前 Codebook 边界下不采用。,Xiaoyang Zhang (XZ),Yangqi Ma (YM),2026-07-29,2026-07-30,outputs\wp8_ijggc_v2_2026-07-30\IJGGC_V2_INDEPENDENT_REVIEW_FINALIZED_LOCKED.xlsx,prior26
ESR_Chan2024_124,physical_consistency_score,3,1,3,author_adjudicated_disagreement,yes,所谓 IBDP field application 实际以场地模型的 ECLIPSE 模拟结果训练／评价 ML，没有与现场观测或注入数据对照。模型以粗网格数据训练并在原始细网格预测，且用 E300 细网格结果验证，属于明确的跨分辨率 OOD。作者同时指出代理为“pure data-driven”且不保证物理连续性，但对压力／饱和度场及选定优化方案进行了高保真模拟诊断。优化后仅把所选方案重新送入 E300；代理误差没有进入 MOGA 目标或约束，因此这是事后复核而不是误差传播。,核查字段：物理一致性评分。全文页码／章节：PDF pp.5–8（合成测试、IBDP 模型与跨分辨率训练）；pp.9–11（优化与高保真复核）。全文证据：所谓 IBDP field application 实际以场地模型的 ECLIPSE 模拟结果训练／评价 ML，没有与现场观测或注入数据对照。模型以粗网格数据训练并在原始细网格预测，且用 E300 细网格结果验证，属于明确的跨分辨率 OOD。作者同时指出代理为“pure data-driven”且不保证物理连续性，但对压力／饱和度场及选定优化方案进行了高保真模拟诊断。优化后仅把所选方案重新送入 E300；代理误差没有进入 MOGA 目标或约束，因此这是事后复核而不是误差传播。。复核信心：high。,论文对压力、饱和度、质量守恒或高保真响应进行了明确物理诊断，符合 3 分。因此最终编码为“3”；原锁定值“1”在本行全文证据及当前 Codebook 边界下不采用。,Xiaoyang Zhang (XZ),Yangqi Ma (YM),2026-07-29,2026-07-30,outputs\wp8_ijggc_v2_2026-07-30\IJGGC_V2_INDEPENDENT_REVIEW_FINALIZED_LOCKED.xlsx,prior26
TARGET_DRLGeoRisk2026_214483,physical_consistency_score,4,2,4,author_adjudicated_disagreement,yes,研究使用基于 Aquistore 的条件地质统计实现及 820 个耦合流动–地质力学模拟，不是现场观测验证。独立验证实现被明确描述为“previously unseen realizations drawn from the same uncertainty distribution”，所以虽未见样本但仍是同分布，不能算 OOD。1000 个地质实现与域随机化用于稳健策略学习，但未做区间覆盖或校准。GRU–FNO 的误差只在附录／验证中报告，未作为奖励、约束或策略不确定性项传播。43 MPa 高风险压力线和边界泄漏惩罚直接进入控制目标，故决策就绪度较高但仍是 proof of concept。,核查字段：物理一致性评分。全文页码／章节：PDF pp.1–7（Aquistore 场地模型、代理与域随机化）；pp.11–15（验证、阈值与局限）。全文证据：研究使用基于 Aquistore 的条件地质统计实现及 820 个耦合流动–地质力学模拟，不是现场观测验证。独立验证实现被明确描述为“previously unseen realizations drawn from the same uncertainty distribution”，所以虽未见样本但仍是同分布，不能算 OOD。1000 个地质实现与域随机化用于稳健策略学习，但未做区间覆盖或校准。GRU–FNO 的误差只在附录／验证中报告，未作为奖励、约束或策略不确定性项传播。43 MPa 高风险压力线和边界泄漏惩罚直接进入控制目标，故决策就绪度较高但仍是 proof of concept。。复核信心：high。,方法将控制方程／耦合物理与独立模拟或观测验证结合，达到耦合验证层级，符合 4 分。因此最终编码为“4”；原锁定值“2”在本行全文证据及当前 Codebook 边界下不采用。,Xiaoyang Zhang (XZ),Yangqi Ma (YM),2026-07-29,2026-07-30,outputs\wp8_ijggc_v2_2026-07-30\IJGGC_V2_INDEPENDENT_REVIEW_FINALIZED_LOCKED.xlsx,prior26
ESR_RefNone_173,physical_consistency_score,1,1,1,independent_exact_agreement_retained,no,训练标签来自已发表的 CO2–水／盐水溶解度实验数据库，因此是实验室／受控证据而非储层现场验证或计划注入评价。全文采用随机 80%／20% 训练–测试划分，没有独立范围、场地或地质背景留出。网络给出点预测与常规误差指标，未见概率校准、后验预测检查或下游代理决策链。物理关系主要由温度、压力、盐度等输入及文献机理继承，未显式施加守恒／热力学约束。,,Reviewer and locked coding agreed exactly; the locked value was retained.,Xiaoyang Zhang (XZ),Yangqi Ma (YM),2026-07-29,2026-07-30,outputs\wp8_ijggc_v2_2026-07-30\IJGGC_V2_INDEPENDENT_REVIEW_FINALIZED_LOCKED.xlsx,prior26
Wen2021_CCSNet,physical_consistency_score,3,,3,author_verified_locked_baseline_unavailable,yes,CCSNet 全部以 ECLIPSE 合成模拟训练；“training/validation data split is 10/1”，验证样本仍在同一参数采样域内，故无现场、受控注入或 OOD。模型对压力、饱和度、相组成等多物理输出做了模拟器对照和误差空间诊断，物理一致性高于仅报告网络精度。均值、标准差、误差直方图及经验回归误差项没有覆盖率／可靠性检验，故不记校准。CCSNet 又被用于生成筛选用 sweep／溶解度指标，但代理误差没有进入这些派生估计或决策。,作者全文核查（物理一致性评分）：页码／章节 PDF pp.5–15（全物理模拟、10∶1 划分与验证）；pp.20–23、31–32（筛选应用、随机划分与误差项）。证据说明：CCSNet 全部以 ECLIPSE 合成模拟训练；“training/validation data split is 10/1”，验证样本仍在同一参数采样域内，故无现场、受控注入或 OOD。模型对压力、饱和度、相组成等多物理输出做了模拟器对照和误差空间诊断，物理一致性高于仅报告网络精度。均值、标准差、误差直方图及经验回归误差项没有覆盖率／可靠性检验，故不记校准。CCSNet 又被用于生成筛选用 sweep／溶解度指标，但代理误差没有进入这些派生估计或决策。。核查信心：high。,论文对压力、饱和度、质量守恒或高保真响应进行了明确物理诊断，符合物理一致性 3 分。作者基准虽为空，仍按全文证据确定该值，没有把空白自动转换为 0；最终值采用“3”。,Xiaoyang Zhang (XZ),Yangqi Ma (YM),2026-07-29,2026-07-30,outputs\wp8_ijggc_v2_2026-07-30\IJGGC_V2_INDEPENDENT_REVIEW_FINALIZED_LOCKED.xlsx,prior26
ESR_Liu2025_121,physical_consistency_score,2,2,2,independent_exact_agreement_retained,no,该文件只有一页海报，说明 physics-coupled ML toolset、CRM 与储量／注入绩效用途，但没有给出数据来源、训练–测试方案、现场对照、受控注入评价、OOD、跨场地实验或不确定性校准结果；海报还把 cross-validation／进一步验证描述为 ongoing。按规则，缺报不能填 0，相关评分记 not reported。物理得分仅反映已陈述的简化耦合框架；不能据项目背景推断现场验证。,,Reviewer and locked coding agreed exactly; the locked value was retained.,Xiaoyang Zhang (XZ),Yangqi Ma (YM),2026-07-29,2026-07-30,outputs\wp8_ijggc_v2_2026-07-30\IJGGC_V2_INDEPENDENT_REVIEW_FINALIZED_LOCKED.xlsx,prior26
Shokouhi2021_PhysicsInformedSite,physical_consistency_score,4,2,4,author_adjudicated_disagreement,yes,全文材料展示的是基于数值场的 physics-informed deep learning：损失中加入控制方程／边界条件并预测 CO₂ 储层响应；未出现现场观测、计划注入数据或跨场地评价。材料没有充分交代训练–测试留出方式，故 OOD 记 not_reported，而不是据沉默填 0；明确只有单一模拟设置，跨场地记 confirmed_absent。输出为确定性结果，没有校准或后验检查；该工作没有把代理嵌入反演／优化／决策链，代理误差传播不适用。,核查字段：物理一致性评分。全文页码／章节：PDF pp.1–10（全文幻灯片：问题、PINN 架构、模拟结果与结论）。全文证据：全文材料展示的是基于数值场的 physics-informed deep learning：损失中加入控制方程／边界条件并预测 CO₂ 储层响应；未出现现场观测、计划注入数据或跨场地评价。材料没有充分交代训练–测试留出方式，故 OOD 记 not_reported，而不是据沉默填 0；明确只有单一模拟设置，跨场地记 confirmed_absent。输出为确定性结果，没有校准或后验检查；该工作没有把代理嵌入反演／优化／决策链，代理误差传播不适用。。复核信心：high。,方法将控制方程／耦合物理与独立模拟或观测验证结合，达到耦合验证层级，符合 4 分。因此最终编码为“4”；原锁定值“2”在本行全文证据及当前 Codebook 边界下不采用。,Xiaoyang Zhang (XZ),Yangqi Ma (YM),2026-07-29,2026-07-30,outputs\wp8_ijggc_v2_2026-07-30\IJGGC_V2_INDEPENDENT_REVIEW_FINALIZED_LOCKED.xlsx,prior26
ESR_Pawar2023_168,physical_consistency_score,1,1,1,independent_exact_agreement_retained,no,论文用数值模拟生成的压力／饱和度场训练 FNO，并在同一合成数据生成机制的留出样本上报告误差；没有现场观测、计划注入数据、跨场地或明确分布外设置。FNO 未嵌入物理方程，物理性主要继承自训练模拟器；也未报告概率校准。本文只评价快速前向预测，没有实施反演、优化或储层决策，因此代理误差传播记 not_applicable。,,Reviewer and locked coding agreed exactly; the locked value was retained.,Xiaoyang Zhang (XZ),Yangqi Ma (YM),2026-07-29,2026-07-30,outputs\wp8_ijggc_v2_2026-07-30\IJGGC_V2_INDEPENDENT_REVIEW_FINALIZED_LOCKED.xlsx,prior26
Zhang2021_LearningInversionFreeForecast,physical_consistency_score,1,,1,author_verified_locked_baseline_unavailable,yes,"研究明确为单个合成场景，观测来自一个 geomodel；p.11 还写明“To avoid extrapolation, LIP requires the observation data to lie inside of the prior samples”，故无 OOD 或跨场地测试。Bayesian LIP 给出预测场的后验均值／标准差，并在三个 synthetic truth 上逐图比较后验预测与真值，属于后验预测检查；但没有现场数据。LIP 是直接的观测–预测统计映射，不是另一个代理进入下游反演／优化的误差项，故代理误差传播记 not_applicable。","作者全文核查（物理一致性评分）：页码／章节 PDF pp.3–6（合成模型与 Bayesian LIP）；pp.8–11（后验–真值对照、限制与结论）。证据说明：研究明确为单个合成场景，观测来自一个 geomodel；p.11 还写明“To avoid extrapolation, LIP requires the observation data to lie inside of the prior samples”，故无 OOD 或跨场地测试。Bayesian LIP 给出预测场的后验均值／标准差，并在三个 synthetic truth 上逐图比较后验预测与真值，属于后验预测检查；但没有现场数据。LIP 是直接的观测–预测统计映射，不是另一个代理进入下游反演／优化的误差项，故代理误差传播记 not_applicable。。核查信心：high。",物理性主要由输入变量、训练模拟器或机理讨论继承，未显式编码或诊断，符合物理一致性 1 分。作者基准虽为空，仍按全文证据确定该值，没有把空白自动转换为 0；最终值采用“1”。,Xiaoyang Zhang (XZ),Yangqi Ma (YM),2026-07-29,2026-07-30,outputs\wp8_ijggc_v2_2026-07-30\IJGGC_V2_INDEPENDENT_REVIEW_FINALIZED_LOCKED.xlsx,prior26
ESR_Kadeethum2024_128,physical_consistency_score,1,1,1,independent_exact_agreement_retained,no,虽以 IBDP 场地数据建立 Eclipse 实现，但 ML 仅与多相流模拟结果对比，未评价现场观测或实际注入记录。90 个训练、10 个测试实现采用 uniform division，且作者特意保证测试输入均值／标准差“不偏离训练特征”，所以是同分布测试而非 OOD。INO 为数据驱动 ROM，论文把 physics-informed integration 列为未来方向；无不确定性校准，也没有实际反演／优化／决策环节，故代理误差传播不适用。,,Reviewer and locked coding agreed exactly; the locked value was retained.,Xiaoyang Zhang (XZ),Yangqi Ma (YM),2026-07-29,2026-07-30,outputs\wp8_ijggc_v2_2026-07-30\IJGGC_V2_INDEPENDENT_REVIEW_FINALIZED_LOCKED.xlsx,prior26
Wen2023_NestedFNO,physical_consistency_score,3,,3,author_verified_locked_baseline_unavailable,yes,Nested FNO 用半自适应局部网格数值模拟训练，测试仍从训练参数范围抽样；方法部分明确要求输入“within the training data sampling ranges”，故没有显式 OOD 或跨场地测试。1000 个同一统计分布的渗透率实现用于给出最大压力与羽流足迹的概率分布，可支持用地／监测设计，属于概率 UQ；但 95% error band 是代理误差描述，没有覆盖率校准。分层网络专门分析并减轻误差累积，但未把剩余代理误差作为风险／决策不确定性传播。,作者全文核查（物理一致性评分）：页码／章节 PDF pp.1–5（合成训练、同域测试与概率评估）；pp.6–8（范围限制、误差累积与微调）。证据说明：Nested FNO 用半自适应局部网格数值模拟训练，测试仍从训练参数范围抽样；方法部分明确要求输入“within the training data sampling ranges”，故没有显式 OOD 或跨场地测试。1000 个同一统计分布的渗透率实现用于给出最大压力与羽流足迹的概率分布，可支持用地／监测设计，属于概率 UQ；但 95% error band 是代理误差描述，没有覆盖率校准。分层网络专门分析并减轻误差累积，但未把剩余代理误差作为风险／决策不确定性传播。。核查信心：high。,论文对压力、饱和度、质量守恒或高保真响应进行了明确物理诊断，符合物理一致性 3 分。作者基准虽为空，仍按全文证据确定该值，没有把空白自动转换为 0；最终值采用“3”。,Xiaoyang Zhang (XZ),Yangqi Ma (YM),2026-07-29,2026-07-30,outputs\wp8_ijggc_v2_2026-07-30\IJGGC_V2_INDEPENDENT_REVIEW_FINALIZED_LOCKED.xlsx,prior26
Mo2018_EncoderDecoderUQ,physical_consistency_score,3,,3,author_verified_locked_baseline_unavailable,yes,"全部样本来自相同随机介质／多相流模拟分布，无现场、计划注入、跨场地或显式 OOD。编码器–解码器代理生成 Monte Carlo 输出分布，并把概率密度、均值和方差与 20,000 次高保真 Monte Carlo 参考逐项对照，属于对预测不确定性的明确验证／检查，故不确定性为 3。物理一致性来自多相流模拟器对照与时空误差诊断。代理用于 UQ，但其自身逼近误差没有作为独立误差模型传播到决策或反演。","作者全文核查（物理一致性评分）：页码／章节 PDF pp.5–18（合成训练／测试与场量误差）；pp.22–26（Monte Carlo 分布验证与结论）。证据说明：全部样本来自相同随机介质／多相流模拟分布，无现场、计划注入、跨场地或显式 OOD。编码器–解码器代理生成 Monte Carlo 输出分布，并把概率密度、均值和方差与 20,000 次高保真 Monte Carlo 参考逐项对照，属于对预测不确定性的明确验证／检查，故不确定性为 3。物理一致性来自多相流模拟器对照与时空误差诊断。代理用于 UQ，但其自身逼近误差没有作为独立误差模型传播到决策或反演。。核查信心：high。",论文对压力、饱和度、质量守恒或高保真响应进行了明确物理诊断，符合物理一致性 3 分。作者基准虽为空，仍按全文证据确定该值，没有把空白自动转换为 0；最终值采用“3”。,Xiaoyang Zhang (XZ),Yangqi Ma (YM),2026-07-29,2026-07-30,outputs\wp8_ijggc_v2_2026-07-30\IJGGC_V2_INDEPENDENT_REVIEW_FINALIZED_LOCKED.xlsx,prior26
ESR_Zhou2026_127,physical_consistency_score,4,2,4,author_adjudicated_disagreement,yes,模型参数源于中国某海上 CGS 项目，但 300 个样本均由随机地质场与数值模拟生成，并按 240／30／30 同源划分；没有现场观测或计划注入数据评价，也无 OOD／跨场地测试。MRFNO 在损失中施加多尺度一致性与跨场耦合，并以 Verma–Pruess 更新孔隙度–渗透率，顺序耦合流动与地球化学，故物理一致性为 4。论文讨论嵌套网络的误差累积，但未实施反演、优化或决策，不能把跨网络误差累积等同于题目要求的下游代理误差传播。,"核查字段：物理一致性评分。全文页码／章节：PDF pp.1, 5–13（场地参数、合成数据、物理耦合与随机划分）；pp.18–21（误差与局限）。全文证据：模型参数源于中国某海上 CGS 项目，但 300 个样本均由随机地质场与数值模拟生成，并按 240／30／30 同源划分；没有现场观测或计划注入数据评价，也无 OOD／跨场地测试。MRFNO 在损失中施加多尺度一致性与跨场耦合，并以 Verma–Pruess 更新孔隙度–渗透率，顺序耦合流动与地球化学，故物理一致性为 4。论文讨论嵌套网络的误差累积，但未实施反演、优化或决策，不能把跨网络误差累积等同于题目要求的下游代理误差传播。。复核信心：high。",方法将控制方程／耦合物理与独立模拟或观测验证结合，达到耦合验证层级，符合 4 分。因此最终编码为“4”；原锁定值“2”在本行全文证据及当前 Codebook 边界下不采用。,Xiaoyang Zhang (XZ),Yangqi Ma (YM),2026-07-29,2026-07-30,outputs\wp8_ijggc_v2_2026-07-30\IJGGC_V2_INDEPENDENT_REVIEW_FINALIZED_LOCKED.xlsx,prior26
Han2024_HierarchicalMCMC,physical_consistency_score,3,,3,author_verified_locked_baseline_unavailable,yes,研究为合成历史匹配，没有现场或跨场地证据，训练／测试实现来自同一先验。关键阳性证据是：用 500 个测试实现估计代理预测误差标准差，并把该项与观测误差合并为 total error covariance，显式进入 hierarchical MCMC likelihood；这不是只报误差表，而是真正传播到反演。后验均值、可信区间／实现又与 synthetic truth 和高保真模拟逐项比较，构成后验检查。因此不确定性得分 4；但尚未形成现场阈值或运行决策。,作者全文核查（物理一致性评分）：页码／章节 PDF pp.1–7、9–17（代理、误差协方差与 hierarchical MCMC）；pp.31–38、41–53（真值与 SI 检查）。证据说明：研究为合成历史匹配，没有现场或跨场地证据，训练／测试实现来自同一先验。关键阳性证据是：用 500 个测试实现估计代理预测误差标准差，并把该项与观测误差合并为 total error covariance，显式进入 hierarchical MCMC likelihood；这不是只报误差表，而是真正传播到反演。后验均值、可信区间／实现又与 synthetic truth 和高保真模拟逐项比较，构成后验检查。因此不确定性得分 4；但尚未形成现场阈值或运行决策。。核查信心：high。,论文对压力、饱和度、质量守恒或高保真响应进行了明确物理诊断，符合物理一致性 3 分。作者基准虽为空，仍按全文证据确定该值，没有把空白自动转换为 0；最终值采用“3”。,Xiaoyang Zhang (XZ),Yangqi Ma (YM),2026-07-29,2026-07-30,outputs\wp8_ijggc_v2_2026-07-30\IJGGC_V2_INDEPENDENT_REVIEW_FINALIZED_LOCKED.xlsx,prior26
Leong2024_SeisCO2Net,physical_consistency_score,3,,3,author_verified_locked_baseline_unavailable,yes,SeisCO2Net 先以合成地震–饱和度对训练，再直接用于 Frio-II 计划注入试验的时移地震资料，反演注入后 CO₂ 饱和度；这是单一受控现场评价，也是明确的 synthetic-to-field 分布外测试，但不是跨多个场地验证。工作流含岩石物理／正演一致性检查并与现场时移响应比较。20 组权重产生的标准差只表示模型集合离散度，未检验覆盖率或后验可靠性，故不记校准；该网络是直接反演器而非代理进入另一决策模型，代理误差传播不适用。,作者全文核查（物理一致性评分）：页码／章节 PDF pp.2、8–13（合成训练与岩石物理）；pp.18–29、35–48（Frio-II 现场应用、结果与局限）。证据说明：SeisCO2Net 先以合成地震–饱和度对训练，再直接用于 Frio-II 计划注入试验的时移地震资料，反演注入后 CO₂ 饱和度；这是单一受控现场评价，也是明确的 synthetic-to-field 分布外测试，但不是跨多个场地验证。工作流含岩石物理／正演一致性检查并与现场时移响应比较。20 组权重产生的标准差只表示模型集合离散度，未检验覆盖率或后验可靠性，故不记校准；该网络是直接反演器而非代理进入另一决策模型，代理误差传播不适用。。核查信心：high。,论文对压力、饱和度、质量守恒或高保真响应进行了明确物理诊断，符合物理一致性 3 分。作者基准虽为空，仍按全文证据确定该值，没有把空白自动转换为 0；最终值采用“3”。,Xiaoyang Zhang (XZ),Yangqi Ma (YM),2026-07-29,2026-07-30,outputs\wp8_ijggc_v2_2026-07-30\IJGGC_V2_INDEPENDENT_REVIEW_FINALIZED_LOCKED.xlsx,prior26
Wang2025_4DHistoryMatching,physical_consistency_score,3,,3,author_verified_locked_baseline_unavailable,yes,全文为合成 4D 地震／监测井历史匹配，数据与测试均来自同一地质先验，没有现场或 OOD。关键证据在误差模型：作者从独立测试集估计 surrogate model error 的均值／协方差，并与观测噪声合并为 total error covariance，直接进入 MCMC likelihood；因此代理误差已传播到反演。多组 synthetic truth 下又比较后验预测、可信区间与高保真结果，属于明确后验检查。不确定性因此为 4，且已接近可用于监测更新，但仍缺现场运行阈值。,作者全文核查（物理一致性评分）：页码／章节 PDF pp.1–5、11–22（合成 4D 地震历史匹配）；pp.32–46（代理误差协方差、MCMC 与后验检查）。证据说明：全文为合成 4D 地震／监测井历史匹配，数据与测试均来自同一地质先验，没有现场或 OOD。关键证据在误差模型：作者从独立测试集估计 surrogate model error 的均值／协方差，并与观测噪声合并为 total error covariance，直接进入 MCMC likelihood；因此代理误差已传播到反演。多组 synthetic truth 下又比较后验预测、可信区间与高保真结果，属于明确后验检查。不确定性因此为 4，且已接近可用于监测更新，但仍缺现场运行阈值。。核查信心：high。,论文对压力、饱和度、质量守恒或高保真响应进行了明确物理诊断，符合物理一致性 3 分。作者基准虽为空，仍按全文证据确定该值，没有把空白自动转换为 0；最终值采用“3”。,Xiaoyang Zhang (XZ),Yangqi Ma (YM),2026-07-29,2026-07-30,outputs\wp8_ijggc_v2_2026-07-30\IJGGC_V2_INDEPENDENT_REVIEW_FINALIZED_LOCKED.xlsx,prior26
ESR_Wang2024_089,physical_consistency_score,1,2,1,author_adjudicated_disagreement,yes,数据来自 Illinois Basin 同一场址的 IBDP 与 ICCS：IBDP 注入约 100 万吨，ICCS 自 2017 年计划注入；PNX 在注入后多时次测井，ML 直接估计现场 CO₂ 饱和度，故为现场工作流且确实评价了计划注入数据。模型用常规训练／测试留出，文中只称 testing dataset unseen，未按井、项目或地质背景留出，所以不是 OOD／跨场地验证。没有概率区间、校准或后验检查；SIGM、WPRE 等物理敏感特征支持有限物理解释，但未编码控制方程。,核查字段：物理一致性评分。全文页码／章节：PDF pp.1–14（IBDP／ICCS 注入与现场测井数据）；pp.22–36（随机测试、结果与结论）。全文证据：数据来自 Illinois Basin 同一场址的 IBDP 与 ICCS：IBDP 注入约 100 万吨，ICCS 自 2017 年计划注入；PNX 在注入后多时次测井，ML 直接估计现场 CO₂ 饱和度，故为现场工作流且确实评价了计划注入数据。模型用常规训练／测试留出，文中只称 testing dataset unseen，未按井、项目或地质背景留出，所以不是 OOD／跨场地验证。没有概率区间、校准或后验检查；SIGM、WPRE 等物理敏感特征支持有限物理解释，但未编码控制方程。。复核信心：high。,物理性主要由输入变量、训练模拟器或机理讨论继承，未显式编码或诊断，符合 1 分。因此最终编码为“1”；原锁定值“2”在本行全文证据及当前 Codebook 边界下不采用。,Xiaoyang Zhang (XZ),Yangqi Ma (YM),2026-07-29,2026-07-30,outputs\wp8_ijggc_v2_2026-07-30\IJGGC_V2_INDEPENDENT_REVIEW_FINALIZED_LOCKED.xlsx,prior26
Jiang2024_DSIHistoryMatching,physical_consistency_score,3,,3,author_verified_locked_baseline_unavailable,yes,研究在同一先验生成的合成储层上做 DSI 历史匹配，无现场、计划注入、跨场地或显式 OOD。作者不只展示区间，而是在五个 synthetic true models 上计算预测区间的 coverage probability，并与目标覆盖水平比较，构成明确的区间可靠性／后验检查，故不确定性为 3。物理一致性由流动模拟输出、时空参数化及真值诊断支持。AAE 用于数据空间参数化，并不是一个带误差项的前向代理进入优化或决策，因此代理误差传播记 not_applicable。,作者全文核查（物理一致性评分）：页码／章节 PDF pp.1–11（合成 DSI 与数据参数化）；pp.13–29（五个真值、coverage probability 与结论）。证据说明：研究在同一先验生成的合成储层上做 DSI 历史匹配，无现场、计划注入、跨场地或显式 OOD。作者不只展示区间，而是在五个 synthetic true models 上计算预测区间的 coverage probability，并与目标覆盖水平比较，构成明确的区间可靠性／后验检查，故不确定性为 3。物理一致性由流动模拟输出、时空参数化及真值诊断支持。AAE 用于数据空间参数化，并不是一个带误差项的前向代理进入优化或决策，因此代理误差传播记 not_applicable。。核查信心：high。,论文对压力、饱和度、质量守恒或高保真响应进行了明确物理诊断，符合物理一致性 3 分。作者基准虽为空，仍按全文证据确定该值，没有把空白自动转换为 0；最终值采用“3”。,Xiaoyang Zhang (XZ),Yangqi Ma (YM),2026-07-29,2026-07-30,outputs\wp8_ijggc_v2_2026-07-30\IJGGC_V2_INDEPENDENT_REVIEW_FINALIZED_LOCKED.xlsx,prior26
TARGET_JointInversion2023_2022JB025372,physical_consistency_score,4,3,4,author_adjudicated_disagreement,yes,联合地震／电磁反演在场地尺度合成监测数据上演示，没有现场注入资料或跨场地测试；测试模型仍来自同一生成设置。可微岩石物理、波动／电磁正演与联合损失显式进入网络，故物理一致性为 4。BNN 输出后验样本并展示均值／离散度，但未报告覆盖率、校准曲线或系统后验预测检验；作者把与完整 MCMC 的基准比较列为未来工作，故不记已校准。该网络本身就是反演模型，不存在另一个代理误差向下游传播的问题。,核查字段：物理一致性评分。全文页码／章节：PDF pp.1、3–4（合成监测场景）；pp.8–15、17–19（可微物理联合反演、BNN 与局限）。全文证据：联合地震／电磁反演在场地尺度合成监测数据上演示，没有现场注入资料或跨场地测试；测试模型仍来自同一生成设置。可微岩石物理、波动／电磁正演与联合损失显式进入网络，故物理一致性为 4。BNN 输出后验样本并展示均值／离散度，但未报告覆盖率、校准曲线或系统后验预测检验；作者把与完整 MCMC 的基准比较列为未来工作，故不记已校准。该网络本身就是反演模型，不存在另一个代理误差向下游传播的问题。。复核信心：high。,方法将控制方程／耦合物理与独立模拟或观测验证结合，达到耦合验证层级，符合 4 分。因此最终编码为“4”；原锁定值“3”在本行全文证据及当前 Codebook 边界下不采用。,Xiaoyang Zhang (XZ),Yangqi Ma (YM),2026-07-29,2026-07-30,outputs\wp8_ijggc_v2_2026-07-30\IJGGC_V2_INDEPENDENT_REVIEW_FINALIZED_LOCKED.xlsx,prior26
Zhong2019_PressureAnomaly,physical_consistency_score,2,,2,author_verified_locked_baseline_unavailable,yes,摘要明确：模型以无泄漏 base experiment 的井底压力训练，再在“一系列 controlled CO2 release experiments”上测试；现场试验在 Cranfield 通过 F3 以 60 kg／min 人工采出 CO₂ 形成已知泄漏事件。故为受控现场评价，且 nominal-to-leak 是显式异常分布测试，但仅一个场地。模型用 1000 次实现形成预测区间，并以 1σ／2σ／3σ 阈值直接判定异常；虽然未验证名义覆盖率，不能记校准，但不确定性确已进入现场报警决策，故不确定性与决策就绪度均为 4。,作者全文核查（物理一致性评分）：页码／章节 PDF pp.1、4–6（Cranfield 现场与人工泄漏）；pp.10–20（训练、预测区间、阈值与结论）。证据说明：摘要明确：模型以无泄漏 base experiment 的井底压力训练，再在“一系列 controlled CO2 release experiments”上测试；现场试验在 Cranfield 通过 F3 以 60 kg／min 人工采出 CO₂ 形成已知泄漏事件。故为受控现场评价，且 nominal-to-leak 是显式异常分布测试，但仅一个场地。模型用 1000 次实现形成预测区间，并以 1σ／2σ／3σ 阈值直接判定异常；虽然未验证名义覆盖率，不能记校准，但不确定性确已进入现场报警决策，故不确定性与决策就绪度均为 4。。核查信心：high。,方法显式编码简化物理关系或结构约束，但缺少更完整的诊断验证，符合物理一致性 2 分。作者基准虽为空，仍按全文证据确定该值，没有把空白自动转换为 0；最终值采用“2”。,Xiaoyang Zhang (XZ),Yangqi Ma (YM),2026-07-29,2026-07-30,outputs\wp8_ijggc_v2_2026-07-30\IJGGC_V2_INDEPENDENT_REVIEW_FINALIZED_LOCKED.xlsx,prior26
Lin2020_PressureLeakage,physical_consistency_score,1,,1,author_verified_locked_baseline_unavailable,yes,Cranfield HPT 现场数据包含基线试验和通过 F3 地面阀形成的人工泄漏试验。作者明确“models are not trained on the leak test data”；模型只学 150-min 基线，再以 90-min 泄漏作为异常测试，因此是受控释放且为 nominal-to-leak OOD。固定 squared-error 阈值 1e-03 产生早期报警，形成可审计的现场决策链。20 个网络实现只用于汇总平均 MSE／计算时间，所谓 confidence 未做覆盖或可靠性检查，故校准不成立、不确定性仅记 1。没有跨场地实验。,作者全文核查（物理一致性评分）：页码／章节 PDF pp.2、6–14（Cranfield HPT、基线／泄漏与训练）；pp.18–26（模型比较、阈值与结论）。证据说明：Cranfield HPT 现场数据包含基线试验和通过 F3 地面阀形成的人工泄漏试验。作者明确“models are not trained on the leak test data”；模型只学 150-min 基线，再以 90-min 泄漏作为异常测试，因此是受控释放且为 nominal-to-leak OOD。固定 squared-error 阈值 1e-03 产生早期报警，形成可审计的现场决策链。20 个网络实现只用于汇总平均 MSE／计算时间，所谓 confidence 未做覆盖或可靠性检查，故校准不成立、不确定性仅记 1。没有跨场地实验。。核查信心：high。,物理性主要由输入变量、训练模拟器或机理讨论继承，未显式编码或诊断，符合物理一致性 1 分。作者基准虽为空，仍按全文证据确定该值，没有把空白自动转换为 0；最终值采用“1”。,Xiaoyang Zhang (XZ),Yangqi Ma (YM),2026-07-29,2026-07-30,outputs\wp8_ijggc_v2_2026-07-30\IJGGC_V2_INDEPENDENT_REVIEW_FINALIZED_LOCKED.xlsx,prior26
Baek2023_WellboreLeakage,physical_consistency_score,3,1,3,author_adjudicated_disagreement,yes,深度学习井筒 ROM 由 STOMP–CO₂ 数值模拟训练，采用随机 0.70／0.20／0.10 训练–验证–测试；应用案例仍是 homogeneous synthetic reservoir 与 hypothetical leaky wells，故无现场或 OOD。Darcy 驱动力等物理特征、分类–回归分解和模拟器对照支持物理诊断。500 个不确定井属性实现给出累计泄漏 P25／P50／P75，并面向许可风险，属于概率 UQ。作者承认 one-way coupling 会产生误差，但该误差没有进入风险分布或决策，故不记代理误差传播。,核查字段：物理一致性评分。全文页码／章节：PDF pp.1–8（STOMP／井筒模型、70／20／10 划分）；pp.9–11（假想场地、500 实现与局限）。全文证据：深度学习井筒 ROM 由 STOMP–CO₂ 数值模拟训练，采用随机 0.70／0.20／0.10 训练–验证–测试；应用案例仍是 homogeneous synthetic reservoir 与 hypothetical leaky wells，故无现场或 OOD。Darcy 驱动力等物理特征、分类–回归分解和模拟器对照支持物理诊断。500 个不确定井属性实现给出累计泄漏 P25／P50／P75，并面向许可风险，属于概率 UQ。作者承认 one-way coupling 会产生误差，但该误差没有进入风险分布或决策，故不记代理误差传播。。复核信心：high。,论文对压力、饱和度、质量守恒或高保真响应进行了明确物理诊断，符合 3 分。因此最终编码为“3”；原锁定值“1”在本行全文证据及当前 Codebook 边界下不采用。,Xiaoyang Zhang (XZ),Yangqi Ma (YM),2026-07-29,2026-07-30,outputs\wp8_ijggc_v2_2026-07-30\IJGGC_V2_INDEPENDENT_REVIEW_FINALIZED_LOCKED.xlsx,prior26
ESR_Tang2022_226,physical_consistency_score,4,,4,author_verified_locked_baseline_unavailable,yes,全文采用 commercial-scale 3D synthetic case，结论强调 displacement maps were synthetic，故无现场或受控注入评价。两个 R–U–Net 只用 1、2、5、10 年结果训练，却在 12、16 年预测，并明确称“acceptable extrapolation ... up to 16 years”，构成时间 OOD；不是跨场地。ES–MDA 后验压力／位移集合的均值、标准差与 synthetic truth 在观测时刻和未来时刻比较，属于后验预测检查。似然／更新协方差只描述 measurement error，未加入 R–U–Net 代理误差，故不记误差传播。流动–地质力学耦合由 GEOSX 与跨场预测支持。,作者全文核查（物理一致性评分）：页码／章节 PDF pp.4–18（合成耦合模型与 ES–MDA）；pp.27–38（时间外推与后验检查）；pp.40–42（结论／局限）。证据说明：全文采用 commercial-scale 3D synthetic case，结论强调 displacement maps were synthetic，故无现场或受控注入评价。两个 R–U–Net 只用 1、2、5、10 年结果训练，却在 12、16 年预测，并明确称“acceptable extrapolation ... up to 16 years”，构成时间 OOD；不是跨场地。ES–MDA 后验压力／位移集合的均值、标准差与 synthetic truth 在观测时刻和未来时刻比较，属于后验预测检查。似然／更新协方差只描述 measurement error，未加入 R–U–Net 代理误差，故不记误差传播。流动–地质力学耦合由 GEOSX 与跨场预测支持。。核查信心：high。,方法将控制方程／耦合物理与独立模拟或观测验证结合，达到耦合验证层级，符合物理一致性 4 分。作者基准虽为空，仍按全文证据确定该值，没有把空白自动转换为 0；最终值采用“4”。,Xiaoyang Zhang (XZ),Yangqi Ma (YM),2026-07-29,2026-07-30,outputs\wp8_ijggc_v2_2026-07-30\IJGGC_V2_INDEPENDENT_REVIEW_FINALIZED_LOCKED.xlsx,prior26
ESR_Meng2025_211,physical_consistency_score,4,2,4,author_adjudicated_disagreement,yes,研究明确使用“synthetic case reservoir model”；CMG–GEM 耦合组分流动与地质力学，并以 Mohr–Coulomb／滑移趋势描述断层再活化，物理一致性为 4。每个含水率场景的 1000 个 LHS 样本随机分成 80% 训练与 20% blind testing，仍是同分布，且没有现场／跨地质验证。论文统计误差分布并发现含水率 >0.9 时 FSD 误差不满足 ±20% 要求，但没有校准预测区间。随后只把优化范围限制到 ≤0.9，未把代理误差作为 Pareto 目标／约束的不确定性传播，故仍记 confirmed_absent。,核查字段：物理一致性评分。全文页码／章节：PDF pp.3–7（合成耦合模型、Mohr–Coulomb 与数据）；pp.11–20（随机盲测、误差、Pareto 优化与局限）。全文证据：研究明确使用“synthetic case reservoir model”；CMG–GEM 耦合组分流动与地质力学，并以 Mohr–Coulomb／滑移趋势描述断层再活化，物理一致性为 4。每个含水率场景的 1000 个 LHS 样本随机分成 80% 训练与 20% blind testing，仍是同分布，且没有现场／跨地质验证。论文统计误差分布并发现含水率 >0.9 时 FSD 误差不满足 ±20% 要求，但没有校准预测区间。随后只把优化范围限制到 ≤0.9，未把代理误差作为 Pareto 目标／约束的不确定性传播，故仍记 confirmed_absent。。复核信心：high。,方法将控制方程／耦合物理与独立模拟或观测验证结合，达到耦合验证层级，符合 4 分。因此最终编码为“4”；原锁定值“2”在本行全文证据及当前 Codebook 边界下不采用。,Xiaoyang Zhang (XZ),Yangqi Ma (YM),2026-07-29,2026-07-30,outputs\wp8_ijggc_v2_2026-07-30\IJGGC_V2_INDEPENDENT_REVIEW_FINALIZED_LOCKED.xlsx,prior26
Arafath2025_MalayBasinML,uncertainty_score,0,0,0,independent_exact_agreement_retained,no,"原文说明使用 X field 的“petrophysical data, well records, and core data”，模型结果与该场地岩心／测井解释相对照，故为单场地现场观测比较。数据采用 80%／10%／10% 划分及交叉验证，属于同分布测试而非 OOD。文中把“field-scale validation ... using pilot CO2 injection tests”列为未来工作，故没有受控注入验证；也未报告不确定性校准或需要传播的下游代理误差。物理得分来自 Archie 等简化岩石物理／测井约束。",,Reviewer and locked coding agreed exactly; the locked value was retained.,Xiaoyang Zhang (XZ),Yangqi Ma (YM),2026-07-29,2026-07-30,outputs\wp8_ijggc_v2_2026-07-30\IJGGC_V2_INDEPENDENT_REVIEW_FINALIZED_LOCKED.xlsx,prior26
ESR_Vishal2025_213,uncertainty_score,2,1,2,author_adjudicated_disagreement,yes,论文称数据来自 Cauvery Basin 的二维／三维地震与勘探井测井，并用 Well X-42 岩心数据验证，故记为现场观测比较；但 p.16 明言“lack of any real-time field validation”，不能记成注入工作流现场验证。p.14–15 仅笼统称对“independent offshore subsets”交叉验证、R²下降 5%–10%，未交代训练区域、留出规则或地质差异，故 OOD 与跨地质测试均记 unclear。95% 置信区间由残差标准误得到，但没有覆盖率／可靠性检验；BNN 被列为未来工作，故不记校准。,核查字段：不确定性评分。全文页码／章节：PDF pp.4–6（数据与训练）；pp.9–12（现场数据比较与区间）；pp.14–17（局限）。全文证据：论文称数据来自 Cauvery Basin 的二维／三维地震与勘探井测井，并用 Well X-42 岩心数据验证，故记为现场观测比较；但 p.16 明言“lack of any real-time field validation”，不能记成注入工作流现场验证。p.14–15 仅笼统称对“independent offshore subsets”交叉验证、R²下降 5%–10%，未交代训练区域、留出规则或地质差异，故 OOD 与跨地质测试均记 unclear。95% 置信区间由残差标准误得到，但没有覆盖率／可靠性检验；BNN 被列为未来工作，故不记校准。。复核信心：medium。,模型给出概率分布、集合或随机实现，但没有完成校准／后验检查，符合 2 分。因此最终编码为“2”；原锁定值“1”在本行全文证据及当前 Codebook 边界下不采用。,Xiaoyang Zhang (XZ),Yangqi Ma (YM),2026-07-29,2026-07-30,outputs\wp8_ijggc_v2_2026-07-30\IJGGC_V2_INDEPENDENT_REVIEW_FINALIZED_LOCKED.xlsx,prior26
ESR_Wu2025_042,uncertainty_score,2,,2,author_verified_locked_baseline_unavailable,yes,"常规训练／测试来自合成汇编数据；结论亦承认“current training data relies on synthetic datasets”。显式盲测把韩国 Gorae V 盆地参数送入 CMG–GEM，并与训练好的 XGBoost 对比（RTI／STI 拟合约 98.53%／96.48%），属于跨地质背景的模拟 OOD，不是现场跨场地验证。100,000 次 Monte Carlo 给出 TEI 分布，但没有名义覆盖率或后验预测校验。模型 RMSE 与 Williams 图只评估代理误差，NSGA–II 目标中未纳入该误差，故不记误差传播。SHAP 趋势与 Henry’s law 对照，支持简化物理一致性。","作者全文核查（不确定性评分）：页码／章节 PDF pp.17–26（数据与常规划分）；pp.29–35（Gorae V 盲测、Monte Carlo 与结论）。证据说明：常规训练／测试来自合成汇编数据；结论亦承认“current training data relies on synthetic datasets”。显式盲测把韩国 Gorae V 盆地参数送入 CMG–GEM，并与训练好的 XGBoost 对比（RTI／STI 拟合约 98.53%／96.48%），属于跨地质背景的模拟 OOD，不是现场跨场地验证。100,000 次 Monte Carlo 给出 TEI 分布，但没有名义覆盖率或后验预测校验。模型 RMSE 与 Williams 图只评估代理误差，NSGA–II 目标中未纳入该误差，故不记误差传播。SHAP 趋势与 Henry’s law 对照，支持简化物理一致性。。核查信心：high。",模型给出概率分布、模型集合或随机实现，但没有完成校准／后验检查，符合不确定性 2 分。作者基准虽为空，仍按全文证据确定该值，没有把空白自动转换为 0；最终值采用“2”。,Xiaoyang Zhang (XZ),Yangqi Ma (YM),2026-07-29,2026-07-30,outputs\wp8_ijggc_v2_2026-07-30\IJGGC_V2_INDEPENDENT_REVIEW_FINALIZED_LOCKED.xlsx,prior26
ESR_Chan2024_124,uncertainty_score,0,,0,author_verified_locked_baseline_unavailable,yes,所谓 IBDP field application 实际以场地模型的 ECLIPSE 模拟结果训练／评价 ML，没有与现场观测或注入数据对照。模型以粗网格数据训练并在原始细网格预测，且用 E300 细网格结果验证，属于明确的跨分辨率 OOD。作者同时指出代理为“pure data-driven”且不保证物理连续性，但对压力／饱和度场及选定优化方案进行了高保真模拟诊断。优化后仅把所选方案重新送入 E300；代理误差没有进入 MOGA 目标或约束，因此这是事后复核而不是误差传播。,作者全文核查（不确定性评分）：页码／章节 PDF pp.5–8（合成测试、IBDP 模型与跨分辨率训练）；pp.9–11（优化与高保真复核）。证据说明：所谓 IBDP field application 实际以场地模型的 ECLIPSE 模拟结果训练／评价 ML，没有与现场观测或注入数据对照。模型以粗网格数据训练并在原始细网格预测，且用 E300 细网格结果验证，属于明确的跨分辨率 OOD。作者同时指出代理为“pure data-driven”且不保证物理连续性，但对压力／饱和度场及选定优化方案进行了高保真模拟诊断。优化后仅把所选方案重新送入 E300；代理误差没有进入 MOGA 目标或约束，因此这是事后复核而不是误差传播。。核查信心：high。,方法为确定性预测且全文明确未报告有效不确定性分析，符合不确定性 0 分。本行 0 分来自全文明确的缺失证据，而不是把空白作者基准转换为 0；最终值采用“0”。,Xiaoyang Zhang (XZ),Yangqi Ma (YM),2026-07-29,2026-07-30,outputs\wp8_ijggc_v2_2026-07-30\IJGGC_V2_INDEPENDENT_REVIEW_FINALIZED_LOCKED.xlsx,prior26
TARGET_DRLGeoRisk2026_214483,uncertainty_score,2,1,2,author_adjudicated_disagreement,yes,研究使用基于 Aquistore 的条件地质统计实现及 820 个耦合流动–地质力学模拟，不是现场观测验证。独立验证实现被明确描述为“previously unseen realizations drawn from the same uncertainty distribution”，所以虽未见样本但仍是同分布，不能算 OOD。1000 个地质实现与域随机化用于稳健策略学习，但未做区间覆盖或校准。GRU–FNO 的误差只在附录／验证中报告，未作为奖励、约束或策略不确定性项传播。43 MPa 高风险压力线和边界泄漏惩罚直接进入控制目标，故决策就绪度较高但仍是 proof of concept。,核查字段：不确定性评分。全文页码／章节：PDF pp.1–7（Aquistore 场地模型、代理与域随机化）；pp.11–15（验证、阈值与局限）。全文证据：研究使用基于 Aquistore 的条件地质统计实现及 820 个耦合流动–地质力学模拟，不是现场观测验证。独立验证实现被明确描述为“previously unseen realizations drawn from the same uncertainty distribution”，所以虽未见样本但仍是同分布，不能算 OOD。1000 个地质实现与域随机化用于稳健策略学习，但未做区间覆盖或校准。GRU–FNO 的误差只在附录／验证中报告，未作为奖励、约束或策略不确定性项传播。43 MPa 高风险压力线和边界泄漏惩罚直接进入控制目标，故决策就绪度较高但仍是 proof of concept。。复核信心：high。,模型给出概率分布、集合或随机实现，但没有完成校准／后验检查，符合 2 分。因此最终编码为“2”；原锁定值“1”在本行全文证据及当前 Codebook 边界下不采用。,Xiaoyang Zhang (XZ),Yangqi Ma (YM),2026-07-29,2026-07-30,outputs\wp8_ijggc_v2_2026-07-30\IJGGC_V2_INDEPENDENT_REVIEW_FINALIZED_LOCKED.xlsx,prior26
ESR_RefNone_173,uncertainty_score,0,,0,author_verified_locked_baseline_unavailable,yes,训练标签来自已发表的 CO2–水／盐水溶解度实验数据库，因此是实验室／受控证据而非储层现场验证或计划注入评价。全文采用随机 80%／20% 训练–测试划分，没有独立范围、场地或地质背景留出。网络给出点预测与常规误差指标，未见概率校准、后验预测检查或下游代理决策链。物理关系主要由温度、压力、盐度等输入及文献机理继承，未显式施加守恒／热力学约束。,"作者全文核查（不确定性评分）：页码／章节 PDF pp.1, 5–13（实验数据库、模型、80／20 划分与结果）。证据说明：训练标签来自已发表的 CO2–水／盐水溶解度实验数据库，因此是实验室／受控证据而非储层现场验证或计划注入评价。全文采用随机 80%／20% 训练–测试划分，没有独立范围、场地或地质背景留出。网络给出点预测与常规误差指标，未见概率校准、后验预测检查或下游代理决策链。物理关系主要由温度、压力、盐度等输入及文献机理继承，未显式施加守恒／热力学约束。。核查信心：high。",方法为确定性预测且全文明确未报告有效不确定性分析，符合不确定性 0 分。本行 0 分来自全文明确的缺失证据，而不是把空白作者基准转换为 0；最终值采用“0”。,Xiaoyang Zhang (XZ),Yangqi Ma (YM),2026-07-29,2026-07-30,outputs\wp8_ijggc_v2_2026-07-30\IJGGC_V2_INDEPENDENT_REVIEW_FINALIZED_LOCKED.xlsx,prior26
Wen2021_CCSNet,uncertainty_score,1,,1,author_verified_locked_baseline_unavailable,yes,CCSNet 全部以 ECLIPSE 合成模拟训练；“training/validation data split is 10/1”，验证样本仍在同一参数采样域内，故无现场、受控注入或 OOD。模型对压力、饱和度、相组成等多物理输出做了模拟器对照和误差空间诊断，物理一致性高于仅报告网络精度。均值、标准差、误差直方图及经验回归误差项没有覆盖率／可靠性检验，故不记校准。CCSNet 又被用于生成筛选用 sweep／溶解度指标，但代理误差没有进入这些派生估计或决策。,作者全文核查（不确定性评分）：页码／章节 PDF pp.5–15（全物理模拟、10∶1 划分与验证）；pp.20–23、31–32（筛选应用、随机划分与误差项）。证据说明：CCSNet 全部以 ECLIPSE 合成模拟训练；“training/validation data split is 10/1”，验证样本仍在同一参数采样域内，故无现场、受控注入或 OOD。模型对压力、饱和度、相组成等多物理输出做了模拟器对照和误差空间诊断，物理一致性高于仅报告网络精度。均值、标准差、误差直方图及经验回归误差项没有覆盖率／可靠性检验，故不记校准。CCSNet 又被用于生成筛选用 sweep／溶解度指标，但代理误差没有进入这些派生估计或决策。。核查信心：high。,仅有敏感性分析、误差带或未经校准的离散度，符合不确定性 1 分。作者基准虽为空，仍按全文证据确定该值，没有把空白自动转换为 0；最终值采用“1”。,Xiaoyang Zhang (XZ),Yangqi Ma (YM),2026-07-29,2026-07-30,outputs\wp8_ijggc_v2_2026-07-30\IJGGC_V2_INDEPENDENT_REVIEW_FINALIZED_LOCKED.xlsx,prior26
ESR_Liu2025_121,uncertainty_score,not_reported,,not_reported,author_verified_locked_baseline_unavailable,yes,该文件只有一页海报，说明 physics-coupled ML toolset、CRM 与储量／注入绩效用途，但没有给出数据来源、训练–测试方案、现场对照、受控注入评价、OOD、跨场地实验或不确定性校准结果；海报还把 cross-validation／进一步验证描述为 ongoing。按规则，缺报不能填 0，相关评分记 not reported。物理得分仅反映已陈述的简化耦合框架；不能据项目背景推断现场验证。,作者全文核查（不确定性评分）：页码／章节 PDF p.1（单页会议海报全文）。证据说明：该文件只有一页海报，说明 physics-coupled ML toolset、CRM 与储量／注入绩效用途，但没有给出数据来源、训练–测试方案、现场对照、受控注入评价、OOD、跨场地实验或不确定性校准结果；海报还把 cross-validation／进一步验证描述为 ongoing。按规则，缺报不能填 0，相关评分记 not reported。物理得分仅反映已陈述的简化耦合框架；不能据项目背景推断现场验证。。核查信心：low。,全文未报告可评分的不确定性信息，故保留 not reported，不把缺报记为 0。作者基准虽为空，仍按全文证据确定该值，没有把空白自动转换为 0；最终值采用“not reported”。,Xiaoyang Zhang (XZ),Yangqi Ma (YM),2026-07-29,2026-07-30,outputs\wp8_ijggc_v2_2026-07-30\IJGGC_V2_INDEPENDENT_REVIEW_FINALIZED_LOCKED.xlsx,prior26
Shokouhi2021_PhysicsInformedSite,uncertainty_score,0,,0,author_verified_locked_baseline_unavailable,yes,全文材料展示的是基于数值场的 physics-informed deep learning：损失中加入控制方程／边界条件并预测 CO₂ 储层响应；未出现现场观测、计划注入数据或跨场地评价。材料没有充分交代训练–测试留出方式，故 OOD 记 not_reported，而不是据沉默填 0；明确只有单一模拟设置，跨场地记 confirmed_absent。输出为确定性结果，没有校准或后验检查；该工作没有把代理嵌入反演／优化／决策链，代理误差传播不适用。,作者全文核查（不确定性评分）：页码／章节 PDF pp.1–10（全文幻灯片：问题、PINN 架构、模拟结果与结论）。证据说明：全文材料展示的是基于数值场的 physics-informed deep learning：损失中加入控制方程／边界条件并预测 CO₂ 储层响应；未出现现场观测、计划注入数据或跨场地评价。材料没有充分交代训练–测试留出方式，故 OOD 记 not_reported，而不是据沉默填 0；明确只有单一模拟设置，跨场地记 confirmed_absent。输出为确定性结果，没有校准或后验检查；该工作没有把代理嵌入反演／优化／决策链，代理误差传播不适用。。核查信心：high。,方法为确定性预测且全文明确未报告有效不确定性分析，符合不确定性 0 分。本行 0 分来自全文明确的缺失证据，而不是把空白作者基准转换为 0；最终值采用“0”。,Xiaoyang Zhang (XZ),Yangqi Ma (YM),2026-07-29,2026-07-30,outputs\wp8_ijggc_v2_2026-07-30\IJGGC_V2_INDEPENDENT_REVIEW_FINALIZED_LOCKED.xlsx,prior26
ESR_Pawar2023_168,uncertainty_score,0,,0,author_verified_locked_baseline_unavailable,yes,论文用数值模拟生成的压力／饱和度场训练 FNO，并在同一合成数据生成机制的留出样本上报告误差；没有现场观测、计划注入数据、跨场地或明确分布外设置。FNO 未嵌入物理方程，物理性主要继承自训练模拟器；也未报告概率校准。本文只评价快速前向预测，没有实施反演、优化或储层决策，因此代理误差传播记 not_applicable。,作者全文核查（不确定性评分）：页码／章节 PDF pp.1–5（全文：模拟数据、FNO 训练／测试与结果）。证据说明：论文用数值模拟生成的压力／饱和度场训练 FNO，并在同一合成数据生成机制的留出样本上报告误差；没有现场观测、计划注入数据、跨场地或明确分布外设置。FNO 未嵌入物理方程，物理性主要继承自训练模拟器；也未报告概率校准。本文只评价快速前向预测，没有实施反演、优化或储层决策，因此代理误差传播记 not_applicable。。核查信心：high。,方法为确定性预测且全文明确未报告有效不确定性分析，符合不确定性 0 分。本行 0 分来自全文明确的缺失证据，而不是把空白作者基准转换为 0；最终值采用“0”。,Xiaoyang Zhang (XZ),Yangqi Ma (YM),2026-07-29,2026-07-30,outputs\wp8_ijggc_v2_2026-07-30\IJGGC_V2_INDEPENDENT_REVIEW_FINALIZED_LOCKED.xlsx,prior26
Zhang2021_LearningInversionFreeForecast,uncertainty_score,3,3,3,independent_exact_agreement_retained,no,"研究明确为单个合成场景，观测来自一个 geomodel；p.11 还写明“To avoid extrapolation, LIP requires the observation data to lie inside of the prior samples”，故无 OOD 或跨场地测试。Bayesian LIP 给出预测场的后验均值／标准差，并在三个 synthetic truth 上逐图比较后验预测与真值，属于后验预测检查；但没有现场数据。LIP 是直接的观测–预测统计映射，不是另一个代理进入下游反演／优化的误差项，故代理误差传播记 not_applicable。",,Reviewer and locked coding agreed exactly; the locked value was retained.,Xiaoyang Zhang (XZ),Yangqi Ma (YM),2026-07-29,2026-07-30,outputs\wp8_ijggc_v2_2026-07-30\IJGGC_V2_INDEPENDENT_REVIEW_FINALIZED_LOCKED.xlsx,prior26
ESR_Kadeethum2024_128,uncertainty_score,0,,0,author_verified_locked_baseline_unavailable,yes,虽以 IBDP 场地数据建立 Eclipse 实现，但 ML 仅与多相流模拟结果对比，未评价现场观测或实际注入记录。90 个训练、10 个测试实现采用 uniform division，且作者特意保证测试输入均值／标准差“不偏离训练特征”，所以是同分布测试而非 OOD。INO 为数据驱动 ROM，论文把 physics-informed integration 列为未来方向；无不确定性校准，也没有实际反演／优化／决策环节，故代理误差传播不适用。,作者全文核查（不确定性评分）：页码／章节 PDF pp.5–7（IBDP 模拟数据与划分）；pp.8–13（测试、局限与结论）。证据说明：虽以 IBDP 场地数据建立 Eclipse 实现，但 ML 仅与多相流模拟结果对比，未评价现场观测或实际注入记录。90 个训练、10 个测试实现采用 uniform division，且作者特意保证测试输入均值／标准差“不偏离训练特征”，所以是同分布测试而非 OOD。INO 为数据驱动 ROM，论文把 physics-informed integration 列为未来方向；无不确定性校准，也没有实际反演／优化／决策环节，故代理误差传播不适用。。核查信心：high。,方法为确定性预测且全文明确未报告有效不确定性分析，符合不确定性 0 分。本行 0 分来自全文明确的缺失证据，而不是把空白作者基准转换为 0；最终值采用“0”。,Xiaoyang Zhang (XZ),Yangqi Ma (YM),2026-07-29,2026-07-30,outputs\wp8_ijggc_v2_2026-07-30\IJGGC_V2_INDEPENDENT_REVIEW_FINALIZED_LOCKED.xlsx,prior26
Wen2023_NestedFNO,uncertainty_score,2,2,2,independent_exact_agreement_retained,no,Nested FNO 用半自适应局部网格数值模拟训练，测试仍从训练参数范围抽样；方法部分明确要求输入“within the training data sampling ranges”，故没有显式 OOD 或跨场地测试。1000 个同一统计分布的渗透率实现用于给出最大压力与羽流足迹的概率分布，可支持用地／监测设计，属于概率 UQ；但 95% error band 是代理误差描述，没有覆盖率校准。分层网络专门分析并减轻误差累积，但未把剩余代理误差作为风险／决策不确定性传播。,,Reviewer and locked coding agreed exactly; the locked value was retained.,Xiaoyang Zhang (XZ),Yangqi Ma (YM),2026-07-29,2026-07-30,outputs\wp8_ijggc_v2_2026-07-30\IJGGC_V2_INDEPENDENT_REVIEW_FINALIZED_LOCKED.xlsx,prior26
Mo2018_EncoderDecoderUQ,uncertainty_score,3,2,3,author_adjudicated_disagreement,yes,"全部样本来自相同随机介质／多相流模拟分布，无现场、计划注入、跨场地或显式 OOD。编码器–解码器代理生成 Monte Carlo 输出分布，并把概率密度、均值和方差与 20,000 次高保真 Monte Carlo 参考逐项对照，属于对预测不确定性的明确验证／检查，故不确定性为 3。物理一致性来自多相流模拟器对照与时空误差诊断。代理用于 UQ，但其自身逼近误差没有作为独立误差模型传播到决策或反演。","核查字段：不确定性评分。全文页码／章节：PDF pp.5–18（合成训练／测试与场量误差）；pp.22–26（Monte Carlo 分布验证与结论）。全文证据：全部样本来自相同随机介质／多相流模拟分布，无现场、计划注入、跨场地或显式 OOD。编码器–解码器代理生成 Monte Carlo 输出分布，并把概率密度、均值和方差与 20,000 次高保真 Monte Carlo 参考逐项对照，属于对预测不确定性的明确验证／检查，故不确定性为 3。物理一致性来自多相流模拟器对照与时空误差诊断。代理用于 UQ，但其自身逼近误差没有作为独立误差模型传播到决策或反演。。复核信心：high。",论文完成了校准、区间可靠性或后验预测检查，但未把不确定性进一步传播到决策，符合 3 分。因此最终编码为“3”；原锁定值“2”在本行全文证据及当前 Codebook 边界下不采用。,Xiaoyang Zhang (XZ),Yangqi Ma (YM),2026-07-29,2026-07-30,outputs\wp8_ijggc_v2_2026-07-30\IJGGC_V2_INDEPENDENT_REVIEW_FINALIZED_LOCKED.xlsx,prior26
ESR_Zhou2026_127,uncertainty_score,0,,0,author_verified_locked_baseline_unavailable,yes,模型参数源于中国某海上 CGS 项目，但 300 个样本均由随机地质场与数值模拟生成，并按 240／30／30 同源划分；没有现场观测或计划注入数据评价，也无 OOD／跨场地测试。MRFNO 在损失中施加多尺度一致性与跨场耦合，并以 Verma–Pruess 更新孔隙度–渗透率，顺序耦合流动与地球化学，故物理一致性为 4。论文讨论嵌套网络的误差累积，但未实施反演、优化或决策，不能把跨网络误差累积等同于题目要求的下游代理误差传播。,"作者全文核查（不确定性评分）：页码／章节 PDF pp.1, 5–13（场地参数、合成数据、物理耦合与随机划分）；pp.18–21（误差与局限）。证据说明：模型参数源于中国某海上 CGS 项目，但 300 个样本均由随机地质场与数值模拟生成，并按 240／30／30 同源划分；没有现场观测或计划注入数据评价，也无 OOD／跨场地测试。MRFNO 在损失中施加多尺度一致性与跨场耦合，并以 Verma–Pruess 更新孔隙度–渗透率，顺序耦合流动与地球化学，故物理一致性为 4。论文讨论嵌套网络的误差累积，但未实施反演、优化或决策，不能把跨网络误差累积等同于题目要求的下游代理误差传播。。核查信心：high。",方法为确定性预测且全文明确未报告有效不确定性分析，符合不确定性 0 分。本行 0 分来自全文明确的缺失证据，而不是把空白作者基准转换为 0；最终值采用“0”。,Xiaoyang Zhang (XZ),Yangqi Ma (YM),2026-07-29,2026-07-30,outputs\wp8_ijggc_v2_2026-07-30\IJGGC_V2_INDEPENDENT_REVIEW_FINALIZED_LOCKED.xlsx,prior26
Han2024_HierarchicalMCMC,uncertainty_score,4,3,4,author_adjudicated_disagreement,yes,研究为合成历史匹配，没有现场或跨场地证据，训练／测试实现来自同一先验。关键阳性证据是：用 500 个测试实现估计代理预测误差标准差，并把该项与观测误差合并为 total error covariance，显式进入 hierarchical MCMC likelihood；这不是只报误差表，而是真正传播到反演。后验均值、可信区间／实现又与 synthetic truth 和高保真模拟逐项比较，构成后验检查。因此不确定性得分 4；但尚未形成现场阈值或运行决策。,核查字段：不确定性评分。全文页码／章节：PDF pp.1–7、9–17（代理、误差协方差与 hierarchical MCMC）；pp.31–38、41–53（真值与 SI 检查）。全文证据：研究为合成历史匹配，没有现场或跨场地证据，训练／测试实现来自同一先验。关键阳性证据是：用 500 个测试实现估计代理预测误差标准差，并把该项与观测误差合并为 total error covariance，显式进入 hierarchical MCMC likelihood；这不是只报误差表，而是真正传播到反演。后验均值、可信区间／实现又与 synthetic truth 和高保真模拟逐项比较，构成后验检查。因此不确定性得分 4；但尚未形成现场阈值或运行决策。。复核信心：high。,经检查的不确定性与代理误差进入反演或决策计算，符合 4 分。因此最终编码为“4”；原锁定值“3”在本行全文证据及当前 Codebook 边界下不采用。,Xiaoyang Zhang (XZ),Yangqi Ma (YM),2026-07-29,2026-07-30,outputs\wp8_ijggc_v2_2026-07-30\IJGGC_V2_INDEPENDENT_REVIEW_FINALIZED_LOCKED.xlsx,prior26
Leong2024_SeisCO2Net,uncertainty_score,1,2,1,author_adjudicated_disagreement,yes,SeisCO2Net 先以合成地震–饱和度对训练，再直接用于 Frio-II 计划注入试验的时移地震资料，反演注入后 CO₂ 饱和度；这是单一受控现场评价，也是明确的 synthetic-to-field 分布外测试，但不是跨多个场地验证。工作流含岩石物理／正演一致性检查并与现场时移响应比较。20 组权重产生的标准差只表示模型集合离散度，未检验覆盖率或后验可靠性，故不记校准；该网络是直接反演器而非代理进入另一决策模型，代理误差传播不适用。,核查字段：不确定性评分。全文页码／章节：PDF pp.2、8–13（合成训练与岩石物理）；pp.18–29、35–48（Frio-II 现场应用、结果与局限）。全文证据：SeisCO2Net 先以合成地震–饱和度对训练，再直接用于 Frio-II 计划注入试验的时移地震资料，反演注入后 CO₂ 饱和度；这是单一受控现场评价，也是明确的 synthetic-to-field 分布外测试，但不是跨多个场地验证。工作流含岩石物理／正演一致性检查并与现场时移响应比较。20 组权重产生的标准差只表示模型集合离散度，未检验覆盖率或后验可靠性，故不记校准；该网络是直接反演器而非代理进入另一决策模型，代理误差传播不适用。。复核信心：high。,仅有敏感性分析、误差带或未经校准的离散度，符合 1 分。因此最终编码为“1”；原锁定值“2”在本行全文证据及当前 Codebook 边界下不采用。,Xiaoyang Zhang (XZ),Yangqi Ma (YM),2026-07-29,2026-07-30,outputs\wp8_ijggc_v2_2026-07-30\IJGGC_V2_INDEPENDENT_REVIEW_FINALIZED_LOCKED.xlsx,prior26
Wang2025_4DHistoryMatching,uncertainty_score,4,3,4,author_adjudicated_disagreement,yes,全文为合成 4D 地震／监测井历史匹配，数据与测试均来自同一地质先验，没有现场或 OOD。关键证据在误差模型：作者从独立测试集估计 surrogate model error 的均值／协方差，并与观测噪声合并为 total error covariance，直接进入 MCMC likelihood；因此代理误差已传播到反演。多组 synthetic truth 下又比较后验预测、可信区间与高保真结果，属于明确后验检查。不确定性因此为 4，且已接近可用于监测更新，但仍缺现场运行阈值。,核查字段：不确定性评分。全文页码／章节：PDF pp.1–5、11–22（合成 4D 地震历史匹配）；pp.32–46（代理误差协方差、MCMC 与后验检查）。全文证据：全文为合成 4D 地震／监测井历史匹配，数据与测试均来自同一地质先验，没有现场或 OOD。关键证据在误差模型：作者从独立测试集估计 surrogate model error 的均值／协方差，并与观测噪声合并为 total error covariance，直接进入 MCMC likelihood；因此代理误差已传播到反演。多组 synthetic truth 下又比较后验预测、可信区间与高保真结果，属于明确后验检查。不确定性因此为 4，且已接近可用于监测更新，但仍缺现场运行阈值。。复核信心：high。,经检查的不确定性与代理误差进入反演或决策计算，符合 4 分。因此最终编码为“4”；原锁定值“3”在本行全文证据及当前 Codebook 边界下不采用。,Xiaoyang Zhang (XZ),Yangqi Ma (YM),2026-07-29,2026-07-30,outputs\wp8_ijggc_v2_2026-07-30\IJGGC_V2_INDEPENDENT_REVIEW_FINALIZED_LOCKED.xlsx,prior26
ESR_Wang2024_089,uncertainty_score,0,,0,author_verified_locked_baseline_unavailable,yes,数据来自 Illinois Basin 同一场址的 IBDP 与 ICCS：IBDP 注入约 100 万吨，ICCS 自 2017 年计划注入；PNX 在注入后多时次测井，ML 直接估计现场 CO₂ 饱和度，故为现场工作流且确实评价了计划注入数据。模型用常规训练／测试留出，文中只称 testing dataset unseen，未按井、项目或地质背景留出，所以不是 OOD／跨场地验证。没有概率区间、校准或后验检查；SIGM、WPRE 等物理敏感特征支持有限物理解释，但未编码控制方程。,作者全文核查（不确定性评分）：页码／章节 PDF pp.1–14（IBDP／ICCS 注入与现场测井数据）；pp.22–36（随机测试、结果与结论）。证据说明：数据来自 Illinois Basin 同一场址的 IBDP 与 ICCS：IBDP 注入约 100 万吨，ICCS 自 2017 年计划注入；PNX 在注入后多时次测井，ML 直接估计现场 CO₂ 饱和度，故为现场工作流且确实评价了计划注入数据。模型用常规训练／测试留出，文中只称 testing dataset unseen，未按井、项目或地质背景留出，所以不是 OOD／跨场地验证。没有概率区间、校准或后验检查；SIGM、WPRE 等物理敏感特征支持有限物理解释，但未编码控制方程。。核查信心：high。,方法为确定性预测且全文明确未报告有效不确定性分析，符合不确定性 0 分。本行 0 分来自全文明确的缺失证据，而不是把空白作者基准转换为 0；最终值采用“0”。,Xiaoyang Zhang (XZ),Yangqi Ma (YM),2026-07-29,2026-07-30,outputs\wp8_ijggc_v2_2026-07-30\IJGGC_V2_INDEPENDENT_REVIEW_FINALIZED_LOCKED.xlsx,prior26
Jiang2024_DSIHistoryMatching,uncertainty_score,3,2,3,author_adjudicated_disagreement,yes,研究在同一先验生成的合成储层上做 DSI 历史匹配，无现场、计划注入、跨场地或显式 OOD。作者不只展示区间，而是在五个 synthetic true models 上计算预测区间的 coverage probability，并与目标覆盖水平比较，构成明确的区间可靠性／后验检查，故不确定性为 3。物理一致性由流动模拟输出、时空参数化及真值诊断支持。AAE 用于数据空间参数化，并不是一个带误差项的前向代理进入优化或决策，因此代理误差传播记 not_applicable。,核查字段：不确定性评分。全文页码／章节：PDF pp.1–11（合成 DSI 与数据参数化）；pp.13–29（五个真值、coverage probability 与结论）。全文证据：研究在同一先验生成的合成储层上做 DSI 历史匹配，无现场、计划注入、跨场地或显式 OOD。作者不只展示区间，而是在五个 synthetic true models 上计算预测区间的 coverage probability，并与目标覆盖水平比较，构成明确的区间可靠性／后验检查，故不确定性为 3。物理一致性由流动模拟输出、时空参数化及真值诊断支持。AAE 用于数据空间参数化，并不是一个带误差项的前向代理进入优化或决策，因此代理误差传播记 not_applicable。。复核信心：high。,论文完成了校准、区间可靠性或后验预测检查，但未把不确定性进一步传播到决策，符合 3 分。因此最终编码为“3”；原锁定值“2”在本行全文证据及当前 Codebook 边界下不采用。,Xiaoyang Zhang (XZ),Yangqi Ma (YM),2026-07-29,2026-07-30,outputs\wp8_ijggc_v2_2026-07-30\IJGGC_V2_INDEPENDENT_REVIEW_FINALIZED_LOCKED.xlsx,prior26
TARGET_JointInversion2023_2022JB025372,uncertainty_score,2,2,2,independent_exact_agreement_retained,no,联合地震／电磁反演在场地尺度合成监测数据上演示，没有现场注入资料或跨场地测试；测试模型仍来自同一生成设置。可微岩石物理、波动／电磁正演与联合损失显式进入网络，故物理一致性为 4。BNN 输出后验样本并展示均值／离散度，但未报告覆盖率、校准曲线或系统后验预测检验；作者把与完整 MCMC 的基准比较列为未来工作，故不记已校准。该网络本身就是反演模型，不存在另一个代理误差向下游传播的问题。,,Reviewer and locked coding agreed exactly; the locked value was retained.,Xiaoyang Zhang (XZ),Yangqi Ma (YM),2026-07-29,2026-07-30,outputs\wp8_ijggc_v2_2026-07-30\IJGGC_V2_INDEPENDENT_REVIEW_FINALIZED_LOCKED.xlsx,prior26
Zhong2019_PressureAnomaly,uncertainty_score,4,2,4,author_adjudicated_disagreement,yes,摘要明确：模型以无泄漏 base experiment 的井底压力训练，再在“一系列 controlled CO2 release experiments”上测试；现场试验在 Cranfield 通过 F3 以 60 kg／min 人工采出 CO₂ 形成已知泄漏事件。故为受控现场评价，且 nominal-to-leak 是显式异常分布测试，但仅一个场地。模型用 1000 次实现形成预测区间，并以 1σ／2σ／3σ 阈值直接判定异常；虽然未验证名义覆盖率，不能记校准，但不确定性确已进入现场报警决策，故不确定性与决策就绪度均为 4。,核查字段：不确定性评分。全文页码／章节：PDF pp.1、4–6（Cranfield 现场与人工泄漏）；pp.10–20（训练、预测区间、阈值与结论）。全文证据：摘要明确：模型以无泄漏 base experiment 的井底压力训练，再在“一系列 controlled CO2 release experiments”上测试；现场试验在 Cranfield 通过 F3 以 60 kg／min 人工采出 CO₂ 形成已知泄漏事件。故为受控现场评价，且 nominal-to-leak 是显式异常分布测试，但仅一个场地。模型用 1000 次实现形成预测区间，并以 1σ／2σ／3σ 阈值直接判定异常；虽然未验证名义覆盖率，不能记校准，但不确定性确已进入现场报警决策，故不确定性与决策就绪度均为 4。。复核信心：high。,经检查的不确定性与代理误差进入反演或决策计算，符合 4 分。因此最终编码为“4”；原锁定值“2”在本行全文证据及当前 Codebook 边界下不采用。,Xiaoyang Zhang (XZ),Yangqi Ma (YM),2026-07-29,2026-07-30,outputs\wp8_ijggc_v2_2026-07-30\IJGGC_V2_INDEPENDENT_REVIEW_FINALIZED_LOCKED.xlsx,prior26
Lin2020_PressureLeakage,uncertainty_score,1,2,1,author_adjudicated_disagreement,yes,Cranfield HPT 现场数据包含基线试验和通过 F3 地面阀形成的人工泄漏试验。作者明确“models are not trained on the leak test data”；模型只学 150-min 基线，再以 90-min 泄漏作为异常测试，因此是受控释放且为 nominal-to-leak OOD。固定 squared-error 阈值 1e-03 产生早期报警，形成可审计的现场决策链。20 个网络实现只用于汇总平均 MSE／计算时间，所谓 confidence 未做覆盖或可靠性检查，故校准不成立、不确定性仅记 1。没有跨场地实验。,核查字段：不确定性评分。全文页码／章节：PDF pp.2、6–14（Cranfield HPT、基线／泄漏与训练）；pp.18–26（模型比较、阈值与结论）。全文证据：Cranfield HPT 现场数据包含基线试验和通过 F3 地面阀形成的人工泄漏试验。作者明确“models are not trained on the leak test data”；模型只学 150-min 基线，再以 90-min 泄漏作为异常测试，因此是受控释放且为 nominal-to-leak OOD。固定 squared-error 阈值 1e-03 产生早期报警，形成可审计的现场决策链。20 个网络实现只用于汇总平均 MSE／计算时间，所谓 confidence 未做覆盖或可靠性检查，故校准不成立、不确定性仅记 1。没有跨场地实验。。复核信心：high。,仅有敏感性分析、误差带或未经校准的离散度，符合 1 分。因此最终编码为“1”；原锁定值“2”在本行全文证据及当前 Codebook 边界下不采用。,Xiaoyang Zhang (XZ),Yangqi Ma (YM),2026-07-29,2026-07-30,outputs\wp8_ijggc_v2_2026-07-30\IJGGC_V2_INDEPENDENT_REVIEW_FINALIZED_LOCKED.xlsx,prior26
Baek2023_WellboreLeakage,uncertainty_score,2,,2,author_verified_locked_baseline_unavailable,yes,深度学习井筒 ROM 由 STOMP–CO₂ 数值模拟训练，采用随机 0.70／0.20／0.10 训练–验证–测试；应用案例仍是 homogeneous synthetic reservoir 与 hypothetical leaky wells，故无现场或 OOD。Darcy 驱动力等物理特征、分类–回归分解和模拟器对照支持物理诊断。500 个不确定井属性实现给出累计泄漏 P25／P50／P75，并面向许可风险，属于概率 UQ。作者承认 one-way coupling 会产生误差，但该误差没有进入风险分布或决策，故不记代理误差传播。,作者全文核查（不确定性评分）：页码／章节 PDF pp.1–8（STOMP／井筒模型、70／20／10 划分）；pp.9–11（假想场地、500 实现与局限）。证据说明：深度学习井筒 ROM 由 STOMP–CO₂ 数值模拟训练，采用随机 0.70／0.20／0.10 训练–验证–测试；应用案例仍是 homogeneous synthetic reservoir 与 hypothetical leaky wells，故无现场或 OOD。Darcy 驱动力等物理特征、分类–回归分解和模拟器对照支持物理诊断。500 个不确定井属性实现给出累计泄漏 P25／P50／P75，并面向许可风险，属于概率 UQ。作者承认 one-way coupling 会产生误差，但该误差没有进入风险分布或决策，故不记代理误差传播。。核查信心：high。,模型给出概率分布、模型集合或随机实现，但没有完成校准／后验检查，符合不确定性 2 分。作者基准虽为空，仍按全文证据确定该值，没有把空白自动转换为 0；最终值采用“2”。,Xiaoyang Zhang (XZ),Yangqi Ma (YM),2026-07-29,2026-07-30,outputs\wp8_ijggc_v2_2026-07-30\IJGGC_V2_INDEPENDENT_REVIEW_FINALIZED_LOCKED.xlsx,prior26
ESR_Tang2022_226,uncertainty_score,3,,3,author_verified_locked_baseline_unavailable,yes,全文采用 commercial-scale 3D synthetic case，结论强调 displacement maps were synthetic，故无现场或受控注入评价。两个 R–U–Net 只用 1、2、5、10 年结果训练，却在 12、16 年预测，并明确称“acceptable extrapolation ... up to 16 years”，构成时间 OOD；不是跨场地。ES–MDA 后验压力／位移集合的均值、标准差与 synthetic truth 在观测时刻和未来时刻比较，属于后验预测检查。似然／更新协方差只描述 measurement error，未加入 R–U–Net 代理误差，故不记误差传播。流动–地质力学耦合由 GEOSX 与跨场预测支持。,作者全文核查（不确定性评分）：页码／章节 PDF pp.4–18（合成耦合模型与 ES–MDA）；pp.27–38（时间外推与后验检查）；pp.40–42（结论／局限）。证据说明：全文采用 commercial-scale 3D synthetic case，结论强调 displacement maps were synthetic，故无现场或受控注入评价。两个 R–U–Net 只用 1、2、5、10 年结果训练，却在 12、16 年预测，并明确称“acceptable extrapolation ... up to 16 years”，构成时间 OOD；不是跨场地。ES–MDA 后验压力／位移集合的均值、标准差与 synthetic truth 在观测时刻和未来时刻比较，属于后验预测检查。似然／更新协方差只描述 measurement error，未加入 R–U–Net 代理误差，故不记误差传播。流动–地质力学耦合由 GEOSX 与跨场预测支持。。核查信心：high。,论文完成了校准、区间可靠性或后验预测检查，但未把不确定性进一步传播到决策，符合不确定性 3 分。作者基准虽为空，仍按全文证据确定该值，没有把空白自动转换为 0；最终值采用“3”。,Xiaoyang Zhang (XZ),Yangqi Ma (YM),2026-07-29,2026-07-30,outputs\wp8_ijggc_v2_2026-07-30\IJGGC_V2_INDEPENDENT_REVIEW_FINALIZED_LOCKED.xlsx,prior26
ESR_Meng2025_211,uncertainty_score,1,,1,author_verified_locked_baseline_unavailable,yes,研究明确使用“synthetic case reservoir model”；CMG–GEM 耦合组分流动与地质力学，并以 Mohr–Coulomb／滑移趋势描述断层再活化，物理一致性为 4。每个含水率场景的 1000 个 LHS 样本随机分成 80% 训练与 20% blind testing，仍是同分布，且没有现场／跨地质验证。论文统计误差分布并发现含水率 >0.9 时 FSD 误差不满足 ±20% 要求，但没有校准预测区间。随后只把优化范围限制到 ≤0.9，未把代理误差作为 Pareto 目标／约束的不确定性传播，故仍记 confirmed_absent。,作者全文核查（不确定性评分）：页码／章节 PDF pp.3–7（合成耦合模型、Mohr–Coulomb 与数据）；pp.11–20（随机盲测、误差、Pareto 优化与局限）。证据说明：研究明确使用“synthetic case reservoir model”；CMG–GEM 耦合组分流动与地质力学，并以 Mohr–Coulomb／滑移趋势描述断层再活化，物理一致性为 4。每个含水率场景的 1000 个 LHS 样本随机分成 80% 训练与 20% blind testing，仍是同分布，且没有现场／跨地质验证。论文统计误差分布并发现含水率 >0.9 时 FSD 误差不满足 ±20% 要求，但没有校准预测区间。随后只把优化范围限制到 ≤0.9，未把代理误差作为 Pareto 目标／约束的不确定性传播，故仍记 confirmed_absent。。核查信心：high。,仅有敏感性分析、误差带或未经校准的离散度，符合不确定性 1 分。作者基准虽为空，仍按全文证据确定该值，没有把空白自动转换为 0；最终值采用“1”。,Xiaoyang Zhang (XZ),Yangqi Ma (YM),2026-07-29,2026-07-30,outputs\wp8_ijggc_v2_2026-07-30\IJGGC_V2_INDEPENDENT_REVIEW_FINALIZED_LOCKED.xlsx,prior26
Arafath2025_MalayBasinML,transferability_score,1,1,1,independent_exact_agreement_retained,no,"原文说明使用 X field 的“petrophysical data, well records, and core data”，模型结果与该场地岩心／测井解释相对照，故为单场地现场观测比较。数据采用 80%／10%／10% 划分及交叉验证，属于同分布测试而非 OOD。文中把“field-scale validation ... using pilot CO2 injection tests”列为未来工作，故没有受控注入验证；也未报告不确定性校准或需要传播的下游代理误差。物理得分来自 Archie 等简化岩石物理／测井约束。",,Reviewer and locked coding agreed exactly; the locked value was retained.,Xiaoyang Zhang (XZ),Yangqi Ma (YM),2026-07-29,2026-07-30,outputs\wp8_ijggc_v2_2026-07-30\IJGGC_V2_INDEPENDENT_REVIEW_FINALIZED_LOCKED.xlsx,prior26
ESR_Vishal2025_213,transferability_score,1,,1,author_verified_locked_baseline_unavailable,yes,论文称数据来自 Cauvery Basin 的二维／三维地震与勘探井测井，并用 Well X-42 岩心数据验证，故记为现场观测比较；但 p.16 明言“lack of any real-time field validation”，不能记成注入工作流现场验证。p.14–15 仅笼统称对“independent offshore subsets”交叉验证、R²下降 5%–10%，未交代训练区域、留出规则或地质差异，故 OOD 与跨地质测试均记 unclear。95% 置信区间由残差标准误得到，但没有覆盖率／可靠性检验；BNN 被列为未来工作，故不记校准。,作者全文核查（可迁移性评分）：页码／章节 PDF pp.4–6（数据与训练）；pp.9–12（现场数据比较与区间）；pp.14–17（局限）。证据说明：论文称数据来自 Cauvery Basin 的二维／三维地震与勘探井测井，并用 Well X-42 岩心数据验证，故记为现场观测比较；但 p.16 明言“lack of any real-time field validation”，不能记成注入工作流现场验证。p.14–15 仅笼统称对“independent offshore subsets”交叉验证、R²下降 5%–10%，未交代训练区域、留出规则或地质差异，故 OOD 与跨地质测试均记 unclear。95% 置信区间由残差标准误得到，但没有覆盖率／可靠性检验；BNN 被列为未来工作，故不记校准。。核查信心：medium。,仅有单场地面向应用的证据，未进行明确分布外或跨场地测试，符合可迁移性 1 分。作者基准虽为空，仍按全文证据确定该值，没有把空白自动转换为 0；最终值采用“1”。,Xiaoyang Zhang (XZ),Yangqi Ma (YM),2026-07-29,2026-07-30,outputs\wp8_ijggc_v2_2026-07-30\IJGGC_V2_INDEPENDENT_REVIEW_FINALIZED_LOCKED.xlsx,prior26
ESR_Wu2025_042,transferability_score,3,4,3,author_adjudicated_disagreement,yes,"常规训练／测试来自合成汇编数据；结论亦承认“current training data relies on synthetic datasets”。显式盲测把韩国 Gorae V 盆地参数送入 CMG–GEM，并与训练好的 XGBoost 对比（RTI／STI 拟合约 98.53%／96.48%），属于跨地质背景的模拟 OOD，不是现场跨场地验证。100,000 次 Monte Carlo 给出 TEI 分布，但没有名义覆盖率或后验预测校验。模型 RMSE 与 Williams 图只评估代理误差，NSGA–II 目标中未纳入该误差，故不记误差传播。SHAP 趋势与 Henry’s law 对照，支持简化物理一致性。","核查字段：可迁移性评分。全文页码／章节：PDF pp.17–26（数据与常规划分）；pp.29–35（Gorae V 盲测、Monte Carlo 与结论）。全文证据：常规训练／测试来自合成汇编数据；结论亦承认“current training data relies on synthetic datasets”。显式盲测把韩国 Gorae V 盆地参数送入 CMG–GEM，并与训练好的 XGBoost 对比（RTI／STI 拟合约 98.53%／96.48%），属于跨地质背景的模拟 OOD，不是现场跨场地验证。100,000 次 Monte Carlo 给出 TEI 分布，但没有名义覆盖率或后验预测校验。模型 RMSE 与 Williams 图只评估代理误差，NSGA–II 目标中未纳入该误差，故不记误差传播。SHAP 趋势与 Henry’s law 对照，支持简化物理一致性。。复核信心：high。",测试明确跨越地质、断层、边界或场地模型分布，符合显式 OOD 的 3 分；模拟跨地质不等于现场跨场地。因此最终编码为“3”；原锁定值“4”在本行全文证据及当前 Codebook 边界下不采用。,Xiaoyang Zhang (XZ),Yangqi Ma (YM),2026-07-29,2026-07-30,outputs\wp8_ijggc_v2_2026-07-30\IJGGC_V2_INDEPENDENT_REVIEW_FINALIZED_LOCKED.xlsx,prior26
ESR_Chan2024_124,transferability_score,2,,2,author_verified_locked_baseline_unavailable,yes,所谓 IBDP field application 实际以场地模型的 ECLIPSE 模拟结果训练／评价 ML，没有与现场观测或注入数据对照。模型以粗网格数据训练并在原始细网格预测，且用 E300 细网格结果验证，属于明确的跨分辨率 OOD。作者同时指出代理为“pure data-driven”且不保证物理连续性，但对压力／饱和度场及选定优化方案进行了高保真模拟诊断。优化后仅把所选方案重新送入 E300；代理误差没有进入 MOGA 目标或约束，因此这是事后复核而不是误差传播。,作者全文核查（可迁移性评分）：页码／章节 PDF pp.5–8（合成测试、IBDP 模型与跨分辨率训练）；pp.9–11（优化与高保真复核）。证据说明：所谓 IBDP field application 实际以场地模型的 ECLIPSE 模拟结果训练／评价 ML，没有与现场观测或注入数据对照。模型以粗网格数据训练并在原始细网格预测，且用 E300 细网格结果验证，属于明确的跨分辨率 OOD。作者同时指出代理为“pure data-driven”且不保证物理连续性，但对压力／饱和度场及选定优化方案进行了高保真模拟诊断。优化后仅把所选方案重新送入 E300；代理误差没有进入 MOGA 目标或约束，因此这是事后复核而不是误差传播。。核查信心：high。,测试覆盖未见参数范围、时间／分辨率边界或迁移学习场景，但未达到明确跨地质 OOD，符合可迁移性 2 分。作者基准虽为空，仍按全文证据确定该值，没有把空白自动转换为 0；最终值采用“2”。,Xiaoyang Zhang (XZ),Yangqi Ma (YM),2026-07-29,2026-07-30,outputs\wp8_ijggc_v2_2026-07-30\IJGGC_V2_INDEPENDENT_REVIEW_FINALIZED_LOCKED.xlsx,prior26
TARGET_DRLGeoRisk2026_214483,transferability_score,0,2,0,author_adjudicated_disagreement,yes,研究使用基于 Aquistore 的条件地质统计实现及 820 个耦合流动–地质力学模拟，不是现场观测验证。独立验证实现被明确描述为“previously unseen realizations drawn from the same uncertainty distribution”，所以虽未见样本但仍是同分布，不能算 OOD。1000 个地质实现与域随机化用于稳健策略学习，但未做区间覆盖或校准。GRU–FNO 的误差只在附录／验证中报告，未作为奖励、约束或策略不确定性项传播。43 MPa 高风险压力线和边界泄漏惩罚直接进入控制目标，故决策就绪度较高但仍是 proof of concept。,核查字段：可迁移性评分。全文页码／章节：PDF pp.1–7（Aquistore 场地模型、代理与域随机化）；pp.11–15（验证、阈值与局限）。全文证据：研究使用基于 Aquistore 的条件地质统计实现及 820 个耦合流动–地质力学模拟，不是现场观测验证。独立验证实现被明确描述为“previously unseen realizations drawn from the same uncertainty distribution”，所以虽未见样本但仍是同分布，不能算 OOD。1000 个地质实现与域随机化用于稳健策略学习，但未做区间覆盖或校准。GRU–FNO 的误差只在附录／验证中报告，未作为奖励、约束或策略不确定性项传播。43 MPa 高风险压力线和边界泄漏惩罚直接进入控制目标，故决策就绪度较高但仍是 proof of concept。。复核信心：high。,评价仅限同一分布、同一生成机制或普通随机留出，符合可迁移性 0 分。因此最终编码为“0”；原锁定值“2”在本行全文证据及当前 Codebook 边界下不采用。,Xiaoyang Zhang (XZ),Yangqi Ma (YM),2026-07-29,2026-07-30,outputs\wp8_ijggc_v2_2026-07-30\IJGGC_V2_INDEPENDENT_REVIEW_FINALIZED_LOCKED.xlsx,prior26
ESR_RefNone_173,transferability_score,0,,0,author_verified_locked_baseline_unavailable,yes,训练标签来自已发表的 CO2–水／盐水溶解度实验数据库，因此是实验室／受控证据而非储层现场验证或计划注入评价。全文采用随机 80%／20% 训练–测试划分，没有独立范围、场地或地质背景留出。网络给出点预测与常规误差指标，未见概率校准、后验预测检查或下游代理决策链。物理关系主要由温度、压力、盐度等输入及文献机理继承，未显式施加守恒／热力学约束。,"作者全文核查（可迁移性评分）：页码／章节 PDF pp.1, 5–13（实验数据库、模型、80／20 划分与结果）。证据说明：训练标签来自已发表的 CO2–水／盐水溶解度实验数据库，因此是实验室／受控证据而非储层现场验证或计划注入评价。全文采用随机 80%／20% 训练–测试划分，没有独立范围、场地或地质背景留出。网络给出点预测与常规误差指标，未见概率校准、后验预测检查或下游代理决策链。物理关系主要由温度、压力、盐度等输入及文献机理继承，未显式施加守恒／热力学约束。。核查信心：high。",评价仅限同一分布、同一生成机制或普通随机留出，符合可迁移性 0 分。本行 0 分来自全文明确的缺失证据，而不是把空白作者基准转换为 0；最终值采用“0”。,Xiaoyang Zhang (XZ),Yangqi Ma (YM),2026-07-29,2026-07-30,outputs\wp8_ijggc_v2_2026-07-30\IJGGC_V2_INDEPENDENT_REVIEW_FINALIZED_LOCKED.xlsx,prior26
Wen2021_CCSNet,transferability_score,0,,0,author_verified_locked_baseline_unavailable,yes,CCSNet 全部以 ECLIPSE 合成模拟训练；“training/validation data split is 10/1”，验证样本仍在同一参数采样域内，故无现场、受控注入或 OOD。模型对压力、饱和度、相组成等多物理输出做了模拟器对照和误差空间诊断，物理一致性高于仅报告网络精度。均值、标准差、误差直方图及经验回归误差项没有覆盖率／可靠性检验，故不记校准。CCSNet 又被用于生成筛选用 sweep／溶解度指标，但代理误差没有进入这些派生估计或决策。,作者全文核查（可迁移性评分）：页码／章节 PDF pp.5–15（全物理模拟、10∶1 划分与验证）；pp.20–23、31–32（筛选应用、随机划分与误差项）。证据说明：CCSNet 全部以 ECLIPSE 合成模拟训练；“training/validation data split is 10/1”，验证样本仍在同一参数采样域内，故无现场、受控注入或 OOD。模型对压力、饱和度、相组成等多物理输出做了模拟器对照和误差空间诊断，物理一致性高于仅报告网络精度。均值、标准差、误差直方图及经验回归误差项没有覆盖率／可靠性检验，故不记校准。CCSNet 又被用于生成筛选用 sweep／溶解度指标，但代理误差没有进入这些派生估计或决策。。核查信心：high。,评价仅限同一分布、同一生成机制或普通随机留出，符合可迁移性 0 分。本行 0 分来自全文明确的缺失证据，而不是把空白作者基准转换为 0；最终值采用“0”。,Xiaoyang Zhang (XZ),Yangqi Ma (YM),2026-07-29,2026-07-30,outputs\wp8_ijggc_v2_2026-07-30\IJGGC_V2_INDEPENDENT_REVIEW_FINALIZED_LOCKED.xlsx,prior26
ESR_Liu2025_121,transferability_score,not_reported,,not_reported,author_verified_locked_baseline_unavailable,yes,该文件只有一页海报，说明 physics-coupled ML toolset、CRM 与储量／注入绩效用途，但没有给出数据来源、训练–测试方案、现场对照、受控注入评价、OOD、跨场地实验或不确定性校准结果；海报还把 cross-validation／进一步验证描述为 ongoing。按规则，缺报不能填 0，相关评分记 not reported。物理得分仅反映已陈述的简化耦合框架；不能据项目背景推断现场验证。,作者全文核查（可迁移性评分）：页码／章节 PDF p.1（单页会议海报全文）。证据说明：该文件只有一页海报，说明 physics-coupled ML toolset、CRM 与储量／注入绩效用途，但没有给出数据来源、训练–测试方案、现场对照、受控注入评价、OOD、跨场地实验或不确定性校准结果；海报还把 cross-validation／进一步验证描述为 ongoing。按规则，缺报不能填 0，相关评分记 not reported。物理得分仅反映已陈述的简化耦合框架；不能据项目背景推断现场验证。。核查信心：low。,全文未报告可评分的迁移测试，故保留 not reported，不把缺报记为 0。作者基准虽为空，仍按全文证据确定该值，没有把空白自动转换为 0；最终值采用“not reported”。,Xiaoyang Zhang (XZ),Yangqi Ma (YM),2026-07-29,2026-07-30,outputs\wp8_ijggc_v2_2026-07-30\IJGGC_V2_INDEPENDENT_REVIEW_FINALIZED_LOCKED.xlsx,prior26
Shokouhi2021_PhysicsInformedSite,transferability_score,0,,0,author_verified_locked_baseline_unavailable,yes,全文材料展示的是基于数值场的 physics-informed deep learning：损失中加入控制方程／边界条件并预测 CO₂ 储层响应；未出现现场观测、计划注入数据或跨场地评价。材料没有充分交代训练–测试留出方式，故 OOD 记 not_reported，而不是据沉默填 0；明确只有单一模拟设置，跨场地记 confirmed_absent。输出为确定性结果，没有校准或后验检查；该工作没有把代理嵌入反演／优化／决策链，代理误差传播不适用。,作者全文核查（可迁移性评分）：页码／章节 PDF pp.1–10（全文幻灯片：问题、PINN 架构、模拟结果与结论）。证据说明：全文材料展示的是基于数值场的 physics-informed deep learning：损失中加入控制方程／边界条件并预测 CO₂ 储层响应；未出现现场观测、计划注入数据或跨场地评价。材料没有充分交代训练–测试留出方式，故 OOD 记 not_reported，而不是据沉默填 0；明确只有单一模拟设置，跨场地记 confirmed_absent。输出为确定性结果，没有校准或后验检查；该工作没有把代理嵌入反演／优化／决策链，代理误差传播不适用。。核查信心：high。,评价仅限同一分布、同一生成机制或普通随机留出，符合可迁移性 0 分。本行 0 分来自全文明确的缺失证据，而不是把空白作者基准转换为 0；最终值采用“0”。,Xiaoyang Zhang (XZ),Yangqi Ma (YM),2026-07-29,2026-07-30,outputs\wp8_ijggc_v2_2026-07-30\IJGGC_V2_INDEPENDENT_REVIEW_FINALIZED_LOCKED.xlsx,prior26
ESR_Pawar2023_168,transferability_score,0,,0,author_verified_locked_baseline_unavailable,yes,论文用数值模拟生成的压力／饱和度场训练 FNO，并在同一合成数据生成机制的留出样本上报告误差；没有现场观测、计划注入数据、跨场地或明确分布外设置。FNO 未嵌入物理方程，物理性主要继承自训练模拟器；也未报告概率校准。本文只评价快速前向预测，没有实施反演、优化或储层决策，因此代理误差传播记 not_applicable。,作者全文核查（可迁移性评分）：页码／章节 PDF pp.1–5（全文：模拟数据、FNO 训练／测试与结果）。证据说明：论文用数值模拟生成的压力／饱和度场训练 FNO，并在同一合成数据生成机制的留出样本上报告误差；没有现场观测、计划注入数据、跨场地或明确分布外设置。FNO 未嵌入物理方程，物理性主要继承自训练模拟器；也未报告概率校准。本文只评价快速前向预测，没有实施反演、优化或储层决策，因此代理误差传播记 not_applicable。。核查信心：high。,评价仅限同一分布、同一生成机制或普通随机留出，符合可迁移性 0 分。本行 0 分来自全文明确的缺失证据，而不是把空白作者基准转换为 0；最终值采用“0”。,Xiaoyang Zhang (XZ),Yangqi Ma (YM),2026-07-29,2026-07-30,outputs\wp8_ijggc_v2_2026-07-30\IJGGC_V2_INDEPENDENT_REVIEW_FINALIZED_LOCKED.xlsx,prior26
Zhang2021_LearningInversionFreeForecast,transferability_score,0,2,0,author_adjudicated_disagreement,yes,"研究明确为单个合成场景，观测来自一个 geomodel；p.11 还写明“To avoid extrapolation, LIP requires the observation data to lie inside of the prior samples”，故无 OOD 或跨场地测试。Bayesian LIP 给出预测场的后验均值／标准差，并在三个 synthetic truth 上逐图比较后验预测与真值，属于后验预测检查；但没有现场数据。LIP 是直接的观测–预测统计映射，不是另一个代理进入下游反演／优化的误差项，故代理误差传播记 not_applicable。","核查字段：可迁移性评分。全文页码／章节：PDF pp.3–6（合成模型与 Bayesian LIP）；pp.8–11（后验–真值对照、限制与结论）。全文证据：研究明确为单个合成场景，观测来自一个 geomodel；p.11 还写明“To avoid extrapolation, LIP requires the observation data to lie inside of the prior samples”，故无 OOD 或跨场地测试。Bayesian LIP 给出预测场的后验均值／标准差，并在三个 synthetic truth 上逐图比较后验预测与真值，属于后验预测检查；但没有现场数据。LIP 是直接的观测–预测统计映射，不是另一个代理进入下游反演／优化的误差项，故代理误差传播记 not_applicable。。复核信心：high。",评价仅限同一分布、同一生成机制或普通随机留出，符合可迁移性 0 分。因此最终编码为“0”；原锁定值“2”在本行全文证据及当前 Codebook 边界下不采用。,Xiaoyang Zhang (XZ),Yangqi Ma (YM),2026-07-29,2026-07-30,outputs\wp8_ijggc_v2_2026-07-30\IJGGC_V2_INDEPENDENT_REVIEW_FINALIZED_LOCKED.xlsx,prior26
ESR_Kadeethum2024_128,transferability_score,0,,0,author_verified_locked_baseline_unavailable,yes,虽以 IBDP 场地数据建立 Eclipse 实现，但 ML 仅与多相流模拟结果对比，未评价现场观测或实际注入记录。90 个训练、10 个测试实现采用 uniform division，且作者特意保证测试输入均值／标准差“不偏离训练特征”，所以是同分布测试而非 OOD。INO 为数据驱动 ROM，论文把 physics-informed integration 列为未来方向；无不确定性校准，也没有实际反演／优化／决策环节，故代理误差传播不适用。,作者全文核查（可迁移性评分）：页码／章节 PDF pp.5–7（IBDP 模拟数据与划分）；pp.8–13（测试、局限与结论）。证据说明：虽以 IBDP 场地数据建立 Eclipse 实现，但 ML 仅与多相流模拟结果对比，未评价现场观测或实际注入记录。90 个训练、10 个测试实现采用 uniform division，且作者特意保证测试输入均值／标准差“不偏离训练特征”，所以是同分布测试而非 OOD。INO 为数据驱动 ROM，论文把 physics-informed integration 列为未来方向；无不确定性校准，也没有实际反演／优化／决策环节，故代理误差传播不适用。。核查信心：high。,评价仅限同一分布、同一生成机制或普通随机留出，符合可迁移性 0 分。本行 0 分来自全文明确的缺失证据，而不是把空白作者基准转换为 0；最终值采用“0”。,Xiaoyang Zhang (XZ),Yangqi Ma (YM),2026-07-29,2026-07-30,outputs\wp8_ijggc_v2_2026-07-30\IJGGC_V2_INDEPENDENT_REVIEW_FINALIZED_LOCKED.xlsx,prior26
Wen2023_NestedFNO,transferability_score,0,2,0,author_adjudicated_disagreement,yes,Nested FNO 用半自适应局部网格数值模拟训练，测试仍从训练参数范围抽样；方法部分明确要求输入“within the training data sampling ranges”，故没有显式 OOD 或跨场地测试。1000 个同一统计分布的渗透率实现用于给出最大压力与羽流足迹的概率分布，可支持用地／监测设计，属于概率 UQ；但 95% error band 是代理误差描述，没有覆盖率校准。分层网络专门分析并减轻误差累积，但未把剩余代理误差作为风险／决策不确定性传播。,核查字段：可迁移性评分。全文页码／章节：PDF pp.1–5（合成训练、同域测试与概率评估）；pp.6–8（范围限制、误差累积与微调）。全文证据：Nested FNO 用半自适应局部网格数值模拟训练，测试仍从训练参数范围抽样；方法部分明确要求输入“within the training data sampling ranges”，故没有显式 OOD 或跨场地测试。1000 个同一统计分布的渗透率实现用于给出最大压力与羽流足迹的概率分布，可支持用地／监测设计，属于概率 UQ；但 95% error band 是代理误差描述，没有覆盖率校准。分层网络专门分析并减轻误差累积，但未把剩余代理误差作为风险／决策不确定性传播。。复核信心：high。,评价仅限同一分布、同一生成机制或普通随机留出，符合可迁移性 0 分。因此最终编码为“0”；原锁定值“2”在本行全文证据及当前 Codebook 边界下不采用。,Xiaoyang Zhang (XZ),Yangqi Ma (YM),2026-07-29,2026-07-30,outputs\wp8_ijggc_v2_2026-07-30\IJGGC_V2_INDEPENDENT_REVIEW_FINALIZED_LOCKED.xlsx,prior26
Mo2018_EncoderDecoderUQ,transferability_score,0,2,0,author_adjudicated_disagreement,yes,"全部样本来自相同随机介质／多相流模拟分布，无现场、计划注入、跨场地或显式 OOD。编码器–解码器代理生成 Monte Carlo 输出分布，并把概率密度、均值和方差与 20,000 次高保真 Monte Carlo 参考逐项对照，属于对预测不确定性的明确验证／检查，故不确定性为 3。物理一致性来自多相流模拟器对照与时空误差诊断。代理用于 UQ，但其自身逼近误差没有作为独立误差模型传播到决策或反演。","核查字段：可迁移性评分。全文页码／章节：PDF pp.5–18（合成训练／测试与场量误差）；pp.22–26（Monte Carlo 分布验证与结论）。全文证据：全部样本来自相同随机介质／多相流模拟分布，无现场、计划注入、跨场地或显式 OOD。编码器–解码器代理生成 Monte Carlo 输出分布，并把概率密度、均值和方差与 20,000 次高保真 Monte Carlo 参考逐项对照，属于对预测不确定性的明确验证／检查，故不确定性为 3。物理一致性来自多相流模拟器对照与时空误差诊断。代理用于 UQ，但其自身逼近误差没有作为独立误差模型传播到决策或反演。。复核信心：high。",评价仅限同一分布、同一生成机制或普通随机留出，符合可迁移性 0 分。因此最终编码为“0”；原锁定值“2”在本行全文证据及当前 Codebook 边界下不采用。,Xiaoyang Zhang (XZ),Yangqi Ma (YM),2026-07-29,2026-07-30,outputs\wp8_ijggc_v2_2026-07-30\IJGGC_V2_INDEPENDENT_REVIEW_FINALIZED_LOCKED.xlsx,prior26
ESR_Zhou2026_127,transferability_score,0,,0,author_verified_locked_baseline_unavailable,yes,模型参数源于中国某海上 CGS 项目，但 300 个样本均由随机地质场与数值模拟生成，并按 240／30／30 同源划分；没有现场观测或计划注入数据评价，也无 OOD／跨场地测试。MRFNO 在损失中施加多尺度一致性与跨场耦合，并以 Verma–Pruess 更新孔隙度–渗透率，顺序耦合流动与地球化学，故物理一致性为 4。论文讨论嵌套网络的误差累积，但未实施反演、优化或决策，不能把跨网络误差累积等同于题目要求的下游代理误差传播。,"作者全文核查（可迁移性评分）：页码／章节 PDF pp.1, 5–13（场地参数、合成数据、物理耦合与随机划分）；pp.18–21（误差与局限）。证据说明：模型参数源于中国某海上 CGS 项目，但 300 个样本均由随机地质场与数值模拟生成，并按 240／30／30 同源划分；没有现场观测或计划注入数据评价，也无 OOD／跨场地测试。MRFNO 在损失中施加多尺度一致性与跨场耦合，并以 Verma–Pruess 更新孔隙度–渗透率，顺序耦合流动与地球化学，故物理一致性为 4。论文讨论嵌套网络的误差累积，但未实施反演、优化或决策，不能把跨网络误差累积等同于题目要求的下游代理误差传播。。核查信心：high。",评价仅限同一分布、同一生成机制或普通随机留出，符合可迁移性 0 分。本行 0 分来自全文明确的缺失证据，而不是把空白作者基准转换为 0；最终值采用“0”。,Xiaoyang Zhang (XZ),Yangqi Ma (YM),2026-07-29,2026-07-30,outputs\wp8_ijggc_v2_2026-07-30\IJGGC_V2_INDEPENDENT_REVIEW_FINALIZED_LOCKED.xlsx,prior26
Han2024_HierarchicalMCMC,transferability_score,0,2,0,author_adjudicated_disagreement,yes,研究为合成历史匹配，没有现场或跨场地证据，训练／测试实现来自同一先验。关键阳性证据是：用 500 个测试实现估计代理预测误差标准差，并把该项与观测误差合并为 total error covariance，显式进入 hierarchical MCMC likelihood；这不是只报误差表，而是真正传播到反演。后验均值、可信区间／实现又与 synthetic truth 和高保真模拟逐项比较，构成后验检查。因此不确定性得分 4；但尚未形成现场阈值或运行决策。,核查字段：可迁移性评分。全文页码／章节：PDF pp.1–7、9–17（代理、误差协方差与 hierarchical MCMC）；pp.31–38、41–53（真值与 SI 检查）。全文证据：研究为合成历史匹配，没有现场或跨场地证据，训练／测试实现来自同一先验。关键阳性证据是：用 500 个测试实现估计代理预测误差标准差，并把该项与观测误差合并为 total error covariance，显式进入 hierarchical MCMC likelihood；这不是只报误差表，而是真正传播到反演。后验均值、可信区间／实现又与 synthetic truth 和高保真模拟逐项比较，构成后验检查。因此不确定性得分 4；但尚未形成现场阈值或运行决策。。复核信心：high。,评价仅限同一分布、同一生成机制或普通随机留出，符合可迁移性 0 分。因此最终编码为“0”；原锁定值“2”在本行全文证据及当前 Codebook 边界下不采用。,Xiaoyang Zhang (XZ),Yangqi Ma (YM),2026-07-29,2026-07-30,outputs\wp8_ijggc_v2_2026-07-30\IJGGC_V2_INDEPENDENT_REVIEW_FINALIZED_LOCKED.xlsx,prior26
Leong2024_SeisCO2Net,transferability_score,2,2,2,independent_exact_agreement_retained,no,SeisCO2Net 先以合成地震–饱和度对训练，再直接用于 Frio-II 计划注入试验的时移地震资料，反演注入后 CO₂ 饱和度；这是单一受控现场评价，也是明确的 synthetic-to-field 分布外测试，但不是跨多个场地验证。工作流含岩石物理／正演一致性检查并与现场时移响应比较。20 组权重产生的标准差只表示模型集合离散度，未检验覆盖率或后验可靠性，故不记校准；该网络是直接反演器而非代理进入另一决策模型，代理误差传播不适用。,,Reviewer and locked coding agreed exactly; the locked value was retained.,Xiaoyang Zhang (XZ),Yangqi Ma (YM),2026-07-29,2026-07-30,outputs\wp8_ijggc_v2_2026-07-30\IJGGC_V2_INDEPENDENT_REVIEW_FINALIZED_LOCKED.xlsx,prior26
Wang2025_4DHistoryMatching,transferability_score,0,2,0,author_adjudicated_disagreement,yes,全文为合成 4D 地震／监测井历史匹配，数据与测试均来自同一地质先验，没有现场或 OOD。关键证据在误差模型：作者从独立测试集估计 surrogate model error 的均值／协方差，并与观测噪声合并为 total error covariance，直接进入 MCMC likelihood；因此代理误差已传播到反演。多组 synthetic truth 下又比较后验预测、可信区间与高保真结果，属于明确后验检查。不确定性因此为 4，且已接近可用于监测更新，但仍缺现场运行阈值。,核查字段：可迁移性评分。全文页码／章节：PDF pp.1–5、11–22（合成 4D 地震历史匹配）；pp.32–46（代理误差协方差、MCMC 与后验检查）。全文证据：全文为合成 4D 地震／监测井历史匹配，数据与测试均来自同一地质先验，没有现场或 OOD。关键证据在误差模型：作者从独立测试集估计 surrogate model error 的均值／协方差，并与观测噪声合并为 total error covariance，直接进入 MCMC likelihood；因此代理误差已传播到反演。多组 synthetic truth 下又比较后验预测、可信区间与高保真结果，属于明确后验检查。不确定性因此为 4，且已接近可用于监测更新，但仍缺现场运行阈值。。复核信心：high。,评价仅限同一分布、同一生成机制或普通随机留出，符合可迁移性 0 分。因此最终编码为“0”；原锁定值“2”在本行全文证据及当前 Codebook 边界下不采用。,Xiaoyang Zhang (XZ),Yangqi Ma (YM),2026-07-29,2026-07-30,outputs\wp8_ijggc_v2_2026-07-30\IJGGC_V2_INDEPENDENT_REVIEW_FINALIZED_LOCKED.xlsx,prior26
ESR_Wang2024_089,transferability_score,1,1,1,independent_exact_agreement_retained,no,数据来自 Illinois Basin 同一场址的 IBDP 与 ICCS：IBDP 注入约 100 万吨，ICCS 自 2017 年计划注入；PNX 在注入后多时次测井，ML 直接估计现场 CO₂ 饱和度，故为现场工作流且确实评价了计划注入数据。模型用常规训练／测试留出，文中只称 testing dataset unseen，未按井、项目或地质背景留出，所以不是 OOD／跨场地验证。没有概率区间、校准或后验检查；SIGM、WPRE 等物理敏感特征支持有限物理解释，但未编码控制方程。,,Reviewer and locked coding agreed exactly; the locked value was retained.,Xiaoyang Zhang (XZ),Yangqi Ma (YM),2026-07-29,2026-07-30,outputs\wp8_ijggc_v2_2026-07-30\IJGGC_V2_INDEPENDENT_REVIEW_FINALIZED_LOCKED.xlsx,prior26
Jiang2024_DSIHistoryMatching,transferability_score,0,2,0,author_adjudicated_disagreement,yes,研究在同一先验生成的合成储层上做 DSI 历史匹配，无现场、计划注入、跨场地或显式 OOD。作者不只展示区间，而是在五个 synthetic true models 上计算预测区间的 coverage probability，并与目标覆盖水平比较，构成明确的区间可靠性／后验检查，故不确定性为 3。物理一致性由流动模拟输出、时空参数化及真值诊断支持。AAE 用于数据空间参数化，并不是一个带误差项的前向代理进入优化或决策，因此代理误差传播记 not_applicable。,核查字段：可迁移性评分。全文页码／章节：PDF pp.1–11（合成 DSI 与数据参数化）；pp.13–29（五个真值、coverage probability 与结论）。全文证据：研究在同一先验生成的合成储层上做 DSI 历史匹配，无现场、计划注入、跨场地或显式 OOD。作者不只展示区间，而是在五个 synthetic true models 上计算预测区间的 coverage probability，并与目标覆盖水平比较，构成明确的区间可靠性／后验检查，故不确定性为 3。物理一致性由流动模拟输出、时空参数化及真值诊断支持。AAE 用于数据空间参数化，并不是一个带误差项的前向代理进入优化或决策，因此代理误差传播记 not_applicable。。复核信心：high。,评价仅限同一分布、同一生成机制或普通随机留出，符合可迁移性 0 分。因此最终编码为“0”；原锁定值“2”在本行全文证据及当前 Codebook 边界下不采用。,Xiaoyang Zhang (XZ),Yangqi Ma (YM),2026-07-29,2026-07-30,outputs\wp8_ijggc_v2_2026-07-30\IJGGC_V2_INDEPENDENT_REVIEW_FINALIZED_LOCKED.xlsx,prior26
TARGET_JointInversion2023_2022JB025372,transferability_score,0,0,0,independent_exact_agreement_retained,no,联合地震／电磁反演在场地尺度合成监测数据上演示，没有现场注入资料或跨场地测试；测试模型仍来自同一生成设置。可微岩石物理、波动／电磁正演与联合损失显式进入网络，故物理一致性为 4。BNN 输出后验样本并展示均值／离散度，但未报告覆盖率、校准曲线或系统后验预测检验；作者把与完整 MCMC 的基准比较列为未来工作，故不记已校准。该网络本身就是反演模型，不存在另一个代理误差向下游传播的问题。,,Reviewer and locked coding agreed exactly; the locked value was retained.,Xiaoyang Zhang (XZ),Yangqi Ma (YM),2026-07-29,2026-07-30,outputs\wp8_ijggc_v2_2026-07-30\IJGGC_V2_INDEPENDENT_REVIEW_FINALIZED_LOCKED.xlsx,prior26
Zhong2019_PressureAnomaly,transferability_score,2,2,2,independent_exact_agreement_retained,no,摘要明确：模型以无泄漏 base experiment 的井底压力训练，再在“一系列 controlled CO2 release experiments”上测试；现场试验在 Cranfield 通过 F3 以 60 kg／min 人工采出 CO₂ 形成已知泄漏事件。故为受控现场评价，且 nominal-to-leak 是显式异常分布测试，但仅一个场地。模型用 1000 次实现形成预测区间，并以 1σ／2σ／3σ 阈值直接判定异常；虽然未验证名义覆盖率，不能记校准，但不确定性确已进入现场报警决策，故不确定性与决策就绪度均为 4。,,Reviewer and locked coding agreed exactly; the locked value was retained.,Xiaoyang Zhang (XZ),Yangqi Ma (YM),2026-07-29,2026-07-30,outputs\wp8_ijggc_v2_2026-07-30\IJGGC_V2_INDEPENDENT_REVIEW_FINALIZED_LOCKED.xlsx,prior26
Lin2020_PressureLeakage,transferability_score,2,2,2,independent_exact_agreement_retained,no,Cranfield HPT 现场数据包含基线试验和通过 F3 地面阀形成的人工泄漏试验。作者明确“models are not trained on the leak test data”；模型只学 150-min 基线，再以 90-min 泄漏作为异常测试，因此是受控释放且为 nominal-to-leak OOD。固定 squared-error 阈值 1e-03 产生早期报警，形成可审计的现场决策链。20 个网络实现只用于汇总平均 MSE／计算时间，所谓 confidence 未做覆盖或可靠性检查，故校准不成立、不确定性仅记 1。没有跨场地实验。,,Reviewer and locked coding agreed exactly; the locked value was retained.,Xiaoyang Zhang (XZ),Yangqi Ma (YM),2026-07-29,2026-07-30,outputs\wp8_ijggc_v2_2026-07-30\IJGGC_V2_INDEPENDENT_REVIEW_FINALIZED_LOCKED.xlsx,prior26
Baek2023_WellboreLeakage,transferability_score,0,,0,author_verified_locked_baseline_unavailable,yes,深度学习井筒 ROM 由 STOMP–CO₂ 数值模拟训练，采用随机 0.70／0.20／0.10 训练–验证–测试；应用案例仍是 homogeneous synthetic reservoir 与 hypothetical leaky wells，故无现场或 OOD。Darcy 驱动力等物理特征、分类–回归分解和模拟器对照支持物理诊断。500 个不确定井属性实现给出累计泄漏 P25／P50／P75，并面向许可风险，属于概率 UQ。作者承认 one-way coupling 会产生误差，但该误差没有进入风险分布或决策，故不记代理误差传播。,作者全文核查（可迁移性评分）：页码／章节 PDF pp.1–8（STOMP／井筒模型、70／20／10 划分）；pp.9–11（假想场地、500 实现与局限）。证据说明：深度学习井筒 ROM 由 STOMP–CO₂ 数值模拟训练，采用随机 0.70／0.20／0.10 训练–验证–测试；应用案例仍是 homogeneous synthetic reservoir 与 hypothetical leaky wells，故无现场或 OOD。Darcy 驱动力等物理特征、分类–回归分解和模拟器对照支持物理诊断。500 个不确定井属性实现给出累计泄漏 P25／P50／P75，并面向许可风险，属于概率 UQ。作者承认 one-way coupling 会产生误差，但该误差没有进入风险分布或决策，故不记代理误差传播。。核查信心：high。,评价仅限同一分布、同一生成机制或普通随机留出，符合可迁移性 0 分。本行 0 分来自全文明确的缺失证据，而不是把空白作者基准转换为 0；最终值采用“0”。,Xiaoyang Zhang (XZ),Yangqi Ma (YM),2026-07-29,2026-07-30,outputs\wp8_ijggc_v2_2026-07-30\IJGGC_V2_INDEPENDENT_REVIEW_FINALIZED_LOCKED.xlsx,prior26
ESR_Tang2022_226,transferability_score,2,,2,author_verified_locked_baseline_unavailable,yes,全文采用 commercial-scale 3D synthetic case，结论强调 displacement maps were synthetic，故无现场或受控注入评价。两个 R–U–Net 只用 1、2、5、10 年结果训练，却在 12、16 年预测，并明确称“acceptable extrapolation ... up to 16 years”，构成时间 OOD；不是跨场地。ES–MDA 后验压力／位移集合的均值、标准差与 synthetic truth 在观测时刻和未来时刻比较，属于后验预测检查。似然／更新协方差只描述 measurement error，未加入 R–U–Net 代理误差，故不记误差传播。流动–地质力学耦合由 GEOSX 与跨场预测支持。,作者全文核查（可迁移性评分）：页码／章节 PDF pp.4–18（合成耦合模型与 ES–MDA）；pp.27–38（时间外推与后验检查）；pp.40–42（结论／局限）。证据说明：全文采用 commercial-scale 3D synthetic case，结论强调 displacement maps were synthetic，故无现场或受控注入评价。两个 R–U–Net 只用 1、2、5、10 年结果训练，却在 12、16 年预测，并明确称“acceptable extrapolation ... up to 16 years”，构成时间 OOD；不是跨场地。ES–MDA 后验压力／位移集合的均值、标准差与 synthetic truth 在观测时刻和未来时刻比较，属于后验预测检查。似然／更新协方差只描述 measurement error，未加入 R–U–Net 代理误差，故不记误差传播。流动–地质力学耦合由 GEOSX 与跨场预测支持。。核查信心：high。,测试覆盖未见参数范围、时间／分辨率边界或迁移学习场景，但未达到明确跨地质 OOD，符合可迁移性 2 分。作者基准虽为空，仍按全文证据确定该值，没有把空白自动转换为 0；最终值采用“2”。,Xiaoyang Zhang (XZ),Yangqi Ma (YM),2026-07-29,2026-07-30,outputs\wp8_ijggc_v2_2026-07-30\IJGGC_V2_INDEPENDENT_REVIEW_FINALIZED_LOCKED.xlsx,prior26
ESR_Meng2025_211,transferability_score,0,,0,author_verified_locked_baseline_unavailable,yes,研究明确使用“synthetic case reservoir model”；CMG–GEM 耦合组分流动与地质力学，并以 Mohr–Coulomb／滑移趋势描述断层再活化，物理一致性为 4。每个含水率场景的 1000 个 LHS 样本随机分成 80% 训练与 20% blind testing，仍是同分布，且没有现场／跨地质验证。论文统计误差分布并发现含水率 >0.9 时 FSD 误差不满足 ±20% 要求，但没有校准预测区间。随后只把优化范围限制到 ≤0.9，未把代理误差作为 Pareto 目标／约束的不确定性传播，故仍记 confirmed_absent。,作者全文核查（可迁移性评分）：页码／章节 PDF pp.3–7（合成耦合模型、Mohr–Coulomb 与数据）；pp.11–20（随机盲测、误差、Pareto 优化与局限）。证据说明：研究明确使用“synthetic case reservoir model”；CMG–GEM 耦合组分流动与地质力学，并以 Mohr–Coulomb／滑移趋势描述断层再活化，物理一致性为 4。每个含水率场景的 1000 个 LHS 样本随机分成 80% 训练与 20% blind testing，仍是同分布，且没有现场／跨地质验证。论文统计误差分布并发现含水率 >0.9 时 FSD 误差不满足 ±20% 要求，但没有校准预测区间。随后只把优化范围限制到 ≤0.9，未把代理误差作为 Pareto 目标／约束的不确定性传播，故仍记 confirmed_absent。。核查信心：high。,评价仅限同一分布、同一生成机制或普通随机留出，符合可迁移性 0 分。本行 0 分来自全文明确的缺失证据，而不是把空白作者基准转换为 0；最终值采用“0”。,Xiaoyang Zhang (XZ),Yangqi Ma (YM),2026-07-29,2026-07-30,outputs\wp8_ijggc_v2_2026-07-30\IJGGC_V2_INDEPENDENT_REVIEW_FINALIZED_LOCKED.xlsx,prior26
Arafath2025_MalayBasinML,decision_readiness_score,2,1,2,author_adjudicated_disagreement,yes,"原文说明使用 X field 的“petrophysical data, well records, and core data”，模型结果与该场地岩心／测井解释相对照，故为单场地现场观测比较。数据采用 80%／10%／10% 划分及交叉验证，属于同分布测试而非 OOD。文中把“field-scale validation ... using pilot CO2 injection tests”列为未来工作，故没有受控注入验证；也未报告不确定性校准或需要传播的下游代理误差。物理得分来自 Archie 等简化岩石物理／测井约束。","核查字段：决策就绪度评分。全文页码／章节：PDF pp.5–10（数据与建模）；pp.11–16（场地评价、局限与结论）。全文证据：原文说明使用 X field 的“petrophysical data, well records, and core data”，模型结果与该场地岩心／测井解释相对照，故为单场地现场观测比较。数据采用 80%／10%／10% 划分及交叉验证，属于同分布测试而非 OOD。文中把“field-scale validation ... using pilot CO2 injection tests”列为未来工作，故没有受控注入验证；也未报告不确定性校准或需要传播的下游代理误差。物理得分来自 Archie 等简化岩石物理／测井约束。。复核信心：high。",ML 输出直接支持场地筛选、注入设计、风险评估或其他封存决策变量，符合 2 分。因此最终编码为“2”；原锁定值“1”在本行全文证据及当前 Codebook 边界下不采用。,Xiaoyang Zhang (XZ),Yangqi Ma (YM),2026-07-29,2026-07-30,outputs\wp8_ijggc_v2_2026-07-30\IJGGC_V2_INDEPENDENT_REVIEW_FINALIZED_LOCKED.xlsx,prior26
ESR_Vishal2025_213,decision_readiness_score,2,2,2,independent_exact_agreement_retained,no,论文称数据来自 Cauvery Basin 的二维／三维地震与勘探井测井，并用 Well X-42 岩心数据验证，故记为现场观测比较；但 p.16 明言“lack of any real-time field validation”，不能记成注入工作流现场验证。p.14–15 仅笼统称对“independent offshore subsets”交叉验证、R²下降 5%–10%，未交代训练区域、留出规则或地质差异，故 OOD 与跨地质测试均记 unclear。95% 置信区间由残差标准误得到，但没有覆盖率／可靠性检验；BNN 被列为未来工作，故不记校准。,,Reviewer and locked coding agreed exactly; the locked value was retained.,Xiaoyang Zhang (XZ),Yangqi Ma (YM),2026-07-29,2026-07-30,outputs\wp8_ijggc_v2_2026-07-30\IJGGC_V2_INDEPENDENT_REVIEW_FINALIZED_LOCKED.xlsx,prior26
ESR_Wu2025_042,decision_readiness_score,2,2,2,independent_exact_agreement_retained,no,"常规训练／测试来自合成汇编数据；结论亦承认“current training data relies on synthetic datasets”。显式盲测把韩国 Gorae V 盆地参数送入 CMG–GEM，并与训练好的 XGBoost 对比（RTI／STI 拟合约 98.53%／96.48%），属于跨地质背景的模拟 OOD，不是现场跨场地验证。100,000 次 Monte Carlo 给出 TEI 分布，但没有名义覆盖率或后验预测校验。模型 RMSE 与 Williams 图只评估代理误差，NSGA–II 目标中未纳入该误差，故不记误差传播。SHAP 趋势与 Henry’s law 对照，支持简化物理一致性。",,Reviewer and locked coding agreed exactly; the locked value was retained.,Xiaoyang Zhang (XZ),Yangqi Ma (YM),2026-07-29,2026-07-30,outputs\wp8_ijggc_v2_2026-07-30\IJGGC_V2_INDEPENDENT_REVIEW_FINALIZED_LOCKED.xlsx,prior26
ESR_Chan2024_124,decision_readiness_score,2,2,2,independent_exact_agreement_retained,no,所谓 IBDP field application 实际以场地模型的 ECLIPSE 模拟结果训练／评价 ML，没有与现场观测或注入数据对照。模型以粗网格数据训练并在原始细网格预测，且用 E300 细网格结果验证，属于明确的跨分辨率 OOD。作者同时指出代理为“pure data-driven”且不保证物理连续性，但对压力／饱和度场及选定优化方案进行了高保真模拟诊断。优化后仅把所选方案重新送入 E300；代理误差没有进入 MOGA 目标或约束，因此这是事后复核而不是误差传播。,,Reviewer and locked coding agreed exactly; the locked value was retained.,Xiaoyang Zhang (XZ),Yangqi Ma (YM),2026-07-29,2026-07-30,outputs\wp8_ijggc_v2_2026-07-30\IJGGC_V2_INDEPENDENT_REVIEW_FINALIZED_LOCKED.xlsx,prior26
TARGET_DRLGeoRisk2026_214483,decision_readiness_score,3,3,3,independent_exact_agreement_retained,no,研究使用基于 Aquistore 的条件地质统计实现及 820 个耦合流动–地质力学模拟，不是现场观测验证。独立验证实现被明确描述为“previously unseen realizations drawn from the same uncertainty distribution”，所以虽未见样本但仍是同分布，不能算 OOD。1000 个地质实现与域随机化用于稳健策略学习，但未做区间覆盖或校准。GRU–FNO 的误差只在附录／验证中报告，未作为奖励、约束或策略不确定性项传播。43 MPa 高风险压力线和边界泄漏惩罚直接进入控制目标，故决策就绪度较高但仍是 proof of concept。,,Reviewer and locked coding agreed exactly; the locked value was retained.,Xiaoyang Zhang (XZ),Yangqi Ma (YM),2026-07-29,2026-07-30,outputs\wp8_ijggc_v2_2026-07-30\IJGGC_V2_INDEPENDENT_REVIEW_FINALIZED_LOCKED.xlsx,prior26
ESR_RefNone_173,decision_readiness_score,1,1,1,independent_exact_agreement_retained,no,训练标签来自已发表的 CO2–水／盐水溶解度实验数据库，因此是实验室／受控证据而非储层现场验证或计划注入评价。全文采用随机 80%／20% 训练–测试划分，没有独立范围、场地或地质背景留出。网络给出点预测与常规误差指标，未见概率校准、后验预测检查或下游代理决策链。物理关系主要由温度、压力、盐度等输入及文献机理继承，未显式施加守恒／热力学约束。,,Reviewer and locked coding agreed exactly; the locked value was retained.,Xiaoyang Zhang (XZ),Yangqi Ma (YM),2026-07-29,2026-07-30,outputs\wp8_ijggc_v2_2026-07-30\IJGGC_V2_INDEPENDENT_REVIEW_FINALIZED_LOCKED.xlsx,prior26
Wen2021_CCSNet,decision_readiness_score,2,,2,author_verified_locked_baseline_unavailable,yes,CCSNet 全部以 ECLIPSE 合成模拟训练；“training/validation data split is 10/1”，验证样本仍在同一参数采样域内，故无现场、受控注入或 OOD。模型对压力、饱和度、相组成等多物理输出做了模拟器对照和误差空间诊断，物理一致性高于仅报告网络精度。均值、标准差、误差直方图及经验回归误差项没有覆盖率／可靠性检验，故不记校准。CCSNet 又被用于生成筛选用 sweep／溶解度指标，但代理误差没有进入这些派生估计或决策。,作者全文核查（决策就绪度评分）：页码／章节 PDF pp.5–15（全物理模拟、10∶1 划分与验证）；pp.20–23、31–32（筛选应用、随机划分与误差项）。证据说明：CCSNet 全部以 ECLIPSE 合成模拟训练；“training/validation data split is 10/1”，验证样本仍在同一参数采样域内，故无现场、受控注入或 OOD。模型对压力、饱和度、相组成等多物理输出做了模拟器对照和误差空间诊断，物理一致性高于仅报告网络精度。均值、标准差、误差直方图及经验回归误差项没有覆盖率／可靠性检验，故不记校准。CCSNet 又被用于生成筛选用 sweep／溶解度指标，但代理误差没有进入这些派生估计或决策。。核查信心：high。,ML 输出直接支持场地筛选、注入设计、风险评估或其他封存决策变量，符合决策就绪度 2 分。作者基准虽为空，仍按全文证据确定该值，没有把空白自动转换为 0；最终值采用“2”。,Xiaoyang Zhang (XZ),Yangqi Ma (YM),2026-07-29,2026-07-30,outputs\wp8_ijggc_v2_2026-07-30\IJGGC_V2_INDEPENDENT_REVIEW_FINALIZED_LOCKED.xlsx,prior26
ESR_Liu2025_121,decision_readiness_score,2,1,2,author_adjudicated_disagreement,yes,该文件只有一页海报，说明 physics-coupled ML toolset、CRM 与储量／注入绩效用途，但没有给出数据来源、训练–测试方案、现场对照、受控注入评价、OOD、跨场地实验或不确定性校准结果；海报还把 cross-validation／进一步验证描述为 ongoing。按规则，缺报不能填 0，相关评分记 not reported。物理得分仅反映已陈述的简化耦合框架；不能据项目背景推断现场验证。,核查字段：决策就绪度评分。全文页码／章节：PDF p.1（单页会议海报全文）。全文证据：该文件只有一页海报，说明 physics-coupled ML toolset、CRM 与储量／注入绩效用途，但没有给出数据来源、训练–测试方案、现场对照、受控注入评价、OOD、跨场地实验或不确定性校准结果；海报还把 cross-validation／进一步验证描述为 ongoing。按规则，缺报不能填 0，相关评分记 not reported。物理得分仅反映已陈述的简化耦合框架；不能据项目背景推断现场验证。。复核信心：low。,ML 输出直接支持场地筛选、注入设计、风险评估或其他封存决策变量，符合 2 分。因此最终编码为“2”；原锁定值“1”在本行全文证据及当前 Codebook 边界下不采用。,Xiaoyang Zhang (XZ),Yangqi Ma (YM),2026-07-29,2026-07-30,outputs\wp8_ijggc_v2_2026-07-30\IJGGC_V2_INDEPENDENT_REVIEW_FINALIZED_LOCKED.xlsx,prior26
Shokouhi2021_PhysicsInformedSite,decision_readiness_score,2,1,2,author_adjudicated_disagreement,yes,全文材料展示的是基于数值场的 physics-informed deep learning：损失中加入控制方程／边界条件并预测 CO₂ 储层响应；未出现现场观测、计划注入数据或跨场地评价。材料没有充分交代训练–测试留出方式，故 OOD 记 not_reported，而不是据沉默填 0；明确只有单一模拟设置，跨场地记 confirmed_absent。输出为确定性结果，没有校准或后验检查；该工作没有把代理嵌入反演／优化／决策链，代理误差传播不适用。,核查字段：决策就绪度评分。全文页码／章节：PDF pp.1–10（全文幻灯片：问题、PINN 架构、模拟结果与结论）。全文证据：全文材料展示的是基于数值场的 physics-informed deep learning：损失中加入控制方程／边界条件并预测 CO₂ 储层响应；未出现现场观测、计划注入数据或跨场地评价。材料没有充分交代训练–测试留出方式，故 OOD 记 not_reported，而不是据沉默填 0；明确只有单一模拟设置，跨场地记 confirmed_absent。输出为确定性结果，没有校准或后验检查；该工作没有把代理嵌入反演／优化／决策链，代理误差传播不适用。。复核信心：high。,ML 输出直接支持场地筛选、注入设计、风险评估或其他封存决策变量，符合 2 分。因此最终编码为“2”；原锁定值“1”在本行全文证据及当前 Codebook 边界下不采用。,Xiaoyang Zhang (XZ),Yangqi Ma (YM),2026-07-29,2026-07-30,outputs\wp8_ijggc_v2_2026-07-30\IJGGC_V2_INDEPENDENT_REVIEW_FINALIZED_LOCKED.xlsx,prior26
ESR_Pawar2023_168,decision_readiness_score,1,1,1,independent_exact_agreement_retained,no,论文用数值模拟生成的压力／饱和度场训练 FNO，并在同一合成数据生成机制的留出样本上报告误差；没有现场观测、计划注入数据、跨场地或明确分布外设置。FNO 未嵌入物理方程，物理性主要继承自训练模拟器；也未报告概率校准。本文只评价快速前向预测，没有实施反演、优化或储层决策，因此代理误差传播记 not_applicable。,,Reviewer and locked coding agreed exactly; the locked value was retained.,Xiaoyang Zhang (XZ),Yangqi Ma (YM),2026-07-29,2026-07-30,outputs\wp8_ijggc_v2_2026-07-30\IJGGC_V2_INDEPENDENT_REVIEW_FINALIZED_LOCKED.xlsx,prior26
Zhang2021_LearningInversionFreeForecast,decision_readiness_score,2,1,2,author_adjudicated_disagreement,yes,"研究明确为单个合成场景，观测来自一个 geomodel；p.11 还写明“To avoid extrapolation, LIP requires the observation data to lie inside of the prior samples”，故无 OOD 或跨场地测试。Bayesian LIP 给出预测场的后验均值／标准差，并在三个 synthetic truth 上逐图比较后验预测与真值，属于后验预测检查；但没有现场数据。LIP 是直接的观测–预测统计映射，不是另一个代理进入下游反演／优化的误差项，故代理误差传播记 not_applicable。","核查字段：决策就绪度评分。全文页码／章节：PDF pp.3–6（合成模型与 Bayesian LIP）；pp.8–11（后验–真值对照、限制与结论）。全文证据：研究明确为单个合成场景，观测来自一个 geomodel；p.11 还写明“To avoid extrapolation, LIP requires the observation data to lie inside of the prior samples”，故无 OOD 或跨场地测试。Bayesian LIP 给出预测场的后验均值／标准差，并在三个 synthetic truth 上逐图比较后验预测与真值，属于后验预测检查；但没有现场数据。LIP 是直接的观测–预测统计映射，不是另一个代理进入下游反演／优化的误差项，故代理误差传播记 not_applicable。。复核信心：high。",ML 输出直接支持场地筛选、注入设计、风险评估或其他封存决策变量，符合 2 分。因此最终编码为“2”；原锁定值“1”在本行全文证据及当前 Codebook 边界下不采用。,Xiaoyang Zhang (XZ),Yangqi Ma (YM),2026-07-29,2026-07-30,outputs\wp8_ijggc_v2_2026-07-30\IJGGC_V2_INDEPENDENT_REVIEW_FINALIZED_LOCKED.xlsx,prior26
ESR_Kadeethum2024_128,decision_readiness_score,1,1,1,independent_exact_agreement_retained,no,虽以 IBDP 场地数据建立 Eclipse 实现，但 ML 仅与多相流模拟结果对比，未评价现场观测或实际注入记录。90 个训练、10 个测试实现采用 uniform division，且作者特意保证测试输入均值／标准差“不偏离训练特征”，所以是同分布测试而非 OOD。INO 为数据驱动 ROM，论文把 physics-informed integration 列为未来方向；无不确定性校准，也没有实际反演／优化／决策环节，故代理误差传播不适用。,,Reviewer and locked coding agreed exactly; the locked value was retained.,Xiaoyang Zhang (XZ),Yangqi Ma (YM),2026-07-29,2026-07-30,outputs\wp8_ijggc_v2_2026-07-30\IJGGC_V2_INDEPENDENT_REVIEW_FINALIZED_LOCKED.xlsx,prior26
Wen2023_NestedFNO,decision_readiness_score,3,1,3,author_adjudicated_disagreement,yes,Nested FNO 用半自适应局部网格数值模拟训练，测试仍从训练参数范围抽样；方法部分明确要求输入“within the training data sampling ranges”，故没有显式 OOD 或跨场地测试。1000 个同一统计分布的渗透率实现用于给出最大压力与羽流足迹的概率分布，可支持用地／监测设计，属于概率 UQ；但 95% error band 是代理误差描述，没有覆盖率校准。分层网络专门分析并减轻误差累积，但未把剩余代理误差作为风险／决策不确定性传播。,核查字段：决策就绪度评分。全文页码／章节：PDF pp.1–5（合成训练、同域测试与概率评估）；pp.6–8（范围限制、误差累积与微调）。全文证据：Nested FNO 用半自适应局部网格数值模拟训练，测试仍从训练参数范围抽样；方法部分明确要求输入“within the training data sampling ranges”，故没有显式 OOD 或跨场地测试。1000 个同一统计分布的渗透率实现用于给出最大压力与羽流足迹的概率分布，可支持用地／监测设计，属于概率 UQ；但 95% error band 是代理误差描述，没有覆盖率校准。分层网络专门分析并减轻误差累积，但未把剩余代理误差作为风险／决策不确定性传播。。复核信心：high。,工作流已接近操作阈值、优化或风险决策，并纳入概率／不确定性信息，符合 3 分。因此最终编码为“3”；原锁定值“1”在本行全文证据及当前 Codebook 边界下不采用。,Xiaoyang Zhang (XZ),Yangqi Ma (YM),2026-07-29,2026-07-30,outputs\wp8_ijggc_v2_2026-07-30\IJGGC_V2_INDEPENDENT_REVIEW_FINALIZED_LOCKED.xlsx,prior26
Mo2018_EncoderDecoderUQ,decision_readiness_score,1,1,1,independent_exact_agreement_retained,no,"全部样本来自相同随机介质／多相流模拟分布，无现场、计划注入、跨场地或显式 OOD。编码器–解码器代理生成 Monte Carlo 输出分布，并把概率密度、均值和方差与 20,000 次高保真 Monte Carlo 参考逐项对照，属于对预测不确定性的明确验证／检查，故不确定性为 3。物理一致性来自多相流模拟器对照与时空误差诊断。代理用于 UQ，但其自身逼近误差没有作为独立误差模型传播到决策或反演。",,Reviewer and locked coding agreed exactly; the locked value was retained.,Xiaoyang Zhang (XZ),Yangqi Ma (YM),2026-07-29,2026-07-30,outputs\wp8_ijggc_v2_2026-07-30\IJGGC_V2_INDEPENDENT_REVIEW_FINALIZED_LOCKED.xlsx,prior26
ESR_Zhou2026_127,decision_readiness_score,2,1,2,author_adjudicated_disagreement,yes,模型参数源于中国某海上 CGS 项目，但 300 个样本均由随机地质场与数值模拟生成，并按 240／30／30 同源划分；没有现场观测或计划注入数据评价，也无 OOD／跨场地测试。MRFNO 在损失中施加多尺度一致性与跨场耦合，并以 Verma–Pruess 更新孔隙度–渗透率，顺序耦合流动与地球化学，故物理一致性为 4。论文讨论嵌套网络的误差累积，但未实施反演、优化或决策，不能把跨网络误差累积等同于题目要求的下游代理误差传播。,"核查字段：决策就绪度评分。全文页码／章节：PDF pp.1, 5–13（场地参数、合成数据、物理耦合与随机划分）；pp.18–21（误差与局限）。全文证据：模型参数源于中国某海上 CGS 项目，但 300 个样本均由随机地质场与数值模拟生成，并按 240／30／30 同源划分；没有现场观测或计划注入数据评价，也无 OOD／跨场地测试。MRFNO 在损失中施加多尺度一致性与跨场耦合，并以 Verma–Pruess 更新孔隙度–渗透率，顺序耦合流动与地球化学，故物理一致性为 4。论文讨论嵌套网络的误差累积，但未实施反演、优化或决策，不能把跨网络误差累积等同于题目要求的下游代理误差传播。。复核信心：high。",ML 输出直接支持场地筛选、注入设计、风险评估或其他封存决策变量，符合 2 分。因此最终编码为“2”；原锁定值“1”在本行全文证据及当前 Codebook 边界下不采用。,Xiaoyang Zhang (XZ),Yangqi Ma (YM),2026-07-29,2026-07-30,outputs\wp8_ijggc_v2_2026-07-30\IJGGC_V2_INDEPENDENT_REVIEW_FINALIZED_LOCKED.xlsx,prior26
Han2024_HierarchicalMCMC,decision_readiness_score,2,2,2,independent_exact_agreement_retained,no,研究为合成历史匹配，没有现场或跨场地证据，训练／测试实现来自同一先验。关键阳性证据是：用 500 个测试实现估计代理预测误差标准差，并把该项与观测误差合并为 total error covariance，显式进入 hierarchical MCMC likelihood；这不是只报误差表，而是真正传播到反演。后验均值、可信区间／实现又与 synthetic truth 和高保真模拟逐项比较，构成后验检查。因此不确定性得分 4；但尚未形成现场阈值或运行决策。,,Reviewer and locked coding agreed exactly; the locked value was retained.,Xiaoyang Zhang (XZ),Yangqi Ma (YM),2026-07-29,2026-07-30,outputs\wp8_ijggc_v2_2026-07-30\IJGGC_V2_INDEPENDENT_REVIEW_FINALIZED_LOCKED.xlsx,prior26
Leong2024_SeisCO2Net,decision_readiness_score,3,1,3,author_adjudicated_disagreement,yes,SeisCO2Net 先以合成地震–饱和度对训练，再直接用于 Frio-II 计划注入试验的时移地震资料，反演注入后 CO₂ 饱和度；这是单一受控现场评价，也是明确的 synthetic-to-field 分布外测试，但不是跨多个场地验证。工作流含岩石物理／正演一致性检查并与现场时移响应比较。20 组权重产生的标准差只表示模型集合离散度，未检验覆盖率或后验可靠性，故不记校准；该网络是直接反演器而非代理进入另一决策模型，代理误差传播不适用。,核查字段：决策就绪度评分。全文页码／章节：PDF pp.2、8–13（合成训练与岩石物理）；pp.18–29、35–48（Frio-II 现场应用、结果与局限）。全文证据：SeisCO2Net 先以合成地震–饱和度对训练，再直接用于 Frio-II 计划注入试验的时移地震资料，反演注入后 CO₂ 饱和度；这是单一受控现场评价，也是明确的 synthetic-to-field 分布外测试，但不是跨多个场地验证。工作流含岩石物理／正演一致性检查并与现场时移响应比较。20 组权重产生的标准差只表示模型集合离散度，未检验覆盖率或后验可靠性，故不记校准；该网络是直接反演器而非代理进入另一决策模型，代理误差传播不适用。。复核信心：high。,工作流已接近操作阈值、优化或风险决策，并纳入概率／不确定性信息，符合 3 分。因此最终编码为“3”；原锁定值“1”在本行全文证据及当前 Codebook 边界下不采用。,Xiaoyang Zhang (XZ),Yangqi Ma (YM),2026-07-29,2026-07-30,outputs\wp8_ijggc_v2_2026-07-30\IJGGC_V2_INDEPENDENT_REVIEW_FINALIZED_LOCKED.xlsx,prior26
Wang2025_4DHistoryMatching,decision_readiness_score,3,2,3,author_adjudicated_disagreement,yes,全文为合成 4D 地震／监测井历史匹配，数据与测试均来自同一地质先验，没有现场或 OOD。关键证据在误差模型：作者从独立测试集估计 surrogate model error 的均值／协方差，并与观测噪声合并为 total error covariance，直接进入 MCMC likelihood；因此代理误差已传播到反演。多组 synthetic truth 下又比较后验预测、可信区间与高保真结果，属于明确后验检查。不确定性因此为 4，且已接近可用于监测更新，但仍缺现场运行阈值。,核查字段：决策就绪度评分。全文页码／章节：PDF pp.1–5、11–22（合成 4D 地震历史匹配）；pp.32–46（代理误差协方差、MCMC 与后验检查）。全文证据：全文为合成 4D 地震／监测井历史匹配，数据与测试均来自同一地质先验，没有现场或 OOD。关键证据在误差模型：作者从独立测试集估计 surrogate model error 的均值／协方差，并与观测噪声合并为 total error covariance，直接进入 MCMC likelihood；因此代理误差已传播到反演。多组 synthetic truth 下又比较后验预测、可信区间与高保真结果，属于明确后验检查。不确定性因此为 4，且已接近可用于监测更新，但仍缺现场运行阈值。。复核信心：high。,工作流已接近操作阈值、优化或风险决策，并纳入概率／不确定性信息，符合 3 分。因此最终编码为“3”；原锁定值“2”在本行全文证据及当前 Codebook 边界下不采用。,Xiaoyang Zhang (XZ),Yangqi Ma (YM),2026-07-29,2026-07-30,outputs\wp8_ijggc_v2_2026-07-30\IJGGC_V2_INDEPENDENT_REVIEW_FINALIZED_LOCKED.xlsx,prior26
ESR_Wang2024_089,decision_readiness_score,2,2,2,independent_exact_agreement_retained,no,数据来自 Illinois Basin 同一场址的 IBDP 与 ICCS：IBDP 注入约 100 万吨，ICCS 自 2017 年计划注入；PNX 在注入后多时次测井，ML 直接估计现场 CO₂ 饱和度，故为现场工作流且确实评价了计划注入数据。模型用常规训练／测试留出，文中只称 testing dataset unseen，未按井、项目或地质背景留出，所以不是 OOD／跨场地验证。没有概率区间、校准或后验检查；SIGM、WPRE 等物理敏感特征支持有限物理解释，但未编码控制方程。,,Reviewer and locked coding agreed exactly; the locked value was retained.,Xiaoyang Zhang (XZ),Yangqi Ma (YM),2026-07-29,2026-07-30,outputs\wp8_ijggc_v2_2026-07-30\IJGGC_V2_INDEPENDENT_REVIEW_FINALIZED_LOCKED.xlsx,prior26
Jiang2024_DSIHistoryMatching,decision_readiness_score,2,2,2,independent_exact_agreement_retained,no,研究在同一先验生成的合成储层上做 DSI 历史匹配，无现场、计划注入、跨场地或显式 OOD。作者不只展示区间，而是在五个 synthetic true models 上计算预测区间的 coverage probability，并与目标覆盖水平比较，构成明确的区间可靠性／后验检查，故不确定性为 3。物理一致性由流动模拟输出、时空参数化及真值诊断支持。AAE 用于数据空间参数化，并不是一个带误差项的前向代理进入优化或决策，因此代理误差传播记 not_applicable。,,Reviewer and locked coding agreed exactly; the locked value was retained.,Xiaoyang Zhang (XZ),Yangqi Ma (YM),2026-07-29,2026-07-30,outputs\wp8_ijggc_v2_2026-07-30\IJGGC_V2_INDEPENDENT_REVIEW_FINALIZED_LOCKED.xlsx,prior26
TARGET_JointInversion2023_2022JB025372,decision_readiness_score,2,2,2,independent_exact_agreement_retained,no,联合地震／电磁反演在场地尺度合成监测数据上演示，没有现场注入资料或跨场地测试；测试模型仍来自同一生成设置。可微岩石物理、波动／电磁正演与联合损失显式进入网络，故物理一致性为 4。BNN 输出后验样本并展示均值／离散度，但未报告覆盖率、校准曲线或系统后验预测检验；作者把与完整 MCMC 的基准比较列为未来工作，故不记已校准。该网络本身就是反演模型，不存在另一个代理误差向下游传播的问题。,,Reviewer and locked coding agreed exactly; the locked value was retained.,Xiaoyang Zhang (XZ),Yangqi Ma (YM),2026-07-29,2026-07-30,outputs\wp8_ijggc_v2_2026-07-30\IJGGC_V2_INDEPENDENT_REVIEW_FINALIZED_LOCKED.xlsx,prior26
Zhong2019_PressureAnomaly,decision_readiness_score,4,2,4,author_adjudicated_disagreement,yes,摘要明确：模型以无泄漏 base experiment 的井底压力训练，再在“一系列 controlled CO2 release experiments”上测试；现场试验在 Cranfield 通过 F3 以 60 kg／min 人工采出 CO₂ 形成已知泄漏事件。故为受控现场评价，且 nominal-to-leak 是显式异常分布测试，但仅一个场地。模型用 1000 次实现形成预测区间，并以 1σ／2σ／3σ 阈值直接判定异常；虽然未验证名义覆盖率，不能记校准，但不确定性确已进入现场报警决策，故不确定性与决策就绪度均为 4。,核查字段：决策就绪度评分。全文页码／章节：PDF pp.1、4–6（Cranfield 现场与人工泄漏）；pp.10–20（训练、预测区间、阈值与结论）。全文证据：摘要明确：模型以无泄漏 base experiment 的井底压力训练，再在“一系列 controlled CO2 release experiments”上测试；现场试验在 Cranfield 通过 F3 以 60 kg／min 人工采出 CO₂ 形成已知泄漏事件。故为受控现场评价，且 nominal-to-leak 是显式异常分布测试，但仅一个场地。模型用 1000 次实现形成预测区间，并以 1σ／2σ／3σ 阈值直接判定异常；虽然未验证名义覆盖率，不能记校准，但不确定性确已进入现场报警决策，故不确定性与决策就绪度均为 4。。复核信心：high。,工作流具有可审计的现场运行、异常检测或 MRV 决策链，符合 4 分。因此最终编码为“4”；原锁定值“2”在本行全文证据及当前 Codebook 边界下不采用。,Xiaoyang Zhang (XZ),Yangqi Ma (YM),2026-07-29,2026-07-30,outputs\wp8_ijggc_v2_2026-07-30\IJGGC_V2_INDEPENDENT_REVIEW_FINALIZED_LOCKED.xlsx,prior26
Lin2020_PressureLeakage,decision_readiness_score,4,2,4,author_adjudicated_disagreement,yes,Cranfield HPT 现场数据包含基线试验和通过 F3 地面阀形成的人工泄漏试验。作者明确“models are not trained on the leak test data”；模型只学 150-min 基线，再以 90-min 泄漏作为异常测试，因此是受控释放且为 nominal-to-leak OOD。固定 squared-error 阈值 1e-03 产生早期报警，形成可审计的现场决策链。20 个网络实现只用于汇总平均 MSE／计算时间，所谓 confidence 未做覆盖或可靠性检查，故校准不成立、不确定性仅记 1。没有跨场地实验。,核查字段：决策就绪度评分。全文页码／章节：PDF pp.2、6–14（Cranfield HPT、基线／泄漏与训练）；pp.18–26（模型比较、阈值与结论）。全文证据：Cranfield HPT 现场数据包含基线试验和通过 F3 地面阀形成的人工泄漏试验。作者明确“models are not trained on the leak test data”；模型只学 150-min 基线，再以 90-min 泄漏作为异常测试，因此是受控释放且为 nominal-to-leak OOD。固定 squared-error 阈值 1e-03 产生早期报警，形成可审计的现场决策链。20 个网络实现只用于汇总平均 MSE／计算时间，所谓 confidence 未做覆盖或可靠性检查，故校准不成立、不确定性仅记 1。没有跨场地实验。。复核信心：high。,工作流具有可审计的现场运行、异常检测或 MRV 决策链，符合 4 分。因此最终编码为“4”；原锁定值“2”在本行全文证据及当前 Codebook 边界下不采用。,Xiaoyang Zhang (XZ),Yangqi Ma (YM),2026-07-29,2026-07-30,outputs\wp8_ijggc_v2_2026-07-30\IJGGC_V2_INDEPENDENT_REVIEW_FINALIZED_LOCKED.xlsx,prior26
Baek2023_WellboreLeakage,decision_readiness_score,3,2,3,author_adjudicated_disagreement,yes,深度学习井筒 ROM 由 STOMP–CO₂ 数值模拟训练，采用随机 0.70／0.20／0.10 训练–验证–测试；应用案例仍是 homogeneous synthetic reservoir 与 hypothetical leaky wells，故无现场或 OOD。Darcy 驱动力等物理特征、分类–回归分解和模拟器对照支持物理诊断。500 个不确定井属性实现给出累计泄漏 P25／P50／P75，并面向许可风险，属于概率 UQ。作者承认 one-way coupling 会产生误差，但该误差没有进入风险分布或决策，故不记代理误差传播。,核查字段：决策就绪度评分。全文页码／章节：PDF pp.1–8（STOMP／井筒模型、70／20／10 划分）；pp.9–11（假想场地、500 实现与局限）。全文证据：深度学习井筒 ROM 由 STOMP–CO₂ 数值模拟训练，采用随机 0.70／0.20／0.10 训练–验证–测试；应用案例仍是 homogeneous synthetic reservoir 与 hypothetical leaky wells，故无现场或 OOD。Darcy 驱动力等物理特征、分类–回归分解和模拟器对照支持物理诊断。500 个不确定井属性实现给出累计泄漏 P25／P50／P75，并面向许可风险，属于概率 UQ。作者承认 one-way coupling 会产生误差，但该误差没有进入风险分布或决策，故不记代理误差传播。。复核信心：high。,工作流已接近操作阈值、优化或风险决策，并纳入概率／不确定性信息，符合 3 分。因此最终编码为“3”；原锁定值“2”在本行全文证据及当前 Codebook 边界下不采用。,Xiaoyang Zhang (XZ),Yangqi Ma (YM),2026-07-29,2026-07-30,outputs\wp8_ijggc_v2_2026-07-30\IJGGC_V2_INDEPENDENT_REVIEW_FINALIZED_LOCKED.xlsx,prior26
ESR_Tang2022_226,decision_readiness_score,3,2,3,author_adjudicated_disagreement,yes,全文采用 commercial-scale 3D synthetic case，结论强调 displacement maps were synthetic，故无现场或受控注入评价。两个 R–U–Net 只用 1、2、5、10 年结果训练，却在 12、16 年预测，并明确称“acceptable extrapolation ... up to 16 years”，构成时间 OOD；不是跨场地。ES–MDA 后验压力／位移集合的均值、标准差与 synthetic truth 在观测时刻和未来时刻比较，属于后验预测检查。似然／更新协方差只描述 measurement error，未加入 R–U–Net 代理误差，故不记误差传播。流动–地质力学耦合由 GEOSX 与跨场预测支持。,核查字段：决策就绪度评分。全文页码／章节：PDF pp.4–18（合成耦合模型与 ES–MDA）；pp.27–38（时间外推与后验检查）；pp.40–42（结论／局限）。全文证据：全文采用 commercial-scale 3D synthetic case，结论强调 displacement maps were synthetic，故无现场或受控注入评价。两个 R–U–Net 只用 1、2、5、10 年结果训练，却在 12、16 年预测，并明确称“acceptable extrapolation ... up to 16 years”，构成时间 OOD；不是跨场地。ES–MDA 后验压力／位移集合的均值、标准差与 synthetic truth 在观测时刻和未来时刻比较，属于后验预测检查。似然／更新协方差只描述 measurement error，未加入 R–U–Net 代理误差，故不记误差传播。流动–地质力学耦合由 GEOSX 与跨场预测支持。。复核信心：high。,工作流已接近操作阈值、优化或风险决策，并纳入概率／不确定性信息，符合 3 分。因此最终编码为“3”；原锁定值“2”在本行全文证据及当前 Codebook 边界下不采用。,Xiaoyang Zhang (XZ),Yangqi Ma (YM),2026-07-29,2026-07-30,outputs\wp8_ijggc_v2_2026-07-30\IJGGC_V2_INDEPENDENT_REVIEW_FINALIZED_LOCKED.xlsx,prior26
ESR_Meng2025_211,decision_readiness_score,2,2,2,independent_exact_agreement_retained,no,研究明确使用“synthetic case reservoir model”；CMG–GEM 耦合组分流动与地质力学，并以 Mohr–Coulomb／滑移趋势描述断层再活化，物理一致性为 4。每个含水率场景的 1000 个 LHS 样本随机分成 80% 训练与 20% blind testing，仍是同分布，且没有现场／跨地质验证。论文统计误差分布并发现含水率 >0.9 时 FSD 误差不满足 ±20% 要求，但没有校准预测区间。随后只把优化范围限制到 ≤0.9，未把代理误差作为 Pareto 目标／约束的不确定性传播，故仍记 confirmed_absent。,,Reviewer and locked coding agreed exactly; the locked value was retained.,Xiaoyang Zhang (XZ),Yangqi Ma (YM),2026-07-29,2026-07-30,outputs\wp8_ijggc_v2_2026-07-30\IJGGC_V2_INDEPENDENT_REVIEW_FINALIZED_LOCKED.xlsx,prior26
Attanasi2025_ResourceML,field_validation_category,confirmed_absent,not_reported,confirmed_absent,author_adjudicated_disagreement,yes,"PDF pp. 2–3, Data description; pp. 6–11, model evaluation","PDF pp. 2–3, Data description; pp. 6–11, model evaluation",全文核查后采纳复核者值“confirmed_absent”。数据来自储层数据库与工程资源标签，但 ML 结果未与现场观测或现场解释结果比较。该页码证据直接满足本字段判据，作者锁定值“not_reported”未获得更强的全文支持。,Xiaoyang Zhang (XZ),Yangqi Ma (YM),2026-07-30,2026-07-30,outputs\ijggc_v2_remaining31_adjudication_2026-07-30\IJGGC_V2_REMAINING31_ADJUDICATION_WORKBOOK.xlsx,remaining31
Attanasi2025_ResourceML,controlled_release_validation_state,confirmed_absent,not_reported,confirmed_absent,author_adjudicated_disagreement,yes,"PDF pp. 2–3, Data description","PDF pp. 2–3, Data description",全文核查后采纳复核者值“confirmed_absent”。研究使用既有数据库，不含计划注入或人工受控释放数据上的 ML 测试。该页码证据直接满足本字段判据，作者锁定值“not_reported”未获得更强的全文支持。,Xiaoyang Zhang (XZ),Yangqi Ma (YM),2026-07-30,2026-07-30,outputs\ijggc_v2_remaining31_adjudication_2026-07-30\IJGGC_V2_REMAINING31_ADJUDICATION_WORKBOOK.xlsx,remaining31
Attanasi2025_ResourceML,ood_test_category,confirmed_absent,legacy_explicit_ood_test,confirmed_absent,author_adjudicated_disagreement,yes,"PDF pp. 6–11, model evaluation; Tables 1–4","PDF pp. 6–11, model evaluation; Tables 1–4",全文核查后采纳复核者值“confirmed_absent”。评价为交叉验证及同一数据库内测试，未设置训练分布外条件。该页码证据直接满足本字段判据，作者锁定值“legacy_explicit_ood_test”未获得更强的全文支持。,Xiaoyang Zhang (XZ),Yangqi Ma (YM),2026-07-30,2026-07-30,outputs\ijggc_v2_remaining31_adjudication_2026-07-30\IJGGC_V2_REMAINING31_ADJUDICATION_WORKBOOK.xlsx,remaining31
Attanasi2025_ResourceML,cross_site_test_state,confirmed_absent,not_reported,confirmed_absent,author_adjudicated_disagreement,yes,"PDF pp. 2–3 and 6–11, dataset and evaluation design","PDF pp. 2–3 and 6–11, dataset and evaluation design",全文核查后采纳复核者值“confirmed_absent”。未在训练未使用的另一现场开展测试。该页码证据直接满足本字段判据，作者锁定值“not_reported”未获得更强的全文支持。,Xiaoyang Zhang (XZ),Yangqi Ma (YM),2026-07-30,2026-07-30,outputs\ijggc_v2_remaining31_adjudication_2026-07-30\IJGGC_V2_REMAINING31_ADJUDICATION_WORKBOOK.xlsx,remaining31
Attanasi2025_ResourceML,uncertainty_calibration_category,deterministic_or_confirmed_absent,legacy_uncertainty_calibration_or_posterior_check,deterministic_or_confirmed_absent,author_adjudicated_disagreement,yes,"PDF pp. 6–11, deterministic model metrics","PDF pp. 6–11, deterministic model metrics",全文核查后采纳复核者值“deterministic_or_confirmed_absent”。只报告点预测性能，模型为确定性回归，未检查覆盖率或后验预测。该页码证据直接满足本字段判据，作者锁定值“legacy_uncertainty_calibration_or_posterior_check”未获得更强的全文支持。,Xiaoyang Zhang (XZ),Yangqi Ma (YM),2026-07-30,2026-07-30,outputs\ijggc_v2_remaining31_adjudication_2026-07-30\IJGGC_V2_REMAINING31_ADJUDICATION_WORKBOOK.xlsx,remaining31
Attanasi2025_ResourceML,surrogate_error_propagation_category,confirmed_absent,not_reported,confirmed_absent,author_adjudicated_disagreement,yes,"PDF pp. 6–11, error metrics and resource-estimate workflow","PDF pp. 6–11, error metrics and resource-estimate workflow",全文核查后采纳复核者值“confirmed_absent”。虽报告模型误差，但没有将其传播到资源估算或筛选决策的不确定性。该页码证据直接满足本字段判据，作者锁定值“not_reported”未获得更强的全文支持。,Xiaoyang Zhang (XZ),Yangqi Ma (YM),2026-07-30,2026-07-30,outputs\ijggc_v2_remaining31_adjudication_2026-07-30\IJGGC_V2_REMAINING31_ADJUDICATION_WORKBOOK.xlsx,remaining31
Attanasi2025_ResourceML,field_evidence_score,1,2,1,author_adjudicated_disagreement,yes,"PDF pp. 2–3, national reservoir database; pp. 6–11","PDF pp. 2–3, national reservoir database; pp. 6–11",全文核查后采纳复核者值“1”。属于现场资料启发的数据库建模，没有现场结果验证，计 1 分。该页码证据直接满足本字段判据，作者锁定值“2”未获得更强的全文支持。,Xiaoyang Zhang (XZ),Yangqi Ma (YM),2026-07-30,2026-07-30,outputs\ijggc_v2_remaining31_adjudication_2026-07-30\IJGGC_V2_REMAINING31_ADJUDICATION_WORKBOOK.xlsx,remaining31
Attanasi2025_ResourceML,physical_consistency_score,1,1,1,independent_exact_agreement_retained,no,"PDF pp. 6–11, feature-based regression and validation",,Reviewer and locked coding agreed exactly; the locked value was retained.,Xiaoyang Zhang (XZ),,2026-07-30,,outputs\ijggc_v2_remaining31_adjudication_2026-07-30\IJGGC_V2_REMAINING31_ADJUDICATION_WORKBOOK.xlsx,remaining31
Attanasi2025_ResourceML,uncertainty_score,0,not_reported,0,author_adjudicated_disagreement,yes,"PDF pp. 6–11, reported outputs and metrics","PDF pp. 6–11, reported outputs and metrics",全文核查后采纳复核者值“0”。确定性点预测且无不确定性分析，计 0 分。该页码证据直接满足本字段判据，作者锁定值“not_reported”未获得更强的全文支持。,Xiaoyang Zhang (XZ),Yangqi Ma (YM),2026-07-30,2026-07-30,outputs\ijggc_v2_remaining31_adjudication_2026-07-30\IJGGC_V2_REMAINING31_ADJUDICATION_WORKBOOK.xlsx,remaining31
Attanasi2025_ResourceML,transferability_score,0,not_reported,0,author_adjudicated_disagreement,yes,"PDF pp. 6–11, cross-validation design","PDF pp. 6–11, cross-validation design",全文核查后采纳复核者值“0”。仅同一数据库内交叉验证，没有 OOD 或跨现场证据，计 0 分。该页码证据直接满足本字段判据，作者锁定值“not_reported”未获得更强的全文支持。,Xiaoyang Zhang (XZ),Yangqi Ma (YM),2026-07-30,2026-07-30,outputs\ijggc_v2_remaining31_adjudication_2026-07-30\IJGGC_V2_REMAINING31_ADJUDICATION_WORKBOOK.xlsx,remaining31
Attanasi2025_ResourceML,decision_readiness_score,2,1,2,author_adjudicated_disagreement,yes,"PDF pp. 9–11, resource estimates and Fig. 7","PDF pp. 9–11, resource estimates and Fig. 7",全文核查后采纳复核者值“2”。输出直接服务资源初筛，但没有阈值不确定性或可审计操作闭环，计 2 分。该页码证据直接满足本字段判据，作者锁定值“1”未获得更强的全文支持。,Xiaoyang Zhang (XZ),Yangqi Ma (YM),2026-07-30,2026-07-30,outputs\ijggc_v2_remaining31_adjudication_2026-07-30\IJGGC_V2_REMAINING31_ADJUDICATION_WORKBOOK.xlsx,remaining31
Crain2023_MonitoringHistory,field_validation_category,confirmed_absent,not_reported,confirmed_absent,author_adjudicated_disagreement,yes,"PDF pp. 4–6, synthetic true models; pp. 8–13, results","PDF pp. 4–6, synthetic true models; pp. 8–13, results",全文核查后采纳复核者值“confirmed_absent”。验证对象为两个合成真值模型，没有现场观测比较。该页码证据直接满足本字段判据，作者锁定值“not_reported”未获得更强的全文支持。,Xiaoyang Zhang (XZ),Yangqi Ma (YM),2026-07-30,2026-07-30,outputs\ijggc_v2_remaining31_adjudication_2026-07-30\IJGGC_V2_REMAINING31_ADJUDICATION_WORKBOOK.xlsx,remaining31
Crain2023_MonitoringHistory,controlled_release_validation_state,confirmed_absent,not_reported,confirmed_absent,author_adjudicated_disagreement,yes,"PDF pp. 4–6, numerical experiment setup","PDF pp. 4–6, numerical experiment setup",全文核查后采纳复核者值“confirmed_absent”。观测由数值模型合成，不是实际计划注入或受控释放数据。该页码证据直接满足本字段判据，作者锁定值“not_reported”未获得更强的全文支持。,Xiaoyang Zhang (XZ),Yangqi Ma (YM),2026-07-30,2026-07-30,outputs\ijggc_v2_remaining31_adjudication_2026-07-30\IJGGC_V2_REMAINING31_ADJUDICATION_WORKBOOK.xlsx,remaining31
Crain2023_MonitoringHistory,ood_test_category,confirmed_absent,not_reported,confirmed_absent,author_adjudicated_disagreement,yes,"PDF pp. 4–6, prior ensemble and test design","PDF pp. 4–6, prior ensemble and test design",全文核查后采纳复核者值“confirmed_absent”。真值与先验来自同一设定，未声明训练分布外测试。该页码证据直接满足本字段判据，作者锁定值“not_reported”未获得更强的全文支持。,Xiaoyang Zhang (XZ),Yangqi Ma (YM),2026-07-30,2026-07-30,outputs\ijggc_v2_remaining31_adjudication_2026-07-30\IJGGC_V2_REMAINING31_ADJUDICATION_WORKBOOK.xlsx,remaining31
Crain2023_MonitoringHistory,cross_site_test_state,confirmed_absent,not_reported,confirmed_absent,author_adjudicated_disagreement,yes,"PDF pp. 4–6, single synthetic model setting","PDF pp. 4–6, single synthetic model setting",全文核查后采纳复核者值“confirmed_absent”。没有另一现场或不同现场地质背景的留出验证。该页码证据直接满足本字段判据，作者锁定值“not_reported”未获得更强的全文支持。,Xiaoyang Zhang (XZ),Yangqi Ma (YM),2026-07-30,2026-07-30,outputs\ijggc_v2_remaining31_adjudication_2026-07-30\IJGGC_V2_REMAINING31_ADJUDICATION_WORKBOOK.xlsx,remaining31
Crain2023_MonitoringHistory,uncertainty_calibration_category,calibrated_or_posterior_checked,not_reported,calibrated_or_posterior_checked,author_adjudicated_disagreement,yes,"PDF pp. 8–13, posterior CDFs, truth coverage, and monitoring optimization","PDF pp. 8–13, posterior CDFs, truth coverage, and monitoring optimization",全文核查后采纳复核者值“calibrated_or_posterior_checked”。后验分布与已知真值比较，并检查 CDF 与预测范围，符合后验预测检查。该页码证据直接满足本字段判据，作者锁定值“not_reported”未获得更强的全文支持。,Xiaoyang Zhang (XZ),Yangqi Ma (YM),2026-07-30,2026-07-30,outputs\ijggc_v2_remaining31_adjudication_2026-07-30\IJGGC_V2_REMAINING31_ADJUDICATION_WORKBOOK.xlsx,remaining31
Crain2023_MonitoringHistory,surrogate_error_propagation_category,not_applicable,not_reported,not_applicable,author_adjudicated_disagreement,yes,"PDF pp. 4–13, ES–MDA and monitoring workflow","PDF pp. 4–13, ES–MDA and monitoring workflow",全文核查后采纳复核者值“not_applicable”。本研究的核心为数据同化与监测设计，不以 ML 代理模型误差为传播对象，记为不适用。该页码证据直接满足本字段判据，作者锁定值“not_reported”未获得更强的全文支持。,Xiaoyang Zhang (XZ),Yangqi Ma (YM),2026-07-30,2026-07-30,outputs\ijggc_v2_remaining31_adjudication_2026-07-30\IJGGC_V2_REMAINING31_ADJUDICATION_WORKBOOK.xlsx,remaining31
Crain2023_MonitoringHistory,field_evidence_score,0,1,0,author_adjudicated_disagreement,yes,"PDF pp. 4–6, two synthetic truths","PDF pp. 4–6, two synthetic truths",全文核查后采纳复核者值“0”。证据完全来自合成真值，计 0 分。该页码证据直接满足本字段判据，作者锁定值“1”未获得更强的全文支持。,Xiaoyang Zhang (XZ),Yangqi Ma (YM),2026-07-30,2026-07-30,outputs\ijggc_v2_remaining31_adjudication_2026-07-30\IJGGC_V2_REMAINING31_ADJUDICATION_WORKBOOK.xlsx,remaining31
Crain2023_MonitoringHistory,physical_consistency_score,3,1,3,author_adjudicated_disagreement,yes,"PDF pp. 8–13, pressure/plume history matching and diagnostics","PDF pp. 8–13, pressure/plume history matching and diagnostics",全文核查后采纳复核者值“3”。压力与羽流响应均由流动模型并在历史拟合中诊断，计 3 分。该页码证据直接满足本字段判据，作者锁定值“1”未获得更强的全文支持。,Xiaoyang Zhang (XZ),Yangqi Ma (YM),2026-07-30,2026-07-30,outputs\ijggc_v2_remaining31_adjudication_2026-07-30\IJGGC_V2_REMAINING31_ADJUDICATION_WORKBOOK.xlsx,remaining31
Crain2023_MonitoringHistory,uncertainty_score,4,2,4,author_adjudicated_disagreement,yes,"PDF pp. 8–13, posterior CDFs and monitoring-design propagation","PDF pp. 8–13, posterior CDFs and monitoring-design propagation",全文核查后采纳复核者值“4”。后验经真值检查且不确定性进入监测优化，计 4 分。该页码证据直接满足本字段判据，作者锁定值“2”未获得更强的全文支持。,Xiaoyang Zhang (XZ),Yangqi Ma (YM),2026-07-30,2026-07-30,outputs\ijggc_v2_remaining31_adjudication_2026-07-30\IJGGC_V2_REMAINING31_ADJUDICATION_WORKBOOK.xlsx,remaining31
Crain2023_MonitoringHistory,transferability_score,0,not_reported,0,author_adjudicated_disagreement,yes,"PDF pp. 4–6, same synthetic setting","PDF pp. 4–6, same synthetic setting",全文核查后采纳复核者值“0”。未测试不同分布或跨场地迁移，计 0 分。该页码证据直接满足本字段判据，作者锁定值“not_reported”未获得更强的全文支持。,Xiaoyang Zhang (XZ),Yangqi Ma (YM),2026-07-30,2026-07-30,outputs\ijggc_v2_remaining31_adjudication_2026-07-30\IJGGC_V2_REMAINING31_ADJUDICATION_WORKBOOK.xlsx,remaining31
Crain2023_MonitoringHistory,decision_readiness_score,3,2,3,author_adjudicated_disagreement,yes,"PDF pp. 10–13, optimized monitoring configurations","PDF pp. 10–13, optimized monitoring configurations",全文核查后采纳复核者值“3”。监测位置选择由后验不确定性驱动，但仍为合成验证，计 3 分。该页码证据直接满足本字段判据，作者锁定值“2”未获得更强的全文支持。,Xiaoyang Zhang (XZ),Yangqi Ma (YM),2026-07-30,2026-07-30,outputs\ijggc_v2_remaining31_adjudication_2026-07-30\IJGGC_V2_REMAINING31_ADJUDICATION_WORKBOOK.xlsx,remaining31
Diplas2026_DOEInjection,field_validation_category,confirmed_absent,confirmed_absent,confirmed_absent,independent_exact_agreement_retained,no,"PDF pp. 13–16, Sections 3–4, OPM Flow cases",,Reviewer and locked coding agreed exactly; the locked value was retained.,Xiaoyang Zhang (XZ),,2026-07-30,,outputs\ijggc_v2_remaining31_adjudication_2026-07-30\IJGGC_V2_REMAINING31_ADJUDICATION_WORKBOOK.xlsx,remaining31
Diplas2026_DOEInjection,controlled_release_validation_state,confirmed_absent,confirmed_absent,confirmed_absent,independent_exact_agreement_retained,no,"PDF pp. 13–16, injection-design simulations",,Reviewer and locked coding agreed exactly; the locked value was retained.,Xiaoyang Zhang (XZ),,2026-07-30,,outputs\ijggc_v2_remaining31_adjudication_2026-07-30\IJGGC_V2_REMAINING31_ADJUDICATION_WORKBOOK.xlsx,remaining31
Diplas2026_DOEInjection,ood_test_category,confirmed_absent,not_reported,confirmed_absent,author_adjudicated_disagreement,yes,"PDF pp. 24–27, Section 5.3, Table 5 and validation cases","PDF pp. 24–27, Section 5.3, Table 5 and validation cases",全文核查后采纳复核者值“confirmed_absent”。独立测试仍在既定 DOE 参数域内，未构造明确 OOD 条件。该页码证据直接满足本字段判据，作者锁定值“not_reported”未获得更强的全文支持。,Xiaoyang Zhang (XZ),Yangqi Ma (YM),2026-07-30,2026-07-30,outputs\ijggc_v2_remaining31_adjudication_2026-07-30\IJGGC_V2_REMAINING31_ADJUDICATION_WORKBOOK.xlsx,remaining31
Diplas2026_DOEInjection,cross_site_test_state,confirmed_absent,confirmed_absent,confirmed_absent,independent_exact_agreement_retained,no,"PDF pp. 13–16, single numerical model family",,Reviewer and locked coding agreed exactly; the locked value was retained.,Xiaoyang Zhang (XZ),,2026-07-30,,outputs\ijggc_v2_remaining31_adjudication_2026-07-30\IJGGC_V2_REMAINING31_ADJUDICATION_WORKBOOK.xlsx,remaining31
Diplas2026_DOEInjection,uncertainty_calibration_category,not_reported,deterministic_or_confirmed_absent,confirmed_absent,author_adjudicated_disagreement,yes,"PDF pp. 25–27, sensitivity and validation discussion","PDF pp. 25–27, Section 5.3, Table A6 and Fig. 17",独立样本只报告 MAE 及其标准差，随后对 RBF 形状参数 γ 做敏感性分析；全文未检查区间覆盖率、可靠性或后验预测。因此可确认未做不确定性校准，但不能因报告标准差而记为已校准。,Xiaoyang Zhang (XZ),Yangqi Ma (YM),2026-07-30,2026-07-30,outputs\ijggc_v2_remaining31_adjudication_2026-07-30\IJGGC_V2_REMAINING31_ADJUDICATION_WORKBOOK.xlsx,remaining31
Diplas2026_DOEInjection,surrogate_error_propagation_category,propagated_into_inference_or_decision,not_reported,propagated_into_inference_or_decision,author_adjudicated_disagreement,yes,"PDF pp. 24–27, Section 5.3, Table 5; pp. 32–33, adaptive refinement","PDF pp. 24–27, Section 5.3, Table 5; pp. 32–33, adaptive refinement",全文核查后采纳复核者值“propagated_into_inference_or_decision”。局部绝对误差与阈值参数用于优化阶段的模型选择和自适应再拟合，代理误差实际影响优化。该页码证据直接满足本字段判据，作者锁定值“not_reported”未获得更强的全文支持。,Xiaoyang Zhang (XZ),Yangqi Ma (YM),2026-07-30,2026-07-30,outputs\ijggc_v2_remaining31_adjudication_2026-07-30\IJGGC_V2_REMAINING31_ADJUDICATION_WORKBOOK.xlsx,remaining31
Diplas2026_DOEInjection,field_evidence_score,1,0,1,author_adjudicated_disagreement,yes,"PDF pp. 13–16, synthetic field-scale cases","PDF pp. 13–16, synthetic field-scale cases",全文核查后采纳复核者值“1”。属现场尺度但为数值模拟的注入设计，计 1 分。该页码证据直接满足本字段判据，作者锁定值“0”未获得更强的全文支持。,Xiaoyang Zhang (XZ),Yangqi Ma (YM),2026-07-30,2026-07-30,outputs\ijggc_v2_remaining31_adjudication_2026-07-30\IJGGC_V2_REMAINING31_ADJUDICATION_WORKBOOK.xlsx,remaining31
Diplas2026_DOEInjection,physical_consistency_score,3,2,3,author_adjudicated_disagreement,yes,"PDF pp. 24–27, full-order OPM validation","PDF pp. 24–27, full-order OPM validation",全文核查后采纳复核者值“3”。候选方案以全阶流动模拟复核压力与注入响应，计 3 分。该页码证据直接满足本字段判据，作者锁定值“2”未获得更强的全文支持。,Xiaoyang Zhang (XZ),Yangqi Ma (YM),2026-07-30,2026-07-30,outputs\ijggc_v2_remaining31_adjudication_2026-07-30\IJGGC_V2_REMAINING31_ADJUDICATION_WORKBOOK.xlsx,remaining31
Diplas2026_DOEInjection,uncertainty_score,1,1,1,independent_exact_agreement_retained,no,"PDF pp. 25–27, sensitivity analysis",,Reviewer and locked coding agreed exactly; the locked value was retained.,Xiaoyang Zhang (XZ),,2026-07-30,,outputs\ijggc_v2_remaining31_adjudication_2026-07-30\IJGGC_V2_REMAINING31_ADJUDICATION_WORKBOOK.xlsx,remaining31
Diplas2026_DOEInjection,transferability_score,0,2,0,author_adjudicated_disagreement,yes,"PDF pp. 24–27, independent tests within the DOE domain","PDF pp. 24–27, independent tests within the DOE domain",全文核查后采纳复核者值“0”。测试位于同一设计域且无跨场地证据，计 0 分。该页码证据直接满足本字段判据，作者锁定值“2”未获得更强的全文支持。,Xiaoyang Zhang (XZ),Yangqi Ma (YM),2026-07-30,2026-07-30,outputs\ijggc_v2_remaining31_adjudication_2026-07-30\IJGGC_V2_REMAINING31_ADJUDICATION_WORKBOOK.xlsx,remaining31
Diplas2026_DOEInjection,decision_readiness_score,3,3,3,independent_exact_agreement_retained,no,"PDF pp. 24–27 and 32–33, injection/BHP optimization",,Reviewer and locked coding agreed exactly; the locked value was retained.,Xiaoyang Zhang (XZ),,2026-07-30,,outputs\ijggc_v2_remaining31_adjudication_2026-07-30\IJGGC_V2_REMAINING31_ADJUDICATION_WORKBOOK.xlsx,remaining31
ESR_Chen2024_119,field_validation_category,confirmed_absent,not_reported,confirmed_absent,author_adjudicated_disagreement,yes,"PDF pp. 11–13, simulation dataset and trajectories","PDF pp. 11–13, simulation dataset and trajectories",全文核查后采纳复核者值“confirmed_absent”。全部评价数据由 CMG 生成，未与现场观测或解释结果比较。该页码证据直接满足本字段判据，作者锁定值“not_reported”未获得更强的全文支持。,Xiaoyang Zhang (XZ),Yangqi Ma (YM),2026-07-30,2026-07-30,outputs\ijggc_v2_remaining31_adjudication_2026-07-30\IJGGC_V2_REMAINING31_ADJUDICATION_WORKBOOK.xlsx,remaining31
ESR_Chen2024_119,controlled_release_validation_state,confirmed_absent,not_reported,confirmed_absent,author_adjudicated_disagreement,yes,"PDF pp. 11–13, CMG simulation setup","PDF pp. 11–13, CMG simulation setup",全文核查后采纳复核者值“confirmed_absent”。训练和测试均为模拟注入轨迹，不是实际计划注入数据。该页码证据直接满足本字段判据，作者锁定值“not_reported”未获得更强的全文支持。,Xiaoyang Zhang (XZ),Yangqi Ma (YM),2026-07-30,2026-07-30,outputs\ijggc_v2_remaining31_adjudication_2026-07-30\IJGGC_V2_REMAINING31_ADJUDICATION_WORKBOOK.xlsx,remaining31
ESR_Chen2024_119,ood_test_category,confirmed_absent,legacy_explicit_ood_test,confirmed_absent,author_adjudicated_disagreement,yes,"PDF pp. 11–16, random trajectories and test comparisons","PDF pp. 11–16, random trajectories and test comparisons",全文核查后采纳复核者值“confirmed_absent”。测试轨迹从同一控制域抽取，未明确超出训练分布。该页码证据直接满足本字段判据，作者锁定值“legacy_explicit_ood_test”未获得更强的全文支持。,Xiaoyang Zhang (XZ),Yangqi Ma (YM),2026-07-30,2026-07-30,outputs\ijggc_v2_remaining31_adjudication_2026-07-30\IJGGC_V2_REMAINING31_ADJUDICATION_WORKBOOK.xlsx,remaining31
ESR_Chen2024_119,cross_site_test_state,confirmed_absent,not_reported,confirmed_absent,author_adjudicated_disagreement,yes,"PDF pp. 11–13, one synthetic reservoir setting","PDF pp. 11–13, one synthetic reservoir setting",全文核查后采纳复核者值“confirmed_absent”。只研究单一合成储层，没有跨现场验证。该页码证据直接满足本字段判据，作者锁定值“not_reported”未获得更强的全文支持。,Xiaoyang Zhang (XZ),Yangqi Ma (YM),2026-07-30,2026-07-30,outputs\ijggc_v2_remaining31_adjudication_2026-07-30\IJGGC_V2_REMAINING31_ADJUDICATION_WORKBOOK.xlsx,remaining31
ESR_Chen2024_119,uncertainty_calibration_category,deterministic_or_confirmed_absent,not_reported,deterministic_or_confirmed_absent,author_adjudicated_disagreement,yes,"PDF pp. 14–18, deterministic RL and surrogate results","PDF pp. 14–18, deterministic RL and surrogate results",全文核查后采纳复核者值“deterministic_or_confirmed_absent”。策略和代理模型均给出确定性结果，未开展校准或后验检查。该页码证据直接满足本字段判据，作者锁定值“not_reported”未获得更强的全文支持。,Xiaoyang Zhang (XZ),Yangqi Ma (YM),2026-07-30,2026-07-30,outputs\ijggc_v2_remaining31_adjudication_2026-07-30\IJGGC_V2_REMAINING31_ADJUDICATION_WORKBOOK.xlsx,remaining31
ESR_Chen2024_119,surrogate_error_propagation_category,confirmed_absent,not_reported,confirmed_absent,author_adjudicated_disagreement,yes,"PDF pp. 14–18, surrogate error and full-order NPV re-evaluation","PDF pp. 14–18, surrogate error and full-order NPV re-evaluation",全文核查后采纳复核者值“confirmed_absent”。全阶复算显示代理 NPV 有偏差，但该偏差未作为误差项反馈到 RL 目标或决策不确定性。该页码证据直接满足本字段判据，作者锁定值“not_reported”未获得更强的全文支持。,Xiaoyang Zhang (XZ),Yangqi Ma (YM),2026-07-30,2026-07-30,outputs\ijggc_v2_remaining31_adjudication_2026-07-30\IJGGC_V2_REMAINING31_ADJUDICATION_WORKBOOK.xlsx,remaining31
ESR_Chen2024_119,field_evidence_score,1,0,1,author_adjudicated_disagreement,yes,"PDF pp. 11–13, synthetic CMG data","PDF pp. 11–13, synthetic CMG data",全文核查后采纳复核者值“1”。为现场尺度合成储层，未做现场验证，计 1 分。该页码证据直接满足本字段判据，作者锁定值“0”未获得更强的全文支持。,Xiaoyang Zhang (XZ),Yangqi Ma (YM),2026-07-30,2026-07-30,outputs\ijggc_v2_remaining31_adjudication_2026-07-30\IJGGC_V2_REMAINING31_ADJUDICATION_WORKBOOK.xlsx,remaining31
ESR_Chen2024_119,physical_consistency_score,3,1,3,author_adjudicated_disagreement,yes,"PDF pp. 14–18, pressure/saturation and full-order comparisons","PDF pp. 14–18, pressure/saturation and full-order comparisons",全文核查后采纳复核者值“3”。以全阶模拟复核压力、饱和度与 NPV，具有明确物理诊断，计 3 分。该页码证据直接满足本字段判据，作者锁定值“1”未获得更强的全文支持。,Xiaoyang Zhang (XZ),Yangqi Ma (YM),2026-07-30,2026-07-30,outputs\ijggc_v2_remaining31_adjudication_2026-07-30\IJGGC_V2_REMAINING31_ADJUDICATION_WORKBOOK.xlsx,remaining31
ESR_Chen2024_119,uncertainty_score,0,not_reported,0,author_adjudicated_disagreement,yes,"PDF pp. 14–18, reported deterministic metrics","PDF pp. 14–18, reported deterministic metrics",全文核查后采纳复核者值“0”。无不确定性分析，计 0 分。该页码证据直接满足本字段判据，作者锁定值“not_reported”未获得更强的全文支持。,Xiaoyang Zhang (XZ),Yangqi Ma (YM),2026-07-30,2026-07-30,outputs\ijggc_v2_remaining31_adjudication_2026-07-30\IJGGC_V2_REMAINING31_ADJUDICATION_WORKBOOK.xlsx,remaining31
ESR_Chen2024_119,transferability_score,0,2,0,author_adjudicated_disagreement,yes,"PDF pp. 11–16, same-domain split","PDF pp. 11–16, same-domain split",全文核查后采纳复核者值“0”。仅同域轨迹测试，计 0 分。该页码证据直接满足本字段判据，作者锁定值“2”未获得更强的全文支持。,Xiaoyang Zhang (XZ),Yangqi Ma (YM),2026-07-30,2026-07-30,outputs\ijggc_v2_remaining31_adjudication_2026-07-30\IJGGC_V2_REMAINING31_ADJUDICATION_WORKBOOK.xlsx,remaining31
ESR_Chen2024_119,decision_readiness_score,2,2,2,independent_exact_agreement_retained,no,"PDF pp. 17–18, full-order NPV evaluation",,Reviewer and locked coding agreed exactly; the locked value was retained.,Xiaoyang Zhang (XZ),,2026-07-30,,outputs\ijggc_v2_remaining31_adjudication_2026-07-30\IJGGC_V2_REMAINING31_ADJUDICATION_WORKBOOK.xlsx,remaining31
ESR_Falola2024_123,field_validation_category,confirmed_absent,not_reported,confirmed_absent,author_adjudicated_disagreement,yes,"PDF pp. 3–4, SACROC and Sleipner geomodel datasets; pp. 7–11, tests","PDF pp. 3–4, SACROC and Sleipner geomodel datasets; pp. 7–11, tests",全文核查后采纳复核者值“confirmed_absent”。虽采用 SACROC 和 Sleipner 场地地质模型，标签仍是模拟输出，未对比现场观测。该页码证据直接满足本字段判据，作者锁定值“not_reported”未获得更强的全文支持。,Xiaoyang Zhang (XZ),Yangqi Ma (YM),2026-07-30,2026-07-30,outputs\ijggc_v2_remaining31_adjudication_2026-07-30\IJGGC_V2_REMAINING31_ADJUDICATION_WORKBOOK.xlsx,remaining31
ESR_Falola2024_123,controlled_release_validation_state,confirmed_absent,not_reported,confirmed_absent,author_adjudicated_disagreement,yes,"PDF pp. 3–4, simulation-derived datasets","PDF pp. 3–4, simulation-derived datasets",全文核查后采纳复核者值“confirmed_absent”。没有在实际计划注入或人工释放观测上评价 ML。该页码证据直接满足本字段判据，作者锁定值“not_reported”未获得更强的全文支持。,Xiaoyang Zhang (XZ),Yangqi Ma (YM),2026-07-30,2026-07-30,outputs\ijggc_v2_remaining31_adjudication_2026-07-30\IJGGC_V2_REMAINING31_ADJUDICATION_WORKBOOK.xlsx,remaining31
ESR_Falola2024_123,ood_test_category,confirmed_absent,not_reported,confirmed_absent,author_adjudicated_disagreement,yes,"PDF pp. 7–10, target-site fine-tuning and testing","PDF pp. 7–10, target-site fine-tuning and testing",全文核查后采纳复核者值“confirmed_absent”。目标 Sleipner 数据参与微调，最终测试不构成未接触目标域的严格 OOD 测试。该页码证据直接满足本字段判据，作者锁定值“not_reported”未获得更强的全文支持。,Xiaoyang Zhang (XZ),Yangqi Ma (YM),2026-07-30,2026-07-30,outputs\ijggc_v2_remaining31_adjudication_2026-07-30\IJGGC_V2_REMAINING31_ADJUDICATION_WORKBOOK.xlsx,remaining31
ESR_Falola2024_123,cross_site_test_state,confirmed_absent,not_reported,confirmed_absent,author_adjudicated_disagreement,yes,"PDF pp. 7–10, source/target transfer design","PDF pp. 7–10, source/target transfer design",全文核查后采纳复核者值“confirmed_absent”。另一场地并非完全留出，因目标场地样本用于微调，故不记跨现场验证。该页码证据直接满足本字段判据，作者锁定值“not_reported”未获得更强的全文支持。,Xiaoyang Zhang (XZ),Yangqi Ma (YM),2026-07-30,2026-07-30,outputs\ijggc_v2_remaining31_adjudication_2026-07-30\IJGGC_V2_REMAINING31_ADJUDICATION_WORKBOOK.xlsx,remaining31
ESR_Falola2024_123,uncertainty_calibration_category,deterministic_or_confirmed_absent,not_reported,deterministic_or_confirmed_absent,author_adjudicated_disagreement,yes,"PDF pp. 7–11, deterministic forecast metrics","PDF pp. 7–11, deterministic forecast metrics",全文核查后采纳复核者值“deterministic_or_confirmed_absent”。只报告确定性误差，没有覆盖率、校准或后验预测检查。该页码证据直接满足本字段判据，作者锁定值“not_reported”未获得更强的全文支持。,Xiaoyang Zhang (XZ),Yangqi Ma (YM),2026-07-30,2026-07-30,outputs\ijggc_v2_remaining31_adjudication_2026-07-30\IJGGC_V2_REMAINING31_ADJUDICATION_WORKBOOK.xlsx,remaining31
ESR_Falola2024_123,surrogate_error_propagation_category,not_applicable,not_reported,not_applicable,author_adjudicated_disagreement,yes,"PDF pp. 7–11, forward surrogate forecasting only","PDF pp. 7–11, forward surrogate forecasting only",全文核查后采纳复核者值“not_applicable”。工作仅做前向预测，没有下游反演、优化或存储决策阶段，代理误差传播不适用。该页码证据直接满足本字段判据，作者锁定值“not_reported”未获得更强的全文支持。,Xiaoyang Zhang (XZ),Yangqi Ma (YM),2026-07-30,2026-07-30,outputs\ijggc_v2_remaining31_adjudication_2026-07-30\IJGGC_V2_REMAINING31_ADJUDICATION_WORKBOOK.xlsx,remaining31
ESR_Falola2024_123,field_evidence_score,1,0,1,author_adjudicated_disagreement,yes,"PDF pp. 3–4, field geomodels used for simulation","PDF pp. 3–4, field geomodels used for simulation",全文核查后采纳复核者值“1”。属于真实场地地质模型驱动的合成研究，计 1 分。该页码证据直接满足本字段判据，作者锁定值“0”未获得更强的全文支持。,Xiaoyang Zhang (XZ),Yangqi Ma (YM),2026-07-30,2026-07-30,outputs\ijggc_v2_remaining31_adjudication_2026-07-30\IJGGC_V2_REMAINING31_ADJUDICATION_WORKBOOK.xlsx,remaining31
ESR_Falola2024_123,physical_consistency_score,3,1,3,author_adjudicated_disagreement,yes,"PDF pp. 7–11, pressure/saturation simulator comparisons","PDF pp. 7–11, pressure/saturation simulator comparisons",全文核查后采纳复核者值“3”。压力与饱和度同全物理模拟器逐场比较，计 3 分。该页码证据直接满足本字段判据，作者锁定值“1”未获得更强的全文支持。,Xiaoyang Zhang (XZ),Yangqi Ma (YM),2026-07-30,2026-07-30,outputs\ijggc_v2_remaining31_adjudication_2026-07-30\IJGGC_V2_REMAINING31_ADJUDICATION_WORKBOOK.xlsx,remaining31
ESR_Falola2024_123,uncertainty_score,0,not_reported,0,author_adjudicated_disagreement,yes,"PDF pp. 7–11, point-error reporting","PDF pp. 7–11, point-error reporting",全文核查后采纳复核者值“0”。确定性预测，无 UQ，计 0 分。该页码证据直接满足本字段判据，作者锁定值“not_reported”未获得更强的全文支持。,Xiaoyang Zhang (XZ),Yangqi Ma (YM),2026-07-30,2026-07-30,outputs\ijggc_v2_remaining31_adjudication_2026-07-30\IJGGC_V2_REMAINING31_ADJUDICATION_WORKBOOK.xlsx,remaining31
ESR_Falola2024_123,transferability_score,2,not_reported,2,author_adjudicated_disagreement,yes,"PDF pp. 7–10, cross-geomodel fine-tuning","PDF pp. 7–10, cross-geomodel fine-tuning",全文核查后采纳复核者值“2”。展示跨地质模型微调，具有迁移学习证据但非严格留出，计 2 分。该页码证据直接满足本字段判据，作者锁定值“not_reported”未获得更强的全文支持。,Xiaoyang Zhang (XZ),Yangqi Ma (YM),2026-07-30,2026-07-30,outputs\ijggc_v2_remaining31_adjudication_2026-07-30\IJGGC_V2_REMAINING31_ADJUDICATION_WORKBOOK.xlsx,remaining31
ESR_Falola2024_123,decision_readiness_score,1,1,1,independent_exact_agreement_retained,no,"PDF pp. 7–11, pressure and saturation forecasts",,Reviewer and locked coding agreed exactly; the locked value was retained.,Xiaoyang Zhang (XZ),,2026-07-30,,outputs\ijggc_v2_remaining31_adjudication_2026-07-30\IJGGC_V2_REMAINING31_ADJUDICATION_WORKBOOK.xlsx,remaining31
ESR_Hassani2024_118,field_validation_category,confirmed_absent,not_reported,confirmed_absent,author_adjudicated_disagreement,yes,"PDF pp. 3–5, synthetic homogeneous model","PDF pp. 3–5, synthetic homogeneous model",全文核查后采纳复核者值“confirmed_absent”。研究对象是合成均质模型，未使用现场结果验证。该页码证据直接满足本字段判据，作者锁定值“not_reported”未获得更强的全文支持。,Xiaoyang Zhang (XZ),Yangqi Ma (YM),2026-07-30,2026-07-30,outputs\ijggc_v2_remaining31_adjudication_2026-07-30\IJGGC_V2_REMAINING31_ADJUDICATION_WORKBOOK.xlsx,remaining31
ESR_Hassani2024_118,controlled_release_validation_state,confirmed_absent,not_reported,confirmed_absent,author_adjudicated_disagreement,yes,"PDF pp. 3–5, numerical injection data","PDF pp. 3–5, numerical injection data",全文核查后采纳复核者值“confirmed_absent”。注入数据由数值模型产生，不是受控现场释放。该页码证据直接满足本字段判据，作者锁定值“not_reported”未获得更强的全文支持。,Xiaoyang Zhang (XZ),Yangqi Ma (YM),2026-07-30,2026-07-30,outputs\ijggc_v2_remaining31_adjudication_2026-07-30\IJGGC_V2_REMAINING31_ADJUDICATION_WORKBOOK.xlsx,remaining31
ESR_Hassani2024_118,ood_test_category,legacy_explicit_ood_test,not_reported,legacy_explicit_ood_test,author_adjudicated_disagreement,yes,"PDF p. 12, chronological 75% training and future 25% testing; pp. 12–13, results","PDF p. 12, chronological 75% training and future 25% testing; pp. 12–13, results",全文核查后采纳复核者值“legacy_explicit_ood_test”。按时间先后训练前 75% 并测试未来 25%，属于明确的时间外推测试。该页码证据直接满足本字段判据，作者锁定值“not_reported”未获得更强的全文支持。,Xiaoyang Zhang (XZ),Yangqi Ma (YM),2026-07-30,2026-07-30,outputs\ijggc_v2_remaining31_adjudication_2026-07-30\IJGGC_V2_REMAINING31_ADJUDICATION_WORKBOOK.xlsx,remaining31
ESR_Hassani2024_118,cross_site_test_state,confirmed_absent,not_reported,confirmed_absent,author_adjudicated_disagreement,yes,"PDF pp. 3–5 and 12–13, single synthetic setting","PDF pp. 3–5 and 12–13, single synthetic setting",全文核查后采纳复核者值“confirmed_absent”。没有另一现场或不同地质背景测试。该页码证据直接满足本字段判据，作者锁定值“not_reported”未获得更强的全文支持。,Xiaoyang Zhang (XZ),Yangqi Ma (YM),2026-07-30,2026-07-30,outputs\ijggc_v2_remaining31_adjudication_2026-07-30\IJGGC_V2_REMAINING31_ADJUDICATION_WORKBOOK.xlsx,remaining31
ESR_Hassani2024_118,uncertainty_calibration_category,deterministic_or_confirmed_absent,not_reported,deterministic_or_confirmed_absent,author_adjudicated_disagreement,yes,"PDF pp. 12–13, deterministic forecasts","PDF pp. 12–13, deterministic forecasts",全文核查后采纳复核者值“deterministic_or_confirmed_absent”。模型输出为确定性预测，未检查区间覆盖率或后验。该页码证据直接满足本字段判据，作者锁定值“not_reported”未获得更强的全文支持。,Xiaoyang Zhang (XZ),Yangqi Ma (YM),2026-07-30,2026-07-30,outputs\ijggc_v2_remaining31_adjudication_2026-07-30\IJGGC_V2_REMAINING31_ADJUDICATION_WORKBOOK.xlsx,remaining31
ESR_Hassani2024_118,surrogate_error_propagation_category,not_applicable,not_reported,not_applicable,author_adjudicated_disagreement,yes,"PDF pp. 12–13, forward prediction task","PDF pp. 12–13, forward prediction task",全文核查后采纳复核者值“not_applicable”。仅做前向预测，没有下游误差传播对象，记为不适用。该页码证据直接满足本字段判据，作者锁定值“not_reported”未获得更强的全文支持。,Xiaoyang Zhang (XZ),Yangqi Ma (YM),2026-07-30,2026-07-30,outputs\ijggc_v2_remaining31_adjudication_2026-07-30\IJGGC_V2_REMAINING31_ADJUDICATION_WORKBOOK.xlsx,remaining31
ESR_Hassani2024_118,field_evidence_score,0,0,0,independent_exact_agreement_retained,no,"PDF pp. 3–5, synthetic setup",,Reviewer and locked coding agreed exactly; the locked value was retained.,Xiaoyang Zhang (XZ),,2026-07-30,,outputs\ijggc_v2_remaining31_adjudication_2026-07-30\IJGGC_V2_REMAINING31_ADJUDICATION_WORKBOOK.xlsx,remaining31
ESR_Hassani2024_118,physical_consistency_score,1,1,1,independent_exact_agreement_retained,no,"PDF pp. 3–5 and 12–13, simulator-derived variables",,Reviewer and locked coding agreed exactly; the locked value was retained.,Xiaoyang Zhang (XZ),,2026-07-30,,outputs\ijggc_v2_remaining31_adjudication_2026-07-30\IJGGC_V2_REMAINING31_ADJUDICATION_WORKBOOK.xlsx,remaining31
ESR_Hassani2024_118,uncertainty_score,0,not_reported,0,author_adjudicated_disagreement,yes,"PDF pp. 12–13, point forecasts only","PDF pp. 12–13, point forecasts only",全文核查后采纳复核者值“0”。无不确定性分析，计 0 分。该页码证据直接满足本字段判据，作者锁定值“not_reported”未获得更强的全文支持。,Xiaoyang Zhang (XZ),Yangqi Ma (YM),2026-07-30,2026-07-30,outputs\ijggc_v2_remaining31_adjudication_2026-07-30\IJGGC_V2_REMAINING31_ADJUDICATION_WORKBOOK.xlsx,remaining31
ESR_Hassani2024_118,transferability_score,2,not_reported,2,author_adjudicated_disagreement,yes,"PDF p. 12, future-period extrapolation","PDF p. 12, future-period extrapolation",全文核查后采纳复核者值“2”。具有明确未来时间段外推，但不是跨现场，计 2 分。该页码证据直接满足本字段判据，作者锁定值“not_reported”未获得更强的全文支持。,Xiaoyang Zhang (XZ),Yangqi Ma (YM),2026-07-30,2026-07-30,outputs\ijggc_v2_remaining31_adjudication_2026-07-30\IJGGC_V2_REMAINING31_ADJUDICATION_WORKBOOK.xlsx,remaining31
ESR_Hassani2024_118,decision_readiness_score,1,1,1,independent_exact_agreement_retained,no,"PDF pp. 12–13, state-variable forecasting",,Reviewer and locked coding agreed exactly; the locked value was retained.,Xiaoyang Zhang (XZ),,2026-07-30,,outputs\ijggc_v2_remaining31_adjudication_2026-07-30\IJGGC_V2_REMAINING31_ADJUDICATION_WORKBOOK.xlsx,remaining31
ESR_Kanakaki2025_045,field_validation_category,confirmed_absent,not_reported,confirmed_absent,author_adjudicated_disagreement,yes,"PDF pp. 8–12, realistic aquifer model and training data; pp. 13–24, evaluation","PDF pp. 8–12, realistic aquifer model and training data; pp. 13–24, evaluation",全文核查后采纳复核者值“confirmed_absent”。所谓 realistic aquifer 仍是数值模型，ML 未与现场观测或解释比较。该页码证据直接满足本字段判据，作者锁定值“not_reported”未获得更强的全文支持。,Xiaoyang Zhang (XZ),Yangqi Ma (YM),2026-07-30,2026-07-30,outputs\ijggc_v2_remaining31_adjudication_2026-07-30\IJGGC_V2_REMAINING31_ADJUDICATION_WORKBOOK.xlsx,remaining31
ESR_Kanakaki2025_045,controlled_release_validation_state,confirmed_absent,not_reported,confirmed_absent,author_adjudicated_disagreement,yes,"PDF pp. 8–12, numerical aquifer simulations","PDF pp. 8–12, numerical aquifer simulations",全文核查后采纳复核者值“confirmed_absent”。评价数据由模拟器生成，不是现场计划注入或人工释放。该页码证据直接满足本字段判据，作者锁定值“not_reported”未获得更强的全文支持。,Xiaoyang Zhang (XZ),Yangqi Ma (YM),2026-07-30,2026-07-30,outputs\ijggc_v2_remaining31_adjudication_2026-07-30\IJGGC_V2_REMAINING31_ADJUDICATION_WORKBOOK.xlsx,remaining31
ESR_Kanakaki2025_045,ood_test_category,confirmed_absent,legacy_explicit_ood_test,confirmed_absent,author_adjudicated_disagreement,yes,"PDF pp. 8–12, all-data training and evaluation design","PDF pp. 8–12, all-data training and evaluation design",全文核查后采纳复核者值“confirmed_absent”。全文说明使用全部数据训练，未设训练分布外评价。该页码证据直接满足本字段判据，作者锁定值“legacy_explicit_ood_test”未获得更强的全文支持。,Xiaoyang Zhang (XZ),Yangqi Ma (YM),2026-07-30,2026-07-30,outputs\ijggc_v2_remaining31_adjudication_2026-07-30\IJGGC_V2_REMAINING31_ADJUDICATION_WORKBOOK.xlsx,remaining31
ESR_Kanakaki2025_045,cross_site_test_state,confirmed_absent,not_reported,confirmed_absent,author_adjudicated_disagreement,yes,"PDF pp. 8–12, one realistic aquifer model","PDF pp. 8–12, one realistic aquifer model",全文核查后采纳复核者值“confirmed_absent”。只在一个模拟含水层内评价，没有跨现场证据。该页码证据直接满足本字段判据，作者锁定值“not_reported”未获得更强的全文支持。,Xiaoyang Zhang (XZ),Yangqi Ma (YM),2026-07-30,2026-07-30,outputs\ijggc_v2_remaining31_adjudication_2026-07-30\IJGGC_V2_REMAINING31_ADJUDICATION_WORKBOOK.xlsx,remaining31
ESR_Kanakaki2025_045,uncertainty_calibration_category,confirmed_absent,not_reported,confirmed_absent,author_adjudicated_disagreement,yes,"PDF pp. 13–24, error distributions, IQR and standard deviations","PDF pp. 13–24, error distributions, IQR and standard deviations",全文核查后采纳复核者值“confirmed_absent”。IQR、标准差和误差分布未与覆盖率或校准目标比较，不能视为校准。该页码证据直接满足本字段判据，作者锁定值“not_reported”未获得更强的全文支持。,Xiaoyang Zhang (XZ),Yangqi Ma (YM),2026-07-30,2026-07-30,outputs\ijggc_v2_remaining31_adjudication_2026-07-30\IJGGC_V2_REMAINING31_ADJUDICATION_WORKBOOK.xlsx,remaining31
ESR_Kanakaki2025_045,surrogate_error_propagation_category,not_applicable,not_reported,not_applicable,author_adjudicated_disagreement,yes,"PDF p. 7, grid-block routing; pp. 13–24, hybrid simulator evaluation","PDF p. 7, grid-block routing; pp. 13–24, hybrid simulator evaluation",全文核查后采纳复核者值“not_applicable”。任务是混合数值求解加速，没有反演、优化或存储决策阶段，故该传播字段不适用。该页码证据直接满足本字段判据，作者锁定值“not_reported”未获得更强的全文支持。,Xiaoyang Zhang (XZ),Yangqi Ma (YM),2026-07-30,2026-07-30,outputs\ijggc_v2_remaining31_adjudication_2026-07-30\IJGGC_V2_REMAINING31_ADJUDICATION_WORKBOOK.xlsx,remaining31
ESR_Kanakaki2025_045,field_evidence_score,1,0,1,author_adjudicated_disagreement,yes,"PDF pp. 8–12, realistic but simulated aquifer","PDF pp. 8–12, realistic but simulated aquifer",全文核查后采纳复核者值“1”。属于现实型含水层的模拟研究，计 1 分。该页码证据直接满足本字段判据，作者锁定值“0”未获得更强的全文支持。,Xiaoyang Zhang (XZ),Yangqi Ma (YM),2026-07-30,2026-07-30,outputs\ijggc_v2_remaining31_adjudication_2026-07-30\IJGGC_V2_REMAINING31_ADJUDICATION_WORKBOOK.xlsx,remaining31
ESR_Kanakaki2025_045,physical_consistency_score,3,1,3,author_adjudicated_disagreement,yes,"PDF pp. 13–24, long-run solver comparisons and error maps","PDF pp. 13–24, long-run solver comparisons and error maps",全文核查后采纳复核者值“3”。对长时段压力与饱和度误差及全求解器回退进行诊断，计 3 分。该页码证据直接满足本字段判据，作者锁定值“1”未获得更强的全文支持。,Xiaoyang Zhang (XZ),Yangqi Ma (YM),2026-07-30,2026-07-30,outputs\ijggc_v2_remaining31_adjudication_2026-07-30\IJGGC_V2_REMAINING31_ADJUDICATION_WORKBOOK.xlsx,remaining31
ESR_Kanakaki2025_045,uncertainty_score,1,not_reported,1,author_adjudicated_disagreement,yes,"PDF pp. 13–24, uncalibrated error spread","PDF pp. 13–24, uncalibrated error spread",全文核查后采纳复核者值“1”。仅报告未校准的误差离散性，计 1 分。该页码证据直接满足本字段判据，作者锁定值“not_reported”未获得更强的全文支持。,Xiaoyang Zhang (XZ),Yangqi Ma (YM),2026-07-30,2026-07-30,outputs\ijggc_v2_remaining31_adjudication_2026-07-30\IJGGC_V2_REMAINING31_ADJUDICATION_WORKBOOK.xlsx,remaining31
ESR_Kanakaki2025_045,transferability_score,0,not_reported,0,author_adjudicated_disagreement,yes,"PDF pp. 8–12, no held-out geology","PDF pp. 8–12, no held-out geology",全文核查后采纳复核者值“0”。没有 OOD 或跨场地测试，计 0 分。该页码证据直接满足本字段判据，作者锁定值“not_reported”未获得更强的全文支持。,Xiaoyang Zhang (XZ),Yangqi Ma (YM),2026-07-30,2026-07-30,outputs\ijggc_v2_remaining31_adjudication_2026-07-30\IJGGC_V2_REMAINING31_ADJUDICATION_WORKBOOK.xlsx,remaining31
ESR_Kanakaki2025_045,decision_readiness_score,1,1,1,independent_exact_agreement_retained,no,"PDF pp. 13–24, simulation acceleration only",,Reviewer and locked coding agreed exactly; the locked value was retained.,Xiaoyang Zhang (XZ),,2026-07-30,,outputs\ijggc_v2_remaining31_adjudication_2026-07-30\IJGGC_V2_REMAINING31_ADJUDICATION_WORKBOOK.xlsx,remaining31
ESR_Lozano2025_215,field_validation_category,confirmed_absent,not_reported,confirmed_absent,author_adjudicated_disagreement,yes,"PDF pp. 14–21, Frio model and synthetic seismic cases","PDF pp. 14–21, Frio model and synthetic seismic cases",全文核查后采纳复核者值“confirmed_absent”。采用 Frio 场地背景，但地震和真值均为合成，未对比现场观测。该页码证据直接满足本字段判据，作者锁定值“not_reported”未获得更强的全文支持。,Xiaoyang Zhang (XZ),Yangqi Ma (YM),2026-07-30,2026-07-30,outputs\ijggc_v2_remaining31_adjudication_2026-07-30\IJGGC_V2_REMAINING31_ADJUDICATION_WORKBOOK.xlsx,remaining31
ESR_Lozano2025_215,controlled_release_validation_state,confirmed_absent,not_reported,confirmed_absent,author_adjudicated_disagreement,yes,"PDF pp. 14–21, synthetic monitoring data","PDF pp. 14–21, synthetic monitoring data",全文核查后采纳复核者值“confirmed_absent”。测试数据不是实际计划注入或受控释放观测。该页码证据直接满足本字段判据，作者锁定值“not_reported”未获得更强的全文支持。,Xiaoyang Zhang (XZ),Yangqi Ma (YM),2026-07-30,2026-07-30,outputs\ijggc_v2_remaining31_adjudication_2026-07-30\IJGGC_V2_REMAINING31_ADJUDICATION_WORKBOOK.xlsx,remaining31
ESR_Lozano2025_215,ood_test_category,confirmed_absent,not_reported,confirmed_absent,author_adjudicated_disagreement,yes,"PDF pp. 14–21, training and test cases","PDF pp. 14–21, training and test cases",全文核查后采纳复核者值“confirmed_absent”。测试案例仍来自同一生成设定，未明确超出训练分布。该页码证据直接满足本字段判据，作者锁定值“not_reported”未获得更强的全文支持。,Xiaoyang Zhang (XZ),Yangqi Ma (YM),2026-07-30,2026-07-30,outputs\ijggc_v2_remaining31_adjudication_2026-07-30\IJGGC_V2_REMAINING31_ADJUDICATION_WORKBOOK.xlsx,remaining31
ESR_Lozano2025_215,cross_site_test_state,confirmed_absent,not_reported,confirmed_absent,author_adjudicated_disagreement,yes,"PDF pp. 14–21, single Frio-based model","PDF pp. 14–21, single Frio-based model",全文核查后采纳复核者值“confirmed_absent”。没有训练外另一现场测试。该页码证据直接满足本字段判据，作者锁定值“not_reported”未获得更强的全文支持。,Xiaoyang Zhang (XZ),Yangqi Ma (YM),2026-07-30,2026-07-30,outputs\ijggc_v2_remaining31_adjudication_2026-07-30\IJGGC_V2_REMAINING31_ADJUDICATION_WORKBOOK.xlsx,remaining31
ESR_Lozano2025_215,uncertainty_calibration_category,calibrated_or_posterior_checked,not_reported,calibrated_or_posterior_checked,author_adjudicated_disagreement,yes,"PDF pp. 21–24, posterior versus truth, RMSE and profiles","PDF pp. 21–24, posterior versus truth, RMSE and profiles",全文核查后采纳复核者值“calibrated_or_posterior_checked”。后验分布与已知真值、剖面和 RMSE 比较，属于后验预测检查。该页码证据直接满足本字段判据，作者锁定值“not_reported”未获得更强的全文支持。,Xiaoyang Zhang (XZ),Yangqi Ma (YM),2026-07-30,2026-07-30,outputs\ijggc_v2_remaining31_adjudication_2026-07-30\IJGGC_V2_REMAINING31_ADJUDICATION_WORKBOOK.xlsx,remaining31
ESR_Lozano2025_215,surrogate_error_propagation_category,confirmed_absent,not_reported,confirmed_absent,author_adjudicated_disagreement,yes,"PDF pp. 21–24 and 27–28, surrogate-assisted inversion workflow","PDF pp. 21–24 and 27–28, surrogate-assisted inversion workflow",全文核查后采纳复核者值“confirmed_absent”。代理模型用于反演，但代理差异未作为观测协方差或单独误差项传播。该页码证据直接满足本字段判据，作者锁定值“not_reported”未获得更强的全文支持。,Xiaoyang Zhang (XZ),Yangqi Ma (YM),2026-07-30,2026-07-30,outputs\ijggc_v2_remaining31_adjudication_2026-07-30\IJGGC_V2_REMAINING31_ADJUDICATION_WORKBOOK.xlsx,remaining31
ESR_Lozano2025_215,field_evidence_score,1,0,1,author_adjudicated_disagreement,yes,"PDF pp. 14–21, Frio-based synthetic monitoring","PDF pp. 14–21, Frio-based synthetic monitoring",全文核查后采纳复核者值“1”。为单场地背景的合成监测，计 1 分。该页码证据直接满足本字段判据，作者锁定值“0”未获得更强的全文支持。,Xiaoyang Zhang (XZ),Yangqi Ma (YM),2026-07-30,2026-07-30,outputs\ijggc_v2_remaining31_adjudication_2026-07-30\IJGGC_V2_REMAINING31_ADJUDICATION_WORKBOOK.xlsx,remaining31
ESR_Lozano2025_215,physical_consistency_score,3,1,3,author_adjudicated_disagreement,yes,"PDF pp. 21–24, saturation profiles and simulator comparisons","PDF pp. 21–24, saturation profiles and simulator comparisons",全文核查后采纳复核者值“3”。对反演饱和度剖面和空间结果进行物理模拟对照，计 3 分。该页码证据直接满足本字段判据，作者锁定值“1”未获得更强的全文支持。,Xiaoyang Zhang (XZ),Yangqi Ma (YM),2026-07-30,2026-07-30,outputs\ijggc_v2_remaining31_adjudication_2026-07-30\IJGGC_V2_REMAINING31_ADJUDICATION_WORKBOOK.xlsx,remaining31
ESR_Lozano2025_215,uncertainty_score,3,2,3,author_adjudicated_disagreement,yes,"PDF pp. 21–24, posterior predictive checks","PDF pp. 21–24, posterior predictive checks",全文核查后采纳复核者值“3”。后验经真值检查但未进一步进入操作决策，计 3 分。该页码证据直接满足本字段判据，作者锁定值“2”未获得更强的全文支持。,Xiaoyang Zhang (XZ),Yangqi Ma (YM),2026-07-30,2026-07-30,outputs\ijggc_v2_remaining31_adjudication_2026-07-30\IJGGC_V2_REMAINING31_ADJUDICATION_WORKBOOK.xlsx,remaining31
ESR_Lozano2025_215,transferability_score,1,not_reported,1,author_adjudicated_disagreement,yes,"PDF pp. 14–21, single field-facing setting","PDF pp. 14–21, single field-facing setting",全文核查后采纳复核者值“1”。仅单一场地背景且无严格 OOD，计 1 分。该页码证据直接满足本字段判据，作者锁定值“not_reported”未获得更强的全文支持。,Xiaoyang Zhang (XZ),Yangqi Ma (YM),2026-07-30,2026-07-30,outputs\ijggc_v2_remaining31_adjudication_2026-07-30\IJGGC_V2_REMAINING31_ADJUDICATION_WORKBOOK.xlsx,remaining31
ESR_Lozano2025_215,decision_readiness_score,2,2,2,independent_exact_agreement_retained,no,"PDF pp. 27–28, data-assimilation workflow",,Reviewer and locked coding agreed exactly; the locked value was retained.,Xiaoyang Zhang (XZ),,2026-07-30,,outputs\ijggc_v2_remaining31_adjudication_2026-07-30\IJGGC_V2_REMAINING31_ADJUDICATION_WORKBOOK.xlsx,remaining31
ESR_Nunez2023_166,field_validation_category,confirmed_absent,not_reported,confirmed_absent,author_adjudicated_disagreement,yes,"PDF pp. 3–4, SACROC geomodel; pp. 7–19, transfer tests","PDF pp. 3–4, SACROC geomodel; pp. 7–19, transfer tests",全文核查后采纳复核者值“confirmed_absent”。使用 SACROC 场地模型但以模拟输出为标签，没有现场结果验证。该页码证据直接满足本字段判据，作者锁定值“not_reported”未获得更强的全文支持。,Xiaoyang Zhang (XZ),Yangqi Ma (YM),2026-07-30,2026-07-30,outputs\ijggc_v2_remaining31_adjudication_2026-07-30\IJGGC_V2_REMAINING31_ADJUDICATION_WORKBOOK.xlsx,remaining31
ESR_Nunez2023_166,controlled_release_validation_state,confirmed_absent,not_reported,confirmed_absent,author_adjudicated_disagreement,yes,"PDF pp. 3–4, simulation data","PDF pp. 3–4, simulation data",全文核查后采纳复核者值“confirmed_absent”。未在实际计划注入或人工释放观测上评价。该页码证据直接满足本字段判据，作者锁定值“not_reported”未获得更强的全文支持。,Xiaoyang Zhang (XZ),Yangqi Ma (YM),2026-07-30,2026-07-30,outputs\ijggc_v2_remaining31_adjudication_2026-07-30\IJGGC_V2_REMAINING31_ADJUDICATION_WORKBOOK.xlsx,remaining31
ESR_Nunez2023_166,ood_test_category,confirmed_absent,legacy_explicit_ood_test,confirmed_absent,author_adjudicated_disagreement,yes,"PDF pp. 7–9 and 14–19, source/target fine-tuning","PDF pp. 7–9 and 14–19, source/target fine-tuning",全文核查后采纳复核者值“confirmed_absent”。目标域数据参与微调，最终结果不属于完全未见目标域的 OOD 测试。该页码证据直接满足本字段判据，作者锁定值“legacy_explicit_ood_test”未获得更强的全文支持。,Xiaoyang Zhang (XZ),Yangqi Ma (YM),2026-07-30,2026-07-30,outputs\ijggc_v2_remaining31_adjudication_2026-07-30\IJGGC_V2_REMAINING31_ADJUDICATION_WORKBOOK.xlsx,remaining31
ESR_Nunez2023_166,cross_site_test_state,confirmed_absent,unclear,confirmed_absent,author_adjudicated_disagreement,yes,"PDF pp. 7–9 and 14–19, target-domain training use","PDF pp. 7–9 and 14–19, target-domain training use",全文核查后采纳复核者值“confirmed_absent”。目标场地未被完整留出，故不记为跨现场验证。该页码证据直接满足本字段判据，作者锁定值“unclear”未获得更强的全文支持。,Xiaoyang Zhang (XZ),Yangqi Ma (YM),2026-07-30,2026-07-30,outputs\ijggc_v2_remaining31_adjudication_2026-07-30\IJGGC_V2_REMAINING31_ADJUDICATION_WORKBOOK.xlsx,remaining31
ESR_Nunez2023_166,uncertainty_calibration_category,deterministic_or_confirmed_absent,not_reported,deterministic_or_confirmed_absent,author_adjudicated_disagreement,yes,"PDF pp. 14–19, deterministic metrics","PDF pp. 14–19, deterministic metrics",全文核查后采纳复核者值“deterministic_or_confirmed_absent”。只报告确定性性能，没有校准或后验检查。该页码证据直接满足本字段判据，作者锁定值“not_reported”未获得更强的全文支持。,Xiaoyang Zhang (XZ),Yangqi Ma (YM),2026-07-30,2026-07-30,outputs\ijggc_v2_remaining31_adjudication_2026-07-30\IJGGC_V2_REMAINING31_ADJUDICATION_WORKBOOK.xlsx,remaining31
ESR_Nunez2023_166,surrogate_error_propagation_category,not_applicable,not_reported,not_applicable,author_adjudicated_disagreement,yes,"PDF pp. 14–19, forward forecasting task","PDF pp. 14–19, forward forecasting task",全文核查后采纳复核者值“not_applicable”。仅做前向代理预测，没有下游误差传播对象，记为不适用。该页码证据直接满足本字段判据，作者锁定值“not_reported”未获得更强的全文支持。,Xiaoyang Zhang (XZ),Yangqi Ma (YM),2026-07-30,2026-07-30,outputs\ijggc_v2_remaining31_adjudication_2026-07-30\IJGGC_V2_REMAINING31_ADJUDICATION_WORKBOOK.xlsx,remaining31
ESR_Nunez2023_166,field_evidence_score,1,1,1,independent_exact_agreement_retained,no,"PDF pp. 3–4, field geomodel but simulated labels",,Reviewer and locked coding agreed exactly; the locked value was retained.,Xiaoyang Zhang (XZ),,2026-07-30,,outputs\ijggc_v2_remaining31_adjudication_2026-07-30\IJGGC_V2_REMAINING31_ADJUDICATION_WORKBOOK.xlsx,remaining31
ESR_Nunez2023_166,physical_consistency_score,3,1,3,author_adjudicated_disagreement,yes,"PDF pp. 14–19, pressure/saturation simulator comparisons","PDF pp. 14–19, pressure/saturation simulator comparisons",全文核查后采纳复核者值“3”。与数值模拟器的压力、饱和度场进行比较，计 3 分。该页码证据直接满足本字段判据，作者锁定值“1”未获得更强的全文支持。,Xiaoyang Zhang (XZ),Yangqi Ma (YM),2026-07-30,2026-07-30,outputs\ijggc_v2_remaining31_adjudication_2026-07-30\IJGGC_V2_REMAINING31_ADJUDICATION_WORKBOOK.xlsx,remaining31
ESR_Nunez2023_166,uncertainty_score,0,not_reported,0,author_adjudicated_disagreement,yes,"PDF pp. 14–19, point predictions","PDF pp. 14–19, point predictions",全文核查后采纳复核者值“0”。无 UQ，计 0 分。该页码证据直接满足本字段判据，作者锁定值“not_reported”未获得更强的全文支持。,Xiaoyang Zhang (XZ),Yangqi Ma (YM),2026-07-30,2026-07-30,outputs\ijggc_v2_remaining31_adjudication_2026-07-30\IJGGC_V2_REMAINING31_ADJUDICATION_WORKBOOK.xlsx,remaining31
ESR_Nunez2023_166,transferability_score,2,3,2,author_adjudicated_disagreement,yes,"PDF pp. 7–9 and 14–19, transfer learning","PDF pp. 7–9 and 14–19, transfer learning",全文核查后采纳复核者值“2”。有目标域微调的迁移学习证据，计 2 分。该页码证据直接满足本字段判据，作者锁定值“3”未获得更强的全文支持。,Xiaoyang Zhang (XZ),Yangqi Ma (YM),2026-07-30,2026-07-30,outputs\ijggc_v2_remaining31_adjudication_2026-07-30\IJGGC_V2_REMAINING31_ADJUDICATION_WORKBOOK.xlsx,remaining31
ESR_Nunez2023_166,decision_readiness_score,1,2,1,author_adjudicated_disagreement,yes,"PDF pp. 14–19, forecast outputs","PDF pp. 14–19, forecast outputs",全文核查后采纳复核者值“1”。仍为状态预测，没有操作阈值或控制闭环，计 1 分。该页码证据直接满足本字段判据，作者锁定值“2”未获得更强的全文支持。,Xiaoyang Zhang (XZ),Yangqi Ma (YM),2026-07-30,2026-07-30,outputs\ijggc_v2_remaining31_adjudication_2026-07-30\IJGGC_V2_REMAINING31_ADJUDICATION_WORKBOOK.xlsx,remaining31
ESR_Park2025_223,field_validation_category,confirmed_absent,not_reported,confirmed_absent,author_adjudicated_disagreement,yes,"PDF pp. 5–9, coupled THM synthetic setup; pp. 12–19, evaluation","PDF pp. 5–9, coupled THM synthetic setup; pp. 12–19, evaluation",全文核查后采纳复核者值“confirmed_absent”。研究为合成耦合模型，且明确把现场验证列为未来工作。该页码证据直接满足本字段判据，作者锁定值“not_reported”未获得更强的全文支持。,Xiaoyang Zhang (XZ),Yangqi Ma (YM),2026-07-30,2026-07-30,outputs\ijggc_v2_remaining31_adjudication_2026-07-30\IJGGC_V2_REMAINING31_ADJUDICATION_WORKBOOK.xlsx,remaining31
ESR_Park2025_223,controlled_release_validation_state,confirmed_absent,not_reported,confirmed_absent,author_adjudicated_disagreement,yes,"PDF pp. 5–9, simulated injection and monitoring","PDF pp. 5–9, simulated injection and monitoring",全文核查后采纳复核者值“confirmed_absent”。注入及监测均为模拟数据，不是实际受控释放。该页码证据直接满足本字段判据，作者锁定值“not_reported”未获得更强的全文支持。,Xiaoyang Zhang (XZ),Yangqi Ma (YM),2026-07-30,2026-07-30,outputs\ijggc_v2_remaining31_adjudication_2026-07-30\IJGGC_V2_REMAINING31_ADJUDICATION_WORKBOOK.xlsx,remaining31
ESR_Park2025_223,ood_test_category,confirmed_absent,not_reported,confirmed_absent,author_adjudicated_disagreement,yes,"PDF pp. 12–17, same-design ensembles and tests","PDF pp. 12–17, same-design ensembles and tests",全文核查后采纳复核者值“confirmed_absent”。测试来自同一设计范围，未明确构造训练分布外条件。该页码证据直接满足本字段判据，作者锁定值“not_reported”未获得更强的全文支持。,Xiaoyang Zhang (XZ),Yangqi Ma (YM),2026-07-30,2026-07-30,outputs\ijggc_v2_remaining31_adjudication_2026-07-30\IJGGC_V2_REMAINING31_ADJUDICATION_WORKBOOK.xlsx,remaining31
ESR_Park2025_223,cross_site_test_state,confirmed_absent,not_reported,confirmed_absent,author_adjudicated_disagreement,yes,"PDF pp. 5–9, single synthetic model; p. 19, future field validation","PDF pp. 5–9, single synthetic model; p. 19, future field validation",全文核查后采纳复核者值“confirmed_absent”。只使用一个合成场地，未来才开展现场验证。该页码证据直接满足本字段判据，作者锁定值“not_reported”未获得更强的全文支持。,Xiaoyang Zhang (XZ),Yangqi Ma (YM),2026-07-30,2026-07-30,outputs\ijggc_v2_remaining31_adjudication_2026-07-30\IJGGC_V2_REMAINING31_ADJUDICATION_WORKBOOK.xlsx,remaining31
ESR_Park2025_223,uncertainty_calibration_category,confirmed_absent,not_reported,confirmed_absent,author_adjudicated_disagreement,yes,"PDF pp. 12–17, SNR, ensemble spread and timing sensitivity","PDF pp. 12–17, SNR, ensemble spread and timing sensitivity",全文核查后采纳复核者值“confirmed_absent”。报告 SNR、集合标准差和敏感性，但未检查区间覆盖率或校准。该页码证据直接满足本字段判据，作者锁定值“not_reported”未获得更强的全文支持。,Xiaoyang Zhang (XZ),Yangqi Ma (YM),2026-07-30,2026-07-30,outputs\ijggc_v2_remaining31_adjudication_2026-07-30\IJGGC_V2_REMAINING31_ADJUDICATION_WORKBOOK.xlsx,remaining31
ESR_Park2025_223,surrogate_error_propagation_category,not_applicable,not_reported,not_applicable,author_adjudicated_disagreement,yes,"PDF pp. 12–19, forward surrogate forecasting","PDF pp. 12–19, forward surrogate forecasting",全文核查后采纳复核者值“not_applicable”。仅做前向预测，没有下游反演或优化，因此代理误差传播不适用。该页码证据直接满足本字段判据，作者锁定值“not_reported”未获得更强的全文支持。,Xiaoyang Zhang (XZ),Yangqi Ma (YM),2026-07-30,2026-07-30,outputs\ijggc_v2_remaining31_adjudication_2026-07-30\IJGGC_V2_REMAINING31_ADJUDICATION_WORKBOOK.xlsx,remaining31
ESR_Park2025_223,field_evidence_score,1,1,1,independent_exact_agreement_retained,no,"PDF pp. 5–9, field-scale synthetic monitoring",,Reviewer and locked coding agreed exactly; the locked value was retained.,Xiaoyang Zhang (XZ),,2026-07-30,,outputs\ijggc_v2_remaining31_adjudication_2026-07-30\IJGGC_V2_REMAINING31_ADJUDICATION_WORKBOOK.xlsx,remaining31
ESR_Park2025_223,physical_consistency_score,4,2,4,author_adjudicated_disagreement,yes,"PDF pp. 5–17, coupled flow–geomechanics comparisons","PDF pp. 5–17, coupled flow–geomechanics comparisons",全文核查后采纳复核者值“4”。同时检查流动与地表形变的耦合响应，具有跨物理量验证，计 4 分。该页码证据直接满足本字段判据，作者锁定值“2”未获得更强的全文支持。,Xiaoyang Zhang (XZ),Yangqi Ma (YM),2026-07-30,2026-07-30,outputs\ijggc_v2_remaining31_adjudication_2026-07-30\IJGGC_V2_REMAINING31_ADJUDICATION_WORKBOOK.xlsx,remaining31
ESR_Park2025_223,uncertainty_score,1,not_reported,1,author_adjudicated_disagreement,yes,"PDF pp. 12–17, uncalibrated ensemble spread","PDF pp. 12–17, uncalibrated ensemble spread",全文核查后采纳复核者值“1”。集合离散性未校准，计 1 分。该页码证据直接满足本字段判据，作者锁定值“not_reported”未获得更强的全文支持。,Xiaoyang Zhang (XZ),Yangqi Ma (YM),2026-07-30,2026-07-30,outputs\ijggc_v2_remaining31_adjudication_2026-07-30\IJGGC_V2_REMAINING31_ADJUDICATION_WORKBOOK.xlsx,remaining31
ESR_Park2025_223,transferability_score,0,not_reported,0,author_adjudicated_disagreement,yes,"PDF pp. 12–17, no OOD design","PDF pp. 12–17, no OOD design",全文核查后采纳复核者值“0”。无 OOD 或跨场地测试，计 0 分。该页码证据直接满足本字段判据，作者锁定值“not_reported”未获得更强的全文支持。,Xiaoyang Zhang (XZ),Yangqi Ma (YM),2026-07-30,2026-07-30,outputs\ijggc_v2_remaining31_adjudication_2026-07-30\IJGGC_V2_REMAINING31_ADJUDICATION_WORKBOOK.xlsx,remaining31
ESR_Park2025_223,decision_readiness_score,2,2,2,independent_exact_agreement_retained,no,"PDF pp. 12–19, monitoring-quality and deformation forecasts",,Reviewer and locked coding agreed exactly; the locked value was retained.,Xiaoyang Zhang (XZ),,2026-07-30,,outputs\ijggc_v2_remaining31_adjudication_2026-07-30\IJGGC_V2_REMAINING31_ADJUDICATION_WORKBOOK.xlsx,remaining31
ESR_Tang2024_135,field_validation_category,confirmed_absent,not_reported,confirmed_absent,author_adjudicated_disagreement,yes,"PDF pp. 12–20, simulated multi-fidelity datasets","PDF pp. 12–20, simulated multi-fidelity datasets",全文核查后采纳复核者值“confirmed_absent”。所有标签由模拟器产生，没有现场观测验证。该页码证据直接满足本字段判据，作者锁定值“not_reported”未获得更强的全文支持。,Xiaoyang Zhang (XZ),Yangqi Ma (YM),2026-07-30,2026-07-30,outputs\ijggc_v2_remaining31_adjudication_2026-07-30\IJGGC_V2_REMAINING31_ADJUDICATION_WORKBOOK.xlsx,remaining31
ESR_Tang2024_135,controlled_release_validation_state,confirmed_absent,not_reported,confirmed_absent,author_adjudicated_disagreement,yes,"PDF pp. 12–20, numerical injection cases","PDF pp. 12–20, numerical injection cases",全文核查后采纳复核者值“confirmed_absent”。没有使用实际计划注入或人工释放数据。该页码证据直接满足本字段判据，作者锁定值“not_reported”未获得更强的全文支持。,Xiaoyang Zhang (XZ),Yangqi Ma (YM),2026-07-30,2026-07-30,outputs\ijggc_v2_remaining31_adjudication_2026-07-30\IJGGC_V2_REMAINING31_ADJUDICATION_WORKBOOK.xlsx,remaining31
ESR_Tang2024_135,ood_test_category,confirmed_absent,not_reported,confirmed_absent,author_adjudicated_disagreement,yes,"PDF pp. 23–31, target-model fine-tuning and tests","PDF pp. 23–31, target-model fine-tuning and tests",全文核查后采纳复核者值“confirmed_absent”。高保真目标样本参与微调，故最终测试不属于完全未见目标分布的严格 OOD。该页码证据直接满足本字段判据，作者锁定值“not_reported”未获得更强的全文支持。,Xiaoyang Zhang (XZ),Yangqi Ma (YM),2026-07-30,2026-07-30,outputs\ijggc_v2_remaining31_adjudication_2026-07-30\IJGGC_V2_REMAINING31_ADJUDICATION_WORKBOOK.xlsx,remaining31
ESR_Tang2024_135,cross_site_test_state,confirmed_absent,not_reported,confirmed_absent,author_adjudicated_disagreement,yes,"PDF pp. 23–31, distinct simulators/geostatistics but no field sites","PDF pp. 23–31, distinct simulators/geostatistics but no field sites",全文核查后采纳复核者值“confirmed_absent”。跨地质统计与模拟器测试均为模拟，不等同现场跨场地验证。该页码证据直接满足本字段判据，作者锁定值“not_reported”未获得更强的全文支持。,Xiaoyang Zhang (XZ),Yangqi Ma (YM),2026-07-30,2026-07-30,outputs\ijggc_v2_remaining31_adjudication_2026-07-30\IJGGC_V2_REMAINING31_ADJUDICATION_WORKBOOK.xlsx,remaining31
ESR_Tang2024_135,uncertainty_calibration_category,confirmed_absent,not_reported,confirmed_absent,author_adjudicated_disagreement,yes,"PDF pp. 17–19 and 23–31, error intervals","PDF pp. 17–19 and 23–31, error intervals",全文核查后采纳复核者值“confirmed_absent”。所给 90% 误差区间未做经验覆盖率或可靠性校准。该页码证据直接满足本字段判据，作者锁定值“not_reported”未获得更强的全文支持。,Xiaoyang Zhang (XZ),Yangqi Ma (YM),2026-07-30,2026-07-30,outputs\ijggc_v2_remaining31_adjudication_2026-07-30\IJGGC_V2_REMAINING31_ADJUDICATION_WORKBOOK.xlsx,remaining31
ESR_Tang2024_135,surrogate_error_propagation_category,not_applicable,not_reported,not_applicable,author_adjudicated_disagreement,yes,"PDF pp. 12–31, forward multi-fidelity surrogate","PDF pp. 12–31, forward multi-fidelity surrogate",全文核查后采纳复核者值“not_applicable”。研究仅提供前向多保真代理，没有实际下游反演或优化，记为不适用。该页码证据直接满足本字段判据，作者锁定值“not_reported”未获得更强的全文支持。,Xiaoyang Zhang (XZ),Yangqi Ma (YM),2026-07-30,2026-07-30,outputs\ijggc_v2_remaining31_adjudication_2026-07-30\IJGGC_V2_REMAINING31_ADJUDICATION_WORKBOOK.xlsx,remaining31
ESR_Tang2024_135,field_evidence_score,0,0,0,independent_exact_agreement_retained,no,"PDF pp. 12–20, synthetic cases",,Reviewer and locked coding agreed exactly; the locked value was retained.,Xiaoyang Zhang (XZ),,2026-07-30,,outputs\ijggc_v2_remaining31_adjudication_2026-07-30\IJGGC_V2_REMAINING31_ADJUDICATION_WORKBOOK.xlsx,remaining31
ESR_Tang2024_135,physical_consistency_score,3,1,3,author_adjudicated_disagreement,yes,"PDF pp. 12–31, multi-fidelity simulator comparisons","PDF pp. 12–31, multi-fidelity simulator comparisons",全文核查后采纳复核者值“3”。跨保真模拟器比较压力和饱和度表现，计 3 分。该页码证据直接满足本字段判据，作者锁定值“1”未获得更强的全文支持。,Xiaoyang Zhang (XZ),Yangqi Ma (YM),2026-07-30,2026-07-30,outputs\ijggc_v2_remaining31_adjudication_2026-07-30\IJGGC_V2_REMAINING31_ADJUDICATION_WORKBOOK.xlsx,remaining31
ESR_Tang2024_135,uncertainty_score,1,not_reported,1,author_adjudicated_disagreement,yes,"PDF pp. 17–19, uncalibrated 90% error intervals","PDF pp. 17–19, uncalibrated 90% error intervals",全文核查后采纳复核者值“1”。只给未校准误差区间，计 1 分。该页码证据直接满足本字段判据，作者锁定值“not_reported”未获得更强的全文支持。,Xiaoyang Zhang (XZ),Yangqi Ma (YM),2026-07-30,2026-07-30,outputs\ijggc_v2_remaining31_adjudication_2026-07-30\IJGGC_V2_REMAINING31_ADJUDICATION_WORKBOOK.xlsx,remaining31
ESR_Tang2024_135,transferability_score,2,not_reported,2,author_adjudicated_disagreement,yes,"PDF pp. 23–31, transfer across simulators/geostatistics with fine-tuning","PDF pp. 23–31, transfer across simulators/geostatistics with fine-tuning",全文核查后采纳复核者值“2”。有跨模拟器、跨地质统计的迁移学习，但目标域参与训练，计 2 分。该页码证据直接满足本字段判据，作者锁定值“not_reported”未获得更强的全文支持。,Xiaoyang Zhang (XZ),Yangqi Ma (YM),2026-07-30,2026-07-30,outputs\ijggc_v2_remaining31_adjudication_2026-07-30\IJGGC_V2_REMAINING31_ADJUDICATION_WORKBOOK.xlsx,remaining31
ESR_Tang2024_135,decision_readiness_score,1,2,1,author_adjudicated_disagreement,yes,"PDF pp. 23–31, forecast outputs; discussion of future DA","PDF pp. 23–31, forecast outputs; discussion of future DA",全文核查后采纳复核者值“1”。输出是预测量，数据同化仅在讨论中提出，计 1 分。该页码证据直接满足本字段判据，作者锁定值“2”未获得更强的全文支持。,Xiaoyang Zhang (XZ),Yangqi Ma (YM),2026-07-30,2026-07-30,outputs\ijggc_v2_remaining31_adjudication_2026-07-30\IJGGC_V2_REMAINING31_ADJUDICATION_WORKBOOK.xlsx,remaining31
ESR_Tariq2023_174,field_validation_category,confirmed_absent,not_reported,confirmed_absent,author_adjudicated_disagreement,yes,"PDF pp. 3–8, synthetic GEM/PDE setup","PDF pp. 3–8, synthetic GEM/PDE setup",全文核查后采纳复核者值“confirmed_absent”。研究为合成参数化基准，未使用现场观测。该页码证据直接满足本字段判据，作者锁定值“not_reported”未获得更强的全文支持。,Xiaoyang Zhang (XZ),Yangqi Ma (YM),2026-07-30,2026-07-30,outputs\ijggc_v2_remaining31_adjudication_2026-07-30\IJGGC_V2_REMAINING31_ADJUDICATION_WORKBOOK.xlsx,remaining31
ESR_Tariq2023_174,controlled_release_validation_state,confirmed_absent,not_reported,confirmed_absent,author_adjudicated_disagreement,yes,"PDF pp. 3–8, numerical injection simulations","PDF pp. 3–8, numerical injection simulations",全文核查后采纳复核者值“confirmed_absent”。注入过程来自数值模拟，不是现场受控释放。该页码证据直接满足本字段判据，作者锁定值“not_reported”未获得更强的全文支持。,Xiaoyang Zhang (XZ),Yangqi Ma (YM),2026-07-30,2026-07-30,outputs\ijggc_v2_remaining31_adjudication_2026-07-30\IJGGC_V2_REMAINING31_ADJUDICATION_WORKBOOK.xlsx,remaining31
ESR_Tariq2023_174,ood_test_category,confirmed_absent,not_reported,confirmed_absent,author_adjudicated_disagreement,yes,"PDF pp. 8–12, validation within sampled ranges","PDF pp. 8–12, validation within sampled ranges",全文核查后采纳复核者值“confirmed_absent”。验证参数仍在采样范围内，没有明确 OOD。该页码证据直接满足本字段判据，作者锁定值“not_reported”未获得更强的全文支持。,Xiaoyang Zhang (XZ),Yangqi Ma (YM),2026-07-30,2026-07-30,outputs\ijggc_v2_remaining31_adjudication_2026-07-30\IJGGC_V2_REMAINING31_ADJUDICATION_WORKBOOK.xlsx,remaining31
ESR_Tariq2023_174,cross_site_test_state,confirmed_absent,not_reported,confirmed_absent,author_adjudicated_disagreement,yes,"PDF pp. 3–8, one parametric synthetic setting","PDF pp. 3–8, one parametric synthetic setting",全文核查后采纳复核者值“confirmed_absent”。没有另一现场或不同地质背景。该页码证据直接满足本字段判据，作者锁定值“not_reported”未获得更强的全文支持。,Xiaoyang Zhang (XZ),Yangqi Ma (YM),2026-07-30,2026-07-30,outputs\ijggc_v2_remaining31_adjudication_2026-07-30\IJGGC_V2_REMAINING31_ADJUDICATION_WORKBOOK.xlsx,remaining31
ESR_Tariq2023_174,uncertainty_calibration_category,deterministic_or_confirmed_absent,not_reported,deterministic_or_confirmed_absent,author_adjudicated_disagreement,yes,"PDF pp. 8–12, deterministic metrics","PDF pp. 8–12, deterministic metrics",全文核查后采纳复核者值“deterministic_or_confirmed_absent”。模型为确定性预测，未开展校准或后验检查。该页码证据直接满足本字段判据，作者锁定值“not_reported”未获得更强的全文支持。,Xiaoyang Zhang (XZ),Yangqi Ma (YM),2026-07-30,2026-07-30,outputs\ijggc_v2_remaining31_adjudication_2026-07-30\IJGGC_V2_REMAINING31_ADJUDICATION_WORKBOOK.xlsx,remaining31
ESR_Tariq2023_174,surrogate_error_propagation_category,not_applicable,not_reported,not_applicable,author_adjudicated_disagreement,yes,"PDF pp. 8–12, forward surrogate task","PDF pp. 8–12, forward surrogate task",全文核查后采纳复核者值“not_applicable”。没有下游反演、优化或决策阶段，代理误差传播不适用。该页码证据直接满足本字段判据，作者锁定值“not_reported”未获得更强的全文支持。,Xiaoyang Zhang (XZ),Yangqi Ma (YM),2026-07-30,2026-07-30,outputs\ijggc_v2_remaining31_adjudication_2026-07-30\IJGGC_V2_REMAINING31_ADJUDICATION_WORKBOOK.xlsx,remaining31
ESR_Tariq2023_174,field_evidence_score,0,0,0,independent_exact_agreement_retained,no,"PDF pp. 3–8, synthetic benchmark",,Reviewer and locked coding agreed exactly; the locked value was retained.,Xiaoyang Zhang (XZ),,2026-07-30,,outputs\ijggc_v2_remaining31_adjudication_2026-07-30\IJGGC_V2_REMAINING31_ADJUDICATION_WORKBOOK.xlsx,remaining31
ESR_Tariq2023_174,physical_consistency_score,3,2,3,author_adjudicated_disagreement,yes,"PDF pp. 3–12, pressure, saturation and mass-balance diagnostics","PDF pp. 3–12, pressure, saturation and mass-balance diagnostics",全文核查后采纳复核者值“3”。检查压力、饱和度与质量平衡等物理量，计 3 分。该页码证据直接满足本字段判据，作者锁定值“2”未获得更强的全文支持。,Xiaoyang Zhang (XZ),Yangqi Ma (YM),2026-07-30,2026-07-30,outputs\ijggc_v2_remaining31_adjudication_2026-07-30\IJGGC_V2_REMAINING31_ADJUDICATION_WORKBOOK.xlsx,remaining31
ESR_Tariq2023_174,uncertainty_score,0,not_reported,0,author_adjudicated_disagreement,yes,"PDF pp. 8–12, point estimates only","PDF pp. 8–12, point estimates only",全文核查后采纳复核者值“0”。无不确定性分析，计 0 分。该页码证据直接满足本字段判据，作者锁定值“not_reported”未获得更强的全文支持。,Xiaoyang Zhang (XZ),Yangqi Ma (YM),2026-07-30,2026-07-30,outputs\ijggc_v2_remaining31_adjudication_2026-07-30\IJGGC_V2_REMAINING31_ADJUDICATION_WORKBOOK.xlsx,remaining31
ESR_Tariq2023_174,transferability_score,0,not_reported,0,author_adjudicated_disagreement,yes,"PDF pp. 8–12, in-range validation","PDF pp. 8–12, in-range validation",全文核查后采纳复核者值“0”。仅同域测试，计 0 分。该页码证据直接满足本字段判据，作者锁定值“not_reported”未获得更强的全文支持。,Xiaoyang Zhang (XZ),Yangqi Ma (YM),2026-07-30,2026-07-30,outputs\ijggc_v2_remaining31_adjudication_2026-07-30\IJGGC_V2_REMAINING31_ADJUDICATION_WORKBOOK.xlsx,remaining31
ESR_Tariq2023_174,decision_readiness_score,1,1,1,independent_exact_agreement_retained,no,"PDF pp. 8–12, state forecasting",,Reviewer and locked coding agreed exactly; the locked value was retained.,Xiaoyang Zhang (XZ),,2026-07-30,,outputs\ijggc_v2_remaining31_adjudication_2026-07-30\IJGGC_V2_REMAINING31_ADJUDICATION_WORKBOOK.xlsx,remaining31
ESR_Um2024_091,field_validation_category,confirmed_absent,not_reported,confirmed_absent,author_adjudicated_disagreement,yes,"PDF pp. 10–13, Kimberlina synthetic model and training data","PDF pp. 10–13, Kimberlina synthetic model and training data",全文核查后采纳复核者值“confirmed_absent”。Kimberlina 场景为假设性合成模型，ML 未与现场监测结果比较。该页码证据直接满足本字段判据，作者锁定值“not_reported”未获得更强的全文支持。,Xiaoyang Zhang (XZ),Yangqi Ma (YM),2026-07-30,2026-07-30,outputs\ijggc_v2_remaining31_adjudication_2026-07-30\IJGGC_V2_REMAINING31_ADJUDICATION_WORKBOOK.xlsx,remaining31
ESR_Um2024_091,controlled_release_validation_state,confirmed_absent,not_reported,confirmed_absent,author_adjudicated_disagreement,yes,"PDF pp. 10–13, synthetic monitoring data","PDF pp. 10–13, synthetic monitoring data",全文核查后采纳复核者值“confirmed_absent”。监测数据由模拟生成，不是实际计划注入观测。该页码证据直接满足本字段判据，作者锁定值“not_reported”未获得更强的全文支持。,Xiaoyang Zhang (XZ),Yangqi Ma (YM),2026-07-30,2026-07-30,outputs\ijggc_v2_remaining31_adjudication_2026-07-30\IJGGC_V2_REMAINING31_ADJUDICATION_WORKBOOK.xlsx,remaining31
ESR_Um2024_091,ood_test_category,legacy_explicit_ood_test,not_reported,confirmed_absent,author_adjudicated_disagreement,yes,"PDF pp. 19–20, noise-free training versus 10% noisy testing","PDF pp. 10–13, Kimberlina synthetic design; pp. 19–20, 10% noise test",训练与测试均来自同一 Kimberlina 合成场景；额外 10% 噪声仅是测量扰动，不是训练范围外的地质、参数、边界或井控条件。因此不构成本文代码本所定义的 OOD 测试。,Xiaoyang Zhang (XZ),Yangqi Ma (YM),2026-07-30,2026-07-30,outputs\ijggc_v2_remaining31_adjudication_2026-07-30\IJGGC_V2_REMAINING31_ADJUDICATION_WORKBOOK.xlsx,remaining31
ESR_Um2024_091,cross_site_test_state,confirmed_absent,not_reported,confirmed_absent,author_adjudicated_disagreement,yes,"PDF pp. 10–13 and 17, single synthetic site; field validation future work","PDF pp. 10–13 and 17, single synthetic site; field validation future work",全文核查后采纳复核者值“confirmed_absent”。只在单一合成场景测试，现场应用列为未来工作。该页码证据直接满足本字段判据，作者锁定值“not_reported”未获得更强的全文支持。,Xiaoyang Zhang (XZ),Yangqi Ma (YM),2026-07-30,2026-07-30,outputs\ijggc_v2_remaining31_adjudication_2026-07-30\IJGGC_V2_REMAINING31_ADJUDICATION_WORKBOOK.xlsx,remaining31
ESR_Um2024_091,uncertainty_calibration_category,confirmed_absent,legacy_uncertainty_calibration_or_posterior_check,confirmed_absent,author_adjudicated_disagreement,yes,"PDF pp. 14–16, MC-dropout/bagging uncertainty maps","PDF pp. 14–16, MC-dropout/bagging uncertainty maps",全文核查后采纳复核者值“confirmed_absent”。MC dropout 与 bagging 给出方差图，但未检查覆盖率，且系统误差未被不确定性反映。该页码证据直接满足本字段判据，作者锁定值“legacy_uncertainty_calibration_or_posterior_check”未获得更强的全文支持。,Xiaoyang Zhang (XZ),Yangqi Ma (YM),2026-07-30,2026-07-30,outputs\ijggc_v2_remaining31_adjudication_2026-07-30\IJGGC_V2_REMAINING31_ADJUDICATION_WORKBOOK.xlsx,remaining31
ESR_Um2024_091,surrogate_error_propagation_category,propagated_into_inference_or_decision,not_reported,not_applicable,author_adjudicated_disagreement,yes,"PDF pp. 14–16, predictive uncertainty in inversion output","PDF pp. 14–17, direct U-Net inversion with MC dropout and bagging",网络直接输出 CO₂ 饱和度反演图及其离散度，没有独立的下游反演、似然、优化或决策环节来接收代理误差。输出方差本身不等于代理误差传播，故该字段记为不适用。,Xiaoyang Zhang (XZ),Yangqi Ma (YM),2026-07-30,2026-07-30,outputs\ijggc_v2_remaining31_adjudication_2026-07-30\IJGGC_V2_REMAINING31_ADJUDICATION_WORKBOOK.xlsx,remaining31
ESR_Um2024_091,field_evidence_score,1,1,1,independent_exact_agreement_retained,no,"PDF pp. 10–13, field-inspired synthetic Kimberlina case",,Reviewer and locked coding agreed exactly; the locked value was retained.,Xiaoyang Zhang (XZ),,2026-07-30,,outputs\ijggc_v2_remaining31_adjudication_2026-07-30\IJGGC_V2_REMAINING31_ADJUDICATION_WORKBOOK.xlsx,remaining31
ESR_Um2024_091,physical_consistency_score,3,2,3,author_adjudicated_disagreement,yes,"PDF pp. 14–16, inversion versus known truth and spatial diagnostics","PDF pp. 14–16, inversion versus known truth and spatial diagnostics",全文核查后采纳复核者值“3”。反演结果与已知真值及空间结构比较，计 3 分。该页码证据直接满足本字段判据，作者锁定值“2”未获得更强的全文支持。,Xiaoyang Zhang (XZ),Yangqi Ma (YM),2026-07-30,2026-07-30,outputs\ijggc_v2_remaining31_adjudication_2026-07-30\IJGGC_V2_REMAINING31_ADJUDICATION_WORKBOOK.xlsx,remaining31
ESR_Um2024_091,uncertainty_score,2,2,2,independent_exact_agreement_retained,no,"PDF pp. 14–16, predictive distributions without coverage calibration",,Reviewer and locked coding agreed exactly; the locked value was retained.,Xiaoyang Zhang (XZ),,2026-07-30,,outputs\ijggc_v2_remaining31_adjudication_2026-07-30\IJGGC_V2_REMAINING31_ADJUDICATION_WORKBOOK.xlsx,remaining31
ESR_Um2024_091,transferability_score,2,not_reported,0,author_adjudicated_disagreement,yes,"PDF pp. 19–20, unseen noise perturbation","PDF pp. 10–13 and 19–20, one synthetic Kimberlina setting plus noise robustness test",全文未测试训练外地质、参数、边界、井控或另一现场；噪声稳健性不能替代可迁移性证据。依评分规则记 0 分。,Xiaoyang Zhang (XZ),Yangqi Ma (YM),2026-07-30,2026-07-30,outputs\ijggc_v2_remaining31_adjudication_2026-07-30\IJGGC_V2_REMAINING31_ADJUDICATION_WORKBOOK.xlsx,remaining31
ESR_Um2024_091,decision_readiness_score,1,2,1,author_adjudicated_disagreement,yes,"PDF pp. 14–17, monitoring inversion maps","PDF pp. 14–17, monitoring inversion maps",全文核查后采纳复核者值“1”。仅形成监测反演图，尚未进入操作阈值或控制，计 1 分。该页码证据直接满足本字段判据，作者锁定值“2”未获得更强的全文支持。,Xiaoyang Zhang (XZ),Yangqi Ma (YM),2026-07-30,2026-07-30,outputs\ijggc_v2_remaining31_adjudication_2026-07-30\IJGGC_V2_REMAINING31_ADJUDICATION_WORKBOOK.xlsx,remaining31
ESR_Um2024_104,field_validation_category,confirmed_absent,not_reported,confirmed_absent,author_adjudicated_disagreement,yes,"PDF pp. 9–13, Kimberlina synthetic setup","PDF pp. 9–13, Kimberlina synthetic setup",全文核查后采纳复核者值“confirmed_absent”。评价使用 Kimberlina 合成数据，没有现场观测比较。该页码证据直接满足本字段判据，作者锁定值“not_reported”未获得更强的全文支持。,Xiaoyang Zhang (XZ),Yangqi Ma (YM),2026-07-30,2026-07-30,outputs\ijggc_v2_remaining31_adjudication_2026-07-30\IJGGC_V2_REMAINING31_ADJUDICATION_WORKBOOK.xlsx,remaining31
ESR_Um2024_104,controlled_release_validation_state,confirmed_absent,not_reported,confirmed_absent,author_adjudicated_disagreement,yes,"PDF pp. 9–13, synthetic monitoring data","PDF pp. 9–13, synthetic monitoring data",全文核查后采纳复核者值“confirmed_absent”。不是实际计划注入或人工泄漏释放数据。该页码证据直接满足本字段判据，作者锁定值“not_reported”未获得更强的全文支持。,Xiaoyang Zhang (XZ),Yangqi Ma (YM),2026-07-30,2026-07-30,outputs\ijggc_v2_remaining31_adjudication_2026-07-30\IJGGC_V2_REMAINING31_ADJUDICATION_WORKBOOK.xlsx,remaining31
ESR_Um2024_104,ood_test_category,legacy_explicit_ood_test,not_reported,confirmed_absent,author_adjudicated_disagreement,yes,"PDF pp. 9–13, training without noise and testing with 10% noise","PDF pp. 9–13, Kimberlina synthetic design and 10% noise test",训练与测试沿用同一 Kimberlina 合成分布，10% 高斯噪声仅改变测量噪声，不构成地质、参数范围、边界条件或井控方案的 OOD 测试。,Xiaoyang Zhang (XZ),Yangqi Ma (YM),2026-07-30,2026-07-30,outputs\ijggc_v2_remaining31_adjudication_2026-07-30\IJGGC_V2_REMAINING31_ADJUDICATION_WORKBOOK.xlsx,remaining31
ESR_Um2024_104,cross_site_test_state,confirmed_absent,not_reported,confirmed_absent,author_adjudicated_disagreement,yes,"PDF pp. 9–13 and 19, single synthetic site; future field work","PDF pp. 9–13 and 19, single synthetic site; future field work",全文核查后采纳复核者值“confirmed_absent”。没有另一现场测试，现场应用仍为未来工作。该页码证据直接满足本字段判据，作者锁定值“not_reported”未获得更强的全文支持。,Xiaoyang Zhang (XZ),Yangqi Ma (YM),2026-07-30,2026-07-30,outputs\ijggc_v2_remaining31_adjudication_2026-07-30\IJGGC_V2_REMAINING31_ADJUDICATION_WORKBOOK.xlsx,remaining31
ESR_Um2024_104,uncertainty_calibration_category,confirmed_absent,not_reported,confirmed_absent,author_adjudicated_disagreement,yes,"PDF pp. 15–19, bagging distributions and standard-deviation maps","PDF pp. 15–19, bagging distributions and standard-deviation maps",全文核查后采纳复核者值“confirmed_absent”。bagging 标准差未做覆盖率校准，并未揭示已知系统失败。该页码证据直接满足本字段判据，作者锁定值“not_reported”未获得更强的全文支持。,Xiaoyang Zhang (XZ),Yangqi Ma (YM),2026-07-30,2026-07-30,outputs\ijggc_v2_remaining31_adjudication_2026-07-30\IJGGC_V2_REMAINING31_ADJUDICATION_WORKBOOK.xlsx,remaining31
ESR_Um2024_104,surrogate_error_propagation_category,propagated_into_inference_or_decision,not_reported,not_applicable,author_adjudicated_disagreement,yes,"PDF pp. 15–19, model-error distribution in inversion output","PDF pp. 15–19, direct multiphysics inversion and bagging uncertainty maps",多物理网络直接生成 CO₂ 饱和度均值图和标准差图，未把代理差异作为误差项送入另一反演、优化或决策模块。因此不能把 bagging 离散度编码为误差传播，记为不适用。,Xiaoyang Zhang (XZ),Yangqi Ma (YM),2026-07-30,2026-07-30,outputs\ijggc_v2_remaining31_adjudication_2026-07-30\IJGGC_V2_REMAINING31_ADJUDICATION_WORKBOOK.xlsx,remaining31
ESR_Um2024_104,field_evidence_score,1,1,1,independent_exact_agreement_retained,no,"PDF pp. 9–13, field-inspired synthetic case",,Reviewer and locked coding agreed exactly; the locked value was retained.,Xiaoyang Zhang (XZ),,2026-07-30,,outputs\ijggc_v2_remaining31_adjudication_2026-07-30\IJGGC_V2_REMAINING31_ADJUDICATION_WORKBOOK.xlsx,remaining31
ESR_Um2024_104,physical_consistency_score,3,not_reported,3,author_adjudicated_disagreement,yes,"PDF pp. 15–19, reconstructed saturation versus truth","PDF pp. 15–19, reconstructed saturation versus truth",全文核查后采纳复核者值“3”。与已知真值比较空间饱和度和误差，计 3 分。该页码证据直接满足本字段判据，作者锁定值“not_reported”未获得更强的全文支持。,Xiaoyang Zhang (XZ),Yangqi Ma (YM),2026-07-30,2026-07-30,outputs\ijggc_v2_remaining31_adjudication_2026-07-30\IJGGC_V2_REMAINING31_ADJUDICATION_WORKBOOK.xlsx,remaining31
ESR_Um2024_104,uncertainty_score,2,2,2,independent_exact_agreement_retained,no,"PDF pp. 15–19, uncalibrated bagging uncertainty",,Reviewer and locked coding agreed exactly; the locked value was retained.,Xiaoyang Zhang (XZ),,2026-07-30,,outputs\ijggc_v2_remaining31_adjudication_2026-07-30\IJGGC_V2_REMAINING31_ADJUDICATION_WORKBOOK.xlsx,remaining31
ESR_Um2024_104,transferability_score,2,not_reported,0,author_adjudicated_disagreement,yes,"PDF pp. 9–13, unseen measurement-noise condition","PDF pp. 9–13 and 15–19, one synthetic Kimberlina setting; field use is future work",评价没有训练外地质、参数、边界、井控或跨现场测试；测量噪声扰动不构成可迁移性等级提升，故记 0 分。,Xiaoyang Zhang (XZ),Yangqi Ma (YM),2026-07-30,2026-07-30,outputs\ijggc_v2_remaining31_adjudication_2026-07-30\IJGGC_V2_REMAINING31_ADJUDICATION_WORKBOOK.xlsx,remaining31
ESR_Um2024_104,decision_readiness_score,1,2,1,author_adjudicated_disagreement,yes,"PDF pp. 15–19, inversion maps","PDF pp. 15–19, inversion maps",全文核查后采纳复核者值“1”。输出停留在监测反演层，计 1 分。该页码证据直接满足本字段判据，作者锁定值“2”未获得更强的全文支持。,Xiaoyang Zhang (XZ),Yangqi Ma (YM),2026-07-30,2026-07-30,outputs\ijggc_v2_remaining31_adjudication_2026-07-30\IJGGC_V2_REMAINING31_ADJUDICATION_WORKBOOK.xlsx,remaining31
ESR_Zhang2025_115,field_validation_category,confirmed_absent,not_reported,confirmed_absent,author_adjudicated_disagreement,yes,"PDF pp. 3–8, IBDP-based simulator and constraints","PDF pp. 3–8, IBDP-based simulator and constraints",全文核查后采纳复核者值“confirmed_absent”。使用 IBDP 参数和模型背景，但训练标签及验证均为模拟结果。该页码证据直接满足本字段判据，作者锁定值“not_reported”未获得更强的全文支持。,Xiaoyang Zhang (XZ),Yangqi Ma (YM),2026-07-30,2026-07-30,outputs\ijggc_v2_remaining31_adjudication_2026-07-30\IJGGC_V2_REMAINING31_ADJUDICATION_WORKBOOK.xlsx,remaining31
ESR_Zhang2025_115,controlled_release_validation_state,confirmed_absent,not_reported,confirmed_absent,author_adjudicated_disagreement,yes,"PDF pp. 3–8, simulated injection cases","PDF pp. 3–8, simulated injection cases",全文核查后采纳复核者值“confirmed_absent”。没有实际计划注入数据上的 ML 评价。该页码证据直接满足本字段判据，作者锁定值“not_reported”未获得更强的全文支持。,Xiaoyang Zhang (XZ),Yangqi Ma (YM),2026-07-30,2026-07-30,outputs\ijggc_v2_remaining31_adjudication_2026-07-30\IJGGC_V2_REMAINING31_ADJUDICATION_WORKBOOK.xlsx,remaining31
ESR_Zhang2025_115,ood_test_category,legacy_explicit_ood_test,legacy_explicit_ood_test,legacy_explicit_ood_test,independent_exact_agreement_retained,no,"PDF pp. 9–13, permeability halved/doubled outside training range",,Reviewer and locked coding agreed exactly; the locked value was retained.,Xiaoyang Zhang (XZ),,2026-07-30,,outputs\ijggc_v2_remaining31_adjudication_2026-07-30\IJGGC_V2_REMAINING31_ADJUDICATION_WORKBOOK.xlsx,remaining31
ESR_Zhang2025_115,cross_site_test_state,confirmed_absent,not_reported,confirmed_absent,author_adjudicated_disagreement,yes,"PDF pp. 3–8, one IBDP-based synthetic model","PDF pp. 3–8, one IBDP-based synthetic model",全文核查后采纳复核者值“confirmed_absent”。仍为一个场地模型的模拟测试，不是跨现场验证。该页码证据直接满足本字段判据，作者锁定值“not_reported”未获得更强的全文支持。,Xiaoyang Zhang (XZ),Yangqi Ma (YM),2026-07-30,2026-07-30,outputs\ijggc_v2_remaining31_adjudication_2026-07-30\IJGGC_V2_REMAINING31_ADJUDICATION_WORKBOOK.xlsx,remaining31
ESR_Zhang2025_115,uncertainty_calibration_category,deterministic_or_confirmed_absent,not_reported,deterministic_or_confirmed_absent,author_adjudicated_disagreement,yes,"PDF pp. 9–22, deterministic predictions","PDF pp. 9–22, deterministic predictions",全文核查后采纳复核者值“deterministic_or_confirmed_absent”。提供确定性结果，没有区间校准或后验检查。该页码证据直接满足本字段判据，作者锁定值“not_reported”未获得更强的全文支持。,Xiaoyang Zhang (XZ),Yangqi Ma (YM),2026-07-30,2026-07-30,outputs\ijggc_v2_remaining31_adjudication_2026-07-30\IJGGC_V2_REMAINING31_ADJUDICATION_WORKBOOK.xlsx,remaining31
ESR_Zhang2025_115,surrogate_error_propagation_category,not_applicable,not_reported,not_applicable,author_adjudicated_disagreement,yes,"PDF pp. 9–22, forward saturation model","PDF pp. 9–22, forward saturation model",全文核查后采纳复核者值“not_applicable”。仅做前向饱和度预测，没有下游传播对象，记为不适用。该页码证据直接满足本字段判据，作者锁定值“not_reported”未获得更强的全文支持。,Xiaoyang Zhang (XZ),Yangqi Ma (YM),2026-07-30,2026-07-30,outputs\ijggc_v2_remaining31_adjudication_2026-07-30\IJGGC_V2_REMAINING31_ADJUDICATION_WORKBOOK.xlsx,remaining31
ESR_Zhang2025_115,field_evidence_score,1,1,1,independent_exact_agreement_retained,no,"PDF pp. 3–8, IBDP-based synthetic evidence",,Reviewer and locked coding agreed exactly; the locked value was retained.,Xiaoyang Zhang (XZ),,2026-07-30,,outputs\ijggc_v2_remaining31_adjudication_2026-07-30\IJGGC_V2_REMAINING31_ADJUDICATION_WORKBOOK.xlsx,remaining31
ESR_Zhang2025_115,physical_consistency_score,4,2,3,author_adjudicated_disagreement,yes,"PDF pp. 3–8 and 14–22, dynamic constraints and physical-range diagnostics","PDF pp. 5–8, dynamic physics inputs and constrained loss; pp. 14–22, saturation-bound diagnostics",动态相对渗透率、毛管压力和饱和度范围约束均被编码，并以最大–最小饱和度及越界量定量检查，满足 3 分；但没有流动与独立监测或风险过程的耦合验证，不足以记 4 分。,Xiaoyang Zhang (XZ),Yangqi Ma (YM),2026-07-30,2026-07-30,outputs\ijggc_v2_remaining31_adjudication_2026-07-30\IJGGC_V2_REMAINING31_ADJUDICATION_WORKBOOK.xlsx,remaining31
ESR_Zhang2025_115,uncertainty_score,0,not_reported,0,author_adjudicated_disagreement,yes,"PDF pp. 9–22, no UQ","PDF pp. 9–22, no UQ",全文核查后采纳复核者值“0”。无 UQ，计 0 分。该页码证据直接满足本字段判据，作者锁定值“not_reported”未获得更强的全文支持。,Xiaoyang Zhang (XZ),Yangqi Ma (YM),2026-07-30,2026-07-30,outputs\ijggc_v2_remaining31_adjudication_2026-07-30\IJGGC_V2_REMAINING31_ADJUDICATION_WORKBOOK.xlsx,remaining31
ESR_Zhang2025_115,transferability_score,3,2,3,author_adjudicated_disagreement,yes,"PDF pp. 9–13, explicit permeability OOD tests","PDF pp. 9–13, explicit permeability OOD tests",全文核查后采纳复核者值“3”。明确测试训练外渗透率条件，计 3 分。该页码证据直接满足本字段判据，作者锁定值“2”未获得更强的全文支持。,Xiaoyang Zhang (XZ),Yangqi Ma (YM),2026-07-30,2026-07-30,outputs\ijggc_v2_remaining31_adjudication_2026-07-30\IJGGC_V2_REMAINING31_ADJUDICATION_WORKBOOK.xlsx,remaining31
ESR_Zhang2025_115,decision_readiness_score,1,2,1,author_adjudicated_disagreement,yes,"PDF pp. 14–22, saturation forecasts","PDF pp. 14–22, saturation forecasts",全文核查后采纳复核者值“1”。输出仍为饱和度预测，未进入操作决策，计 1 分。该页码证据直接满足本字段判据，作者锁定值“2”未获得更强的全文支持。,Xiaoyang Zhang (XZ),Yangqi Ma (YM),2026-07-30,2026-07-30,outputs\ijggc_v2_remaining31_adjudication_2026-07-30\IJGGC_V2_REMAINING31_ADJUDICATION_WORKBOOK.xlsx,remaining31
ESR_Zhang2025_178,field_validation_category,field_observation_comparison,not_reported,field_observation_comparison,author_adjudicated_disagreement,yes,"PDF p. 1, Abstract and Sleipner context; p. 11, field transit-time comparison","PDF p. 1, Abstract and Sleipner context; p. 11, field transit-time comparison",全文核查后采纳复核者值“field_observation_comparison”。PINN 预测的前缘速度与 Sleipner 现场 CO₂ 约 4 年到达 200 m 储层顶部的观测作了数值比较。该页码证据直接满足本字段判据，作者锁定值“not_reported”未获得更强的全文支持。,Xiaoyang Zhang (XZ),Yangqi Ma (YM),2026-07-30,2026-07-30,outputs\ijggc_v2_remaining31_adjudication_2026-07-30\IJGGC_V2_REMAINING31_ADJUDICATION_WORKBOOK.xlsx,remaining31
ESR_Zhang2025_178,controlled_release_validation_state,ml_evaluated_on_controlled_release,not_reported,ml_evaluated_on_controlled_release,author_adjudicated_disagreement,yes,"PDF p. 1 and p. 11, Sleipner planned injection and observed plume transit","PDF p. 1 and p. 11, Sleipner planned injection and observed plume transit",全文核查后采纳复核者值“ml_evaluated_on_controlled_release”。该比较直接使用 Sleipner 计划注入形成的现场响应来评价模型，故记为计划注入数据评价。该页码证据直接满足本字段判据，作者锁定值“not_reported”未获得更强的全文支持。,Xiaoyang Zhang (XZ),Yangqi Ma (YM),2026-07-30,2026-07-30,outputs\ijggc_v2_remaining31_adjudication_2026-07-30\IJGGC_V2_REMAINING31_ADJUDICATION_WORKBOOK.xlsx,remaining31
ESR_Zhang2025_178,ood_test_category,confirmed_absent,not_reported,confirmed_absent,author_adjudicated_disagreement,yes,"PDF pp. 4–11, PINN cases and validation range","PDF pp. 4–11, PINN cases and validation range",全文核查后采纳复核者值“confirmed_absent”。参数研究没有明确声明训练范围外测试。该页码证据直接满足本字段判据，作者锁定值“not_reported”未获得更强的全文支持。,Xiaoyang Zhang (XZ),Yangqi Ma (YM),2026-07-30,2026-07-30,outputs\ijggc_v2_remaining31_adjudication_2026-07-30\IJGGC_V2_REMAINING31_ADJUDICATION_WORKBOOK.xlsx,remaining31
ESR_Zhang2025_178,cross_site_test_state,confirmed_absent,not_reported,confirmed_absent,author_adjudicated_disagreement,yes,"PDF pp. 1 and 4–11, single Sleipner field","PDF pp. 1 and 4–11, single Sleipner field",全文核查后采纳复核者值“confirmed_absent”。只涉及 Sleipner 一个现场，没有跨场地留出。该页码证据直接满足本字段判据，作者锁定值“not_reported”未获得更强的全文支持。,Xiaoyang Zhang (XZ),Yangqi Ma (YM),2026-07-30,2026-07-30,outputs\ijggc_v2_remaining31_adjudication_2026-07-30\IJGGC_V2_REMAINING31_ADJUDICATION_WORKBOOK.xlsx,remaining31
ESR_Zhang2025_178,uncertainty_calibration_category,deterministic_or_confirmed_absent,not_reported,deterministic_or_confirmed_absent,author_adjudicated_disagreement,yes,"PDF pp. 4–11, deterministic PINN outputs","PDF pp. 4–11, deterministic PINN outputs",全文核查后采纳复核者值“deterministic_or_confirmed_absent”。结果为确定性预测，未做校准或后验检查。该页码证据直接满足本字段判据，作者锁定值“not_reported”未获得更强的全文支持。,Xiaoyang Zhang (XZ),Yangqi Ma (YM),2026-07-30,2026-07-30,outputs\ijggc_v2_remaining31_adjudication_2026-07-30\IJGGC_V2_REMAINING31_ADJUDICATION_WORKBOOK.xlsx,remaining31
ESR_Zhang2025_178,surrogate_error_propagation_category,not_applicable,not_reported,not_applicable,author_adjudicated_disagreement,yes,"PDF pp. 4–11, physics-informed forward model","PDF pp. 4–11, physics-informed forward model",全文核查后采纳复核者值“not_applicable”。该 PINN 是物理求解模型，没有下游代理误差传播环节，记为不适用。该页码证据直接满足本字段判据，作者锁定值“not_reported”未获得更强的全文支持。,Xiaoyang Zhang (XZ),Yangqi Ma (YM),2026-07-30,2026-07-30,outputs\ijggc_v2_remaining31_adjudication_2026-07-30\IJGGC_V2_REMAINING31_ADJUDICATION_WORKBOOK.xlsx,remaining31
ESR_Zhang2025_178,field_evidence_score,3,1,3,author_adjudicated_disagreement,yes,"PDF p. 11, predicted 4.48–52.02 m/year and observed roughly 4-year transit","PDF p. 11, predicted 4.48–52.02 m/year and observed roughly 4-year transit",全文核查后采纳复核者值“3”。有单一现场观测量的直接比较，计 3 分。该页码证据直接满足本字段判据，作者锁定值“1”未获得更强的全文支持。,Xiaoyang Zhang (XZ),Yangqi Ma (YM),2026-07-30,2026-07-30,outputs\ijggc_v2_remaining31_adjudication_2026-07-30\IJGGC_V2_REMAINING31_ADJUDICATION_WORKBOOK.xlsx,remaining31
ESR_Zhang2025_178,physical_consistency_score,4,2,4,author_adjudicated_disagreement,yes,"PDF pp. 4–8, governing equations and exact-solution checks; p. 11, field-scale check","PDF pp. 4–8, governing equations and exact-solution checks; p. 11, field-scale check",全文核查后采纳复核者值“4”。控制方程、精确解和现场传播时间共同约束物理一致性，计 4 分。该页码证据直接满足本字段判据，作者锁定值“2”未获得更强的全文支持。,Xiaoyang Zhang (XZ),Yangqi Ma (YM),2026-07-30,2026-07-30,outputs\ijggc_v2_remaining31_adjudication_2026-07-30\IJGGC_V2_REMAINING31_ADJUDICATION_WORKBOOK.xlsx,remaining31
ESR_Zhang2025_178,uncertainty_score,0,not_reported,0,author_adjudicated_disagreement,yes,"PDF pp. 4–11, deterministic results","PDF pp. 4–11, deterministic results",全文核查后采纳复核者值“0”。无不确定性分析，计 0 分。该页码证据直接满足本字段判据，作者锁定值“not_reported”未获得更强的全文支持。,Xiaoyang Zhang (XZ),Yangqi Ma (YM),2026-07-30,2026-07-30,outputs\ijggc_v2_remaining31_adjudication_2026-07-30\IJGGC_V2_REMAINING31_ADJUDICATION_WORKBOOK.xlsx,remaining31
ESR_Zhang2025_178,transferability_score,1,not_reported,1,author_adjudicated_disagreement,yes,"PDF pp. 4–11, single-field parameter study","PDF pp. 4–11, single-field parameter study",全文核查后采纳复核者值“1”。只有单场地参数研究，没有严格 OOD，计 1 分。该页码证据直接满足本字段判据，作者锁定值“not_reported”未获得更强的全文支持。,Xiaoyang Zhang (XZ),Yangqi Ma (YM),2026-07-30,2026-07-30,outputs\ijggc_v2_remaining31_adjudication_2026-07-30\IJGGC_V2_REMAINING31_ADJUDICATION_WORKBOOK.xlsx,remaining31
ESR_Zhang2025_178,decision_readiness_score,2,1,2,author_adjudicated_disagreement,yes,"PDF p. 11, plume arrival at reservoir top/caprock","PDF p. 11, plume arrival at reservoir top/caprock",全文核查后采纳复核者值“2”。到达储层顶部的时间与封存安全判断相关，但无不确定性或控制闭环，计 2 分。该页码证据直接满足本字段判据，作者锁定值“1”未获得更强的全文支持。,Xiaoyang Zhang (XZ),Yangqi Ma (YM),2026-07-30,2026-07-30,outputs\ijggc_v2_remaining31_adjudication_2026-07-30\IJGGC_V2_REMAINING31_ADJUDICATION_WORKBOOK.xlsx,remaining31
ESR_Zheng2025_207,field_validation_category,confirmed_absent,not_reported,confirmed_absent,author_adjudicated_disagreement,yes,"PDF pp. 5–8, IBDP-based coupled synthetic model","PDF pp. 5–8, IBDP-based coupled synthetic model",全文核查后采纳复核者值“confirmed_absent”。使用 IBDP 场地参数但无 ML 与现场观测比较。该页码证据直接满足本字段判据，作者锁定值“not_reported”未获得更强的全文支持。,Xiaoyang Zhang (XZ),Yangqi Ma (YM),2026-07-30,2026-07-30,outputs\ijggc_v2_remaining31_adjudication_2026-07-30\IJGGC_V2_REMAINING31_ADJUDICATION_WORKBOOK.xlsx,remaining31
ESR_Zheng2025_207,controlled_release_validation_state,confirmed_absent,not_reported,confirmed_absent,author_adjudicated_disagreement,yes,"PDF pp. 5–8, simulated injection schedules","PDF pp. 5–8, simulated injection schedules",全文核查后采纳复核者值“confirmed_absent”。注入方案均为数值模拟，不是现场计划注入观测。该页码证据直接满足本字段判据，作者锁定值“not_reported”未获得更强的全文支持。,Xiaoyang Zhang (XZ),Yangqi Ma (YM),2026-07-30,2026-07-30,outputs\ijggc_v2_remaining31_adjudication_2026-07-30\IJGGC_V2_REMAINING31_ADJUDICATION_WORKBOOK.xlsx,remaining31
ESR_Zheng2025_207,ood_test_category,confirmed_absent,legacy_explicit_ood_test,confirmed_absent,author_adjudicated_disagreement,yes,"PDF pp. 5–14, training and Pareto-case validation","PDF pp. 5–14, training and Pareto-case validation",全文核查后采纳复核者值“confirmed_absent”。Pareto 候选仍在训练设计域内，未报告 OOD。该页码证据直接满足本字段判据，作者锁定值“legacy_explicit_ood_test”未获得更强的全文支持。,Xiaoyang Zhang (XZ),Yangqi Ma (YM),2026-07-30,2026-07-30,outputs\ijggc_v2_remaining31_adjudication_2026-07-30\IJGGC_V2_REMAINING31_ADJUDICATION_WORKBOOK.xlsx,remaining31
ESR_Zheng2025_207,cross_site_test_state,confirmed_absent,not_reported,confirmed_absent,author_adjudicated_disagreement,yes,"PDF pp. 5–8, single model setting","PDF pp. 5–8, single model setting",全文核查后采纳复核者值“confirmed_absent”。只使用一个场地模型，没有跨现场测试。该页码证据直接满足本字段判据，作者锁定值“not_reported”未获得更强的全文支持。,Xiaoyang Zhang (XZ),Yangqi Ma (YM),2026-07-30,2026-07-30,outputs\ijggc_v2_remaining31_adjudication_2026-07-30\IJGGC_V2_REMAINING31_ADJUDICATION_WORKBOOK.xlsx,remaining31
ESR_Zheng2025_207,uncertainty_calibration_category,deterministic_or_confirmed_absent,not_reported,deterministic_or_confirmed_absent,author_adjudicated_disagreement,yes,"PDF pp. 9–15, deterministic optimization; future uncertainty work","PDF pp. 9–15, deterministic optimization; future uncertainty work",全文核查后采纳复核者值“deterministic_or_confirmed_absent”。不确定性被列为未来工作，本研究为确定性优化。该页码证据直接满足本字段判据，作者锁定值“not_reported”未获得更强的全文支持。,Xiaoyang Zhang (XZ),Yangqi Ma (YM),2026-07-30,2026-07-30,outputs\ijggc_v2_remaining31_adjudication_2026-07-30\IJGGC_V2_REMAINING31_ADJUDICATION_WORKBOOK.xlsx,remaining31
ESR_Zheng2025_207,surrogate_error_propagation_category,confirmed_absent,not_reported,confirmed_absent,author_adjudicated_disagreement,yes,"PDF pp. 9–14, surrogate Pareto search and eight high-fidelity rechecks","PDF pp. 9–14, surrogate Pareto search and eight high-fidelity rechecks",全文核查后采纳复核者值“confirmed_absent”。八个高保真复核仅验证候选解，没有将代理差异作为误差项传播到 Pareto 决策。该页码证据直接满足本字段判据，作者锁定值“not_reported”未获得更强的全文支持。,Xiaoyang Zhang (XZ),Yangqi Ma (YM),2026-07-30,2026-07-30,outputs\ijggc_v2_remaining31_adjudication_2026-07-30\IJGGC_V2_REMAINING31_ADJUDICATION_WORKBOOK.xlsx,remaining31
ESR_Zheng2025_207,field_evidence_score,1,0,1,author_adjudicated_disagreement,yes,"PDF pp. 5–8, field-inspired synthetic model","PDF pp. 5–8, field-inspired synthetic model",全文核查后采纳复核者值“1”。现场启发的合成模型，计 1 分。该页码证据直接满足本字段判据，作者锁定值“0”未获得更强的全文支持。,Xiaoyang Zhang (XZ),Yangqi Ma (YM),2026-07-30,2026-07-30,outputs\ijggc_v2_remaining31_adjudication_2026-07-30\IJGGC_V2_REMAINING31_ADJUDICATION_WORKBOOK.xlsx,remaining31
ESR_Zheng2025_207,physical_consistency_score,4,2,4,author_adjudicated_disagreement,yes,"PDF pp. 5–14, coupled geomechanics and safety-factor validation","PDF pp. 5–14, coupled geomechanics and safety-factor validation",全文核查后采纳复核者值“4”。耦合流动–地质力学并检查安全因子，计 4 分。该页码证据直接满足本字段判据，作者锁定值“2”未获得更强的全文支持。,Xiaoyang Zhang (XZ),Yangqi Ma (YM),2026-07-30,2026-07-30,outputs\ijggc_v2_remaining31_adjudication_2026-07-30\IJGGC_V2_REMAINING31_ADJUDICATION_WORKBOOK.xlsx,remaining31
ESR_Zheng2025_207,uncertainty_score,0,not_reported,0,author_adjudicated_disagreement,yes,"PDF p. 15, uncertainty listed as future work","PDF p. 15, uncertainty listed as future work",全文核查后采纳复核者值“0”。无 UQ，计 0 分。该页码证据直接满足本字段判据，作者锁定值“not_reported”未获得更强的全文支持。,Xiaoyang Zhang (XZ),Yangqi Ma (YM),2026-07-30,2026-07-30,outputs\ijggc_v2_remaining31_adjudication_2026-07-30\IJGGC_V2_REMAINING31_ADJUDICATION_WORKBOOK.xlsx,remaining31
ESR_Zheng2025_207,transferability_score,0,not_reported,0,author_adjudicated_disagreement,yes,"PDF pp. 5–14, same design domain","PDF pp. 5–14, same design domain",全文核查后采纳复核者值“0”。同一设计域内测试，计 0 分。该页码证据直接满足本字段判据，作者锁定值“not_reported”未获得更强的全文支持。,Xiaoyang Zhang (XZ),Yangqi Ma (YM),2026-07-30,2026-07-30,outputs\ijggc_v2_remaining31_adjudication_2026-07-30\IJGGC_V2_REMAINING31_ADJUDICATION_WORKBOOK.xlsx,remaining31
ESR_Zheng2025_207,decision_readiness_score,2,2,2,independent_exact_agreement_retained,no,"PDF pp. 9–14, injection schedule and geomechanical safety factor",,Reviewer and locked coding agreed exactly; the locked value was retained.,Xiaoyang Zhang (XZ),,2026-07-30,,outputs\ijggc_v2_remaining31_adjudication_2026-07-30\IJGGC_V2_REMAINING31_ADJUDICATION_WORKBOOK.xlsx,remaining31
Gahlot2025_DigitalShadow,field_validation_category,confirmed_absent,not_reported,confirmed_absent,author_adjudicated_disagreement,yes,"PDF p. 2, synthetic flow/seismic setup; pp. 3–4, results","PDF p. 2, synthetic flow/seismic setup; pp. 3–4, results",全文核查后采纳复核者值“confirmed_absent”。全部评价为合成流动和地震数据，没有现场比较。该页码证据直接满足本字段判据，作者锁定值“not_reported”未获得更强的全文支持。,Xiaoyang Zhang (XZ),Yangqi Ma (YM),2026-07-30,2026-07-30,outputs\ijggc_v2_remaining31_adjudication_2026-07-30\IJGGC_V2_REMAINING31_ADJUDICATION_WORKBOOK.xlsx,remaining31
Gahlot2025_DigitalShadow,controlled_release_validation_state,confirmed_absent,not_reported,confirmed_absent,author_adjudicated_disagreement,yes,"PDF p. 2, synthetic injection and monitoring","PDF p. 2, synthetic injection and monitoring",全文核查后采纳复核者值“confirmed_absent”。未使用实际计划注入或人工释放观测。该页码证据直接满足本字段判据，作者锁定值“not_reported”未获得更强的全文支持。,Xiaoyang Zhang (XZ),Yangqi Ma (YM),2026-07-30,2026-07-30,outputs\ijggc_v2_remaining31_adjudication_2026-07-30\IJGGC_V2_REMAINING31_ADJUDICATION_WORKBOOK.xlsx,remaining31
Gahlot2025_DigitalShadow,ood_test_category,confirmed_absent,not_reported,confirmed_absent,author_adjudicated_disagreement,yes,"PDF pp. 2–4, same-ensemble unseen plume tests","PDF pp. 2–4, same-ensemble unseen plume tests",全文核查后采纳复核者值“confirmed_absent”。未见羽流仍来自同一集合，普通留出不构成 OOD。该页码证据直接满足本字段判据，作者锁定值“not_reported”未获得更强的全文支持。,Xiaoyang Zhang (XZ),Yangqi Ma (YM),2026-07-30,2026-07-30,outputs\ijggc_v2_remaining31_adjudication_2026-07-30\IJGGC_V2_REMAINING31_ADJUDICATION_WORKBOOK.xlsx,remaining31
Gahlot2025_DigitalShadow,cross_site_test_state,confirmed_absent,not_reported,confirmed_absent,author_adjudicated_disagreement,yes,"PDF p. 2, one synthetic setting","PDF p. 2, one synthetic setting",全文核查后采纳复核者值“confirmed_absent”。没有另一现场测试。该页码证据直接满足本字段判据，作者锁定值“not_reported”未获得更强的全文支持。,Xiaoyang Zhang (XZ),Yangqi Ma (YM),2026-07-30,2026-07-30,outputs\ijggc_v2_remaining31_adjudication_2026-07-30\IJGGC_V2_REMAINING31_ADJUDICATION_WORKBOOK.xlsx,remaining31
Gahlot2025_DigitalShadow,uncertainty_calibration_category,calibrated_or_posterior_checked,unclear,calibrated_or_posterior_checked,author_adjudicated_disagreement,yes,"PDF pp. 3–4, posterior mean/variance and comparison with truth","PDF pp. 3–4, posterior mean/variance and comparison with truth",全文核查后采纳复核者值“calibrated_or_posterior_checked”。后验均值、方差和误差与已知真值比较，构成后验检查。该页码证据直接满足本字段判据，作者锁定值“unclear”未获得更强的全文支持。,Xiaoyang Zhang (XZ),Yangqi Ma (YM),2026-07-30,2026-07-30,outputs\ijggc_v2_remaining31_adjudication_2026-07-30\IJGGC_V2_REMAINING31_ADJUDICATION_WORKBOOK.xlsx,remaining31
Gahlot2025_DigitalShadow,surrogate_error_propagation_category,not_applicable,unclear,not_applicable,author_adjudicated_disagreement,yes,"PDF pp. 2–4, digital-shadow state update rather than proxy-error propagation","PDF pp. 2–4, digital-shadow state update rather than proxy-error propagation",全文核查后采纳复核者值“not_applicable”。工作流没有单独的物理代理误差并向下游传播，该字段不适用。该页码证据直接满足本字段判据，作者锁定值“unclear”未获得更强的全文支持。,Xiaoyang Zhang (XZ),Yangqi Ma (YM),2026-07-30,2026-07-30,outputs\ijggc_v2_remaining31_adjudication_2026-07-30\IJGGC_V2_REMAINING31_ADJUDICATION_WORKBOOK.xlsx,remaining31
Gahlot2025_DigitalShadow,field_evidence_score,0,0,0,independent_exact_agreement_retained,no,"PDF p. 2, synthetic case",,Reviewer and locked coding agreed exactly; the locked value was retained.,Xiaoyang Zhang (XZ),,2026-07-30,,outputs\ijggc_v2_remaining31_adjudication_2026-07-30\IJGGC_V2_REMAINING31_ADJUDICATION_WORKBOOK.xlsx,remaining31
Gahlot2025_DigitalShadow,physical_consistency_score,3,2,3,author_adjudicated_disagreement,yes,"PDF pp. 2–4, flow–seismic consistency and truth comparison","PDF pp. 2–4, flow–seismic consistency and truth comparison",全文核查后采纳复核者值“3”。联合流动与地震状态并对真值检查，计 3 分。该页码证据直接满足本字段判据，作者锁定值“2”未获得更强的全文支持。,Xiaoyang Zhang (XZ),Yangqi Ma (YM),2026-07-30,2026-07-30,outputs\ijggc_v2_remaining31_adjudication_2026-07-30\IJGGC_V2_REMAINING31_ADJUDICATION_WORKBOOK.xlsx,remaining31
Gahlot2025_DigitalShadow,uncertainty_score,3,2,3,author_adjudicated_disagreement,yes,"PDF pp. 3–4, posterior checked against synthetic truth","PDF pp. 3–4, posterior checked against synthetic truth",全文核查后采纳复核者值“3”。后验经真值检查但未进入操作决策，计 3 分。该页码证据直接满足本字段判据，作者锁定值“2”未获得更强的全文支持。,Xiaoyang Zhang (XZ),Yangqi Ma (YM),2026-07-30,2026-07-30,outputs\ijggc_v2_remaining31_adjudication_2026-07-30\IJGGC_V2_REMAINING31_ADJUDICATION_WORKBOOK.xlsx,remaining31
Gahlot2025_DigitalShadow,transferability_score,0,not_reported,0,author_adjudicated_disagreement,yes,"PDF pp. 2–4, same-distribution unseen samples","PDF pp. 2–4, same-distribution unseen samples",全文核查后采纳复核者值“0”。仅同分布留出，计 0 分。该页码证据直接满足本字段判据，作者锁定值“not_reported”未获得更强的全文支持。,Xiaoyang Zhang (XZ),Yangqi Ma (YM),2026-07-30,2026-07-30,outputs\ijggc_v2_remaining31_adjudication_2026-07-30\IJGGC_V2_REMAINING31_ADJUDICATION_WORKBOOK.xlsx,remaining31
Gahlot2025_DigitalShadow,decision_readiness_score,2,2,2,independent_exact_agreement_retained,no,"PDF pp. 3–4, digital-shadow monitoring update",,Reviewer and locked coding agreed exactly; the locked value was retained.,Xiaoyang Zhang (XZ),,2026-07-30,,outputs\ijggc_v2_remaining31_adjudication_2026-07-30\IJGGC_V2_REMAINING31_ADJUDICATION_WORKBOOK.xlsx,remaining31
Lu2022_BayesianOptimization,field_validation_category,confirmed_absent,not_reported,confirmed_absent,author_adjudicated_disagreement,yes,"PDF pp. 1–4, field-derived Cranfield model and setup","PDF pp. 1–4, field-derived Cranfield model and setup",全文核查后采纳复核者值“confirmed_absent”。模型由 Cranfield 现场资料构建，但 ML/BO 结果未与现场运行结果比较。该页码证据直接满足本字段判据，作者锁定值“not_reported”未获得更强的全文支持。,Xiaoyang Zhang (XZ),Yangqi Ma (YM),2026-07-30,2026-07-30,outputs\ijggc_v2_remaining31_adjudication_2026-07-30\IJGGC_V2_REMAINING31_ADJUDICATION_WORKBOOK.xlsx,remaining31
Lu2022_BayesianOptimization,controlled_release_validation_state,confirmed_absent,not_reported,confirmed_absent,author_adjudicated_disagreement,yes,"PDF pp. 1–4, simulator-based injection cases","PDF pp. 1–4, simulator-based injection cases",全文核查后采纳复核者值“confirmed_absent”。评价使用数值模拟器，不是实际计划注入观测。该页码证据直接满足本字段判据，作者锁定值“not_reported”未获得更强的全文支持。,Xiaoyang Zhang (XZ),Yangqi Ma (YM),2026-07-30,2026-07-30,outputs\ijggc_v2_remaining31_adjudication_2026-07-30\IJGGC_V2_REMAINING31_ADJUDICATION_WORKBOOK.xlsx,remaining31
Lu2022_BayesianOptimization,ood_test_category,confirmed_absent,legacy_explicit_ood_test,confirmed_absent,author_adjudicated_disagreement,yes,"PDF pp. 4–8, Bayesian optimization within one search domain","PDF pp. 4–8, Bayesian optimization within one search domain",全文核查后采纳复核者值“confirmed_absent”。搜索在既定参数域内进行，未设明确 OOD 测试。该页码证据直接满足本字段判据，作者锁定值“legacy_explicit_ood_test”未获得更强的全文支持。,Xiaoyang Zhang (XZ),Yangqi Ma (YM),2026-07-30,2026-07-30,outputs\ijggc_v2_remaining31_adjudication_2026-07-30\IJGGC_V2_REMAINING31_ADJUDICATION_WORKBOOK.xlsx,remaining31
Lu2022_BayesianOptimization,cross_site_test_state,confirmed_absent,not_reported,confirmed_absent,author_adjudicated_disagreement,yes,"PDF pp. 1–4, single Cranfield model","PDF pp. 1–4, single Cranfield model",全文核查后采纳复核者值“confirmed_absent”。只使用一个现场模型，没有跨场地测试。该页码证据直接满足本字段判据，作者锁定值“not_reported”未获得更强的全文支持。,Xiaoyang Zhang (XZ),Yangqi Ma (YM),2026-07-30,2026-07-30,outputs\ijggc_v2_remaining31_adjudication_2026-07-30\IJGGC_V2_REMAINING31_ADJUDICATION_WORKBOOK.xlsx,remaining31
Lu2022_BayesianOptimization,uncertainty_calibration_category,legacy_uncertainty_calibration_or_posterior_check,not_reported,confirmed_absent,author_adjudicated_disagreement,yes,"PDF pp. 4–8, GP posterior mean/variance and acquisition function","PDF pp. 3–8, Gaussian-process posterior and acquisition-function optimization",GP 后验均值和标准差进入采集函数，但全文没有覆盖率、可靠性图、校准误差或后验预测检查。将方差用于探索–利用并不等于不确定性已经校准，故确认校准缺席。,Xiaoyang Zhang (XZ),Yangqi Ma (YM),2026-07-30,2026-07-30,outputs\ijggc_v2_remaining31_adjudication_2026-07-30\IJGGC_V2_REMAINING31_ADJUDICATION_WORKBOOK.xlsx,remaining31
Lu2022_BayesianOptimization,surrogate_error_propagation_category,propagated_into_inference_or_decision,not_reported,propagated_into_inference_or_decision,author_adjudicated_disagreement,yes,"PDF pp. 4–8, GP uncertainty in acquisition and optimization","PDF pp. 4–8, GP uncertainty in acquisition and optimization",全文核查后采纳复核者值“propagated_into_inference_or_decision”。GP 代理不确定性通过采集函数传播到后续采样和最终优化。该页码证据直接满足本字段判据，作者锁定值“not_reported”未获得更强的全文支持。,Xiaoyang Zhang (XZ),Yangqi Ma (YM),2026-07-30,2026-07-30,outputs\ijggc_v2_remaining31_adjudication_2026-07-30\IJGGC_V2_REMAINING31_ADJUDICATION_WORKBOOK.xlsx,remaining31
Lu2022_BayesianOptimization,field_evidence_score,1,0,1,author_adjudicated_disagreement,yes,"PDF pp. 1–4, field-derived but simulator-evaluated model","PDF pp. 1–4, field-derived but simulator-evaluated model",全文核查后采纳复核者值“1”。真实场地模型驱动但仍为模拟评价，计 1 分。该页码证据直接满足本字段判据，作者锁定值“0”未获得更强的全文支持。,Xiaoyang Zhang (XZ),Yangqi Ma (YM),2026-07-30,2026-07-30,outputs\ijggc_v2_remaining31_adjudication_2026-07-30\IJGGC_V2_REMAINING31_ADJUDICATION_WORKBOOK.xlsx,remaining31
Lu2022_BayesianOptimization,physical_consistency_score,4,1,3,author_adjudicated_disagreement,yes,"PDF pp. 1–8, high-fidelity reservoir simulation in optimization loop","PDF pp. 2–5, compositional flow model; pp. 6–8, simulator-checked optimization responses",候选注入方案由全物理多相流模拟器复核，储量与产出目标得到定量诊断，满足 3 分；未耦合独立监测或风险过程验证，因此不满足 4 分标准。,Xiaoyang Zhang (XZ),Yangqi Ma (YM),2026-07-30,2026-07-30,outputs\ijggc_v2_remaining31_adjudication_2026-07-30\IJGGC_V2_REMAINING31_ADJUDICATION_WORKBOOK.xlsx,remaining31
Lu2022_BayesianOptimization,uncertainty_score,4,2,2,author_adjudicated_disagreement,no,"PDF pp. 4–8, GP posterior variance propagated through acquisition","PDF pp. 3–8, GP posterior mean/standard deviation and expected-improvement acquisition",研究报告并使用了 GP 的贝叶斯后验不确定性，符合 2 分；由于没有校准或后验预测可靠性检查，不能因其进入采集函数而升至 4 分。,Xiaoyang Zhang (XZ),Yangqi Ma (YM),2026-07-30,2026-07-30,outputs\ijggc_v2_remaining31_adjudication_2026-07-30\IJGGC_V2_REMAINING31_ADJUDICATION_WORKBOOK.xlsx,remaining31
Lu2022_BayesianOptimization,transferability_score,0,not_reported,0,author_adjudicated_disagreement,yes,"PDF pp. 4–8, in-domain optimization","PDF pp. 4–8, in-domain optimization",全文核查后采纳复核者值“0”。无 OOD 或跨场地证据，计 0 分。该页码证据直接满足本字段判据，作者锁定值“not_reported”未获得更强的全文支持。,Xiaoyang Zhang (XZ),Yangqi Ma (YM),2026-07-30,2026-07-30,outputs\ijggc_v2_remaining31_adjudication_2026-07-30\IJGGC_V2_REMAINING31_ADJUDICATION_WORKBOOK.xlsx,remaining31
Lu2022_BayesianOptimization,decision_readiness_score,3,2,3,author_adjudicated_disagreement,yes,"PDF pp. 4–8, field-scale injection optimization","PDF pp. 4–8, field-scale injection optimization",全文核查后采纳复核者值“3”。现场尺度注入方案在不确定性驱动的 BO 中优化，但无现场闭环，计 3 分。该页码证据直接满足本字段判据，作者锁定值“2”未获得更强的全文支持。,Xiaoyang Zhang (XZ),Yangqi Ma (YM),2026-07-30,2026-07-30,outputs\ijggc_v2_remaining31_adjudication_2026-07-30\IJGGC_V2_REMAINING31_ADJUDICATION_WORKBOOK.xlsx,remaining31
Lu2025_GISMLSite,field_validation_category,field_workflow_evaluation,not_reported,field_workflow_evaluation,author_adjudicated_disagreement,yes,"PDF p. 3, Ordos operating project data; p. 7, split; p. 16, engineering checks","PDF p. 3, Ordos operating project data; p. 7, split; p. 16, engineering checks",全文核查后采纳复核者值“field_workflow_evaluation”。ML 复现并评价实际运行的鄂尔多斯项目选址解释，且结果接受工程核查，属于现场工作流评价。该页码证据直接满足本字段判据，作者锁定值“not_reported”未获得更强的全文支持。,Xiaoyang Zhang (XZ),Yangqi Ma (YM),2026-07-30,2026-07-30,outputs\ijggc_v2_remaining31_adjudication_2026-07-30\IJGGC_V2_REMAINING31_ADJUDICATION_WORKBOOK.xlsx,remaining31
Lu2025_GISMLSite,controlled_release_validation_state,confirmed_absent,not_reported,confirmed_absent,author_adjudicated_disagreement,yes,"PDF pp. 3–7, GIS/site-selection data rather than injection-response data","PDF pp. 3–7, GIS/site-selection data rather than injection-response data",全文核查后采纳复核者值“confirmed_absent”。研究评价的是 GIS 选址，不是 ML 对计划注入或受控释放响应的测试。该页码证据直接满足本字段判据，作者锁定值“not_reported”未获得更强的全文支持。,Xiaoyang Zhang (XZ),Yangqi Ma (YM),2026-07-30,2026-07-30,outputs\ijggc_v2_remaining31_adjudication_2026-07-30\IJGGC_V2_REMAINING31_ADJUDICATION_WORKBOOK.xlsx,remaining31
Lu2025_GISMLSite,ood_test_category,confirmed_absent,not_reported,confirmed_absent,author_adjudicated_disagreement,yes,"PDF p. 7, random training/test split","PDF p. 7, random training/test split",全文核查后采纳复核者值“confirmed_absent”。仅随机划分样本，没有训练分布外测试。该页码证据直接满足本字段判据，作者锁定值“not_reported”未获得更强的全文支持。,Xiaoyang Zhang (XZ),Yangqi Ma (YM),2026-07-30,2026-07-30,outputs\ijggc_v2_remaining31_adjudication_2026-07-30\IJGGC_V2_REMAINING31_ADJUDICATION_WORKBOOK.xlsx,remaining31
Lu2025_GISMLSite,cross_site_test_state,confirmed_absent,not_reported,confirmed_absent,author_adjudicated_disagreement,yes,"PDF pp. 3–7, one Ordos project area","PDF pp. 3–7, one Ordos project area",全文核查后采纳复核者值“confirmed_absent”。数据来自同一项目区，没有另一现场留出。该页码证据直接满足本字段判据，作者锁定值“not_reported”未获得更强的全文支持。,Xiaoyang Zhang (XZ),Yangqi Ma (YM),2026-07-30,2026-07-30,outputs\ijggc_v2_remaining31_adjudication_2026-07-30\IJGGC_V2_REMAINING31_ADJUDICATION_WORKBOOK.xlsx,remaining31
Lu2025_GISMLSite,uncertainty_calibration_category,deterministic_or_confirmed_absent,not_reported,deterministic_or_confirmed_absent,author_adjudicated_disagreement,yes,"PDF pp. 7–16, deterministic classification","PDF pp. 7–16, deterministic classification",全文核查后采纳复核者值“deterministic_or_confirmed_absent”。只给确定性分类和性能指标，无校准或后验检查。该页码证据直接满足本字段判据，作者锁定值“not_reported”未获得更强的全文支持。,Xiaoyang Zhang (XZ),Yangqi Ma (YM),2026-07-30,2026-07-30,outputs\ijggc_v2_remaining31_adjudication_2026-07-30\IJGGC_V2_REMAINING31_ADJUDICATION_WORKBOOK.xlsx,remaining31
Lu2025_GISMLSite,surrogate_error_propagation_category,not_applicable,not_reported,not_applicable,author_adjudicated_disagreement,yes,"PDF pp. 3–16, site-selection classifier rather than physics surrogate","PDF pp. 3–16, site-selection classifier rather than physics surrogate",全文核查后采纳复核者值“not_applicable”。该模型是选址分类器而非物理代理，下游代理误差传播不适用。该页码证据直接满足本字段判据，作者锁定值“not_reported”未获得更强的全文支持。,Xiaoyang Zhang (XZ),Yangqi Ma (YM),2026-07-30,2026-07-30,outputs\ijggc_v2_remaining31_adjudication_2026-07-30\IJGGC_V2_REMAINING31_ADJUDICATION_WORKBOOK.xlsx,remaining31
Lu2025_GISMLSite,field_evidence_score,3,not_reported,3,author_adjudicated_disagreement,yes,"PDF pp. 3 and 16, operating project and engineering verification","PDF pp. 3 and 16, operating project and engineering verification",全文核查后采纳复核者值“3”。实际项目工作流中有工程复核，符合单现场评价，计 3 分。该页码证据直接满足本字段判据，作者锁定值“not_reported”未获得更强的全文支持。,Xiaoyang Zhang (XZ),Yangqi Ma (YM),2026-07-30,2026-07-30,outputs\ijggc_v2_remaining31_adjudication_2026-07-30\IJGGC_V2_REMAINING31_ADJUDICATION_WORKBOOK.xlsx,remaining31
Lu2025_GISMLSite,physical_consistency_score,1,not_reported,1,author_adjudicated_disagreement,yes,"PDF pp. 3–7, expert/GIS factors; p. 16, engineering check","PDF pp. 3–7, expert/GIS factors; p. 16, engineering check",全文核查后采纳复核者值“1”。物理主要由专家/GIS 因子间接表达，未做守恒诊断，计 1 分。该页码证据直接满足本字段判据，作者锁定值“not_reported”未获得更强的全文支持。,Xiaoyang Zhang (XZ),Yangqi Ma (YM),2026-07-30,2026-07-30,outputs\ijggc_v2_remaining31_adjudication_2026-07-30\IJGGC_V2_REMAINING31_ADJUDICATION_WORKBOOK.xlsx,remaining31
Lu2025_GISMLSite,uncertainty_score,0,not_reported,0,author_adjudicated_disagreement,yes,"PDF pp. 7–16, no UQ","PDF pp. 7–16, no UQ",全文核查后采纳复核者值“0”。无 UQ，计 0 分。该页码证据直接满足本字段判据，作者锁定值“not_reported”未获得更强的全文支持。,Xiaoyang Zhang (XZ),Yangqi Ma (YM),2026-07-30,2026-07-30,outputs\ijggc_v2_remaining31_adjudication_2026-07-30\IJGGC_V2_REMAINING31_ADJUDICATION_WORKBOOK.xlsx,remaining31
Lu2025_GISMLSite,transferability_score,1,not_reported,1,author_adjudicated_disagreement,yes,"PDF p. 7, random split within one area","PDF p. 7, random split within one area",全文核查后采纳复核者值“1”。单区随机测试，计 1 分。该页码证据直接满足本字段判据，作者锁定值“not_reported”未获得更强的全文支持。,Xiaoyang Zhang (XZ),Yangqi Ma (YM),2026-07-30,2026-07-30,outputs\ijggc_v2_remaining31_adjudication_2026-07-30\IJGGC_V2_REMAINING31_ADJUDICATION_WORKBOOK.xlsx,remaining31
Lu2025_GISMLSite,decision_readiness_score,2,not_reported,2,author_adjudicated_disagreement,yes,"PDF pp. 14–16, suitability mapping and site decisions","PDF pp. 14–16, suitability mapping and site decisions",全文核查后采纳复核者值“2”。适宜性图直接支持选址，但缺少不确定性阈值和审计闭环，计 2 分。该页码证据直接满足本字段判据，作者锁定值“not_reported”未获得更强的全文支持。,Xiaoyang Zhang (XZ),Yangqi Ma (YM),2026-07-30,2026-07-30,outputs\ijggc_v2_remaining31_adjudication_2026-07-30\IJGGC_V2_REMAINING31_ADJUDICATION_WORKBOOK.xlsx,remaining31
Nassabeh2024_OffshoreSite,field_validation_category,confirmed_absent,not_reported,confirmed_absent,author_adjudicated_disagreement,yes,"PDF pp. 4–7, expert-weighted Gulf of Mexico screening dataset","PDF pp. 4–7, expert-weighted Gulf of Mexico screening dataset",全文核查后采纳复核者值“confirmed_absent”。标签为专家和地理空间评分，不是 ML 与现场封存结果的比较。该页码证据直接满足本字段判据，作者锁定值“not_reported”未获得更强的全文支持。,Xiaoyang Zhang (XZ),Yangqi Ma (YM),2026-07-30,2026-07-30,outputs\ijggc_v2_remaining31_adjudication_2026-07-30\IJGGC_V2_REMAINING31_ADJUDICATION_WORKBOOK.xlsx,remaining31
Nassabeh2024_OffshoreSite,controlled_release_validation_state,confirmed_absent,not_reported,confirmed_absent,author_adjudicated_disagreement,yes,"PDF pp. 4–7, geospatial screening data","PDF pp. 4–7, geospatial screening data",全文核查后采纳复核者值“confirmed_absent”。没有计划注入或人工释放观测。该页码证据直接满足本字段判据，作者锁定值“not_reported”未获得更强的全文支持。,Xiaoyang Zhang (XZ),Yangqi Ma (YM),2026-07-30,2026-07-30,outputs\ijggc_v2_remaining31_adjudication_2026-07-30\IJGGC_V2_REMAINING31_ADJUDICATION_WORKBOOK.xlsx,remaining31
Nassabeh2024_OffshoreSite,ood_test_category,confirmed_absent,legacy_explicit_ood_test,confirmed_absent,author_adjudicated_disagreement,yes,"PDF pp. 9–12, random split and cross-validation","PDF pp. 9–12, random split and cross-validation",全文核查后采纳复核者值“confirmed_absent”。随机划分和交叉验证均在同一数据集内，不是 OOD。该页码证据直接满足本字段判据，作者锁定值“legacy_explicit_ood_test”未获得更强的全文支持。,Xiaoyang Zhang (XZ),Yangqi Ma (YM),2026-07-30,2026-07-30,outputs\ijggc_v2_remaining31_adjudication_2026-07-30\IJGGC_V2_REMAINING31_ADJUDICATION_WORKBOOK.xlsx,remaining31
Nassabeh2024_OffshoreSite,cross_site_test_state,confirmed_absent,not_reported,confirmed_absent,author_adjudicated_disagreement,yes,"PDF pp. 4–12, one regional dataset","PDF pp. 4–12, one regional dataset",全文核查后采纳复核者值“confirmed_absent”。没有另一现场或区域的独立测试。该页码证据直接满足本字段判据，作者锁定值“not_reported”未获得更强的全文支持。,Xiaoyang Zhang (XZ),Yangqi Ma (YM),2026-07-30,2026-07-30,outputs\ijggc_v2_remaining31_adjudication_2026-07-30\IJGGC_V2_REMAINING31_ADJUDICATION_WORKBOOK.xlsx,remaining31
Nassabeh2024_OffshoreSite,uncertainty_calibration_category,deterministic_or_confirmed_absent,not_reported,deterministic_or_confirmed_absent,author_adjudicated_disagreement,yes,"PDF pp. 9–14, deterministic models; pp. 13–14, limitations","PDF pp. 9–14, deterministic models; pp. 13–14, limitations",全文核查后采纳复核者值“deterministic_or_confirmed_absent”。论文明确指出缺少不确定性和风险分析，模型为确定性输出。该页码证据直接满足本字段判据，作者锁定值“not_reported”未获得更强的全文支持。,Xiaoyang Zhang (XZ),Yangqi Ma (YM),2026-07-30,2026-07-30,outputs\ijggc_v2_remaining31_adjudication_2026-07-30\IJGGC_V2_REMAINING31_ADJUDICATION_WORKBOOK.xlsx,remaining31
Nassabeh2024_OffshoreSite,surrogate_error_propagation_category,not_applicable,not_reported,not_applicable,author_adjudicated_disagreement,yes,"PDF pp. 4–14, site-screening classifier","PDF pp. 4–14, site-screening classifier",全文核查后采纳复核者值“not_applicable”。该任务为选址分类而非物理代理，代理误差传播字段不适用。该页码证据直接满足本字段判据，作者锁定值“not_reported”未获得更强的全文支持。,Xiaoyang Zhang (XZ),Yangqi Ma (YM),2026-07-30,2026-07-30,outputs\ijggc_v2_remaining31_adjudication_2026-07-30\IJGGC_V2_REMAINING31_ADJUDICATION_WORKBOOK.xlsx,remaining31
Nassabeh2024_OffshoreSite,field_evidence_score,1,2,1,author_adjudicated_disagreement,yes,"PDF pp. 4–7, field-facing expert/geospatial data","PDF pp. 4–7, field-facing expert/geospatial data",全文核查后采纳复核者值“1”。属于现场导向的区域筛选数据，但无现场结果验证，计 1 分。该页码证据直接满足本字段判据，作者锁定值“2”未获得更强的全文支持。,Xiaoyang Zhang (XZ),Yangqi Ma (YM),2026-07-30,2026-07-30,outputs\ijggc_v2_remaining31_adjudication_2026-07-30\IJGGC_V2_REMAINING31_ADJUDICATION_WORKBOOK.xlsx,remaining31
Nassabeh2024_OffshoreSite,physical_consistency_score,1,1,1,independent_exact_agreement_retained,no,"PDF pp. 4–7, proxy suitability factors",,Reviewer and locked coding agreed exactly; the locked value was retained.,Xiaoyang Zhang (XZ),,2026-07-30,,outputs\ijggc_v2_remaining31_adjudication_2026-07-30\IJGGC_V2_REMAINING31_ADJUDICATION_WORKBOOK.xlsx,remaining31
Nassabeh2024_OffshoreSite,uncertainty_score,0,not_reported,0,author_adjudicated_disagreement,yes,"PDF pp. 13–14, absence of UQ/risk analysis","PDF pp. 13–14, absence of UQ/risk analysis",全文核查后采纳复核者值“0”。无 UQ，计 0 分。该页码证据直接满足本字段判据，作者锁定值“not_reported”未获得更强的全文支持。,Xiaoyang Zhang (XZ),Yangqi Ma (YM),2026-07-30,2026-07-30,outputs\ijggc_v2_remaining31_adjudication_2026-07-30\IJGGC_V2_REMAINING31_ADJUDICATION_WORKBOOK.xlsx,remaining31
Nassabeh2024_OffshoreSite,transferability_score,0,1,0,author_adjudicated_disagreement,yes,"PDF pp. 9–12, same-dataset validation","PDF pp. 9–12, same-dataset validation",全文核查后采纳复核者值“0”。仅同一数据集验证，计 0 分。该页码证据直接满足本字段判据，作者锁定值“1”未获得更强的全文支持。,Xiaoyang Zhang (XZ),Yangqi Ma (YM),2026-07-30,2026-07-30,outputs\ijggc_v2_remaining31_adjudication_2026-07-30\IJGGC_V2_REMAINING31_ADJUDICATION_WORKBOOK.xlsx,remaining31
Nassabeh2024_OffshoreSite,decision_readiness_score,2,1,2,author_adjudicated_disagreement,yes,"PDF pp. 9–14, offshore suitability score","PDF pp. 9–14, offshore suitability score",全文核查后采纳复核者值“2”。输出直接形成选址评分，但没有决策不确定性，计 2 分。该页码证据直接满足本字段判据，作者锁定值“1”未获得更强的全文支持。,Xiaoyang Zhang (XZ),Yangqi Ma (YM),2026-07-30,2026-07-30,outputs\ijggc_v2_remaining31_adjudication_2026-07-30\IJGGC_V2_REMAINING31_ADJUDICATION_WORKBOOK.xlsx,remaining31
Seabra2024_AIEnhancedDA,field_validation_category,confirmed_absent,not_reported,confirmed_absent,author_adjudicated_disagreement,yes,"PDF pp. 14–16, synthetic DARTS setup and reference case","PDF pp. 14–16, synthetic DARTS setup and reference case",全文核查后采纳复核者值“confirmed_absent”。研究使用合成真值和观测，没有现场比较。该页码证据直接满足本字段判据，作者锁定值“not_reported”未获得更强的全文支持。,Xiaoyang Zhang (XZ),Yangqi Ma (YM),2026-07-30,2026-07-30,outputs\ijggc_v2_remaining31_adjudication_2026-07-30\IJGGC_V2_REMAINING31_ADJUDICATION_WORKBOOK.xlsx,remaining31
Seabra2024_AIEnhancedDA,controlled_release_validation_state,confirmed_absent,not_reported,confirmed_absent,author_adjudicated_disagreement,yes,"PDF pp. 14–16, synthetic observations","PDF pp. 14–16, synthetic observations",全文核查后采纳复核者值“confirmed_absent”。观测来自模拟，不是受控现场释放。该页码证据直接满足本字段判据，作者锁定值“not_reported”未获得更强的全文支持。,Xiaoyang Zhang (XZ),Yangqi Ma (YM),2026-07-30,2026-07-30,outputs\ijggc_v2_remaining31_adjudication_2026-07-30\IJGGC_V2_REMAINING31_ADJUDICATION_WORKBOOK.xlsx,remaining31
Seabra2024_AIEnhancedDA,ood_test_category,legacy_explicit_ood_test,not_reported,legacy_explicit_ood_test,author_adjudicated_disagreement,yes,"PDF pp. 14–16, reference truth outside the prior; pp. 17–24, results","PDF pp. 14–16, reference truth outside the prior; pp. 17–24, results",全文核查后采纳复核者值“legacy_explicit_ood_test”。参考真值明确位于先验范围之外，构成 OOD 地质条件测试。该页码证据直接满足本字段判据，作者锁定值“not_reported”未获得更强的全文支持。,Xiaoyang Zhang (XZ),Yangqi Ma (YM),2026-07-30,2026-07-30,outputs\ijggc_v2_remaining31_adjudication_2026-07-30\IJGGC_V2_REMAINING31_ADJUDICATION_WORKBOOK.xlsx,remaining31
Seabra2024_AIEnhancedDA,cross_site_test_state,confirmed_absent,not_reported,confirmed_absent,author_adjudicated_disagreement,yes,"PDF pp. 14–24, synthetic cases only","PDF pp. 14–24, synthetic cases only",全文核查后采纳复核者值“confirmed_absent”。不同条件均为模拟，不能写成现场跨场地验证。该页码证据直接满足本字段判据，作者锁定值“not_reported”未获得更强的全文支持。,Xiaoyang Zhang (XZ),Yangqi Ma (YM),2026-07-30,2026-07-30,outputs\ijggc_v2_remaining31_adjudication_2026-07-30\IJGGC_V2_REMAINING31_ADJUDICATION_WORKBOOK.xlsx,remaining31
Seabra2024_AIEnhancedDA,uncertainty_calibration_category,calibrated_or_posterior_checked,unclear,calibrated_or_posterior_checked,author_adjudicated_disagreement,yes,"PDF pp. 10–13, ESMDA/RML; pp. 17–24, posterior and truth checks","PDF pp. 10–13, ESMDA/RML; pp. 17–24, posterior and truth checks",全文核查后采纳复核者值“calibrated_or_posterior_checked”。后验预测、测量误差和已知真值均被检查，符合后验预测检查。该页码证据直接满足本字段判据，作者锁定值“unclear”未获得更强的全文支持。,Xiaoyang Zhang (XZ),Yangqi Ma (YM),2026-07-30,2026-07-30,outputs\ijggc_v2_remaining31_adjudication_2026-07-30\IJGGC_V2_REMAINING31_ADJUDICATION_WORKBOOK.xlsx,remaining31
Seabra2024_AIEnhancedDA,surrogate_error_propagation_category,confirmed_absent,unclear,confirmed_absent,author_adjudicated_disagreement,yes,"PDF pp. 17–24, surrogate-assisted DA and final high-fidelity checks","PDF pp. 17–24, surrogate-assisted DA and final high-fidelity checks",全文核查后采纳复核者值“confirmed_absent”。代理用于数据同化，但代理差异没有作为独立误差项传播；最终仅用高保真模拟复核。该页码证据直接满足本字段判据，作者锁定值“unclear”未获得更强的全文支持。,Xiaoyang Zhang (XZ),Yangqi Ma (YM),2026-07-30,2026-07-30,outputs\ijggc_v2_remaining31_adjudication_2026-07-30\IJGGC_V2_REMAINING31_ADJUDICATION_WORKBOOK.xlsx,remaining31
Seabra2024_AIEnhancedDA,field_evidence_score,0,0,0,independent_exact_agreement_retained,no,"PDF pp. 14–16, synthetic truth",,Reviewer and locked coding agreed exactly; the locked value was retained.,Xiaoyang Zhang (XZ),,2026-07-30,,outputs\ijggc_v2_remaining31_adjudication_2026-07-30\IJGGC_V2_REMAINING31_ADJUDICATION_WORKBOOK.xlsx,remaining31
Seabra2024_AIEnhancedDA,physical_consistency_score,4,2,4,author_adjudicated_disagreement,yes,"PDF pp. 17–24, posterior predictions and high-fidelity simulator verification","PDF pp. 17–24, posterior predictions and high-fidelity simulator verification",全文核查后采纳复核者值“4”。后验结果由高保真流动模拟复核，且物理诊断完整，计 4 分。该页码证据直接满足本字段判据，作者锁定值“2”未获得更强的全文支持。,Xiaoyang Zhang (XZ),Yangqi Ma (YM),2026-07-30,2026-07-30,outputs\ijggc_v2_remaining31_adjudication_2026-07-30\IJGGC_V2_REMAINING31_ADJUDICATION_WORKBOOK.xlsx,remaining31
Seabra2024_AIEnhancedDA,uncertainty_score,3,2,3,author_adjudicated_disagreement,yes,"PDF pp. 17–24, posterior checked against truth and measurements","PDF pp. 17–24, posterior checked against truth and measurements",全文核查后采纳复核者值“3”。后验经过真值检查但未进入操作决策，计 3 分。该页码证据直接满足本字段判据，作者锁定值“2”未获得更强的全文支持。,Xiaoyang Zhang (XZ),Yangqi Ma (YM),2026-07-30,2026-07-30,outputs\ijggc_v2_remaining31_adjudication_2026-07-30\IJGGC_V2_REMAINING31_ADJUDICATION_WORKBOOK.xlsx,remaining31
Seabra2024_AIEnhancedDA,transferability_score,3,not_reported,3,author_adjudicated_disagreement,yes,"PDF pp. 14–24, explicit prior–truth mismatch","PDF pp. 14–24, explicit prior–truth mismatch",全文核查后采纳复核者值“3”。明确测试先验外地质条件，计 3 分。该页码证据直接满足本字段判据，作者锁定值“not_reported”未获得更强的全文支持。,Xiaoyang Zhang (XZ),Yangqi Ma (YM),2026-07-30,2026-07-30,outputs\ijggc_v2_remaining31_adjudication_2026-07-30\IJGGC_V2_REMAINING31_ADJUDICATION_WORKBOOK.xlsx,remaining31
Seabra2024_AIEnhancedDA,decision_readiness_score,2,2,2,independent_exact_agreement_retained,no,"PDF pp. 10–24, history matching and forecast update",,Reviewer and locked coding agreed exactly; the locked value was retained.,Xiaoyang Zhang (XZ),,2026-07-30,,outputs\ijggc_v2_remaining31_adjudication_2026-07-30\IJGGC_V2_REMAINING31_ADJUDICATION_WORKBOOK.xlsx,remaining31
Tang2022_DLDataAssimilationForecasting,field_validation_category,confirmed_absent,not_reported,confirmed_absent,author_adjudicated_disagreement,yes,"PDF pp. 3–6, synthetic reference and observations","PDF pp. 3–6, synthetic reference and observations",全文核查后采纳复核者值“confirmed_absent”。全部观测和真值由模拟产生，没有现场验证。该页码证据直接满足本字段判据，作者锁定值“not_reported”未获得更强的全文支持。,Xiaoyang Zhang (XZ),Yangqi Ma (YM),2026-07-30,2026-07-30,outputs\ijggc_v2_remaining31_adjudication_2026-07-30\IJGGC_V2_REMAINING31_ADJUDICATION_WORKBOOK.xlsx,remaining31
Tang2022_DLDataAssimilationForecasting,controlled_release_validation_state,confirmed_absent,not_reported,confirmed_absent,author_adjudicated_disagreement,yes,"PDF pp. 3–6, simulated monitoring data","PDF pp. 3–6, simulated monitoring data",全文核查后采纳复核者值“confirmed_absent”。不是实际计划注入或受控释放数据。该页码证据直接满足本字段判据，作者锁定值“not_reported”未获得更强的全文支持。,Xiaoyang Zhang (XZ),Yangqi Ma (YM),2026-07-30,2026-07-30,outputs\ijggc_v2_remaining31_adjudication_2026-07-30\IJGGC_V2_REMAINING31_ADJUDICATION_WORKBOOK.xlsx,remaining31
Tang2022_DLDataAssimilationForecasting,ood_test_category,legacy_explicit_ood_test,not_reported,legacy_explicit_ood_test,author_adjudicated_disagreement,yes,"PDF pp. 3–6, multilayer truth versus single-layer imperfect prior","PDF pp. 3–6, multilayer truth versus single-layer imperfect prior",全文核查后采纳复核者值“legacy_explicit_ood_test”。多层真值与单层不完美先验形成明确结构模型失配，属于 OOD。该页码证据直接满足本字段判据，作者锁定值“not_reported”未获得更强的全文支持。,Xiaoyang Zhang (XZ),Yangqi Ma (YM),2026-07-30,2026-07-30,outputs\ijggc_v2_remaining31_adjudication_2026-07-30\IJGGC_V2_REMAINING31_ADJUDICATION_WORKBOOK.xlsx,remaining31
Tang2022_DLDataAssimilationForecasting,cross_site_test_state,confirmed_absent,not_reported,confirmed_absent,author_adjudicated_disagreement,yes,"PDF pp. 3–6, synthetic settings","PDF pp. 3–6, synthetic settings",全文核查后采纳复核者值“confirmed_absent”。测试仍为合成模型，不是现场跨场地。该页码证据直接满足本字段判据，作者锁定值“not_reported”未获得更强的全文支持。,Xiaoyang Zhang (XZ),Yangqi Ma (YM),2026-07-30,2026-07-30,outputs\ijggc_v2_remaining31_adjudication_2026-07-30\IJGGC_V2_REMAINING31_ADJUDICATION_WORKBOOK.xlsx,remaining31
Tang2022_DLDataAssimilationForecasting,uncertainty_calibration_category,calibrated_or_posterior_checked,unclear,calibrated_or_posterior_checked,author_adjudicated_disagreement,yes,"PDF pp. 9–13, credible intervals and posterior truth comparisons","PDF pp. 9–13, credible intervals and posterior truth comparisons",全文核查后采纳复核者值“calibrated_or_posterior_checked”。可信区间和后验预测同已知真值比较，符合后验检查。该页码证据直接满足本字段判据，作者锁定值“unclear”未获得更强的全文支持。,Xiaoyang Zhang (XZ),Yangqi Ma (YM),2026-07-30,2026-07-30,outputs\ijggc_v2_remaining31_adjudication_2026-07-30\IJGGC_V2_REMAINING31_ADJUDICATION_WORKBOOK.xlsx,remaining31
Tang2022_DLDataAssimilationForecasting,surrogate_error_propagation_category,propagated_into_inference_or_decision,unclear,confirmed_absent,author_adjudicated_disagreement,yes,"PDF pp. 9–13, surrogate-size sensitivity through full DA workflow","PDF pp. 9–13, Sections 5.1–5.2 and Fig. 15",作者用不同训练样本量的代理重复整套数据同化，仅比较结果对代理精度的敏感性；代理差异没有作为似然、观测协方差或后验误差项进入推断。敏感性分析不等于正式误差传播，故确认未传播。,Xiaoyang Zhang (XZ),Yangqi Ma (YM),2026-07-30,2026-07-30,outputs\ijggc_v2_remaining31_adjudication_2026-07-30\IJGGC_V2_REMAINING31_ADJUDICATION_WORKBOOK.xlsx,remaining31
Tang2022_DLDataAssimilationForecasting,field_evidence_score,0,0,0,independent_exact_agreement_retained,no,"PDF pp. 3–6, synthetic case",,Reviewer and locked coding agreed exactly; the locked value was retained.,Xiaoyang Zhang (XZ),,2026-07-30,,outputs\ijggc_v2_remaining31_adjudication_2026-07-30\IJGGC_V2_REMAINING31_ADJUDICATION_WORKBOOK.xlsx,remaining31
Tang2022_DLDataAssimilationForecasting,physical_consistency_score,3,2,3,author_adjudicated_disagreement,yes,"PDF pp. 9–13, pressure/saturation forecasts and simulator checks","PDF pp. 9–13, pressure/saturation forecasts and simulator checks",全文核查后采纳复核者值“3”。对压力、饱和度和预测响应进行物理模拟比较，计 3 分。该页码证据直接满足本字段判据，作者锁定值“2”未获得更强的全文支持。,Xiaoyang Zhang (XZ),Yangqi Ma (YM),2026-07-30,2026-07-30,outputs\ijggc_v2_remaining31_adjudication_2026-07-30\IJGGC_V2_REMAINING31_ADJUDICATION_WORKBOOK.xlsx,remaining31
Tang2022_DLDataAssimilationForecasting,uncertainty_score,3,2,3,author_adjudicated_disagreement,yes,"PDF pp. 9–13, posterior intervals checked against truth","PDF pp. 9–13, posterior intervals checked against truth",全文核查后采纳复核者值“3”。后验经真值检查，计 3 分。该页码证据直接满足本字段判据，作者锁定值“2”未获得更强的全文支持。,Xiaoyang Zhang (XZ),Yangqi Ma (YM),2026-07-30,2026-07-30,outputs\ijggc_v2_remaining31_adjudication_2026-07-30\IJGGC_V2_REMAINING31_ADJUDICATION_WORKBOOK.xlsx,remaining31
Tang2022_DLDataAssimilationForecasting,transferability_score,3,not_reported,3,author_adjudicated_disagreement,yes,"PDF pp. 3–6 and 9–13, structural model mismatch","PDF pp. 3–6 and 9–13, structural model mismatch",全文核查后采纳复核者值“3”。明确测试结构模型失配，计 3 分。该页码证据直接满足本字段判据，作者锁定值“not_reported”未获得更强的全文支持。,Xiaoyang Zhang (XZ),Yangqi Ma (YM),2026-07-30,2026-07-30,outputs\ijggc_v2_remaining31_adjudication_2026-07-30\IJGGC_V2_REMAINING31_ADJUDICATION_WORKBOOK.xlsx,remaining31
Tang2022_DLDataAssimilationForecasting,decision_readiness_score,2,2,2,independent_exact_agreement_retained,no,"PDF pp. 9–13, data-assimilation update and forecasting",,Reviewer and locked coding agreed exactly; the locked value was retained.,Xiaoyang Zhang (XZ),,2026-07-30,,outputs\ijggc_v2_remaining31_adjudication_2026-07-30\IJGGC_V2_REMAINING31_ADJUDICATION_WORKBOOK.xlsx,remaining31
Tang2024_GNNFaulted,field_validation_category,confirmed_absent,not_reported,confirmed_absent,author_adjudicated_disagreement,yes,"PDF pp. 3–4, governing equations and synthetic models","PDF pp. 3–4, governing equations and synthetic models",全文核查后采纳复核者值“confirmed_absent”。研究使用合成断层储层，没有现场观测验证。该页码证据直接满足本字段判据，作者锁定值“not_reported”未获得更强的全文支持。,Xiaoyang Zhang (XZ),Yangqi Ma (YM),2026-07-30,2026-07-30,outputs\ijggc_v2_remaining31_adjudication_2026-07-30\IJGGC_V2_REMAINING31_ADJUDICATION_WORKBOOK.xlsx,remaining31
Tang2024_GNNFaulted,controlled_release_validation_state,confirmed_absent,not_reported,confirmed_absent,author_adjudicated_disagreement,yes,"PDF pp. 3–8, simulated injection cases","PDF pp. 3–8, simulated injection cases",全文核查后采纳复核者值“confirmed_absent”。注入响应由模拟器生成，不是受控现场数据。该页码证据直接满足本字段判据，作者锁定值“not_reported”未获得更强的全文支持。,Xiaoyang Zhang (XZ),Yangqi Ma (YM),2026-07-30,2026-07-30,outputs\ijggc_v2_remaining31_adjudication_2026-07-30\IJGGC_V2_REMAINING31_ADJUDICATION_WORKBOOK.xlsx,remaining31
Tang2024_GNNFaulted,ood_test_category,legacy_explicit_ood_test,legacy_explicit_ood_test,legacy_explicit_ood_test,independent_exact_agreement_retained,no,"PDF pp. 8–13, unseen meshes, wells, permeability and temporal extrapolation",,Reviewer and locked coding agreed exactly; the locked value was retained.,Xiaoyang Zhang (XZ),,2026-07-30,,outputs\ijggc_v2_remaining31_adjudication_2026-07-30\IJGGC_V2_REMAINING31_ADJUDICATION_WORKBOOK.xlsx,remaining31
Tang2024_GNNFaulted,cross_site_test_state,confirmed_absent,not_reported,confirmed_absent,author_adjudicated_disagreement,yes,"PDF pp. 8–13, simulated geologies only","PDF pp. 8–13, simulated geologies only",全文核查后采纳复核者值“confirmed_absent”。跨地质测试均为模拟，不能视为现场跨场地。该页码证据直接满足本字段判据，作者锁定值“not_reported”未获得更强的全文支持。,Xiaoyang Zhang (XZ),Yangqi Ma (YM),2026-07-30,2026-07-30,outputs\ijggc_v2_remaining31_adjudication_2026-07-30\IJGGC_V2_REMAINING31_ADJUDICATION_WORKBOOK.xlsx,remaining31
Tang2024_GNNFaulted,uncertainty_calibration_category,deterministic_or_confirmed_absent,not_reported,deterministic_or_confirmed_absent,author_adjudicated_disagreement,yes,"PDF pp. 14–17, seed-to-seed error spread","PDF pp. 14–17, seed-to-seed error spread",全文核查后采纳复核者值“deterministic_or_confirmed_absent”。只报告不同随机种子的误差离散性，没有覆盖率或校准。该页码证据直接满足本字段判据，作者锁定值“not_reported”未获得更强的全文支持。,Xiaoyang Zhang (XZ),Yangqi Ma (YM),2026-07-30,2026-07-30,outputs\ijggc_v2_remaining31_adjudication_2026-07-30\IJGGC_V2_REMAINING31_ADJUDICATION_WORKBOOK.xlsx,remaining31
Tang2024_GNNFaulted,surrogate_error_propagation_category,not_applicable,not_reported,not_applicable,author_adjudicated_disagreement,yes,"PDF pp. 8–18, forward GNN surrogate","PDF pp. 8–18, forward GNN surrogate",全文核查后采纳复核者值“not_applicable”。仅做前向流动代理，数据同化尚属未来工作，故误差传播不适用。该页码证据直接满足本字段判据，作者锁定值“not_reported”未获得更强的全文支持。,Xiaoyang Zhang (XZ),Yangqi Ma (YM),2026-07-30,2026-07-30,outputs\ijggc_v2_remaining31_adjudication_2026-07-30\IJGGC_V2_REMAINING31_ADJUDICATION_WORKBOOK.xlsx,remaining31
Tang2024_GNNFaulted,field_evidence_score,0,0,0,independent_exact_agreement_retained,no,"PDF pp. 3–8, synthetic faulted reservoirs",,Reviewer and locked coding agreed exactly; the locked value was retained.,Xiaoyang Zhang (XZ),,2026-07-30,,outputs\ijggc_v2_remaining31_adjudication_2026-07-30\IJGGC_V2_REMAINING31_ADJUDICATION_WORKBOOK.xlsx,remaining31
Tang2024_GNNFaulted,physical_consistency_score,3,2,3,author_adjudicated_disagreement,yes,"PDF pp. 3–4 and 14–17, physics features and field comparisons","PDF pp. 3–4 and 14–17, physics features and field comparisons",全文核查后采纳复核者值“3”。使用物理图特征并比较压力和羽流空间结果，计 3 分。该页码证据直接满足本字段判据，作者锁定值“2”未获得更强的全文支持。,Xiaoyang Zhang (XZ),Yangqi Ma (YM),2026-07-30,2026-07-30,outputs\ijggc_v2_remaining31_adjudication_2026-07-30\IJGGC_V2_REMAINING31_ADJUDICATION_WORKBOOK.xlsx,remaining31
Tang2024_GNNFaulted,uncertainty_score,1,2,1,author_adjudicated_disagreement,yes,"PDF pp. 14–17, uncalibrated run-to-run spread","PDF pp. 14–17, uncalibrated run-to-run spread",全文核查后采纳复核者值“1”。仅有未校准误差离散性，计 1 分。该页码证据直接满足本字段判据，作者锁定值“2”未获得更强的全文支持。,Xiaoyang Zhang (XZ),Yangqi Ma (YM),2026-07-30,2026-07-30,outputs\ijggc_v2_remaining31_adjudication_2026-07-30\IJGGC_V2_REMAINING31_ADJUDICATION_WORKBOOK.xlsx,remaining31
Tang2024_GNNFaulted,transferability_score,3,2,3,author_adjudicated_disagreement,yes,"PDF pp. 8–13, multiple explicit OOD conditions","PDF pp. 8–13, multiple explicit OOD conditions",全文核查后采纳复核者值“3”。多种明确 OOD 地质、边界和控制条件，计 3 分。该页码证据直接满足本字段判据，作者锁定值“2”未获得更强的全文支持。,Xiaoyang Zhang (XZ),Yangqi Ma (YM),2026-07-30,2026-07-30,outputs\ijggc_v2_remaining31_adjudication_2026-07-30\IJGGC_V2_REMAINING31_ADJUDICATION_WORKBOOK.xlsx,remaining31
Tang2024_GNNFaulted,decision_readiness_score,1,1,1,independent_exact_agreement_retained,no,"PDF pp. 14–18, plume forecast; DA future work",,Reviewer and locked coding agreed exactly; the locked value was retained.,Xiaoyang Zhang (XZ),,2026-07-30,,outputs\ijggc_v2_remaining31_adjudication_2026-07-30\IJGGC_V2_REMAINING31_ADJUDICATION_WORKBOOK.xlsx,remaining31
Teng2024_LikelihoodFreeDA,field_validation_category,confirmed_absent,not_reported,confirmed_absent,author_adjudicated_disagreement,yes,"PDF pp. 21–23, Sections 4–4.1, two synthetic true models","PDF pp. 21–23, Sections 4–4.1, two synthetic true models",全文核查后采纳复核者值“confirmed_absent”。两组真值及观测均为合成，没有现场数据比较。该页码证据直接满足本字段判据，作者锁定值“not_reported”未获得更强的全文支持。,Xiaoyang Zhang (XZ),Yangqi Ma (YM),2026-07-30,2026-07-30,outputs\ijggc_v2_remaining31_adjudication_2026-07-30\IJGGC_V2_REMAINING31_ADJUDICATION_WORKBOOK.xlsx,remaining31
Teng2024_LikelihoodFreeDA,controlled_release_validation_state,confirmed_absent,not_reported,confirmed_absent,author_adjudicated_disagreement,yes,"PDF pp. 21–23, synthetic observations with Gaussian noise","PDF pp. 21–23, synthetic observations with Gaussian noise",全文核查后采纳复核者值“confirmed_absent”。观测由代理预测加高斯噪声生成，不是实际受控释放。该页码证据直接满足本字段判据，作者锁定值“not_reported”未获得更强的全文支持。,Xiaoyang Zhang (XZ),Yangqi Ma (YM),2026-07-30,2026-07-30,outputs\ijggc_v2_remaining31_adjudication_2026-07-30\IJGGC_V2_REMAINING31_ADJUDICATION_WORKBOOK.xlsx,remaining31
Teng2024_LikelihoodFreeDA,ood_test_category,confirmed_absent,not_reported,confirmed_absent,author_adjudicated_disagreement,yes,"PDF pp. 9–12, surrogate interpolation; pp. 22–23, truths sampled from hyperpriors","PDF pp. 9–12, surrogate interpolation; pp. 22–23, truths sampled from hyperpriors",全文核查后采纳复核者值“confirmed_absent”。真值由超先验抽样且代理执行插值，未明确测试训练分布外条件。该页码证据直接满足本字段判据，作者锁定值“not_reported”未获得更强的全文支持。,Xiaoyang Zhang (XZ),Yangqi Ma (YM),2026-07-30,2026-07-30,outputs\ijggc_v2_remaining31_adjudication_2026-07-30\IJGGC_V2_REMAINING31_ADJUDICATION_WORKBOOK.xlsx,remaining31
Teng2024_LikelihoodFreeDA,cross_site_test_state,confirmed_absent,not_reported,confirmed_absent,author_adjudicated_disagreement,yes,"PDF pp. 21–23, one synthetic storage setting","PDF pp. 21–23, one synthetic storage setting",全文核查后采纳复核者值“confirmed_absent”。仅一个合成储存模型，没有另一现场。该页码证据直接满足本字段判据，作者锁定值“not_reported”未获得更强的全文支持。,Xiaoyang Zhang (XZ),Yangqi Ma (YM),2026-07-30,2026-07-30,outputs\ijggc_v2_remaining31_adjudication_2026-07-30\IJGGC_V2_REMAINING31_ADJUDICATION_WORKBOOK.xlsx,remaining31
Teng2024_LikelihoodFreeDA,uncertainty_calibration_category,calibrated_or_posterior_checked,unclear,calibrated_or_posterior_checked,author_adjudicated_disagreement,yes,"PDF pp. 23–40, posterior distributions, JS divergence, truth and RS comparisons","PDF pp. 23–40, posterior distributions, JS divergence, truth and RS comparisons",全文核查后采纳复核者值“calibrated_or_posterior_checked”。后验分布同真值、参考拒绝采样和 JS 散度比较，属于充分后验检查。该页码证据直接满足本字段判据，作者锁定值“unclear”未获得更强的全文支持。,Xiaoyang Zhang (XZ),Yangqi Ma (YM),2026-07-30,2026-07-30,outputs\ijggc_v2_remaining31_adjudication_2026-07-30\IJGGC_V2_REMAINING31_ADJUDICATION_WORKBOOK.xlsx,remaining31
Teng2024_LikelihoodFreeDA,surrogate_error_propagation_category,confirmed_absent,unclear,confirmed_absent,author_adjudicated_disagreement,yes,"PDF pp. 9–12, surrogate errors; p. 10, additional model error not included; pp. 23–40, DA","PDF pp. 9–12, surrogate errors; p. 10, additional model error not included; pp. 23–40, DA",全文核查后采纳复核者值“confirmed_absent”。论文指出额外代理模型误差可以另行计入，但本研究未计入数据同化协方差。该页码证据直接满足本字段判据，作者锁定值“unclear”未获得更强的全文支持。,Xiaoyang Zhang (XZ),Yangqi Ma (YM),2026-07-30,2026-07-30,outputs\ijggc_v2_remaining31_adjudication_2026-07-30\IJGGC_V2_REMAINING31_ADJUDICATION_WORKBOOK.xlsx,remaining31
Teng2024_LikelihoodFreeDA,field_evidence_score,0,0,0,independent_exact_agreement_retained,no,"PDF pp. 21–23, synthetic true models",,Reviewer and locked coding agreed exactly; the locked value was retained.,Xiaoyang Zhang (XZ),,2026-07-30,,outputs\ijggc_v2_remaining31_adjudication_2026-07-30\IJGGC_V2_REMAINING31_ADJUDICATION_WORKBOOK.xlsx,remaining31
Teng2024_LikelihoodFreeDA,physical_consistency_score,3,2,3,author_adjudicated_disagreement,yes,"PDF pp. 9–12 and 29–40, ECLIPSE and posterior comparisons","PDF pp. 9–12 and 29–40, ECLIPSE and posterior comparisons",全文核查后采纳复核者值“3”。代理同 ECLIPSE 以及后验压力、饱和度场均有系统比较，计 3 分。该页码证据直接满足本字段判据，作者锁定值“2”未获得更强的全文支持。,Xiaoyang Zhang (XZ),Yangqi Ma (YM),2026-07-30,2026-07-30,outputs\ijggc_v2_remaining31_adjudication_2026-07-30\IJGGC_V2_REMAINING31_ADJUDICATION_WORKBOOK.xlsx,remaining31
Teng2024_LikelihoodFreeDA,uncertainty_score,3,2,3,author_adjudicated_disagreement,yes,"PDF pp. 23–40, posterior checked against truth and reference RS","PDF pp. 23–40, posterior checked against truth and reference RS",全文核查后采纳复核者值“3”。后验经过真值和参考采样检查，计 3 分。该页码证据直接满足本字段判据，作者锁定值“2”未获得更强的全文支持。,Xiaoyang Zhang (XZ),Yangqi Ma (YM),2026-07-30,2026-07-30,outputs\ijggc_v2_remaining31_adjudication_2026-07-30\IJGGC_V2_REMAINING31_ADJUDICATION_WORKBOOK.xlsx,remaining31
Teng2024_LikelihoodFreeDA,transferability_score,0,not_reported,0,author_adjudicated_disagreement,yes,"PDF pp. 9–12 and 21–23, same hyperprior domain","PDF pp. 9–12 and 21–23, same hyperprior domain",全文核查后采纳复核者值“0”。测试仍在同一超先验域，计 0 分。该页码证据直接满足本字段判据，作者锁定值“not_reported”未获得更强的全文支持。,Xiaoyang Zhang (XZ),Yangqi Ma (YM),2026-07-30,2026-07-30,outputs\ijggc_v2_remaining31_adjudication_2026-07-30\IJGGC_V2_REMAINING31_ADJUDICATION_WORKBOOK.xlsx,remaining31
Teng2024_LikelihoodFreeDA,decision_readiness_score,2,2,2,independent_exact_agreement_retained,no,"PDF pp. 29–40, history matching and uncertainty reduction",,Reviewer and locked coding agreed exactly; the locked value was retained.,Xiaoyang Zhang (XZ),,2026-07-30,,outputs\ijggc_v2_remaining31_adjudication_2026-07-30\IJGGC_V2_REMAINING31_ADJUDICATION_WORKBOOK.xlsx,remaining31
VoThanh2026_DigitalTwinGNN,field_validation_category,confirmed_absent,confirmed_absent,confirmed_absent,independent_exact_agreement_retained,no,"PDF pp. 4–6, simulation-enhanced THMC scenarios",,Reviewer and locked coding agreed exactly; the locked value was retained.,Xiaoyang Zhang (XZ),,2026-07-30,,outputs\ijggc_v2_remaining31_adjudication_2026-07-30\IJGGC_V2_REMAINING31_ADJUDICATION_WORKBOOK.xlsx,remaining31
VoThanh2026_DigitalTwinGNN,controlled_release_validation_state,confirmed_absent,confirmed_absent,confirmed_absent,independent_exact_agreement_retained,no,"PDF pp. 4–6, simulated 25-year injection and 75-year monitoring",,Reviewer and locked coding agreed exactly; the locked value was retained.,Xiaoyang Zhang (XZ),,2026-07-30,,outputs\ijggc_v2_remaining31_adjudication_2026-07-30\IJGGC_V2_REMAINING31_ADJUDICATION_WORKBOOK.xlsx,remaining31
VoThanh2026_DigitalTwinGNN,ood_test_category,legacy_explicit_ood_test,not_reported,legacy_explicit_ood_test,author_adjudicated_disagreement,yes,"PDF p. 6, three fully held-out geological realizations; pp. 13 and 21–22, tests","PDF p. 6, three fully held-out geological realizations; pp. 13 and 21–22, tests",全文核查后采纳复核者值“legacy_explicit_ood_test”。三个地质实现完整留出并仅用于最终测试，论文明确称为 unseen geology，属于 OOD。该页码证据直接满足本字段判据，作者锁定值“not_reported”未获得更强的全文支持。,Xiaoyang Zhang (XZ),Yangqi Ma (YM),2026-07-30,2026-07-30,outputs\ijggc_v2_remaining31_adjudication_2026-07-30\IJGGC_V2_REMAINING31_ADJUDICATION_WORKBOOK.xlsx,remaining31
VoThanh2026_DigitalTwinGNN,cross_site_test_state,confirmed_absent,confirmed_absent,confirmed_absent,independent_exact_agreement_retained,no,"PDF pp. 4–6 and 21–22, simulated realizations rather than field sites",,Reviewer and locked coding agreed exactly; the locked value was retained.,Xiaoyang Zhang (XZ),,2026-07-30,,outputs\ijggc_v2_remaining31_adjudication_2026-07-30\IJGGC_V2_REMAINING31_ADJUDICATION_WORKBOOK.xlsx,remaining31
VoThanh2026_DigitalTwinGNN,uncertainty_calibration_category,calibrated_or_posterior_checked,legacy_uncertainty_calibration_or_posterior_check,calibrated_or_posterior_checked,author_adjudicated_disagreement,yes,"PDF pp. 10 and 17–23, P10–P90 coverage, reliability and spread–skill","PDF pp. 10 and 17–23, P10–P90 coverage, reliability and spread–skill",全文核查后采纳复核者值“calibrated_or_posterior_checked”。报告 P10–P90 经验覆盖率、可靠性图和 spread–skill 关系，符合校准检查。该页码证据直接满足本字段判据，作者锁定值“legacy_uncertainty_calibration_or_posterior_check”未获得更强的全文支持。,Xiaoyang Zhang (XZ),Yangqi Ma (YM),2026-07-30,2026-07-30,outputs\ijggc_v2_remaining31_adjudication_2026-07-30\IJGGC_V2_REMAINING31_ADJUDICATION_WORKBOOK.xlsx,remaining31
VoThanh2026_DigitalTwinGNN,surrogate_error_propagation_category,not_applicable,not_reported,not_applicable,author_adjudicated_disagreement,yes,"PDF pp. 18–27, screening forecasts; p. 27, optimization as future work","PDF pp. 18–27, screening forecasts; p. 27, optimization as future work",全文核查后采纳复核者值“not_applicable”。当前仅将集合用于筛选预测；进入井位、注入控制优化被列为未来工作，故误差传播不适用。该页码证据直接满足本字段判据，作者锁定值“not_reported”未获得更强的全文支持。,Xiaoyang Zhang (XZ),Yangqi Ma (YM),2026-07-30,2026-07-30,outputs\ijggc_v2_remaining31_adjudication_2026-07-30\IJGGC_V2_REMAINING31_ADJUDICATION_WORKBOOK.xlsx,remaining31
VoThanh2026_DigitalTwinGNN,field_evidence_score,0,0,0,independent_exact_agreement_retained,no,"PDF pp. 4–6, simulation-enhanced scenarios",,Reviewer and locked coding agreed exactly; the locked value was retained.,Xiaoyang Zhang (XZ),,2026-07-30,,outputs\ijggc_v2_remaining31_adjudication_2026-07-30\IJGGC_V2_REMAINING31_ADJUDICATION_WORKBOOK.xlsx,remaining31
VoThanh2026_DigitalTwinGNN,physical_consistency_score,3,3,3,independent_exact_agreement_retained,no,"PDF pp. 11–22, gas saturation, pH and subsidence compared with THMC truth",,Reviewer and locked coding agreed exactly; the locked value was retained.,Xiaoyang Zhang (XZ),,2026-07-30,,outputs\ijggc_v2_remaining31_adjudication_2026-07-30\IJGGC_V2_REMAINING31_ADJUDICATION_WORKBOOK.xlsx,remaining31
VoThanh2026_DigitalTwinGNN,uncertainty_score,3,3,3,independent_exact_agreement_retained,no,"PDF pp. 10 and 17–23, calibrated intervals and reliability diagnostics",,Reviewer and locked coding agreed exactly; the locked value was retained.,Xiaoyang Zhang (XZ),,2026-07-30,,outputs\ijggc_v2_remaining31_adjudication_2026-07-30\IJGGC_V2_REMAINING31_ADJUDICATION_WORKBOOK.xlsx,remaining31
VoThanh2026_DigitalTwinGNN,transferability_score,3,2,3,author_adjudicated_disagreement,yes,"PDF pp. 6, 13 and 21–22, held-out geology","PDF pp. 6, 13 and 21–22, held-out geology",全文核查后采纳复核者值“3”。完整留出不同地质实现，计 3 分。该页码证据直接满足本字段判据，作者锁定值“2”未获得更强的全文支持。,Xiaoyang Zhang (XZ),Yangqi Ma (YM),2026-07-30,2026-07-30,outputs\ijggc_v2_remaining31_adjudication_2026-07-30\IJGGC_V2_REMAINING31_ADJUDICATION_WORKBOOK.xlsx,remaining31
VoThanh2026_DigitalTwinGNN,decision_readiness_score,2,2,2,independent_exact_agreement_retained,no,"PDF pp. 18–27, risk localization and screening forecasts",,Reviewer and locked coding agreed exactly; the locked value was retained.,Xiaoyang Zhang (XZ),,2026-07-30,,outputs\ijggc_v2_remaining31_adjudication_2026-07-30\IJGGC_V2_REMAINING31_ADJUDICATION_WORKBOOK.xlsx,remaining31
Wen2021_PlumeDNN,field_validation_category,confirmed_absent,not_reported,confirmed_absent,author_adjudicated_disagreement,yes,"PDF pp. 4–8, ECLIPSE/SGeMS synthetic dataset","PDF pp. 4–8, ECLIPSE/SGeMS synthetic dataset",全文核查后采纳复核者值“confirmed_absent”。训练和测试全部来自 ECLIPSE 与 SGeMS 合成数据，没有现场比较。该页码证据直接满足本字段判据，作者锁定值“not_reported”未获得更强的全文支持。,Xiaoyang Zhang (XZ),Yangqi Ma (YM),2026-07-30,2026-07-30,outputs\ijggc_v2_remaining31_adjudication_2026-07-30\IJGGC_V2_REMAINING31_ADJUDICATION_WORKBOOK.xlsx,remaining31
Wen2021_PlumeDNN,controlled_release_validation_state,confirmed_absent,not_reported,confirmed_absent,author_adjudicated_disagreement,yes,"PDF pp. 4–8, simulated injection cases","PDF pp. 4–8, simulated injection cases",全文核查后采纳复核者值“confirmed_absent”。注入率、时长与井段均为模拟输入。该页码证据直接满足本字段判据，作者锁定值“not_reported”未获得更强的全文支持。,Xiaoyang Zhang (XZ),Yangqi Ma (YM),2026-07-30,2026-07-30,outputs\ijggc_v2_remaining31_adjudication_2026-07-30\IJGGC_V2_REMAINING31_ADJUDICATION_WORKBOOK.xlsx,remaining31
Wen2021_PlumeDNN,ood_test_category,legacy_explicit_ood_test,legacy_explicit_ood_test,legacy_explicit_ood_test,independent_exact_agreement_retained,no,"PDF pp. 16–19, injection-duration extrapolation and unseen multi-perforation pattern",,Reviewer and locked coding agreed exactly; the locked value was retained.,Xiaoyang Zhang (XZ),,2026-07-30,,outputs\ijggc_v2_remaining31_adjudication_2026-07-30\IJGGC_V2_REMAINING31_ADJUDICATION_WORKBOOK.xlsx,remaining31
Wen2021_PlumeDNN,cross_site_test_state,confirmed_absent,not_reported,confirmed_absent,author_adjudicated_disagreement,yes,"PDF pp. 4–20, synthetic domains only","PDF pp. 4–20, synthetic domains only",全文核查后采纳复核者值“confirmed_absent”。任务域变化仍为模拟，不是现场跨场地验证。该页码证据直接满足本字段判据，作者锁定值“not_reported”未获得更强的全文支持。,Xiaoyang Zhang (XZ),Yangqi Ma (YM),2026-07-30,2026-07-30,outputs\ijggc_v2_remaining31_adjudication_2026-07-30\IJGGC_V2_REMAINING31_ADJUDICATION_WORKBOOK.xlsx,remaining31
Wen2021_PlumeDNN,uncertainty_calibration_category,deterministic_or_confirmed_absent,not_reported,deterministic_or_confirmed_absent,author_adjudicated_disagreement,yes,"PDF pp. 11–20, deterministic error metrics","PDF pp. 11–20, deterministic error metrics",全文核查后采纳复核者值“deterministic_or_confirmed_absent”。只报告确定性误差，无区间校准或后验检查。该页码证据直接满足本字段判据，作者锁定值“not_reported”未获得更强的全文支持。,Xiaoyang Zhang (XZ),Yangqi Ma (YM),2026-07-30,2026-07-30,outputs\ijggc_v2_remaining31_adjudication_2026-07-30\IJGGC_V2_REMAINING31_ADJUDICATION_WORKBOOK.xlsx,remaining31
Wen2021_PlumeDNN,surrogate_error_propagation_category,not_applicable,not_reported,not_applicable,author_adjudicated_disagreement,yes,"PDF pp. 11–20, forward plume surrogate","PDF pp. 11–20, forward plume surrogate",全文核查后采纳复核者值“not_applicable”。仅做前向羽流代理，没有下游误差传播对象，记为不适用。该页码证据直接满足本字段判据，作者锁定值“not_reported”未获得更强的全文支持。,Xiaoyang Zhang (XZ),Yangqi Ma (YM),2026-07-30,2026-07-30,outputs\ijggc_v2_remaining31_adjudication_2026-07-30\IJGGC_V2_REMAINING31_ADJUDICATION_WORKBOOK.xlsx,remaining31
Wen2021_PlumeDNN,field_evidence_score,0,0,0,independent_exact_agreement_retained,no,"PDF pp. 4–8, synthetic multiphase-flow data",,Reviewer and locked coding agreed exactly; the locked value was retained.,Xiaoyang Zhang (XZ),,2026-07-30,,outputs\ijggc_v2_remaining31_adjudication_2026-07-30\IJGGC_V2_REMAINING31_ADJUDICATION_WORKBOOK.xlsx,remaining31
Wen2021_PlumeDNN,physical_consistency_score,3,2,3,author_adjudicated_disagreement,yes,"PDF pp. 4–5 and 11–20, full-physics saturation comparisons","PDF pp. 4–5 and 11–20, full-physics saturation comparisons",全文核查后采纳复核者值“3”。模型同全物理多相流模拟器逐图比较羽流，计 3 分。该页码证据直接满足本字段判据，作者锁定值“2”未获得更强的全文支持。,Xiaoyang Zhang (XZ),Yangqi Ma (YM),2026-07-30,2026-07-30,outputs\ijggc_v2_remaining31_adjudication_2026-07-30\IJGGC_V2_REMAINING31_ADJUDICATION_WORKBOOK.xlsx,remaining31
Wen2021_PlumeDNN,uncertainty_score,0,2,0,author_adjudicated_disagreement,yes,"PDF pp. 11–20, point predictions only","PDF pp. 11–20, point predictions only",全文核查后采纳复核者值“0”。无 UQ，计 0 分。该页码证据直接满足本字段判据，作者锁定值“2”未获得更强的全文支持。,Xiaoyang Zhang (XZ),Yangqi Ma (YM),2026-07-30,2026-07-30,outputs\ijggc_v2_remaining31_adjudication_2026-07-30\IJGGC_V2_REMAINING31_ADJUDICATION_WORKBOOK.xlsx,remaining31
Wen2021_PlumeDNN,transferability_score,3,2,3,author_adjudicated_disagreement,yes,"PDF pp. 16–19, explicit extrapolation and domain shift","PDF pp. 16–19, explicit extrapolation and domain shift",全文核查后采纳复核者值“3”。明确测试注入时长外推和井控域变化，计 3 分。该页码证据直接满足本字段判据，作者锁定值“2”未获得更强的全文支持。,Xiaoyang Zhang (XZ),Yangqi Ma (YM),2026-07-30,2026-07-30,outputs\ijggc_v2_remaining31_adjudication_2026-07-30\IJGGC_V2_REMAINING31_ADJUDICATION_WORKBOOK.xlsx,remaining31
Wen2021_PlumeDNN,decision_readiness_score,2,1,2,author_adjudicated_disagreement,yes,"PDF pp. 16–21, injection controls and plume forecasts","PDF pp. 16–21, injection controls and plume forecasts",全文核查后采纳复核者值“2”。输入含注入率、时长和井段，输出可支持方案比较，但无决策阈值，计 2 分。该页码证据直接满足本字段判据，作者锁定值“1”未获得更强的全文支持。,Xiaoyang Zhang (XZ),Yangqi Ma (YM),2026-07-30,2026-07-30,outputs\ijggc_v2_remaining31_adjudication_2026-07-30\IJGGC_V2_REMAINING31_ADJUDICATION_WORKBOOK.xlsx,remaining31
Wen2022_UFNO,field_validation_category,confirmed_absent,not_reported,confirmed_absent,author_adjudicated_disagreement,yes,"PDF pp. 4–8, ECLIPSE synthetic dataset","PDF pp. 4–8, ECLIPSE synthetic dataset",全文核查后采纳复核者值“confirmed_absent”。数据完全来自 ECLIPSE 模拟，没有现场观测评价。该页码证据直接满足本字段判据，作者锁定值“not_reported”未获得更强的全文支持。,Xiaoyang Zhang (XZ),Yangqi Ma (YM),2026-07-30,2026-07-30,outputs\ijggc_v2_remaining31_adjudication_2026-07-30\IJGGC_V2_REMAINING31_ADJUDICATION_WORKBOOK.xlsx,remaining31
Wen2022_UFNO,controlled_release_validation_state,confirmed_absent,not_reported,confirmed_absent,author_adjudicated_disagreement,yes,"PDF pp. 4–8, simulated injection inputs","PDF pp. 4–8, simulated injection inputs",全文核查后采纳复核者值“confirmed_absent”。没有实际计划注入或受控释放数据。该页码证据直接满足本字段判据，作者锁定值“not_reported”未获得更强的全文支持。,Xiaoyang Zhang (XZ),Yangqi Ma (YM),2026-07-30,2026-07-30,outputs\ijggc_v2_remaining31_adjudication_2026-07-30\IJGGC_V2_REMAINING31_ADJUDICATION_WORKBOOK.xlsx,remaining31
Wen2022_UFNO,ood_test_category,legacy_explicit_ood_test,not_reported,legacy_explicit_ood_test,author_adjudicated_disagreement,yes,"PDF pp. 20–21, 50 new samples at unseen temporal resolution","PDF pp. 20–21, 50 new samples at unseen temporal resolution",全文核查后采纳复核者值“legacy_explicit_ood_test”。在训练未用的 48 时间步分辨率上生成 50 个新样本测试，属于明确未见离散化条件。该页码证据直接满足本字段判据，作者锁定值“not_reported”未获得更强的全文支持。,Xiaoyang Zhang (XZ),Yangqi Ma (YM),2026-07-30,2026-07-30,outputs\ijggc_v2_remaining31_adjudication_2026-07-30\IJGGC_V2_REMAINING31_ADJUDICATION_WORKBOOK.xlsx,remaining31
Wen2022_UFNO,cross_site_test_state,confirmed_absent,not_reported,confirmed_absent,author_adjudicated_disagreement,yes,"PDF pp. 4–22, synthetic cases only","PDF pp. 4–22, synthetic cases only",全文核查后采纳复核者值“confirmed_absent”。所有案例为模拟，不是跨现场验证。该页码证据直接满足本字段判据，作者锁定值“not_reported”未获得更强的全文支持。,Xiaoyang Zhang (XZ),Yangqi Ma (YM),2026-07-30,2026-07-30,outputs\ijggc_v2_remaining31_adjudication_2026-07-30\IJGGC_V2_REMAINING31_ADJUDICATION_WORKBOOK.xlsx,remaining31
Wen2022_UFNO,uncertainty_calibration_category,deterministic_or_confirmed_absent,not_reported,deterministic_or_confirmed_absent,author_adjudicated_disagreement,yes,"PDF pp. 13–22, deterministic metrics and scatter bands","PDF pp. 13–22, deterministic metrics and scatter bands",全文核查后采纳复核者值“deterministic_or_confirmed_absent”。散点图的 95% 带不是经验覆盖率校准，全文无模型不确定性检查。该页码证据直接满足本字段判据，作者锁定值“not_reported”未获得更强的全文支持。,Xiaoyang Zhang (XZ),Yangqi Ma (YM),2026-07-30,2026-07-30,outputs\ijggc_v2_remaining31_adjudication_2026-07-30\IJGGC_V2_REMAINING31_ADJUDICATION_WORKBOOK.xlsx,remaining31
Wen2022_UFNO,surrogate_error_propagation_category,not_applicable,not_reported,not_applicable,author_adjudicated_disagreement,yes,"PDF pp. 13–22, forward U–FNO surrogate","PDF pp. 13–22, forward U–FNO surrogate",全文核查后采纳复核者值“not_applicable”。研究为前向 U–FNO 预测，没有下游传播环节，记为不适用。该页码证据直接满足本字段判据，作者锁定值“not_reported”未获得更强的全文支持。,Xiaoyang Zhang (XZ),Yangqi Ma (YM),2026-07-30,2026-07-30,outputs\ijggc_v2_remaining31_adjudication_2026-07-30\IJGGC_V2_REMAINING31_ADJUDICATION_WORKBOOK.xlsx,remaining31
Wen2022_UFNO,field_evidence_score,0,0,0,independent_exact_agreement_retained,no,"PDF pp. 4–8, synthetic benchmark",,Reviewer and locked coding agreed exactly; the locked value was retained.,Xiaoyang Zhang (XZ),,2026-07-30,,outputs\ijggc_v2_remaining31_adjudication_2026-07-30\IJGGC_V2_REMAINING31_ADJUDICATION_WORKBOOK.xlsx,remaining31
Wen2022_UFNO,physical_consistency_score,3,not_reported,3,author_adjudicated_disagreement,yes,"PDF pp. 14–19, saturation/pressure maps and front errors","PDF pp. 14–19, saturation/pressure maps and front errors",全文核查后采纳复核者值“3”。检查饱和度、压力场及前缘位置误差，计 3 分。该页码证据直接满足本字段判据，作者锁定值“not_reported”未获得更强的全文支持。,Xiaoyang Zhang (XZ),Yangqi Ma (YM),2026-07-30,2026-07-30,outputs\ijggc_v2_remaining31_adjudication_2026-07-30\IJGGC_V2_REMAINING31_ADJUDICATION_WORKBOOK.xlsx,remaining31
Wen2022_UFNO,uncertainty_score,0,not_reported,0,author_adjudicated_disagreement,yes,"PDF pp. 13–22, no calibrated UQ","PDF pp. 13–22, no calibrated UQ",全文核查后采纳复核者值“0”。无校准 UQ，计 0 分。该页码证据直接满足本字段判据，作者锁定值“not_reported”未获得更强的全文支持。,Xiaoyang Zhang (XZ),Yangqi Ma (YM),2026-07-30,2026-07-30,outputs\ijggc_v2_remaining31_adjudication_2026-07-30\IJGGC_V2_REMAINING31_ADJUDICATION_WORKBOOK.xlsx,remaining31
Wen2022_UFNO,transferability_score,2,not_reported,2,author_adjudicated_disagreement,yes,"PDF pp. 20–21, unseen time-grid resolution","PDF pp. 20–21, unseen time-grid resolution",全文核查后采纳复核者值“2”。测试未见时间分辨率，属于有限的未见范围证据，计 2 分。该页码证据直接满足本字段判据，作者锁定值“not_reported”未获得更强的全文支持。,Xiaoyang Zhang (XZ),Yangqi Ma (YM),2026-07-30,2026-07-30,outputs\ijggc_v2_remaining31_adjudication_2026-07-30\IJGGC_V2_REMAINING31_ADJUDICATION_WORKBOOK.xlsx,remaining31
Wen2022_UFNO,decision_readiness_score,2,not_reported,2,author_adjudicated_disagreement,yes,"PDF pp. 17–19, saturation and pressure-front thresholds","PDF pp. 17–19, saturation and pressure-front thresholds",全文核查后采纳复核者值“2”。前缘采用 0.01 饱和度和 0.5 bar 压力阈值并关联监管，但无不确定性，计 2 分。该页码证据直接满足本字段判据，作者锁定值“not_reported”未获得更强的全文支持。,Xiaoyang Zhang (XZ),Yangqi Ma (YM),2026-07-30,2026-07-30,outputs\ijggc_v2_remaining31_adjudication_2026-07-30\IJGGC_V2_REMAINING31_ADJUDICATION_WORKBOOK.xlsx,remaining31
Witte2023_WNO,field_validation_category,confirmed_absent,not_reported,confirmed_absent,author_adjudicated_disagreement,yes,"PDF pp. 8–11, Sleipner benchmark-derived simulation dataset","PDF pp. 8–11, Sleipner benchmark-derived simulation dataset",全文核查后采纳复核者值“confirmed_absent”。Sleipner 基准模拟旨在类比真实羽流，但 ML 只同 OPM 模拟输出比较。该页码证据直接满足本字段判据，作者锁定值“not_reported”未获得更强的全文支持。,Xiaoyang Zhang (XZ),Yangqi Ma (YM),2026-07-30,2026-07-30,outputs\ijggc_v2_remaining31_adjudication_2026-07-30\IJGGC_V2_REMAINING31_ADJUDICATION_WORKBOOK.xlsx,remaining31
Witte2023_WNO,controlled_release_validation_state,confirmed_absent,not_reported,confirmed_absent,author_adjudicated_disagreement,yes,"PDF pp. 8–9, simulated feeders and injection","PDF pp. 8–9, simulated feeders and injection",全文核查后采纳复核者值“confirmed_absent”。竖向通道和注入过程均为模拟，不是现场计划注入观测。该页码证据直接满足本字段判据，作者锁定值“not_reported”未获得更强的全文支持。,Xiaoyang Zhang (XZ),Yangqi Ma (YM),2026-07-30,2026-07-30,outputs\ijggc_v2_remaining31_adjudication_2026-07-30\IJGGC_V2_REMAINING31_ADJUDICATION_WORKBOOK.xlsx,remaining31
Witte2023_WNO,ood_test_category,confirmed_absent,unclear,confirmed_absent,author_adjudicated_disagreement,yes,"PDF pp. 9–11, random permutations and ordinary test set","PDF pp. 9–11, random permutations and ordinary test set",全文核查后采纳复核者值“confirmed_absent”。测试集来自原模型随机置换的同一生成机制，普通留出不算 OOD。该页码证据直接满足本字段判据，作者锁定值“unclear”未获得更强的全文支持。,Xiaoyang Zhang (XZ),Yangqi Ma (YM),2026-07-30,2026-07-30,outputs\ijggc_v2_remaining31_adjudication_2026-07-30\IJGGC_V2_REMAINING31_ADJUDICATION_WORKBOOK.xlsx,remaining31
Witte2023_WNO,cross_site_test_state,confirmed_absent,not_reported,confirmed_absent,author_adjudicated_disagreement,yes,"PDF pp. 8–11, single Sleipner benchmark model family","PDF pp. 8–11, single Sleipner benchmark model family",全文核查后采纳复核者值“confirmed_absent”。只使用一个 Sleipner 基准模型族，没有另一现场。该页码证据直接满足本字段判据，作者锁定值“not_reported”未获得更强的全文支持。,Xiaoyang Zhang (XZ),Yangqi Ma (YM),2026-07-30,2026-07-30,outputs\ijggc_v2_remaining31_adjudication_2026-07-30\IJGGC_V2_REMAINING31_ADJUDICATION_WORKBOOK.xlsx,remaining31
Witte2023_WNO,uncertainty_calibration_category,deterministic_or_confirmed_absent,not_reported,deterministic_or_confirmed_absent,author_adjudicated_disagreement,yes,"PDF pp. 10–13, deterministic SNR and runtime metrics","PDF pp. 10–13, deterministic SNR and runtime metrics",全文核查后采纳复核者值“deterministic_or_confirmed_absent”。仅报告确定性 SNR 和速度，没有校准或后验检查。该页码证据直接满足本字段判据，作者锁定值“not_reported”未获得更强的全文支持。,Xiaoyang Zhang (XZ),Yangqi Ma (YM),2026-07-30,2026-07-30,outputs\ijggc_v2_remaining31_adjudication_2026-07-30\IJGGC_V2_REMAINING31_ADJUDICATION_WORKBOOK.xlsx,remaining31
Witte2023_WNO,surrogate_error_propagation_category,not_applicable,not_reported,not_applicable,author_adjudicated_disagreement,yes,"PDF pp. 10–14, forward saturation surrogate","PDF pp. 10–14, forward saturation surrogate",全文核查后采纳复核者值“not_applicable”。仅做前向饱和度代理，没有下游误差传播，记为不适用。该页码证据直接满足本字段判据，作者锁定值“not_reported”未获得更强的全文支持。,Xiaoyang Zhang (XZ),Yangqi Ma (YM),2026-07-30,2026-07-30,outputs\ijggc_v2_remaining31_adjudication_2026-07-30\IJGGC_V2_REMAINING31_ADJUDICATION_WORKBOOK.xlsx,remaining31
Witte2023_WNO,field_evidence_score,1,1,1,independent_exact_agreement_retained,no,"PDF pp. 8–11, real-world benchmark but simulated labels",,Reviewer and locked coding agreed exactly; the locked value was retained.,Xiaoyang Zhang (XZ),,2026-07-30,,outputs\ijggc_v2_remaining31_adjudication_2026-07-30\IJGGC_V2_REMAINING31_ADJUDICATION_WORKBOOK.xlsx,remaining31
Witte2023_WNO,physical_consistency_score,3,1,3,author_adjudicated_disagreement,yes,"PDF pp. 5–6 and 10–11, mass-balance physics and OPM saturation comparisons","PDF pp. 5–6 and 10–11, mass-balance physics and OPM saturation comparisons",全文核查后采纳复核者值“3”。由守恒多相流模拟器生成并逐场比较饱和度历史，计 3 分。该页码证据直接满足本字段判据，作者锁定值“1”未获得更强的全文支持。,Xiaoyang Zhang (XZ),Yangqi Ma (YM),2026-07-30,2026-07-30,outputs\ijggc_v2_remaining31_adjudication_2026-07-30\IJGGC_V2_REMAINING31_ADJUDICATION_WORKBOOK.xlsx,remaining31
Witte2023_WNO,uncertainty_score,0,not_reported,0,author_adjudicated_disagreement,yes,"PDF pp. 10–13, no UQ","PDF pp. 10–13, no UQ",全文核查后采纳复核者值“0”。无 UQ，计 0 分。该页码证据直接满足本字段判据，作者锁定值“not_reported”未获得更强的全文支持。,Xiaoyang Zhang (XZ),Yangqi Ma (YM),2026-07-30,2026-07-30,outputs\ijggc_v2_remaining31_adjudication_2026-07-30\IJGGC_V2_REMAINING31_ADJUDICATION_WORKBOOK.xlsx,remaining31
Witte2023_WNO,transferability_score,0,not_reported,0,author_adjudicated_disagreement,yes,"PDF pp. 9–11, same-distribution random permutations","PDF pp. 9–11, same-distribution random permutations",全文核查后采纳复核者值“0”。同分布随机置换测试，计 0 分。该页码证据直接满足本字段判据，作者锁定值“not_reported”未获得更强的全文支持。,Xiaoyang Zhang (XZ),Yangqi Ma (YM),2026-07-30,2026-07-30,outputs\ijggc_v2_remaining31_adjudication_2026-07-30\IJGGC_V2_REMAINING31_ADJUDICATION_WORKBOOK.xlsx,remaining31
Witte2023_WNO,decision_readiness_score,1,1,1,independent_exact_agreement_retained,no,"PDF pp. 10–14, saturation-history prediction",,Reviewer and locked coding agreed exactly; the locked value was retained.,Xiaoyang Zhang (XZ),,2026-07-30,,outputs\ijggc_v2_remaining31_adjudication_2026-07-30\IJGGC_V2_REMAINING31_ADJUDICATION_WORKBOOK.xlsx,remaining31
Yan2021_RobustDLWorkflow,field_validation_category,confirmed_absent,not_reported,confirmed_absent,author_adjudicated_disagreement,yes,"PDF pp. 5–7, numerical 3D saline-aquifer experiment","PDF pp. 5–7, numerical 3D saline-aquifer experiment",全文核查后采纳复核者值“confirmed_absent”。论文明确为数值实验，未与现场观测比较。该页码证据直接满足本字段判据，作者锁定值“not_reported”未获得更强的全文支持。,Xiaoyang Zhang (XZ),Yangqi Ma (YM),2026-07-30,2026-07-30,outputs\ijggc_v2_remaining31_adjudication_2026-07-30\IJGGC_V2_REMAINING31_ADJUDICATION_WORKBOOK.xlsx,remaining31
Yan2021_RobustDLWorkflow,controlled_release_validation_state,confirmed_absent,not_reported,confirmed_absent,author_adjudicated_disagreement,yes,"PDF pp. 5–7, simulated injection and shut-in periods","PDF pp. 5–7, simulated injection and shut-in periods",全文核查后采纳复核者值“confirmed_absent”。30 年注入和 50 年停注均为模拟过程。该页码证据直接满足本字段判据，作者锁定值“not_reported”未获得更强的全文支持。,Xiaoyang Zhang (XZ),Yangqi Ma (YM),2026-07-30,2026-07-30,outputs\ijggc_v2_remaining31_adjudication_2026-07-30\IJGGC_V2_REMAINING31_ADJUDICATION_WORKBOOK.xlsx,remaining31
Yan2021_RobustDLWorkflow,ood_test_category,confirmed_absent,legacy_explicit_ood_test,confirmed_absent,author_adjudicated_disagreement,yes,"PDF pp. 6–10, training/validation/test simulations and time interpolation","PDF pp. 6–10, training/validation/test simulations and time interpolation",全文核查后采纳复核者值“confirmed_absent”。九个测试模拟和时间插值仍来自同一模型与参数设计，没有 OOD。该页码证据直接满足本字段判据，作者锁定值“legacy_explicit_ood_test”未获得更强的全文支持。,Xiaoyang Zhang (XZ),Yangqi Ma (YM),2026-07-30,2026-07-30,outputs\ijggc_v2_remaining31_adjudication_2026-07-30\IJGGC_V2_REMAINING31_ADJUDICATION_WORKBOOK.xlsx,remaining31
Yan2021_RobustDLWorkflow,cross_site_test_state,confirmed_absent,not_reported,confirmed_absent,author_adjudicated_disagreement,yes,"PDF pp. 5–7, one synthetic reservoir model","PDF pp. 5–7, one synthetic reservoir model",全文核查后采纳复核者值“confirmed_absent”。没有另一现场或不同地质背景。该页码证据直接满足本字段判据，作者锁定值“not_reported”未获得更强的全文支持。,Xiaoyang Zhang (XZ),Yangqi Ma (YM),2026-07-30,2026-07-30,outputs\ijggc_v2_remaining31_adjudication_2026-07-30\IJGGC_V2_REMAINING31_ADJUDICATION_WORKBOOK.xlsx,remaining31
Yan2021_RobustDLWorkflow,uncertainty_calibration_category,deterministic_or_confirmed_absent,not_reported,deterministic_or_confirmed_absent,author_adjudicated_disagreement,yes,"PDF pp. 7–14, deterministic RMSE/MAE results","PDF pp. 7–14, deterministic RMSE/MAE results",全文核查后采纳复核者值“deterministic_or_confirmed_absent”。只给 RMSE、MAE 和确定性场，无校准或后验检查。该页码证据直接满足本字段判据，作者锁定值“not_reported”未获得更强的全文支持。,Xiaoyang Zhang (XZ),Yangqi Ma (YM),2026-07-30,2026-07-30,outputs\ijggc_v2_remaining31_adjudication_2026-07-30\IJGGC_V2_REMAINING31_ADJUDICATION_WORKBOOK.xlsx,remaining31
Yan2021_RobustDLWorkflow,surrogate_error_propagation_category,not_applicable,not_reported,not_applicable,author_adjudicated_disagreement,yes,"PDF pp. 7–14, forward pressure/saturation prediction","PDF pp. 7–14, forward pressure/saturation prediction",全文核查后采纳复核者值“not_applicable”。仅做前向压力和饱和度预测，没有下游传播对象，记为不适用。该页码证据直接满足本字段判据，作者锁定值“not_reported”未获得更强的全文支持。,Xiaoyang Zhang (XZ),Yangqi Ma (YM),2026-07-30,2026-07-30,outputs\ijggc_v2_remaining31_adjudication_2026-07-30\IJGGC_V2_REMAINING31_ADJUDICATION_WORKBOOK.xlsx,remaining31
Yan2021_RobustDLWorkflow,field_evidence_score,0,0,0,independent_exact_agreement_retained,no,"PDF pp. 5–7, numerical experiment",,Reviewer and locked coding agreed exactly; the locked value was retained.,Xiaoyang Zhang (XZ),,2026-07-30,,outputs\ijggc_v2_remaining31_adjudication_2026-07-30\IJGGC_V2_REMAINING31_ADJUDICATION_WORKBOOK.xlsx,remaining31
Yan2021_RobustDLWorkflow,physical_consistency_score,3,2,3,author_adjudicated_disagreement,yes,"PDF pp. 9–13, pressure, saturation and total CO₂ pore-volume diagnostics","PDF pp. 9–13, pressure, saturation and total CO₂ pore-volume diagnostics",全文核查后采纳复核者值“3”。比较压力、饱和度、多层响应及总 CO₂ 孔隙体积误差，计 3 分。该页码证据直接满足本字段判据，作者锁定值“2”未获得更强的全文支持。,Xiaoyang Zhang (XZ),Yangqi Ma (YM),2026-07-30,2026-07-30,outputs\ijggc_v2_remaining31_adjudication_2026-07-30\IJGGC_V2_REMAINING31_ADJUDICATION_WORKBOOK.xlsx,remaining31
Yan2021_RobustDLWorkflow,uncertainty_score,0,2,0,author_adjudicated_disagreement,yes,"PDF pp. 7–14, no UQ","PDF pp. 7–14, no UQ",全文核查后采纳复核者值“0”。无 UQ，计 0 分。该页码证据直接满足本字段判据，作者锁定值“2”未获得更强的全文支持。,Xiaoyang Zhang (XZ),Yangqi Ma (YM),2026-07-30,2026-07-30,outputs\ijggc_v2_remaining31_adjudication_2026-07-30\IJGGC_V2_REMAINING31_ADJUDICATION_WORKBOOK.xlsx,remaining31
Yan2021_RobustDLWorkflow,transferability_score,0,2,0,author_adjudicated_disagreement,yes,"PDF pp. 6–10, same-domain test simulations","PDF pp. 6–10, same-domain test simulations",全文核查后采纳复核者值“0”。同域留出与时间插值，计 0 分。该页码证据直接满足本字段判据，作者锁定值“2”未获得更强的全文支持。,Xiaoyang Zhang (XZ),Yangqi Ma (YM),2026-07-30,2026-07-30,outputs\ijggc_v2_remaining31_adjudication_2026-07-30\IJGGC_V2_REMAINING31_ADJUDICATION_WORKBOOK.xlsx,remaining31
Yan2021_RobustDLWorkflow,decision_readiness_score,2,1,2,author_adjudicated_disagreement,yes,"PDF pp. 10–14, injection/shut-in pressure, plume and monitoring points","PDF pp. 10–14, injection/shut-in pressure, plume and monitoring points",全文核查后采纳复核者值“2”。输出与注入、停注和潜在监测点直接相关，但没有阈值不确定性，计 2 分。该页码证据直接满足本字段判据，作者锁定值“1”未获得更强的全文支持。,Xiaoyang Zhang (XZ),Yangqi Ma (YM),2026-07-30,2026-07-30,outputs\ijggc_v2_remaining31_adjudication_2026-07-30\IJGGC_V2_REMAINING31_ADJUDICATION_WORKBOOK.xlsx,remaining31
Yin2022_XAILeakage,field_validation_category,confirmed_absent,not_reported,confirmed_absent,author_adjudicated_disagreement,yes,"PDF pp. 4–6, Blunt Sandstone numerical case and simulated seismic","PDF pp. 4–6, Blunt Sandstone numerical case and simulated seismic",全文核查后采纳复核者值“confirmed_absent”。Blunt Sandstone 案例的流动和地震监测均为模拟，没有现场观测验证。该页码证据直接满足本字段判据，作者锁定值“not_reported”未获得更强的全文支持。,Xiaoyang Zhang (XZ),Yangqi Ma (YM),2026-07-30,2026-07-30,outputs\ijggc_v2_remaining31_adjudication_2026-07-30\IJGGC_V2_REMAINING31_ADJUDICATION_WORKBOOK.xlsx,remaining31
Yin2022_XAILeakage,controlled_release_validation_state,confirmed_absent,not_reported,confirmed_absent,author_adjudicated_disagreement,yes,"PDF pp. 4–6, simulated CO₂ injection and pressure-triggered leakage","PDF pp. 4–6, simulated CO₂ injection and pressure-triggered leakage",全文核查后采纳复核者值“confirmed_absent”。泄漏通过数值改变盖层渗透率生成，不是人工受控释放实验。该页码证据直接满足本字段判据，作者锁定值“not_reported”未获得更强的全文支持。,Xiaoyang Zhang (XZ),Yangqi Ma (YM),2026-07-30,2026-07-30,outputs\ijggc_v2_remaining31_adjudication_2026-07-30\IJGGC_V2_REMAINING31_ADJUDICATION_WORKBOOK.xlsx,remaining31
Yin2022_XAILeakage,ood_test_category,confirmed_absent,legacy_explicit_ood_test,confirmed_absent,author_adjudicated_disagreement,yes,"PDF pp. 8–9, training on 1,576 images and testing 394 unseen Earth models","PDF pp. 8–9, training on 1,576 images and testing 394 unseen Earth models",全文核查后采纳复核者值“confirmed_absent”。394 个未见 Earth models 来自同一生成流程，普通留出不构成明确 OOD。该页码证据直接满足本字段判据，作者锁定值“legacy_explicit_ood_test”未获得更强的全文支持。,Xiaoyang Zhang (XZ),Yangqi Ma (YM),2026-07-30,2026-07-30,outputs\ijggc_v2_remaining31_adjudication_2026-07-30\IJGGC_V2_REMAINING31_ADJUDICATION_WORKBOOK.xlsx,remaining31
Yin2022_XAILeakage,cross_site_test_state,confirmed_absent,not_reported,confirmed_absent,author_adjudicated_disagreement,yes,"PDF pp. 4–9, single synthetic site model","PDF pp. 4–9, single synthetic site model",全文核查后采纳复核者值“confirmed_absent”。只研究一个合成场地，没有跨现场测试。该页码证据直接满足本字段判据，作者锁定值“not_reported”未获得更强的全文支持。,Xiaoyang Zhang (XZ),Yangqi Ma (YM),2026-07-30,2026-07-30,outputs\ijggc_v2_remaining31_adjudication_2026-07-30\IJGGC_V2_REMAINING31_ADJUDICATION_WORKBOOK.xlsx,remaining31
Yin2022_XAILeakage,uncertainty_calibration_category,deterministic_or_confirmed_absent,legacy_uncertainty_calibration_or_posterior_check,deterministic_or_confirmed_absent,author_adjudicated_disagreement,yes,"PDF p. 10, uncertainty quantification stated as future work","PDF p. 10, uncertainty quantification stated as future work",全文核查后采纳复核者值“deterministic_or_confirmed_absent”。论文明确把不确定性量化列为未来工作，当前分类器为确定性。该页码证据直接满足本字段判据，作者锁定值“legacy_uncertainty_calibration_or_posterior_check”未获得更强的全文支持。,Xiaoyang Zhang (XZ),Yangqi Ma (YM),2026-07-30,2026-07-30,outputs\ijggc_v2_remaining31_adjudication_2026-07-30\IJGGC_V2_REMAINING31_ADJUDICATION_WORKBOOK.xlsx,remaining31
Yin2022_XAILeakage,surrogate_error_propagation_category,not_applicable,not_reported,not_applicable,author_adjudicated_disagreement,yes,"PDF pp. 6–10, joint inversion plus classifier; no physics-surrogate stage","PDF pp. 6–10, joint inversion plus classifier; no physics-surrogate stage",全文核查后采纳复核者值“not_applicable”。流程包含地震反演和分类器，但没有物理代理模型误差向决策传播，记为不适用。该页码证据直接满足本字段判据，作者锁定值“not_reported”未获得更强的全文支持。,Xiaoyang Zhang (XZ),Yangqi Ma (YM),2026-07-30,2026-07-30,outputs\ijggc_v2_remaining31_adjudication_2026-07-30\IJGGC_V2_REMAINING31_ADJUDICATION_WORKBOOK.xlsx,remaining31
Yin2022_XAILeakage,field_evidence_score,1,1,1,independent_exact_agreement_retained,no,"PDF pp. 4–6, field-inspired synthetic monitoring",,Reviewer and locked coding agreed exactly; the locked value was retained.,Xiaoyang Zhang (XZ),,2026-07-30,,outputs\ijggc_v2_remaining31_adjudication_2026-07-30\IJGGC_V2_REMAINING31_ADJUDICATION_WORKBOOK.xlsx,remaining31
Yin2022_XAILeakage,physical_consistency_score,3,1,3,author_adjudicated_disagreement,yes,"PDF pp. 4–7, two-phase flow, seismic forward model and NRMS checks","PDF pp. 4–7, two-phase flow, seismic forward model and NRMS checks",全文核查后采纳复核者值“3”。两相流、岩石物理、地震正演与 NRMS 图像质量形成物理链条，计 3 分。该页码证据直接满足本字段判据，作者锁定值“1”未获得更强的全文支持。,Xiaoyang Zhang (XZ),Yangqi Ma (YM),2026-07-30,2026-07-30,outputs\ijggc_v2_remaining31_adjudication_2026-07-30\IJGGC_V2_REMAINING31_ADJUDICATION_WORKBOOK.xlsx,remaining31
Yin2022_XAILeakage,uncertainty_score,0,not_reported,0,author_adjudicated_disagreement,yes,"PDF p. 10, future uncertainty work","PDF p. 10, future uncertainty work",全文核查后采纳复核者值“0”。无 UQ，计 0 分。该页码证据直接满足本字段判据，作者锁定值“not_reported”未获得更强的全文支持。,Xiaoyang Zhang (XZ),Yangqi Ma (YM),2026-07-30,2026-07-30,outputs\ijggc_v2_remaining31_adjudication_2026-07-30\IJGGC_V2_REMAINING31_ADJUDICATION_WORKBOOK.xlsx,remaining31
Yin2022_XAILeakage,transferability_score,0,not_reported,0,author_adjudicated_disagreement,yes,"PDF pp. 8–9, same-generator unseen Earth models","PDF pp. 8–9, same-generator unseen Earth models",全文核查后采纳复核者值“0”。测试为同生成机制的留出模型，计 0 分。该页码证据直接满足本字段判据，作者锁定值“not_reported”未获得更强的全文支持。,Xiaoyang Zhang (XZ),Yangqi Ma (YM),2026-07-30,2026-07-30,outputs\ijggc_v2_remaining31_adjudication_2026-07-30\IJGGC_V2_REMAINING31_ADJUDICATION_WORKBOOK.xlsx,remaining31
Yin2022_XAILeakage,decision_readiness_score,2,2,2,independent_exact_agreement_retained,no,"PDF pp. 9–10, leakage alert, CAM explanation and stop-injection discussion",,Reviewer and locked coding agreed exactly; the locked value was retained.,Xiaoyang Zhang (XZ),,2026-07-30,,outputs\ijggc_v2_remaining31_adjudication_2026-07-30\IJGGC_V2_REMAINING31_ADJUDICATION_WORKBOOK.xlsx,remaining31
