analysis_version,analysis_status,sensitivity_family,scenario,metric,scenario_total_N,numerator,denominator,missing_or_unavailable_n,proportion,observed_fraction_of_scenario_total,wilson95_low,wilson95_high,positive_paper_ids,available_paper_ids
IJGGC-V2-WP8-R2-FULL-57-PAPER-REVIEW-2026-07-30,full_57_paper_independent_review_with_author_adjudication,peer_review_status,main_claim_eligible_reference,synthetic_led_evidence,57,44,55,2,0.800,0.772,0.676,0.884,Baek2023_WellboreLeakage;Crain2023_MonitoringHistory;Diplas2026_DOEInjection;ESR_Chan2024_124;ESR_Chen2024_119;ESR_Falola2024_123;ESR_Hassani2024_118;ESR_Kadeethum2024_128;ESR_Kanakaki2025_045;ESR_Liu2025_121;ESR_Lozano2025_215;ESR_Nunez2023_166;ESR_Park2025_223;ESR_Pawar2023_168;ESR_Tang2024_135;ESR_Tariq2023_174;ESR_Wu2025_042;ESR_Zhang2025_115;ESR_Zheng2025_207;ESR_Zhou2026_127;Gahlot2025_DigitalShadow;Han2024_HierarchicalMCMC;Jiang2024_DSIHistoryMatching;Lin2020_PressureLeakage;Lu2022_BayesianOptimization;Mo2018_EncoderDecoderUQ;Seabra2024_AIEnhancedDA;Shokouhi2021_PhysicsInformedSite;TARGET_DRLGeoRisk2026_214483;TARGET_JointInversion2023_2022JB025372;Tang2022_DLDataAssimilationForecasting;Tang2024_GNNFaulted;Teng2024_LikelihoodFreeDA;VoThanh2026_DigitalTwinGNN;Wang2025_4DHistoryMatching;Wen2021_CCSNet;Wen2021_PlumeDNN;Wen2022_UFNO;Wen2023_NestedFNO;Witte2023_WNO;Yan2021_RobustDLWorkflow;Yin2022_XAILeakage;Zhang2021_LearningInversionFreeForecast;Zhong2019_PressureAnomaly,Arafath2025_MalayBasinML;Attanasi2025_ResourceML;Baek2023_WellboreLeakage;Crain2023_MonitoringHistory;Diplas2026_DOEInjection;ESR_Chan2024_124;ESR_Chen2024_119;ESR_Falola2024_123;ESR_Hassani2024_118;ESR_Kadeethum2024_128;ESR_Kanakaki2025_045;ESR_Liu2025_121;ESR_Lozano2025_215;ESR_Nunez2023_166;ESR_Park2025_223;ESR_Pawar2023_168;ESR_RefNone_173;ESR_Tang2022_226;ESR_Tang2024_135;ESR_Tariq2023_174;ESR_Um2024_091;ESR_Vishal2025_213;ESR_Wang2024_089;ESR_Wu2025_042;ESR_Zhang2025_115;ESR_Zhang2025_178;ESR_Zheng2025_207;ESR_Zhou2026_127;Gahlot2025_DigitalShadow;Han2024_HierarchicalMCMC;Jiang2024_DSIHistoryMatching;Leong2024_SeisCO2Net;Lin2020_PressureLeakage;Lu2022_BayesianOptimization;Lu2025_GISMLSite;Mo2018_EncoderDecoderUQ;Nassabeh2024_OffshoreSite;Seabra2024_AIEnhancedDA;Shokouhi2021_PhysicsInformedSite;TARGET_DRLGeoRisk2026_214483;TARGET_JointInversion2023_2022JB025372;Tang2022_DLDataAssimilationForecasting;Tang2024_GNNFaulted;Teng2024_LikelihoodFreeDA;VoThanh2026_DigitalTwinGNN;Wang2025_4DHistoryMatching;Wen2021_CCSNet;Wen2021_PlumeDNN;Wen2022_UFNO;Wen2023_NestedFNO;Witte2023_WNO;Yan2021_RobustDLWorkflow;Yin2022_XAILeakage;Zhang2021_LearningInversionFreeForecast;Zhong2019_PressureAnomaly
IJGGC-V2-WP8-R2-FULL-57-PAPER-REVIEW-2026-07-30,full_57_paper_independent_review_with_author_adjudication,peer_review_status,main_claim_eligible_reference,score_ge3::field_evidence_score,57,8,56,1,0.143,0.140,0.074,0.257,Arafath2025_MalayBasinML;ESR_Vishal2025_213;ESR_Wang2024_089;ESR_Zhang2025_178;Leong2024_SeisCO2Net;Lin2020_PressureLeakage;Lu2025_GISMLSite;Zhong2019_PressureAnomaly,Arafath2025_MalayBasinML;Attanasi2025_ResourceML;Baek2023_WellboreLeakage;Crain2023_MonitoringHistory;Diplas2026_DOEInjection;ESR_Chan2024_124;ESR_Chen2024_119;ESR_Falola2024_123;ESR_Hassani2024_118;ESR_Kadeethum2024_128;ESR_Kanakaki2025_045;ESR_Lozano2025_215;ESR_Meng2025_211;ESR_Nunez2023_166;ESR_Park2025_223;ESR_Pawar2023_168;ESR_RefNone_173;ESR_Tang2022_226;ESR_Tang2024_135;ESR_Tariq2023_174;ESR_Um2024_091;ESR_Um2024_104;ESR_Vishal2025_213;ESR_Wang2024_089;ESR_Wu2025_042;ESR_Zhang2025_115;ESR_Zhang2025_178;ESR_Zheng2025_207;ESR_Zhou2026_127;Gahlot2025_DigitalShadow;Han2024_HierarchicalMCMC;Jiang2024_DSIHistoryMatching;Leong2024_SeisCO2Net;Lin2020_PressureLeakage;Lu2022_BayesianOptimization;Lu2025_GISMLSite;Mo2018_EncoderDecoderUQ;Nassabeh2024_OffshoreSite;Seabra2024_AIEnhancedDA;Shokouhi2021_PhysicsInformedSite;TARGET_DRLGeoRisk2026_214483;TARGET_JointInversion2023_2022JB025372;Tang2022_DLDataAssimilationForecasting;Tang2024_GNNFaulted;Teng2024_LikelihoodFreeDA;VoThanh2026_DigitalTwinGNN;Wang2025_4DHistoryMatching;Wen2021_CCSNet;Wen2021_PlumeDNN;Wen2022_UFNO;Wen2023_NestedFNO;Witte2023_WNO;Yan2021_RobustDLWorkflow;Yin2022_XAILeakage;Zhang2021_LearningInversionFreeForecast;Zhong2019_PressureAnomaly
IJGGC-V2-WP8-R2-FULL-57-PAPER-REVIEW-2026-07-30,full_57_paper_independent_review_with_author_adjudication,peer_review_status,main_claim_eligible_reference,score_ge3::physical_consistency_score,57,42,57,0,0.737,0.737,0.610,0.834,Baek2023_WellboreLeakage;Crain2023_MonitoringHistory;Diplas2026_DOEInjection;ESR_Chan2024_124;ESR_Chen2024_119;ESR_Falola2024_123;ESR_Kanakaki2025_045;ESR_Lozano2025_215;ESR_Meng2025_211;ESR_Nunez2023_166;ESR_Park2025_223;ESR_Tang2022_226;ESR_Tang2024_135;ESR_Tariq2023_174;ESR_Um2024_091;ESR_Um2024_104;ESR_Zhang2025_115;ESR_Zhang2025_178;ESR_Zheng2025_207;ESR_Zhou2026_127;Gahlot2025_DigitalShadow;Han2024_HierarchicalMCMC;Jiang2024_DSIHistoryMatching;Leong2024_SeisCO2Net;Lu2022_BayesianOptimization;Mo2018_EncoderDecoderUQ;Seabra2024_AIEnhancedDA;Shokouhi2021_PhysicsInformedSite;TARGET_DRLGeoRisk2026_214483;TARGET_JointInversion2023_2022JB025372;Tang2022_DLDataAssimilationForecasting;Tang2024_GNNFaulted;Teng2024_LikelihoodFreeDA;VoThanh2026_DigitalTwinGNN;Wang2025_4DHistoryMatching;Wen2021_CCSNet;Wen2021_PlumeDNN;Wen2022_UFNO;Wen2023_NestedFNO;Witte2023_WNO;Yan2021_RobustDLWorkflow;Yin2022_XAILeakage,Arafath2025_MalayBasinML;Attanasi2025_ResourceML;Baek2023_WellboreLeakage;Crain2023_MonitoringHistory;Diplas2026_DOEInjection;ESR_Chan2024_124;ESR_Chen2024_119;ESR_Falola2024_123;ESR_Hassani2024_118;ESR_Kadeethum2024_128;ESR_Kanakaki2025_045;ESR_Liu2025_121;ESR_Lozano2025_215;ESR_Meng2025_211;ESR_Nunez2023_166;ESR_Park2025_223;ESR_Pawar2023_168;ESR_RefNone_173;ESR_Tang2022_226;ESR_Tang2024_135;ESR_Tariq2023_174;ESR_Um2024_091;ESR_Um2024_104;ESR_Vishal2025_213;ESR_Wang2024_089;ESR_Wu2025_042;ESR_Zhang2025_115;ESR_Zhang2025_178;ESR_Zheng2025_207;ESR_Zhou2026_127;Gahlot2025_DigitalShadow;Han2024_HierarchicalMCMC;Jiang2024_DSIHistoryMatching;Leong2024_SeisCO2Net;Lin2020_PressureLeakage;Lu2022_BayesianOptimization;Lu2025_GISMLSite;Mo2018_EncoderDecoderUQ;Nassabeh2024_OffshoreSite;Seabra2024_AIEnhancedDA;Shokouhi2021_PhysicsInformedSite;TARGET_DRLGeoRisk2026_214483;TARGET_JointInversion2023_2022JB025372;Tang2022_DLDataAssimilationForecasting;Tang2024_GNNFaulted;Teng2024_LikelihoodFreeDA;VoThanh2026_DigitalTwinGNN;Wang2025_4DHistoryMatching;Wen2021_CCSNet;Wen2021_PlumeDNN;Wen2022_UFNO;Wen2023_NestedFNO;Witte2023_WNO;Yan2021_RobustDLWorkflow;Yin2022_XAILeakage;Zhang2021_LearningInversionFreeForecast;Zhong2019_PressureAnomaly
IJGGC-V2-WP8-R2-FULL-57-PAPER-REVIEW-2026-07-30,full_57_paper_independent_review_with_author_adjudication,peer_review_status,main_claim_eligible_reference,score_ge3::uncertainty_score,57,14,56,1,0.250,0.246,0.155,0.377,Crain2023_MonitoringHistory;ESR_Lozano2025_215;ESR_Tang2022_226;Gahlot2025_DigitalShadow;Han2024_HierarchicalMCMC;Jiang2024_DSIHistoryMatching;Mo2018_EncoderDecoderUQ;Seabra2024_AIEnhancedDA;Tang2022_DLDataAssimilationForecasting;Teng2024_LikelihoodFreeDA;VoThanh2026_DigitalTwinGNN;Wang2025_4DHistoryMatching;Zhang2021_LearningInversionFreeForecast;Zhong2019_PressureAnomaly,Arafath2025_MalayBasinML;Attanasi2025_ResourceML;Baek2023_WellboreLeakage;Crain2023_MonitoringHistory;Diplas2026_DOEInjection;ESR_Chan2024_124;ESR_Chen2024_119;ESR_Falola2024_123;ESR_Hassani2024_118;ESR_Kadeethum2024_128;ESR_Kanakaki2025_045;ESR_Lozano2025_215;ESR_Meng2025_211;ESR_Nunez2023_166;ESR_Park2025_223;ESR_Pawar2023_168;ESR_RefNone_173;ESR_Tang2022_226;ESR_Tang2024_135;ESR_Tariq2023_174;ESR_Um2024_091;ESR_Um2024_104;ESR_Vishal2025_213;ESR_Wang2024_089;ESR_Wu2025_042;ESR_Zhang2025_115;ESR_Zhang2025_178;ESR_Zheng2025_207;ESR_Zhou2026_127;Gahlot2025_DigitalShadow;Han2024_HierarchicalMCMC;Jiang2024_DSIHistoryMatching;Leong2024_SeisCO2Net;Lin2020_PressureLeakage;Lu2022_BayesianOptimization;Lu2025_GISMLSite;Mo2018_EncoderDecoderUQ;Nassabeh2024_OffshoreSite;Seabra2024_AIEnhancedDA;Shokouhi2021_PhysicsInformedSite;TARGET_DRLGeoRisk2026_214483;TARGET_JointInversion2023_2022JB025372;Tang2022_DLDataAssimilationForecasting;Tang2024_GNNFaulted;Teng2024_LikelihoodFreeDA;VoThanh2026_DigitalTwinGNN;Wang2025_4DHistoryMatching;Wen2021_CCSNet;Wen2021_PlumeDNN;Wen2022_UFNO;Wen2023_NestedFNO;Witte2023_WNO;Yan2021_RobustDLWorkflow;Yin2022_XAILeakage;Zhang2021_LearningInversionFreeForecast;Zhong2019_PressureAnomaly
IJGGC-V2-WP8-R2-FULL-57-PAPER-REVIEW-2026-07-30,full_57_paper_independent_review_with_author_adjudication,peer_review_status,main_claim_eligible_reference,score_ge3::transferability_score,57,7,56,1,0.125,0.123,0.062,0.236,ESR_Wu2025_042;ESR_Zhang2025_115;Seabra2024_AIEnhancedDA;Tang2022_DLDataAssimilationForecasting;Tang2024_GNNFaulted;VoThanh2026_DigitalTwinGNN;Wen2021_PlumeDNN,Arafath2025_MalayBasinML;Attanasi2025_ResourceML;Baek2023_WellboreLeakage;Crain2023_MonitoringHistory;Diplas2026_DOEInjection;ESR_Chan2024_124;ESR_Chen2024_119;ESR_Falola2024_123;ESR_Hassani2024_118;ESR_Kadeethum2024_128;ESR_Kanakaki2025_045;ESR_Lozano2025_215;ESR_Meng2025_211;ESR_Nunez2023_166;ESR_Park2025_223;ESR_Pawar2023_168;ESR_RefNone_173;ESR_Tang2022_226;ESR_Tang2024_135;ESR_Tariq2023_174;ESR_Um2024_091;ESR_Um2024_104;ESR_Vishal2025_213;ESR_Wang2024_089;ESR_Wu2025_042;ESR_Zhang2025_115;ESR_Zhang2025_178;ESR_Zheng2025_207;ESR_Zhou2026_127;Gahlot2025_DigitalShadow;Han2024_HierarchicalMCMC;Jiang2024_DSIHistoryMatching;Leong2024_SeisCO2Net;Lin2020_PressureLeakage;Lu2022_BayesianOptimization;Lu2025_GISMLSite;Mo2018_EncoderDecoderUQ;Nassabeh2024_OffshoreSite;Seabra2024_AIEnhancedDA;Shokouhi2021_PhysicsInformedSite;TARGET_DRLGeoRisk2026_214483;TARGET_JointInversion2023_2022JB025372;Tang2022_DLDataAssimilationForecasting;Tang2024_GNNFaulted;Teng2024_LikelihoodFreeDA;VoThanh2026_DigitalTwinGNN;Wang2025_4DHistoryMatching;Wen2021_CCSNet;Wen2021_PlumeDNN;Wen2022_UFNO;Wen2023_NestedFNO;Witte2023_WNO;Yan2021_RobustDLWorkflow;Yin2022_XAILeakage;Zhang2021_LearningInversionFreeForecast;Zhong2019_PressureAnomaly
IJGGC-V2-WP8-R2-FULL-57-PAPER-REVIEW-2026-07-30,full_57_paper_independent_review_with_author_adjudication,peer_review_status,main_claim_eligible_reference,score_ge3::decision_readiness_score,57,11,57,0,0.193,0.193,0.111,0.313,Baek2023_WellboreLeakage;Crain2023_MonitoringHistory;Diplas2026_DOEInjection;ESR_Tang2022_226;Leong2024_SeisCO2Net;Lin2020_PressureLeakage;Lu2022_BayesianOptimization;TARGET_DRLGeoRisk2026_214483;Wang2025_4DHistoryMatching;Wen2023_NestedFNO;Zhong2019_PressureAnomaly,Arafath2025_MalayBasinML;Attanasi2025_ResourceML;Baek2023_WellboreLeakage;Crain2023_MonitoringHistory;Diplas2026_DOEInjection;ESR_Chan2024_124;ESR_Chen2024_119;ESR_Falola2024_123;ESR_Hassani2024_118;ESR_Kadeethum2024_128;ESR_Kanakaki2025_045;ESR_Liu2025_121;ESR_Lozano2025_215;ESR_Meng2025_211;ESR_Nunez2023_166;ESR_Park2025_223;ESR_Pawar2023_168;ESR_RefNone_173;ESR_Tang2022_226;ESR_Tang2024_135;ESR_Tariq2023_174;ESR_Um2024_091;ESR_Um2024_104;ESR_Vishal2025_213;ESR_Wang2024_089;ESR_Wu2025_042;ESR_Zhang2025_115;ESR_Zhang2025_178;ESR_Zheng2025_207;ESR_Zhou2026_127;Gahlot2025_DigitalShadow;Han2024_HierarchicalMCMC;Jiang2024_DSIHistoryMatching;Leong2024_SeisCO2Net;Lin2020_PressureLeakage;Lu2022_BayesianOptimization;Lu2025_GISMLSite;Mo2018_EncoderDecoderUQ;Nassabeh2024_OffshoreSite;Seabra2024_AIEnhancedDA;Shokouhi2021_PhysicsInformedSite;TARGET_DRLGeoRisk2026_214483;TARGET_JointInversion2023_2022JB025372;Tang2022_DLDataAssimilationForecasting;Tang2024_GNNFaulted;Teng2024_LikelihoodFreeDA;VoThanh2026_DigitalTwinGNN;Wang2025_4DHistoryMatching;Wen2021_CCSNet;Wen2021_PlumeDNN;Wen2022_UFNO;Wen2023_NestedFNO;Witte2023_WNO;Yan2021_RobustDLWorkflow;Yin2022_XAILeakage;Zhang2021_LearningInversionFreeForecast;Zhong2019_PressureAnomaly
IJGGC-V2-WP8-R2-FULL-57-PAPER-REVIEW-2026-07-30,full_57_paper_independent_review_with_author_adjudication,peer_review_status,main_claim_eligible_reference,direct_field_validation,57,8,56,1,0.143,0.140,0.074,0.257,Arafath2025_MalayBasinML;ESR_Vishal2025_213;ESR_Wang2024_089;ESR_Zhang2025_178;Leong2024_SeisCO2Net;Lin2020_PressureLeakage;Lu2025_GISMLSite;Zhong2019_PressureAnomaly,Arafath2025_MalayBasinML;Attanasi2025_ResourceML;Baek2023_WellboreLeakage;Crain2023_MonitoringHistory;Diplas2026_DOEInjection;ESR_Chan2024_124;ESR_Chen2024_119;ESR_Falola2024_123;ESR_Hassani2024_118;ESR_Kadeethum2024_128;ESR_Kanakaki2025_045;ESR_Lozano2025_215;ESR_Meng2025_211;ESR_Nunez2023_166;ESR_Park2025_223;ESR_Pawar2023_168;ESR_RefNone_173;ESR_Tang2022_226;ESR_Tang2024_135;ESR_Tariq2023_174;ESR_Um2024_091;ESR_Um2024_104;ESR_Vishal2025_213;ESR_Wang2024_089;ESR_Wu2025_042;ESR_Zhang2025_115;ESR_Zhang2025_178;ESR_Zheng2025_207;ESR_Zhou2026_127;Gahlot2025_DigitalShadow;Han2024_HierarchicalMCMC;Jiang2024_DSIHistoryMatching;Leong2024_SeisCO2Net;Lin2020_PressureLeakage;Lu2022_BayesianOptimization;Lu2025_GISMLSite;Mo2018_EncoderDecoderUQ;Nassabeh2024_OffshoreSite;Seabra2024_AIEnhancedDA;Shokouhi2021_PhysicsInformedSite;TARGET_DRLGeoRisk2026_214483;TARGET_JointInversion2023_2022JB025372;Tang2022_DLDataAssimilationForecasting;Tang2024_GNNFaulted;Teng2024_LikelihoodFreeDA;VoThanh2026_DigitalTwinGNN;Wang2025_4DHistoryMatching;Wen2021_CCSNet;Wen2021_PlumeDNN;Wen2022_UFNO;Wen2023_NestedFNO;Witte2023_WNO;Yan2021_RobustDLWorkflow;Yin2022_XAILeakage;Zhang2021_LearningInversionFreeForecast;Zhong2019_PressureAnomaly
IJGGC-V2-WP8-R2-FULL-57-PAPER-REVIEW-2026-07-30,full_57_paper_independent_review_with_author_adjudication,peer_review_status,main_claim_eligible_reference,controlled_release_ml_validation,57,5,56,1,0.089,0.088,0.039,0.193,ESR_Wang2024_089;ESR_Zhang2025_178;Leong2024_SeisCO2Net;Lin2020_PressureLeakage;Zhong2019_PressureAnomaly,Arafath2025_MalayBasinML;Attanasi2025_ResourceML;Baek2023_WellboreLeakage;Crain2023_MonitoringHistory;Diplas2026_DOEInjection;ESR_Chan2024_124;ESR_Chen2024_119;ESR_Falola2024_123;ESR_Hassani2024_118;ESR_Kadeethum2024_128;ESR_Kanakaki2025_045;ESR_Lozano2025_215;ESR_Meng2025_211;ESR_Nunez2023_166;ESR_Park2025_223;ESR_Pawar2023_168;ESR_RefNone_173;ESR_Tang2022_226;ESR_Tang2024_135;ESR_Tariq2023_174;ESR_Um2024_091;ESR_Um2024_104;ESR_Vishal2025_213;ESR_Wang2024_089;ESR_Wu2025_042;ESR_Zhang2025_115;ESR_Zhang2025_178;ESR_Zheng2025_207;ESR_Zhou2026_127;Gahlot2025_DigitalShadow;Han2024_HierarchicalMCMC;Jiang2024_DSIHistoryMatching;Leong2024_SeisCO2Net;Lin2020_PressureLeakage;Lu2022_BayesianOptimization;Lu2025_GISMLSite;Mo2018_EncoderDecoderUQ;Nassabeh2024_OffshoreSite;Seabra2024_AIEnhancedDA;Shokouhi2021_PhysicsInformedSite;TARGET_DRLGeoRisk2026_214483;TARGET_JointInversion2023_2022JB025372;Tang2022_DLDataAssimilationForecasting;Tang2024_GNNFaulted;Teng2024_LikelihoodFreeDA;VoThanh2026_DigitalTwinGNN;Wang2025_4DHistoryMatching;Wen2021_CCSNet;Wen2021_PlumeDNN;Wen2022_UFNO;Wen2023_NestedFNO;Witte2023_WNO;Yan2021_RobustDLWorkflow;Yin2022_XAILeakage;Zhang2021_LearningInversionFreeForecast;Zhong2019_PressureAnomaly
IJGGC-V2-WP8-R2-FULL-57-PAPER-REVIEW-2026-07-30,full_57_paper_independent_review_with_author_adjudication,peer_review_status,main_claim_eligible_reference,explicit_ood_testing,57,14,54,3,0.259,0.246,0.161,0.389,ESR_Chan2024_124;ESR_Hassani2024_118;ESR_Tang2022_226;ESR_Wu2025_042;ESR_Zhang2025_115;Leong2024_SeisCO2Net;Lin2020_PressureLeakage;Seabra2024_AIEnhancedDA;Tang2022_DLDataAssimilationForecasting;Tang2024_GNNFaulted;VoThanh2026_DigitalTwinGNN;Wen2021_PlumeDNN;Wen2022_UFNO;Zhong2019_PressureAnomaly,Arafath2025_MalayBasinML;Attanasi2025_ResourceML;Baek2023_WellboreLeakage;Crain2023_MonitoringHistory;Diplas2026_DOEInjection;ESR_Chan2024_124;ESR_Chen2024_119;ESR_Falola2024_123;ESR_Hassani2024_118;ESR_Kadeethum2024_128;ESR_Kanakaki2025_045;ESR_Lozano2025_215;ESR_Meng2025_211;ESR_Nunez2023_166;ESR_Park2025_223;ESR_Pawar2023_168;ESR_RefNone_173;ESR_Tang2022_226;ESR_Tang2024_135;ESR_Tariq2023_174;ESR_Um2024_091;ESR_Um2024_104;ESR_Wang2024_089;ESR_Wu2025_042;ESR_Zhang2025_115;ESR_Zhang2025_178;ESR_Zheng2025_207;ESR_Zhou2026_127;Gahlot2025_DigitalShadow;Han2024_HierarchicalMCMC;Jiang2024_DSIHistoryMatching;Leong2024_SeisCO2Net;Lin2020_PressureLeakage;Lu2022_BayesianOptimization;Lu2025_GISMLSite;Mo2018_EncoderDecoderUQ;Nassabeh2024_OffshoreSite;Seabra2024_AIEnhancedDA;TARGET_DRLGeoRisk2026_214483;TARGET_JointInversion2023_2022JB025372;Tang2022_DLDataAssimilationForecasting;Tang2024_GNNFaulted;Teng2024_LikelihoodFreeDA;VoThanh2026_DigitalTwinGNN;Wang2025_4DHistoryMatching;Wen2021_CCSNet;Wen2021_PlumeDNN;Wen2022_UFNO;Wen2023_NestedFNO;Witte2023_WNO;Yan2021_RobustDLWorkflow;Yin2022_XAILeakage;Zhang2021_LearningInversionFreeForecast;Zhong2019_PressureAnomaly
IJGGC-V2-WP8-R2-FULL-57-PAPER-REVIEW-2026-07-30,full_57_paper_independent_review_with_author_adjudication,peer_review_status,main_claim_eligible_reference,explicit_cross_site_testing,57,1,55,2,0.018,0.018,0.003,0.096,ESR_Wu2025_042,Arafath2025_MalayBasinML;Attanasi2025_ResourceML;Baek2023_WellboreLeakage;Crain2023_MonitoringHistory;Diplas2026_DOEInjection;ESR_Chan2024_124;ESR_Chen2024_119;ESR_Falola2024_123;ESR_Hassani2024_118;ESR_Kadeethum2024_128;ESR_Kanakaki2025_045;ESR_Lozano2025_215;ESR_Meng2025_211;ESR_Nunez2023_166;ESR_Park2025_223;ESR_Pawar2023_168;ESR_RefNone_173;ESR_Tang2022_226;ESR_Tang2024_135;ESR_Tariq2023_174;ESR_Um2024_091;ESR_Um2024_104;ESR_Wang2024_089;ESR_Wu2025_042;ESR_Zhang2025_115;ESR_Zhang2025_178;ESR_Zheng2025_207;ESR_Zhou2026_127;Gahlot2025_DigitalShadow;Han2024_HierarchicalMCMC;Jiang2024_DSIHistoryMatching;Leong2024_SeisCO2Net;Lin2020_PressureLeakage;Lu2022_BayesianOptimization;Lu2025_GISMLSite;Mo2018_EncoderDecoderUQ;Nassabeh2024_OffshoreSite;Seabra2024_AIEnhancedDA;Shokouhi2021_PhysicsInformedSite;TARGET_DRLGeoRisk2026_214483;TARGET_JointInversion2023_2022JB025372;Tang2022_DLDataAssimilationForecasting;Tang2024_GNNFaulted;Teng2024_LikelihoodFreeDA;VoThanh2026_DigitalTwinGNN;Wang2025_4DHistoryMatching;Wen2021_CCSNet;Wen2021_PlumeDNN;Wen2022_UFNO;Wen2023_NestedFNO;Witte2023_WNO;Yan2021_RobustDLWorkflow;Yin2022_XAILeakage;Zhang2021_LearningInversionFreeForecast;Zhong2019_PressureAnomaly
IJGGC-V2-WP8-R2-FULL-57-PAPER-REVIEW-2026-07-30,full_57_paper_independent_review_with_author_adjudication,peer_review_status,main_claim_eligible_reference,uncertainty_calibration_or_posterior_check,57,13,46,11,0.283,0.228,0.173,0.425,Crain2023_MonitoringHistory;ESR_Lozano2025_215;ESR_Tang2022_226;Gahlot2025_DigitalShadow;Han2024_HierarchicalMCMC;Jiang2024_DSIHistoryMatching;Mo2018_EncoderDecoderUQ;Seabra2024_AIEnhancedDA;Tang2022_DLDataAssimilationForecasting;Teng2024_LikelihoodFreeDA;VoThanh2026_DigitalTwinGNN;Wang2025_4DHistoryMatching;Zhang2021_LearningInversionFreeForecast,Arafath2025_MalayBasinML;Attanasi2025_ResourceML;Crain2023_MonitoringHistory;Diplas2026_DOEInjection;ESR_Chan2024_124;ESR_Chen2024_119;ESR_Falola2024_123;ESR_Hassani2024_118;ESR_Kadeethum2024_128;ESR_Kanakaki2025_045;ESR_Lozano2025_215;ESR_Meng2025_211;ESR_Nunez2023_166;ESR_Park2025_223;ESR_Pawar2023_168;ESR_RefNone_173;ESR_Tang2022_226;ESR_Tang2024_135;ESR_Tariq2023_174;ESR_Um2024_091;ESR_Um2024_104;ESR_Wang2024_089;ESR_Zhang2025_115;ESR_Zhang2025_178;ESR_Zheng2025_207;ESR_Zhou2026_127;Gahlot2025_DigitalShadow;Han2024_HierarchicalMCMC;Jiang2024_DSIHistoryMatching;Lu2022_BayesianOptimization;Lu2025_GISMLSite;Mo2018_EncoderDecoderUQ;Nassabeh2024_OffshoreSite;Seabra2024_AIEnhancedDA;Shokouhi2021_PhysicsInformedSite;Tang2022_DLDataAssimilationForecasting;Tang2024_GNNFaulted;Teng2024_LikelihoodFreeDA;VoThanh2026_DigitalTwinGNN;Wang2025_4DHistoryMatching;Wen2021_PlumeDNN;Wen2022_UFNO;Witte2023_WNO;Yan2021_RobustDLWorkflow;Yin2022_XAILeakage;Zhang2021_LearningInversionFreeForecast
IJGGC-V2-WP8-R2-FULL-57-PAPER-REVIEW-2026-07-30,full_57_paper_independent_review_with_author_adjudication,peer_review_status,main_claim_eligible_reference,surrogate_error_propagation,57,4,20,37,0.200,0.070,0.081,0.416,Diplas2026_DOEInjection;Han2024_HierarchicalMCMC;Lu2022_BayesianOptimization;Wang2025_4DHistoryMatching,Attanasi2025_ResourceML;Baek2023_WellboreLeakage;Diplas2026_DOEInjection;ESR_Chan2024_124;ESR_Chen2024_119;ESR_Lozano2025_215;ESR_Meng2025_211;ESR_Tang2022_226;ESR_Wu2025_042;ESR_Zheng2025_207;Han2024_HierarchicalMCMC;Lu2022_BayesianOptimization;Mo2018_EncoderDecoderUQ;Seabra2024_AIEnhancedDA;TARGET_DRLGeoRisk2026_214483;Tang2022_DLDataAssimilationForecasting;Teng2024_LikelihoodFreeDA;Wang2025_4DHistoryMatching;Wen2021_CCSNet;Wen2023_NestedFNO
IJGGC-V2-WP8-R2-FULL-57-PAPER-REVIEW-2026-07-30,full_57_paper_independent_review_with_author_adjudication,peer_review_status,main_claim_eligible_reference,any_physical_diagnostic_checked,57,23,42,15,0.548,0.404,0.399,0.688,Baek2023_WellboreLeakage;Crain2023_MonitoringHistory;Diplas2026_DOEInjection;ESR_Chan2024_124;ESR_Kanakaki2025_045;ESR_Tang2022_226;ESR_Tang2024_135;ESR_Um2024_091;ESR_Zheng2025_207;Han2024_HierarchicalMCMC;Jiang2024_DSIHistoryMatching;Leong2024_SeisCO2Net;Mo2018_EncoderDecoderUQ;TARGET_DRLGeoRisk2026_214483;Tang2024_GNNFaulted;VoThanh2026_DigitalTwinGNN;Wen2021_CCSNet;Wen2021_PlumeDNN;Wen2022_UFNO;Wen2023_NestedFNO;Yan2021_RobustDLWorkflow;Yin2022_XAILeakage;Zhong2019_PressureAnomaly,Arafath2025_MalayBasinML;Attanasi2025_ResourceML;Baek2023_WellboreLeakage;Crain2023_MonitoringHistory;Diplas2026_DOEInjection;ESR_Chan2024_124;ESR_Chen2024_119;ESR_Hassani2024_118;ESR_Kanakaki2025_045;ESR_Meng2025_211;ESR_RefNone_173;ESR_Tang2022_226;ESR_Tang2024_135;ESR_Um2024_091;ESR_Um2024_104;ESR_Wang2024_089;ESR_Zheng2025_207;ESR_Zhou2026_127;Gahlot2025_DigitalShadow;Han2024_HierarchicalMCMC;Jiang2024_DSIHistoryMatching;Leong2024_SeisCO2Net;Lin2020_PressureLeakage;Lu2022_BayesianOptimization;Lu2025_GISMLSite;Mo2018_EncoderDecoderUQ;Nassabeh2024_OffshoreSite;TARGET_DRLGeoRisk2026_214483;TARGET_JointInversion2023_2022JB025372;Tang2022_DLDataAssimilationForecasting;Tang2024_GNNFaulted;Teng2024_LikelihoodFreeDA;VoThanh2026_DigitalTwinGNN;Wang2025_4DHistoryMatching;Wen2021_CCSNet;Wen2021_PlumeDNN;Wen2022_UFNO;Wen2023_NestedFNO;Yan2021_RobustDLWorkflow;Yin2022_XAILeakage;Zhang2021_LearningInversionFreeForecast;Zhong2019_PressureAnomaly
IJGGC-V2-WP8-R2-FULL-57-PAPER-REVIEW-2026-07-30,full_57_paper_independent_review_with_author_adjudication,peer_review_status,main_claim_eligible_reference,red_zone_recode_criticality,57,0,0,57,,0.000,,,,
IJGGC-V2-WP8-R2-FULL-57-PAPER-REVIEW-2026-07-30,full_57_paper_independent_review_with_author_adjudication,corpus_scope,main_claim_eligible,synthetic_led_evidence,57,44,55,2,0.800,0.772,0.676,0.884,Baek2023_WellboreLeakage;Crain2023_MonitoringHistory;Diplas2026_DOEInjection;ESR_Chan2024_124;ESR_Chen2024_119;ESR_Falola2024_123;ESR_Hassani2024_118;ESR_Kadeethum2024_128;ESR_Kanakaki2025_045;ESR_Liu2025_121;ESR_Lozano2025_215;ESR_Nunez2023_166;ESR_Park2025_223;ESR_Pawar2023_168;ESR_Tang2024_135;ESR_Tariq2023_174;ESR_Wu2025_042;ESR_Zhang2025_115;ESR_Zheng2025_207;ESR_Zhou2026_127;Gahlot2025_DigitalShadow;Han2024_HierarchicalMCMC;Jiang2024_DSIHistoryMatching;Lin2020_PressureLeakage;Lu2022_BayesianOptimization;Mo2018_EncoderDecoderUQ;Seabra2024_AIEnhancedDA;Shokouhi2021_PhysicsInformedSite;TARGET_DRLGeoRisk2026_214483;TARGET_JointInversion2023_2022JB025372;Tang2022_DLDataAssimilationForecasting;Tang2024_GNNFaulted;Teng2024_LikelihoodFreeDA;VoThanh2026_DigitalTwinGNN;Wang2025_4DHistoryMatching;Wen2021_CCSNet;Wen2021_PlumeDNN;Wen2022_UFNO;Wen2023_NestedFNO;Witte2023_WNO;Yan2021_RobustDLWorkflow;Yin2022_XAILeakage;Zhang2021_LearningInversionFreeForecast;Zhong2019_PressureAnomaly,Arafath2025_MalayBasinML;Attanasi2025_ResourceML;Baek2023_WellboreLeakage;Crain2023_MonitoringHistory;Diplas2026_DOEInjection;ESR_Chan2024_124;ESR_Chen2024_119;ESR_Falola2024_123;ESR_Hassani2024_118;ESR_Kadeethum2024_128;ESR_Kanakaki2025_045;ESR_Liu2025_121;ESR_Lozano2025_215;ESR_Nunez2023_166;ESR_Park2025_223;ESR_Pawar2023_168;ESR_RefNone_173;ESR_Tang2022_226;ESR_Tang2024_135;ESR_Tariq2023_174;ESR_Um2024_091;ESR_Vishal2025_213;ESR_Wang2024_089;ESR_Wu2025_042;ESR_Zhang2025_115;ESR_Zhang2025_178;ESR_Zheng2025_207;ESR_Zhou2026_127;Gahlot2025_DigitalShadow;Han2024_HierarchicalMCMC;Jiang2024_DSIHistoryMatching;Leong2024_SeisCO2Net;Lin2020_PressureLeakage;Lu2022_BayesianOptimization;Lu2025_GISMLSite;Mo2018_EncoderDecoderUQ;Nassabeh2024_OffshoreSite;Seabra2024_AIEnhancedDA;Shokouhi2021_PhysicsInformedSite;TARGET_DRLGeoRisk2026_214483;TARGET_JointInversion2023_2022JB025372;Tang2022_DLDataAssimilationForecasting;Tang2024_GNNFaulted;Teng2024_LikelihoodFreeDA;VoThanh2026_DigitalTwinGNN;Wang2025_4DHistoryMatching;Wen2021_CCSNet;Wen2021_PlumeDNN;Wen2022_UFNO;Wen2023_NestedFNO;Witte2023_WNO;Yan2021_RobustDLWorkflow;Yin2022_XAILeakage;Zhang2021_LearningInversionFreeForecast;Zhong2019_PressureAnomaly
IJGGC-V2-WP8-R2-FULL-57-PAPER-REVIEW-2026-07-30,full_57_paper_independent_review_with_author_adjudication,corpus_scope,main_claim_eligible,score_ge3::field_evidence_score,57,8,56,1,0.143,0.140,0.074,0.257,Arafath2025_MalayBasinML;ESR_Vishal2025_213;ESR_Wang2024_089;ESR_Zhang2025_178;Leong2024_SeisCO2Net;Lin2020_PressureLeakage;Lu2025_GISMLSite;Zhong2019_PressureAnomaly,Arafath2025_MalayBasinML;Attanasi2025_ResourceML;Baek2023_WellboreLeakage;Crain2023_MonitoringHistory;Diplas2026_DOEInjection;ESR_Chan2024_124;ESR_Chen2024_119;ESR_Falola2024_123;ESR_Hassani2024_118;ESR_Kadeethum2024_128;ESR_Kanakaki2025_045;ESR_Lozano2025_215;ESR_Meng2025_211;ESR_Nunez2023_166;ESR_Park2025_223;ESR_Pawar2023_168;ESR_RefNone_173;ESR_Tang2022_226;ESR_Tang2024_135;ESR_Tariq2023_174;ESR_Um2024_091;ESR_Um2024_104;ESR_Vishal2025_213;ESR_Wang2024_089;ESR_Wu2025_042;ESR_Zhang2025_115;ESR_Zhang2025_178;ESR_Zheng2025_207;ESR_Zhou2026_127;Gahlot2025_DigitalShadow;Han2024_HierarchicalMCMC;Jiang2024_DSIHistoryMatching;Leong2024_SeisCO2Net;Lin2020_PressureLeakage;Lu2022_BayesianOptimization;Lu2025_GISMLSite;Mo2018_EncoderDecoderUQ;Nassabeh2024_OffshoreSite;Seabra2024_AIEnhancedDA;Shokouhi2021_PhysicsInformedSite;TARGET_DRLGeoRisk2026_214483;TARGET_JointInversion2023_2022JB025372;Tang2022_DLDataAssimilationForecasting;Tang2024_GNNFaulted;Teng2024_LikelihoodFreeDA;VoThanh2026_DigitalTwinGNN;Wang2025_4DHistoryMatching;Wen2021_CCSNet;Wen2021_PlumeDNN;Wen2022_UFNO;Wen2023_NestedFNO;Witte2023_WNO;Yan2021_RobustDLWorkflow;Yin2022_XAILeakage;Zhang2021_LearningInversionFreeForecast;Zhong2019_PressureAnomaly
IJGGC-V2-WP8-R2-FULL-57-PAPER-REVIEW-2026-07-30,full_57_paper_independent_review_with_author_adjudication,corpus_scope,main_claim_eligible,score_ge3::physical_consistency_score,57,42,57,0,0.737,0.737,0.610,0.834,Baek2023_WellboreLeakage;Crain2023_MonitoringHistory;Diplas2026_DOEInjection;ESR_Chan2024_124;ESR_Chen2024_119;ESR_Falola2024_123;ESR_Kanakaki2025_045;ESR_Lozano2025_215;ESR_Meng2025_211;ESR_Nunez2023_166;ESR_Park2025_223;ESR_Tang2022_226;ESR_Tang2024_135;ESR_Tariq2023_174;ESR_Um2024_091;ESR_Um2024_104;ESR_Zhang2025_115;ESR_Zhang2025_178;ESR_Zheng2025_207;ESR_Zhou2026_127;Gahlot2025_DigitalShadow;Han2024_HierarchicalMCMC;Jiang2024_DSIHistoryMatching;Leong2024_SeisCO2Net;Lu2022_BayesianOptimization;Mo2018_EncoderDecoderUQ;Seabra2024_AIEnhancedDA;Shokouhi2021_PhysicsInformedSite;TARGET_DRLGeoRisk2026_214483;TARGET_JointInversion2023_2022JB025372;Tang2022_DLDataAssimilationForecasting;Tang2024_GNNFaulted;Teng2024_LikelihoodFreeDA;VoThanh2026_DigitalTwinGNN;Wang2025_4DHistoryMatching;Wen2021_CCSNet;Wen2021_PlumeDNN;Wen2022_UFNO;Wen2023_NestedFNO;Witte2023_WNO;Yan2021_RobustDLWorkflow;Yin2022_XAILeakage,Arafath2025_MalayBasinML;Attanasi2025_ResourceML;Baek2023_WellboreLeakage;Crain2023_MonitoringHistory;Diplas2026_DOEInjection;ESR_Chan2024_124;ESR_Chen2024_119;ESR_Falola2024_123;ESR_Hassani2024_118;ESR_Kadeethum2024_128;ESR_Kanakaki2025_045;ESR_Liu2025_121;ESR_Lozano2025_215;ESR_Meng2025_211;ESR_Nunez2023_166;ESR_Park2025_223;ESR_Pawar2023_168;ESR_RefNone_173;ESR_Tang2022_226;ESR_Tang2024_135;ESR_Tariq2023_174;ESR_Um2024_091;ESR_Um2024_104;ESR_Vishal2025_213;ESR_Wang2024_089;ESR_Wu2025_042;ESR_Zhang2025_115;ESR_Zhang2025_178;ESR_Zheng2025_207;ESR_Zhou2026_127;Gahlot2025_DigitalShadow;Han2024_HierarchicalMCMC;Jiang2024_DSIHistoryMatching;Leong2024_SeisCO2Net;Lin2020_PressureLeakage;Lu2022_BayesianOptimization;Lu2025_GISMLSite;Mo2018_EncoderDecoderUQ;Nassabeh2024_OffshoreSite;Seabra2024_AIEnhancedDA;Shokouhi2021_PhysicsInformedSite;TARGET_DRLGeoRisk2026_214483;TARGET_JointInversion2023_2022JB025372;Tang2022_DLDataAssimilationForecasting;Tang2024_GNNFaulted;Teng2024_LikelihoodFreeDA;VoThanh2026_DigitalTwinGNN;Wang2025_4DHistoryMatching;Wen2021_CCSNet;Wen2021_PlumeDNN;Wen2022_UFNO;Wen2023_NestedFNO;Witte2023_WNO;Yan2021_RobustDLWorkflow;Yin2022_XAILeakage;Zhang2021_LearningInversionFreeForecast;Zhong2019_PressureAnomaly
IJGGC-V2-WP8-R2-FULL-57-PAPER-REVIEW-2026-07-30,full_57_paper_independent_review_with_author_adjudication,corpus_scope,main_claim_eligible,score_ge3::uncertainty_score,57,14,56,1,0.250,0.246,0.155,0.377,Crain2023_MonitoringHistory;ESR_Lozano2025_215;ESR_Tang2022_226;Gahlot2025_DigitalShadow;Han2024_HierarchicalMCMC;Jiang2024_DSIHistoryMatching;Mo2018_EncoderDecoderUQ;Seabra2024_AIEnhancedDA;Tang2022_DLDataAssimilationForecasting;Teng2024_LikelihoodFreeDA;VoThanh2026_DigitalTwinGNN;Wang2025_4DHistoryMatching;Zhang2021_LearningInversionFreeForecast;Zhong2019_PressureAnomaly,Arafath2025_MalayBasinML;Attanasi2025_ResourceML;Baek2023_WellboreLeakage;Crain2023_MonitoringHistory;Diplas2026_DOEInjection;ESR_Chan2024_124;ESR_Chen2024_119;ESR_Falola2024_123;ESR_Hassani2024_118;ESR_Kadeethum2024_128;ESR_Kanakaki2025_045;ESR_Lozano2025_215;ESR_Meng2025_211;ESR_Nunez2023_166;ESR_Park2025_223;ESR_Pawar2023_168;ESR_RefNone_173;ESR_Tang2022_226;ESR_Tang2024_135;ESR_Tariq2023_174;ESR_Um2024_091;ESR_Um2024_104;ESR_Vishal2025_213;ESR_Wang2024_089;ESR_Wu2025_042;ESR_Zhang2025_115;ESR_Zhang2025_178;ESR_Zheng2025_207;ESR_Zhou2026_127;Gahlot2025_DigitalShadow;Han2024_HierarchicalMCMC;Jiang2024_DSIHistoryMatching;Leong2024_SeisCO2Net;Lin2020_PressureLeakage;Lu2022_BayesianOptimization;Lu2025_GISMLSite;Mo2018_EncoderDecoderUQ;Nassabeh2024_OffshoreSite;Seabra2024_AIEnhancedDA;Shokouhi2021_PhysicsInformedSite;TARGET_DRLGeoRisk2026_214483;TARGET_JointInversion2023_2022JB025372;Tang2022_DLDataAssimilationForecasting;Tang2024_GNNFaulted;Teng2024_LikelihoodFreeDA;VoThanh2026_DigitalTwinGNN;Wang2025_4DHistoryMatching;Wen2021_CCSNet;Wen2021_PlumeDNN;Wen2022_UFNO;Wen2023_NestedFNO;Witte2023_WNO;Yan2021_RobustDLWorkflow;Yin2022_XAILeakage;Zhang2021_LearningInversionFreeForecast;Zhong2019_PressureAnomaly
IJGGC-V2-WP8-R2-FULL-57-PAPER-REVIEW-2026-07-30,full_57_paper_independent_review_with_author_adjudication,corpus_scope,main_claim_eligible,score_ge3::transferability_score,57,7,56,1,0.125,0.123,0.062,0.236,ESR_Wu2025_042;ESR_Zhang2025_115;Seabra2024_AIEnhancedDA;Tang2022_DLDataAssimilationForecasting;Tang2024_GNNFaulted;VoThanh2026_DigitalTwinGNN;Wen2021_PlumeDNN,Arafath2025_MalayBasinML;Attanasi2025_ResourceML;Baek2023_WellboreLeakage;Crain2023_MonitoringHistory;Diplas2026_DOEInjection;ESR_Chan2024_124;ESR_Chen2024_119;ESR_Falola2024_123;ESR_Hassani2024_118;ESR_Kadeethum2024_128;ESR_Kanakaki2025_045;ESR_Lozano2025_215;ESR_Meng2025_211;ESR_Nunez2023_166;ESR_Park2025_223;ESR_Pawar2023_168;ESR_RefNone_173;ESR_Tang2022_226;ESR_Tang2024_135;ESR_Tariq2023_174;ESR_Um2024_091;ESR_Um2024_104;ESR_Vishal2025_213;ESR_Wang2024_089;ESR_Wu2025_042;ESR_Zhang2025_115;ESR_Zhang2025_178;ESR_Zheng2025_207;ESR_Zhou2026_127;Gahlot2025_DigitalShadow;Han2024_HierarchicalMCMC;Jiang2024_DSIHistoryMatching;Leong2024_SeisCO2Net;Lin2020_PressureLeakage;Lu2022_BayesianOptimization;Lu2025_GISMLSite;Mo2018_EncoderDecoderUQ;Nassabeh2024_OffshoreSite;Seabra2024_AIEnhancedDA;Shokouhi2021_PhysicsInformedSite;TARGET_DRLGeoRisk2026_214483;TARGET_JointInversion2023_2022JB025372;Tang2022_DLDataAssimilationForecasting;Tang2024_GNNFaulted;Teng2024_LikelihoodFreeDA;VoThanh2026_DigitalTwinGNN;Wang2025_4DHistoryMatching;Wen2021_CCSNet;Wen2021_PlumeDNN;Wen2022_UFNO;Wen2023_NestedFNO;Witte2023_WNO;Yan2021_RobustDLWorkflow;Yin2022_XAILeakage;Zhang2021_LearningInversionFreeForecast;Zhong2019_PressureAnomaly
IJGGC-V2-WP8-R2-FULL-57-PAPER-REVIEW-2026-07-30,full_57_paper_independent_review_with_author_adjudication,corpus_scope,main_claim_eligible,score_ge3::decision_readiness_score,57,11,57,0,0.193,0.193,0.111,0.313,Baek2023_WellboreLeakage;Crain2023_MonitoringHistory;Diplas2026_DOEInjection;ESR_Tang2022_226;Leong2024_SeisCO2Net;Lin2020_PressureLeakage;Lu2022_BayesianOptimization;TARGET_DRLGeoRisk2026_214483;Wang2025_4DHistoryMatching;Wen2023_NestedFNO;Zhong2019_PressureAnomaly,Arafath2025_MalayBasinML;Attanasi2025_ResourceML;Baek2023_WellboreLeakage;Crain2023_MonitoringHistory;Diplas2026_DOEInjection;ESR_Chan2024_124;ESR_Chen2024_119;ESR_Falola2024_123;ESR_Hassani2024_118;ESR_Kadeethum2024_128;ESR_Kanakaki2025_045;ESR_Liu2025_121;ESR_Lozano2025_215;ESR_Meng2025_211;ESR_Nunez2023_166;ESR_Park2025_223;ESR_Pawar2023_168;ESR_RefNone_173;ESR_Tang2022_226;ESR_Tang2024_135;ESR_Tariq2023_174;ESR_Um2024_091;ESR_Um2024_104;ESR_Vishal2025_213;ESR_Wang2024_089;ESR_Wu2025_042;ESR_Zhang2025_115;ESR_Zhang2025_178;ESR_Zheng2025_207;ESR_Zhou2026_127;Gahlot2025_DigitalShadow;Han2024_HierarchicalMCMC;Jiang2024_DSIHistoryMatching;Leong2024_SeisCO2Net;Lin2020_PressureLeakage;Lu2022_BayesianOptimization;Lu2025_GISMLSite;Mo2018_EncoderDecoderUQ;Nassabeh2024_OffshoreSite;Seabra2024_AIEnhancedDA;Shokouhi2021_PhysicsInformedSite;TARGET_DRLGeoRisk2026_214483;TARGET_JointInversion2023_2022JB025372;Tang2022_DLDataAssimilationForecasting;Tang2024_GNNFaulted;Teng2024_LikelihoodFreeDA;VoThanh2026_DigitalTwinGNN;Wang2025_4DHistoryMatching;Wen2021_CCSNet;Wen2021_PlumeDNN;Wen2022_UFNO;Wen2023_NestedFNO;Witte2023_WNO;Yan2021_RobustDLWorkflow;Yin2022_XAILeakage;Zhang2021_LearningInversionFreeForecast;Zhong2019_PressureAnomaly
IJGGC-V2-WP8-R2-FULL-57-PAPER-REVIEW-2026-07-30,full_57_paper_independent_review_with_author_adjudication,corpus_scope,main_claim_eligible,direct_field_validation,57,8,56,1,0.143,0.140,0.074,0.257,Arafath2025_MalayBasinML;ESR_Vishal2025_213;ESR_Wang2024_089;ESR_Zhang2025_178;Leong2024_SeisCO2Net;Lin2020_PressureLeakage;Lu2025_GISMLSite;Zhong2019_PressureAnomaly,Arafath2025_MalayBasinML;Attanasi2025_ResourceML;Baek2023_WellboreLeakage;Crain2023_MonitoringHistory;Diplas2026_DOEInjection;ESR_Chan2024_124;ESR_Chen2024_119;ESR_Falola2024_123;ESR_Hassani2024_118;ESR_Kadeethum2024_128;ESR_Kanakaki2025_045;ESR_Lozano2025_215;ESR_Meng2025_211;ESR_Nunez2023_166;ESR_Park2025_223;ESR_Pawar2023_168;ESR_RefNone_173;ESR_Tang2022_226;ESR_Tang2024_135;ESR_Tariq2023_174;ESR_Um2024_091;ESR_Um2024_104;ESR_Vishal2025_213;ESR_Wang2024_089;ESR_Wu2025_042;ESR_Zhang2025_115;ESR_Zhang2025_178;ESR_Zheng2025_207;ESR_Zhou2026_127;Gahlot2025_DigitalShadow;Han2024_HierarchicalMCMC;Jiang2024_DSIHistoryMatching;Leong2024_SeisCO2Net;Lin2020_PressureLeakage;Lu2022_BayesianOptimization;Lu2025_GISMLSite;Mo2018_EncoderDecoderUQ;Nassabeh2024_OffshoreSite;Seabra2024_AIEnhancedDA;Shokouhi2021_PhysicsInformedSite;TARGET_DRLGeoRisk2026_214483;TARGET_JointInversion2023_2022JB025372;Tang2022_DLDataAssimilationForecasting;Tang2024_GNNFaulted;Teng2024_LikelihoodFreeDA;VoThanh2026_DigitalTwinGNN;Wang2025_4DHistoryMatching;Wen2021_CCSNet;Wen2021_PlumeDNN;Wen2022_UFNO;Wen2023_NestedFNO;Witte2023_WNO;Yan2021_RobustDLWorkflow;Yin2022_XAILeakage;Zhang2021_LearningInversionFreeForecast;Zhong2019_PressureAnomaly
IJGGC-V2-WP8-R2-FULL-57-PAPER-REVIEW-2026-07-30,full_57_paper_independent_review_with_author_adjudication,corpus_scope,main_claim_eligible,controlled_release_ml_validation,57,5,56,1,0.089,0.088,0.039,0.193,ESR_Wang2024_089;ESR_Zhang2025_178;Leong2024_SeisCO2Net;Lin2020_PressureLeakage;Zhong2019_PressureAnomaly,Arafath2025_MalayBasinML;Attanasi2025_ResourceML;Baek2023_WellboreLeakage;Crain2023_MonitoringHistory;Diplas2026_DOEInjection;ESR_Chan2024_124;ESR_Chen2024_119;ESR_Falola2024_123;ESR_Hassani2024_118;ESR_Kadeethum2024_128;ESR_Kanakaki2025_045;ESR_Lozano2025_215;ESR_Meng2025_211;ESR_Nunez2023_166;ESR_Park2025_223;ESR_Pawar2023_168;ESR_RefNone_173;ESR_Tang2022_226;ESR_Tang2024_135;ESR_Tariq2023_174;ESR_Um2024_091;ESR_Um2024_104;ESR_Vishal2025_213;ESR_Wang2024_089;ESR_Wu2025_042;ESR_Zhang2025_115;ESR_Zhang2025_178;ESR_Zheng2025_207;ESR_Zhou2026_127;Gahlot2025_DigitalShadow;Han2024_HierarchicalMCMC;Jiang2024_DSIHistoryMatching;Leong2024_SeisCO2Net;Lin2020_PressureLeakage;Lu2022_BayesianOptimization;Lu2025_GISMLSite;Mo2018_EncoderDecoderUQ;Nassabeh2024_OffshoreSite;Seabra2024_AIEnhancedDA;Shokouhi2021_PhysicsInformedSite;TARGET_DRLGeoRisk2026_214483;TARGET_JointInversion2023_2022JB025372;Tang2022_DLDataAssimilationForecasting;Tang2024_GNNFaulted;Teng2024_LikelihoodFreeDA;VoThanh2026_DigitalTwinGNN;Wang2025_4DHistoryMatching;Wen2021_CCSNet;Wen2021_PlumeDNN;Wen2022_UFNO;Wen2023_NestedFNO;Witte2023_WNO;Yan2021_RobustDLWorkflow;Yin2022_XAILeakage;Zhang2021_LearningInversionFreeForecast;Zhong2019_PressureAnomaly
IJGGC-V2-WP8-R2-FULL-57-PAPER-REVIEW-2026-07-30,full_57_paper_independent_review_with_author_adjudication,corpus_scope,main_claim_eligible,explicit_ood_testing,57,14,54,3,0.259,0.246,0.161,0.389,ESR_Chan2024_124;ESR_Hassani2024_118;ESR_Tang2022_226;ESR_Wu2025_042;ESR_Zhang2025_115;Leong2024_SeisCO2Net;Lin2020_PressureLeakage;Seabra2024_AIEnhancedDA;Tang2022_DLDataAssimilationForecasting;Tang2024_GNNFaulted;VoThanh2026_DigitalTwinGNN;Wen2021_PlumeDNN;Wen2022_UFNO;Zhong2019_PressureAnomaly,Arafath2025_MalayBasinML;Attanasi2025_ResourceML;Baek2023_WellboreLeakage;Crain2023_MonitoringHistory;Diplas2026_DOEInjection;ESR_Chan2024_124;ESR_Chen2024_119;ESR_Falola2024_123;ESR_Hassani2024_118;ESR_Kadeethum2024_128;ESR_Kanakaki2025_045;ESR_Lozano2025_215;ESR_Meng2025_211;ESR_Nunez2023_166;ESR_Park2025_223;ESR_Pawar2023_168;ESR_RefNone_173;ESR_Tang2022_226;ESR_Tang2024_135;ESR_Tariq2023_174;ESR_Um2024_091;ESR_Um2024_104;ESR_Wang2024_089;ESR_Wu2025_042;ESR_Zhang2025_115;ESR_Zhang2025_178;ESR_Zheng2025_207;ESR_Zhou2026_127;Gahlot2025_DigitalShadow;Han2024_HierarchicalMCMC;Jiang2024_DSIHistoryMatching;Leong2024_SeisCO2Net;Lin2020_PressureLeakage;Lu2022_BayesianOptimization;Lu2025_GISMLSite;Mo2018_EncoderDecoderUQ;Nassabeh2024_OffshoreSite;Seabra2024_AIEnhancedDA;TARGET_DRLGeoRisk2026_214483;TARGET_JointInversion2023_2022JB025372;Tang2022_DLDataAssimilationForecasting;Tang2024_GNNFaulted;Teng2024_LikelihoodFreeDA;VoThanh2026_DigitalTwinGNN;Wang2025_4DHistoryMatching;Wen2021_CCSNet;Wen2021_PlumeDNN;Wen2022_UFNO;Wen2023_NestedFNO;Witte2023_WNO;Yan2021_RobustDLWorkflow;Yin2022_XAILeakage;Zhang2021_LearningInversionFreeForecast;Zhong2019_PressureAnomaly
IJGGC-V2-WP8-R2-FULL-57-PAPER-REVIEW-2026-07-30,full_57_paper_independent_review_with_author_adjudication,corpus_scope,main_claim_eligible,explicit_cross_site_testing,57,1,55,2,0.018,0.018,0.003,0.096,ESR_Wu2025_042,Arafath2025_MalayBasinML;Attanasi2025_ResourceML;Baek2023_WellboreLeakage;Crain2023_MonitoringHistory;Diplas2026_DOEInjection;ESR_Chan2024_124;ESR_Chen2024_119;ESR_Falola2024_123;ESR_Hassani2024_118;ESR_Kadeethum2024_128;ESR_Kanakaki2025_045;ESR_Lozano2025_215;ESR_Meng2025_211;ESR_Nunez2023_166;ESR_Park2025_223;ESR_Pawar2023_168;ESR_RefNone_173;ESR_Tang2022_226;ESR_Tang2024_135;ESR_Tariq2023_174;ESR_Um2024_091;ESR_Um2024_104;ESR_Wang2024_089;ESR_Wu2025_042;ESR_Zhang2025_115;ESR_Zhang2025_178;ESR_Zheng2025_207;ESR_Zhou2026_127;Gahlot2025_DigitalShadow;Han2024_HierarchicalMCMC;Jiang2024_DSIHistoryMatching;Leong2024_SeisCO2Net;Lin2020_PressureLeakage;Lu2022_BayesianOptimization;Lu2025_GISMLSite;Mo2018_EncoderDecoderUQ;Nassabeh2024_OffshoreSite;Seabra2024_AIEnhancedDA;Shokouhi2021_PhysicsInformedSite;TARGET_DRLGeoRisk2026_214483;TARGET_JointInversion2023_2022JB025372;Tang2022_DLDataAssimilationForecasting;Tang2024_GNNFaulted;Teng2024_LikelihoodFreeDA;VoThanh2026_DigitalTwinGNN;Wang2025_4DHistoryMatching;Wen2021_CCSNet;Wen2021_PlumeDNN;Wen2022_UFNO;Wen2023_NestedFNO;Witte2023_WNO;Yan2021_RobustDLWorkflow;Yin2022_XAILeakage;Zhang2021_LearningInversionFreeForecast;Zhong2019_PressureAnomaly
IJGGC-V2-WP8-R2-FULL-57-PAPER-REVIEW-2026-07-30,full_57_paper_independent_review_with_author_adjudication,corpus_scope,main_claim_eligible,uncertainty_calibration_or_posterior_check,57,13,46,11,0.283,0.228,0.173,0.425,Crain2023_MonitoringHistory;ESR_Lozano2025_215;ESR_Tang2022_226;Gahlot2025_DigitalShadow;Han2024_HierarchicalMCMC;Jiang2024_DSIHistoryMatching;Mo2018_EncoderDecoderUQ;Seabra2024_AIEnhancedDA;Tang2022_DLDataAssimilationForecasting;Teng2024_LikelihoodFreeDA;VoThanh2026_DigitalTwinGNN;Wang2025_4DHistoryMatching;Zhang2021_LearningInversionFreeForecast,Arafath2025_MalayBasinML;Attanasi2025_ResourceML;Crain2023_MonitoringHistory;Diplas2026_DOEInjection;ESR_Chan2024_124;ESR_Chen2024_119;ESR_Falola2024_123;ESR_Hassani2024_118;ESR_Kadeethum2024_128;ESR_Kanakaki2025_045;ESR_Lozano2025_215;ESR_Meng2025_211;ESR_Nunez2023_166;ESR_Park2025_223;ESR_Pawar2023_168;ESR_RefNone_173;ESR_Tang2022_226;ESR_Tang2024_135;ESR_Tariq2023_174;ESR_Um2024_091;ESR_Um2024_104;ESR_Wang2024_089;ESR_Zhang2025_115;ESR_Zhang2025_178;ESR_Zheng2025_207;ESR_Zhou2026_127;Gahlot2025_DigitalShadow;Han2024_HierarchicalMCMC;Jiang2024_DSIHistoryMatching;Lu2022_BayesianOptimization;Lu2025_GISMLSite;Mo2018_EncoderDecoderUQ;Nassabeh2024_OffshoreSite;Seabra2024_AIEnhancedDA;Shokouhi2021_PhysicsInformedSite;Tang2022_DLDataAssimilationForecasting;Tang2024_GNNFaulted;Teng2024_LikelihoodFreeDA;VoThanh2026_DigitalTwinGNN;Wang2025_4DHistoryMatching;Wen2021_PlumeDNN;Wen2022_UFNO;Witte2023_WNO;Yan2021_RobustDLWorkflow;Yin2022_XAILeakage;Zhang2021_LearningInversionFreeForecast
IJGGC-V2-WP8-R2-FULL-57-PAPER-REVIEW-2026-07-30,full_57_paper_independent_review_with_author_adjudication,corpus_scope,main_claim_eligible,surrogate_error_propagation,57,4,20,37,0.200,0.070,0.081,0.416,Diplas2026_DOEInjection;Han2024_HierarchicalMCMC;Lu2022_BayesianOptimization;Wang2025_4DHistoryMatching,Attanasi2025_ResourceML;Baek2023_WellboreLeakage;Diplas2026_DOEInjection;ESR_Chan2024_124;ESR_Chen2024_119;ESR_Lozano2025_215;ESR_Meng2025_211;ESR_Tang2022_226;ESR_Wu2025_042;ESR_Zheng2025_207;Han2024_HierarchicalMCMC;Lu2022_BayesianOptimization;Mo2018_EncoderDecoderUQ;Seabra2024_AIEnhancedDA;TARGET_DRLGeoRisk2026_214483;Tang2022_DLDataAssimilationForecasting;Teng2024_LikelihoodFreeDA;Wang2025_4DHistoryMatching;Wen2021_CCSNet;Wen2023_NestedFNO
IJGGC-V2-WP8-R2-FULL-57-PAPER-REVIEW-2026-07-30,full_57_paper_independent_review_with_author_adjudication,corpus_scope,main_claim_eligible,any_physical_diagnostic_checked,57,23,42,15,0.548,0.404,0.399,0.688,Baek2023_WellboreLeakage;Crain2023_MonitoringHistory;Diplas2026_DOEInjection;ESR_Chan2024_124;ESR_Kanakaki2025_045;ESR_Tang2022_226;ESR_Tang2024_135;ESR_Um2024_091;ESR_Zheng2025_207;Han2024_HierarchicalMCMC;Jiang2024_DSIHistoryMatching;Leong2024_SeisCO2Net;Mo2018_EncoderDecoderUQ;TARGET_DRLGeoRisk2026_214483;Tang2024_GNNFaulted;VoThanh2026_DigitalTwinGNN;Wen2021_CCSNet;Wen2021_PlumeDNN;Wen2022_UFNO;Wen2023_NestedFNO;Yan2021_RobustDLWorkflow;Yin2022_XAILeakage;Zhong2019_PressureAnomaly,Arafath2025_MalayBasinML;Attanasi2025_ResourceML;Baek2023_WellboreLeakage;Crain2023_MonitoringHistory;Diplas2026_DOEInjection;ESR_Chan2024_124;ESR_Chen2024_119;ESR_Hassani2024_118;ESR_Kanakaki2025_045;ESR_Meng2025_211;ESR_RefNone_173;ESR_Tang2022_226;ESR_Tang2024_135;ESR_Um2024_091;ESR_Um2024_104;ESR_Wang2024_089;ESR_Zheng2025_207;ESR_Zhou2026_127;Gahlot2025_DigitalShadow;Han2024_HierarchicalMCMC;Jiang2024_DSIHistoryMatching;Leong2024_SeisCO2Net;Lin2020_PressureLeakage;Lu2022_BayesianOptimization;Lu2025_GISMLSite;Mo2018_EncoderDecoderUQ;Nassabeh2024_OffshoreSite;TARGET_DRLGeoRisk2026_214483;TARGET_JointInversion2023_2022JB025372;Tang2022_DLDataAssimilationForecasting;Tang2024_GNNFaulted;Teng2024_LikelihoodFreeDA;VoThanh2026_DigitalTwinGNN;Wang2025_4DHistoryMatching;Wen2021_CCSNet;Wen2021_PlumeDNN;Wen2022_UFNO;Wen2023_NestedFNO;Yan2021_RobustDLWorkflow;Yin2022_XAILeakage;Zhang2021_LearningInversionFreeForecast;Zhong2019_PressureAnomaly
IJGGC-V2-WP8-R2-FULL-57-PAPER-REVIEW-2026-07-30,full_57_paper_independent_review_with_author_adjudication,corpus_scope,main_claim_eligible,red_zone_recode_criticality,57,0,0,57,,0.000,,,,
IJGGC-V2-WP8-R2-FULL-57-PAPER-REVIEW-2026-07-30,full_57_paper_independent_review_with_author_adjudication,corpus_scope,all_verified_primary,synthetic_led_evidence,70,55,68,2,0.809,0.786,0.700,0.885,Baek2023_WellboreLeakage;Crain2023_MonitoringHistory;Diplas2026_DOEInjection;ESR_Alkhowaildi2025_082;ESR_Celaya2024_100;ESR_Chan2024_124;ESR_Chen2023_229;ESR_Chen2024_119;ESR_Falola2024_123;ESR_Ganesh2024_070;ESR_Hassani2024_118;ESR_Kadeethum2024_128;ESR_Kanakaki2025_045;ESR_Lima2019_267;ESR_Liu2025_121;ESR_Lozano2025_215;ESR_Nunez2023_166;ESR_Owusu2025_086;ESR_Park2025_223;ESR_Pawar2023_168;ESR_Qiao2025_125;ESR_Sekar2025_239;ESR_Singh2025_084;ESR_Tang2024_135;ESR_Tariq2023_174;ESR_Wu2025_042;ESR_Zhang2025_115;ESR_Zheng2025_207;ESR_Zhou2026_127;Gahlot2025_DigitalShadow;Graham2020_BayesianGenerativeStorage;Han2024_HierarchicalMCMC;Jiang2024_DSIHistoryMatching;Lin2020_PressureLeakage;Lu2022_BayesianOptimization;Mo2018_EncoderDecoderUQ;Seabra2024_AIEnhancedDA;Shokouhi2021_PhysicsInformedSite;TARGET_DRLGeoRisk2026_214483;TARGET_JointInversion2023_2022JB025372;Tang2022_DLDataAssimilationForecasting;Tang2024_GNNFaulted;Teng2024_LikelihoodFreeDA;VoThanh2026_DigitalTwinGNN;Wang2025_4DHistoryMatching;Wen2021_CCSNet;Wen2021_PlumeDNN;Wen2022_UFNO;Wen2023_NestedFNO;Witte2023_WNO;Yan2021_RobustDLWorkflow;Yehia2026_E2CORL;Yin2022_XAILeakage;Zhang2021_LearningInversionFreeForecast;Zhong2019_PressureAnomaly,Arafath2025_MalayBasinML;Attanasi2025_ResourceML;Baek2023_WellboreLeakage;Crain2023_MonitoringHistory;Diplas2026_DOEInjection;ESR_Alkhowaildi2025_082;ESR_Celaya2024_100;ESR_Chan2024_124;ESR_Chen2023_229;ESR_Chen2024_119;ESR_Falola2024_123;ESR_Ganesh2024_070;ESR_Hassani2024_118;ESR_Kadeethum2024_128;ESR_Kanakaki2025_045;ESR_Lima2019_267;ESR_Liu2025_121;ESR_Lozano2025_215;ESR_Mishra2022_076;ESR_Moncada2025_046;ESR_Nunez2023_166;ESR_Owusu2025_086;ESR_Park2025_223;ESR_Pawar2023_168;ESR_Qiao2025_125;ESR_RefNone_173;ESR_Sekar2025_239;ESR_Singh2025_084;ESR_Tang2022_226;ESR_Tang2024_135;ESR_Tariq2023_174;ESR_Um2024_091;ESR_Vishal2025_213;ESR_Wang2024_089;ESR_Wu2025_042;ESR_Zhang2025_115;ESR_Zhang2025_178;ESR_Zheng2025_207;ESR_Zhou2026_127;Gahlot2025_DigitalShadow;Graham2020_BayesianGenerativeStorage;Han2024_HierarchicalMCMC;Jiang2024_DSIHistoryMatching;Leong2024_SeisCO2Net;Lin2020_PressureLeakage;Lu2022_BayesianOptimization;Lu2025_GISMLSite;Mo2018_EncoderDecoderUQ;Nassabeh2024_OffshoreSite;Seabra2024_AIEnhancedDA;Shokouhi2021_PhysicsInformedSite;TARGET_DRLGeoRisk2026_214483;TARGET_JointInversion2023_2022JB025372;Tang2022_DLDataAssimilationForecasting;Tang2024_GNNFaulted;Teng2024_LikelihoodFreeDA;VoThanh2026_DigitalTwinGNN;Wang2025_4DHistoryMatching;Wen2021_CCSNet;Wen2021_PlumeDNN;Wen2022_UFNO;Wen2023_NestedFNO;Witte2023_WNO;Yan2021_RobustDLWorkflow;Yehia2026_E2CORL;Yin2022_XAILeakage;Zhang2021_LearningInversionFreeForecast;Zhong2019_PressureAnomaly
IJGGC-V2-WP8-R2-FULL-57-PAPER-REVIEW-2026-07-30,full_57_paper_independent_review_with_author_adjudication,corpus_scope,all_verified_primary,score_ge3::field_evidence_score,70,9,69,1,0.130,0.129,0.070,0.230,Arafath2025_MalayBasinML;ESR_Mishra2022_076;ESR_Vishal2025_213;ESR_Wang2024_089;ESR_Zhang2025_178;Leong2024_SeisCO2Net;Lin2020_PressureLeakage;Lu2025_GISMLSite;Zhong2019_PressureAnomaly,Arafath2025_MalayBasinML;Attanasi2025_ResourceML;Baek2023_WellboreLeakage;Crain2023_MonitoringHistory;Diplas2026_DOEInjection;ESR_Alkhowaildi2025_082;ESR_Celaya2024_100;ESR_Chan2024_124;ESR_Chen2023_229;ESR_Chen2024_119;ESR_Falola2024_123;ESR_Ganesh2024_070;ESR_Hassani2024_118;ESR_Kadeethum2024_128;ESR_Kanakaki2025_045;ESR_Lima2019_267;ESR_Lozano2025_215;ESR_Meng2025_211;ESR_Mishra2022_076;ESR_Moncada2025_046;ESR_Nunez2023_166;ESR_Owusu2025_086;ESR_Park2025_223;ESR_Pawar2023_168;ESR_Qiao2025_125;ESR_RefNone_173;ESR_Sekar2025_239;ESR_Singh2025_084;ESR_Tang2022_226;ESR_Tang2024_135;ESR_Tariq2023_174;ESR_Um2024_091;ESR_Um2024_104;ESR_Vishal2025_213;ESR_Wang2024_089;ESR_Wu2025_042;ESR_Zhang2025_115;ESR_Zhang2025_178;ESR_Zheng2025_207;ESR_Zhou2026_127;Gahlot2025_DigitalShadow;Graham2020_BayesianGenerativeStorage;Han2024_HierarchicalMCMC;Jiang2024_DSIHistoryMatching;Leong2024_SeisCO2Net;Lin2020_PressureLeakage;Lu2022_BayesianOptimization;Lu2025_GISMLSite;Mo2018_EncoderDecoderUQ;Nassabeh2024_OffshoreSite;Seabra2024_AIEnhancedDA;Shokouhi2021_PhysicsInformedSite;TARGET_DRLGeoRisk2026_214483;TARGET_JointInversion2023_2022JB025372;Tang2022_DLDataAssimilationForecasting;Tang2024_GNNFaulted;Teng2024_LikelihoodFreeDA;VoThanh2026_DigitalTwinGNN;Wang2025_4DHistoryMatching;Wen2021_CCSNet;Wen2021_PlumeDNN;Wen2022_UFNO;Wen2023_NestedFNO;Witte2023_WNO;Yan2021_RobustDLWorkflow;Yehia2026_E2CORL;Yin2022_XAILeakage;Zhang2021_LearningInversionFreeForecast;Zhong2019_PressureAnomaly
IJGGC-V2-WP8-R2-FULL-57-PAPER-REVIEW-2026-07-30,full_57_paper_independent_review_with_author_adjudication,corpus_scope,all_verified_primary,score_ge3::physical_consistency_score,70,42,70,0,0.600,0.600,0.483,0.707,Baek2023_WellboreLeakage;Crain2023_MonitoringHistory;Diplas2026_DOEInjection;ESR_Chan2024_124;ESR_Chen2024_119;ESR_Falola2024_123;ESR_Kanakaki2025_045;ESR_Lozano2025_215;ESR_Meng2025_211;ESR_Nunez2023_166;ESR_Park2025_223;ESR_Tang2022_226;ESR_Tang2024_135;ESR_Tariq2023_174;ESR_Um2024_091;ESR_Um2024_104;ESR_Zhang2025_115;ESR_Zhang2025_178;ESR_Zheng2025_207;ESR_Zhou2026_127;Gahlot2025_DigitalShadow;Han2024_HierarchicalMCMC;Jiang2024_DSIHistoryMatching;Leong2024_SeisCO2Net;Lu2022_BayesianOptimization;Mo2018_EncoderDecoderUQ;Seabra2024_AIEnhancedDA;Shokouhi2021_PhysicsInformedSite;TARGET_DRLGeoRisk2026_214483;TARGET_JointInversion2023_2022JB025372;Tang2022_DLDataAssimilationForecasting;Tang2024_GNNFaulted;Teng2024_LikelihoodFreeDA;VoThanh2026_DigitalTwinGNN;Wang2025_4DHistoryMatching;Wen2021_CCSNet;Wen2021_PlumeDNN;Wen2022_UFNO;Wen2023_NestedFNO;Witte2023_WNO;Yan2021_RobustDLWorkflow;Yin2022_XAILeakage,Arafath2025_MalayBasinML;Attanasi2025_ResourceML;Baek2023_WellboreLeakage;Crain2023_MonitoringHistory;Diplas2026_DOEInjection;ESR_Alkhowaildi2025_082;ESR_Celaya2024_100;ESR_Chan2024_124;ESR_Chen2023_229;ESR_Chen2024_119;ESR_Falola2024_123;ESR_Ganesh2024_070;ESR_Hassani2024_118;ESR_Kadeethum2024_128;ESR_Kanakaki2025_045;ESR_Lima2019_267;ESR_Liu2025_121;ESR_Lozano2025_215;ESR_Meng2025_211;ESR_Mishra2022_076;ESR_Moncada2025_046;ESR_Nunez2023_166;ESR_Owusu2025_086;ESR_Park2025_223;ESR_Pawar2023_168;ESR_Qiao2025_125;ESR_RefNone_173;ESR_Sekar2025_239;ESR_Singh2025_084;ESR_Tang2022_226;ESR_Tang2024_135;ESR_Tariq2023_174;ESR_Um2024_091;ESR_Um2024_104;ESR_Vishal2025_213;ESR_Wang2024_089;ESR_Wu2025_042;ESR_Zhang2025_115;ESR_Zhang2025_178;ESR_Zheng2025_207;ESR_Zhou2026_127;Gahlot2025_DigitalShadow;Graham2020_BayesianGenerativeStorage;Han2024_HierarchicalMCMC;Jiang2024_DSIHistoryMatching;Leong2024_SeisCO2Net;Lin2020_PressureLeakage;Lu2022_BayesianOptimization;Lu2025_GISMLSite;Mo2018_EncoderDecoderUQ;Nassabeh2024_OffshoreSite;Seabra2024_AIEnhancedDA;Shokouhi2021_PhysicsInformedSite;TARGET_DRLGeoRisk2026_214483;TARGET_JointInversion2023_2022JB025372;Tang2022_DLDataAssimilationForecasting;Tang2024_GNNFaulted;Teng2024_LikelihoodFreeDA;VoThanh2026_DigitalTwinGNN;Wang2025_4DHistoryMatching;Wen2021_CCSNet;Wen2021_PlumeDNN;Wen2022_UFNO;Wen2023_NestedFNO;Witte2023_WNO;Yan2021_RobustDLWorkflow;Yehia2026_E2CORL;Yin2022_XAILeakage;Zhang2021_LearningInversionFreeForecast;Zhong2019_PressureAnomaly
IJGGC-V2-WP8-R2-FULL-57-PAPER-REVIEW-2026-07-30,full_57_paper_independent_review_with_author_adjudication,corpus_scope,all_verified_primary,score_ge3::uncertainty_score,70,14,63,7,0.222,0.200,0.137,0.339,Crain2023_MonitoringHistory;ESR_Lozano2025_215;ESR_Tang2022_226;Gahlot2025_DigitalShadow;Han2024_HierarchicalMCMC;Jiang2024_DSIHistoryMatching;Mo2018_EncoderDecoderUQ;Seabra2024_AIEnhancedDA;Tang2022_DLDataAssimilationForecasting;Teng2024_LikelihoodFreeDA;VoThanh2026_DigitalTwinGNN;Wang2025_4DHistoryMatching;Zhang2021_LearningInversionFreeForecast;Zhong2019_PressureAnomaly,Arafath2025_MalayBasinML;Attanasi2025_ResourceML;Baek2023_WellboreLeakage;Crain2023_MonitoringHistory;Diplas2026_DOEInjection;ESR_Alkhowaildi2025_082;ESR_Celaya2024_100;ESR_Chan2024_124;ESR_Chen2023_229;ESR_Chen2024_119;ESR_Falola2024_123;ESR_Ganesh2024_070;ESR_Hassani2024_118;ESR_Kadeethum2024_128;ESR_Kanakaki2025_045;ESR_Lozano2025_215;ESR_Meng2025_211;ESR_Mishra2022_076;ESR_Moncada2025_046;ESR_Nunez2023_166;ESR_Park2025_223;ESR_Pawar2023_168;ESR_RefNone_173;ESR_Tang2022_226;ESR_Tang2024_135;ESR_Tariq2023_174;ESR_Um2024_091;ESR_Um2024_104;ESR_Vishal2025_213;ESR_Wang2024_089;ESR_Wu2025_042;ESR_Zhang2025_115;ESR_Zhang2025_178;ESR_Zheng2025_207;ESR_Zhou2026_127;Gahlot2025_DigitalShadow;Graham2020_BayesianGenerativeStorage;Han2024_HierarchicalMCMC;Jiang2024_DSIHistoryMatching;Leong2024_SeisCO2Net;Lin2020_PressureLeakage;Lu2022_BayesianOptimization;Lu2025_GISMLSite;Mo2018_EncoderDecoderUQ;Nassabeh2024_OffshoreSite;Seabra2024_AIEnhancedDA;Shokouhi2021_PhysicsInformedSite;TARGET_DRLGeoRisk2026_214483;TARGET_JointInversion2023_2022JB025372;Tang2022_DLDataAssimilationForecasting;Tang2024_GNNFaulted;Teng2024_LikelihoodFreeDA;VoThanh2026_DigitalTwinGNN;Wang2025_4DHistoryMatching;Wen2021_CCSNet;Wen2021_PlumeDNN;Wen2022_UFNO;Wen2023_NestedFNO;Witte2023_WNO;Yan2021_RobustDLWorkflow;Yin2022_XAILeakage;Zhang2021_LearningInversionFreeForecast;Zhong2019_PressureAnomaly
IJGGC-V2-WP8-R2-FULL-57-PAPER-REVIEW-2026-07-30,full_57_paper_independent_review_with_author_adjudication,corpus_scope,all_verified_primary,score_ge3::transferability_score,70,7,62,8,0.113,0.100,0.056,0.215,ESR_Wu2025_042;ESR_Zhang2025_115;Seabra2024_AIEnhancedDA;Tang2022_DLDataAssimilationForecasting;Tang2024_GNNFaulted;VoThanh2026_DigitalTwinGNN;Wen2021_PlumeDNN,Arafath2025_MalayBasinML;Attanasi2025_ResourceML;Baek2023_WellboreLeakage;Crain2023_MonitoringHistory;Diplas2026_DOEInjection;ESR_Alkhowaildi2025_082;ESR_Celaya2024_100;ESR_Chan2024_124;ESR_Chen2023_229;ESR_Chen2024_119;ESR_Falola2024_123;ESR_Ganesh2024_070;ESR_Hassani2024_118;ESR_Kadeethum2024_128;ESR_Kanakaki2025_045;ESR_Lozano2025_215;ESR_Meng2025_211;ESR_Mishra2022_076;ESR_Moncada2025_046;ESR_Nunez2023_166;ESR_Park2025_223;ESR_Pawar2023_168;ESR_RefNone_173;ESR_Tang2022_226;ESR_Tang2024_135;ESR_Tariq2023_174;ESR_Um2024_091;ESR_Um2024_104;ESR_Vishal2025_213;ESR_Wang2024_089;ESR_Wu2025_042;ESR_Zhang2025_115;ESR_Zhang2025_178;ESR_Zheng2025_207;ESR_Zhou2026_127;Gahlot2025_DigitalShadow;Han2024_HierarchicalMCMC;Jiang2024_DSIHistoryMatching;Leong2024_SeisCO2Net;Lin2020_PressureLeakage;Lu2022_BayesianOptimization;Lu2025_GISMLSite;Mo2018_EncoderDecoderUQ;Nassabeh2024_OffshoreSite;Seabra2024_AIEnhancedDA;Shokouhi2021_PhysicsInformedSite;TARGET_DRLGeoRisk2026_214483;TARGET_JointInversion2023_2022JB025372;Tang2022_DLDataAssimilationForecasting;Tang2024_GNNFaulted;Teng2024_LikelihoodFreeDA;VoThanh2026_DigitalTwinGNN;Wang2025_4DHistoryMatching;Wen2021_CCSNet;Wen2021_PlumeDNN;Wen2022_UFNO;Wen2023_NestedFNO;Witte2023_WNO;Yan2021_RobustDLWorkflow;Yin2022_XAILeakage;Zhang2021_LearningInversionFreeForecast;Zhong2019_PressureAnomaly
IJGGC-V2-WP8-R2-FULL-57-PAPER-REVIEW-2026-07-30,full_57_paper_independent_review_with_author_adjudication,corpus_scope,all_verified_primary,score_ge3::decision_readiness_score,70,11,70,0,0.157,0.157,0.090,0.260,Baek2023_WellboreLeakage;Crain2023_MonitoringHistory;Diplas2026_DOEInjection;ESR_Tang2022_226;Leong2024_SeisCO2Net;Lin2020_PressureLeakage;Lu2022_BayesianOptimization;TARGET_DRLGeoRisk2026_214483;Wang2025_4DHistoryMatching;Wen2023_NestedFNO;Zhong2019_PressureAnomaly,Arafath2025_MalayBasinML;Attanasi2025_ResourceML;Baek2023_WellboreLeakage;Crain2023_MonitoringHistory;Diplas2026_DOEInjection;ESR_Alkhowaildi2025_082;ESR_Celaya2024_100;ESR_Chan2024_124;ESR_Chen2023_229;ESR_Chen2024_119;ESR_Falola2024_123;ESR_Ganesh2024_070;ESR_Hassani2024_118;ESR_Kadeethum2024_128;ESR_Kanakaki2025_045;ESR_Lima2019_267;ESR_Liu2025_121;ESR_Lozano2025_215;ESR_Meng2025_211;ESR_Mishra2022_076;ESR_Moncada2025_046;ESR_Nunez2023_166;ESR_Owusu2025_086;ESR_Park2025_223;ESR_Pawar2023_168;ESR_Qiao2025_125;ESR_RefNone_173;ESR_Sekar2025_239;ESR_Singh2025_084;ESR_Tang2022_226;ESR_Tang2024_135;ESR_Tariq2023_174;ESR_Um2024_091;ESR_Um2024_104;ESR_Vishal2025_213;ESR_Wang2024_089;ESR_Wu2025_042;ESR_Zhang2025_115;ESR_Zhang2025_178;ESR_Zheng2025_207;ESR_Zhou2026_127;Gahlot2025_DigitalShadow;Graham2020_BayesianGenerativeStorage;Han2024_HierarchicalMCMC;Jiang2024_DSIHistoryMatching;Leong2024_SeisCO2Net;Lin2020_PressureLeakage;Lu2022_BayesianOptimization;Lu2025_GISMLSite;Mo2018_EncoderDecoderUQ;Nassabeh2024_OffshoreSite;Seabra2024_AIEnhancedDA;Shokouhi2021_PhysicsInformedSite;TARGET_DRLGeoRisk2026_214483;TARGET_JointInversion2023_2022JB025372;Tang2022_DLDataAssimilationForecasting;Tang2024_GNNFaulted;Teng2024_LikelihoodFreeDA;VoThanh2026_DigitalTwinGNN;Wang2025_4DHistoryMatching;Wen2021_CCSNet;Wen2021_PlumeDNN;Wen2022_UFNO;Wen2023_NestedFNO;Witte2023_WNO;Yan2021_RobustDLWorkflow;Yehia2026_E2CORL;Yin2022_XAILeakage;Zhang2021_LearningInversionFreeForecast;Zhong2019_PressureAnomaly
IJGGC-V2-WP8-R2-FULL-57-PAPER-REVIEW-2026-07-30,full_57_paper_independent_review_with_author_adjudication,corpus_scope,all_verified_primary,direct_field_validation,70,9,61,9,0.148,0.129,0.080,0.257,Arafath2025_MalayBasinML;ESR_Mishra2022_076;ESR_Vishal2025_213;ESR_Wang2024_089;ESR_Zhang2025_178;Leong2024_SeisCO2Net;Lin2020_PressureLeakage;Lu2025_GISMLSite;Zhong2019_PressureAnomaly,Arafath2025_MalayBasinML;Attanasi2025_ResourceML;Baek2023_WellboreLeakage;Crain2023_MonitoringHistory;Diplas2026_DOEInjection;ESR_Alkhowaildi2025_082;ESR_Chan2024_124;ESR_Chen2023_229;ESR_Chen2024_119;ESR_Falola2024_123;ESR_Ganesh2024_070;ESR_Hassani2024_118;ESR_Kadeethum2024_128;ESR_Kanakaki2025_045;ESR_Lozano2025_215;ESR_Meng2025_211;ESR_Mishra2022_076;ESR_Moncada2025_046;ESR_Nunez2023_166;ESR_Park2025_223;ESR_Pawar2023_168;ESR_RefNone_173;ESR_Tang2022_226;ESR_Tang2024_135;ESR_Tariq2023_174;ESR_Um2024_091;ESR_Um2024_104;ESR_Vishal2025_213;ESR_Wang2024_089;ESR_Wu2025_042;ESR_Zhang2025_115;ESR_Zhang2025_178;ESR_Zheng2025_207;ESR_Zhou2026_127;Gahlot2025_DigitalShadow;Han2024_HierarchicalMCMC;Jiang2024_DSIHistoryMatching;Leong2024_SeisCO2Net;Lin2020_PressureLeakage;Lu2022_BayesianOptimization;Lu2025_GISMLSite;Mo2018_EncoderDecoderUQ;Nassabeh2024_OffshoreSite;Seabra2024_AIEnhancedDA;Shokouhi2021_PhysicsInformedSite;TARGET_DRLGeoRisk2026_214483;TARGET_JointInversion2023_2022JB025372;Tang2022_DLDataAssimilationForecasting;Tang2024_GNNFaulted;Teng2024_LikelihoodFreeDA;VoThanh2026_DigitalTwinGNN;Wang2025_4DHistoryMatching;Wen2021_CCSNet;Wen2021_PlumeDNN;Wen2022_UFNO;Wen2023_NestedFNO;Witte2023_WNO;Yan2021_RobustDLWorkflow;Yin2022_XAILeakage;Zhang2021_LearningInversionFreeForecast;Zhong2019_PressureAnomaly
IJGGC-V2-WP8-R2-FULL-57-PAPER-REVIEW-2026-07-30,full_57_paper_independent_review_with_author_adjudication,corpus_scope,all_verified_primary,controlled_release_ml_validation,70,5,61,9,0.082,0.071,0.036,0.178,ESR_Wang2024_089;ESR_Zhang2025_178;Leong2024_SeisCO2Net;Lin2020_PressureLeakage;Zhong2019_PressureAnomaly,Arafath2025_MalayBasinML;Attanasi2025_ResourceML;Baek2023_WellboreLeakage;Crain2023_MonitoringHistory;Diplas2026_DOEInjection;ESR_Alkhowaildi2025_082;ESR_Chan2024_124;ESR_Chen2023_229;ESR_Chen2024_119;ESR_Falola2024_123;ESR_Ganesh2024_070;ESR_Hassani2024_118;ESR_Kadeethum2024_128;ESR_Kanakaki2025_045;ESR_Lozano2025_215;ESR_Meng2025_211;ESR_Mishra2022_076;ESR_Moncada2025_046;ESR_Nunez2023_166;ESR_Park2025_223;ESR_Pawar2023_168;ESR_RefNone_173;ESR_Tang2022_226;ESR_Tang2024_135;ESR_Tariq2023_174;ESR_Um2024_091;ESR_Um2024_104;ESR_Vishal2025_213;ESR_Wang2024_089;ESR_Wu2025_042;ESR_Zhang2025_115;ESR_Zhang2025_178;ESR_Zheng2025_207;ESR_Zhou2026_127;Gahlot2025_DigitalShadow;Han2024_HierarchicalMCMC;Jiang2024_DSIHistoryMatching;Leong2024_SeisCO2Net;Lin2020_PressureLeakage;Lu2022_BayesianOptimization;Lu2025_GISMLSite;Mo2018_EncoderDecoderUQ;Nassabeh2024_OffshoreSite;Seabra2024_AIEnhancedDA;Shokouhi2021_PhysicsInformedSite;TARGET_DRLGeoRisk2026_214483;TARGET_JointInversion2023_2022JB025372;Tang2022_DLDataAssimilationForecasting;Tang2024_GNNFaulted;Teng2024_LikelihoodFreeDA;VoThanh2026_DigitalTwinGNN;Wang2025_4DHistoryMatching;Wen2021_CCSNet;Wen2021_PlumeDNN;Wen2022_UFNO;Wen2023_NestedFNO;Witte2023_WNO;Yan2021_RobustDLWorkflow;Yin2022_XAILeakage;Zhang2021_LearningInversionFreeForecast;Zhong2019_PressureAnomaly
IJGGC-V2-WP8-R2-FULL-57-PAPER-REVIEW-2026-07-30,full_57_paper_independent_review_with_author_adjudication,corpus_scope,all_verified_primary,explicit_ood_testing,70,15,60,10,0.250,0.214,0.158,0.372,ESR_Celaya2024_100;ESR_Chan2024_124;ESR_Hassani2024_118;ESR_Tang2022_226;ESR_Wu2025_042;ESR_Zhang2025_115;Leong2024_SeisCO2Net;Lin2020_PressureLeakage;Seabra2024_AIEnhancedDA;Tang2022_DLDataAssimilationForecasting;Tang2024_GNNFaulted;VoThanh2026_DigitalTwinGNN;Wen2021_PlumeDNN;Wen2022_UFNO;Zhong2019_PressureAnomaly,Arafath2025_MalayBasinML;Attanasi2025_ResourceML;Baek2023_WellboreLeakage;Crain2023_MonitoringHistory;Diplas2026_DOEInjection;ESR_Alkhowaildi2025_082;ESR_Celaya2024_100;ESR_Chan2024_124;ESR_Chen2023_229;ESR_Chen2024_119;ESR_Falola2024_123;ESR_Ganesh2024_070;ESR_Hassani2024_118;ESR_Kadeethum2024_128;ESR_Kanakaki2025_045;ESR_Lozano2025_215;ESR_Meng2025_211;ESR_Mishra2022_076;ESR_Moncada2025_046;ESR_Nunez2023_166;ESR_Park2025_223;ESR_Pawar2023_168;ESR_RefNone_173;ESR_Tang2022_226;ESR_Tang2024_135;ESR_Tariq2023_174;ESR_Um2024_091;ESR_Um2024_104;ESR_Wang2024_089;ESR_Wu2025_042;ESR_Zhang2025_115;ESR_Zhang2025_178;ESR_Zheng2025_207;ESR_Zhou2026_127;Gahlot2025_DigitalShadow;Han2024_HierarchicalMCMC;Jiang2024_DSIHistoryMatching;Leong2024_SeisCO2Net;Lin2020_PressureLeakage;Lu2022_BayesianOptimization;Lu2025_GISMLSite;Mo2018_EncoderDecoderUQ;Nassabeh2024_OffshoreSite;Seabra2024_AIEnhancedDA;TARGET_DRLGeoRisk2026_214483;TARGET_JointInversion2023_2022JB025372;Tang2022_DLDataAssimilationForecasting;Tang2024_GNNFaulted;Teng2024_LikelihoodFreeDA;VoThanh2026_DigitalTwinGNN;Wang2025_4DHistoryMatching;Wen2021_CCSNet;Wen2021_PlumeDNN;Wen2022_UFNO;Wen2023_NestedFNO;Witte2023_WNO;Yan2021_RobustDLWorkflow;Yin2022_XAILeakage;Zhang2021_LearningInversionFreeForecast;Zhong2019_PressureAnomaly
IJGGC-V2-WP8-R2-FULL-57-PAPER-REVIEW-2026-07-30,full_57_paper_independent_review_with_author_adjudication,corpus_scope,all_verified_primary,explicit_cross_site_testing,70,1,60,10,0.017,0.014,0.003,0.089,ESR_Wu2025_042,Arafath2025_MalayBasinML;Attanasi2025_ResourceML;Baek2023_WellboreLeakage;Crain2023_MonitoringHistory;Diplas2026_DOEInjection;ESR_Alkhowaildi2025_082;ESR_Chan2024_124;ESR_Chen2023_229;ESR_Chen2024_119;ESR_Falola2024_123;ESR_Ganesh2024_070;ESR_Hassani2024_118;ESR_Kadeethum2024_128;ESR_Kanakaki2025_045;ESR_Lozano2025_215;ESR_Meng2025_211;ESR_Mishra2022_076;ESR_Moncada2025_046;ESR_Nunez2023_166;ESR_Park2025_223;ESR_Pawar2023_168;ESR_RefNone_173;ESR_Tang2022_226;ESR_Tang2024_135;ESR_Tariq2023_174;ESR_Um2024_091;ESR_Um2024_104;ESR_Wang2024_089;ESR_Wu2025_042;ESR_Zhang2025_115;ESR_Zhang2025_178;ESR_Zheng2025_207;ESR_Zhou2026_127;Gahlot2025_DigitalShadow;Han2024_HierarchicalMCMC;Jiang2024_DSIHistoryMatching;Leong2024_SeisCO2Net;Lin2020_PressureLeakage;Lu2022_BayesianOptimization;Lu2025_GISMLSite;Mo2018_EncoderDecoderUQ;Nassabeh2024_OffshoreSite;Seabra2024_AIEnhancedDA;Shokouhi2021_PhysicsInformedSite;TARGET_DRLGeoRisk2026_214483;TARGET_JointInversion2023_2022JB025372;Tang2022_DLDataAssimilationForecasting;Tang2024_GNNFaulted;Teng2024_LikelihoodFreeDA;VoThanh2026_DigitalTwinGNN;Wang2025_4DHistoryMatching;Wen2021_CCSNet;Wen2021_PlumeDNN;Wen2022_UFNO;Wen2023_NestedFNO;Witte2023_WNO;Yan2021_RobustDLWorkflow;Yin2022_XAILeakage;Zhang2021_LearningInversionFreeForecast;Zhong2019_PressureAnomaly
IJGGC-V2-WP8-R2-FULL-57-PAPER-REVIEW-2026-07-30,full_57_paper_independent_review_with_author_adjudication,corpus_scope,all_verified_primary,uncertainty_calibration_or_posterior_check,70,13,49,21,0.265,0.186,0.162,0.403,Crain2023_MonitoringHistory;ESR_Lozano2025_215;ESR_Tang2022_226;Gahlot2025_DigitalShadow;Han2024_HierarchicalMCMC;Jiang2024_DSIHistoryMatching;Mo2018_EncoderDecoderUQ;Seabra2024_AIEnhancedDA;Tang2022_DLDataAssimilationForecasting;Teng2024_LikelihoodFreeDA;VoThanh2026_DigitalTwinGNN;Wang2025_4DHistoryMatching;Zhang2021_LearningInversionFreeForecast,Arafath2025_MalayBasinML;Attanasi2025_ResourceML;Crain2023_MonitoringHistory;Diplas2026_DOEInjection;ESR_Alkhowaildi2025_082;ESR_Chan2024_124;ESR_Chen2024_119;ESR_Falola2024_123;ESR_Hassani2024_118;ESR_Kadeethum2024_128;ESR_Kanakaki2025_045;ESR_Lozano2025_215;ESR_Meng2025_211;ESR_Mishra2022_076;ESR_Moncada2025_046;ESR_Nunez2023_166;ESR_Park2025_223;ESR_Pawar2023_168;ESR_RefNone_173;ESR_Tang2022_226;ESR_Tang2024_135;ESR_Tariq2023_174;ESR_Um2024_091;ESR_Um2024_104;ESR_Wang2024_089;ESR_Zhang2025_115;ESR_Zhang2025_178;ESR_Zheng2025_207;ESR_Zhou2026_127;Gahlot2025_DigitalShadow;Han2024_HierarchicalMCMC;Jiang2024_DSIHistoryMatching;Lu2022_BayesianOptimization;Lu2025_GISMLSite;Mo2018_EncoderDecoderUQ;Nassabeh2024_OffshoreSite;Seabra2024_AIEnhancedDA;Shokouhi2021_PhysicsInformedSite;Tang2022_DLDataAssimilationForecasting;Tang2024_GNNFaulted;Teng2024_LikelihoodFreeDA;VoThanh2026_DigitalTwinGNN;Wang2025_4DHistoryMatching;Wen2021_PlumeDNN;Wen2022_UFNO;Witte2023_WNO;Yan2021_RobustDLWorkflow;Yin2022_XAILeakage;Zhang2021_LearningInversionFreeForecast
IJGGC-V2-WP8-R2-FULL-57-PAPER-REVIEW-2026-07-30,full_57_paper_independent_review_with_author_adjudication,corpus_scope,all_verified_primary,surrogate_error_propagation,70,4,24,46,0.167,0.057,0.067,0.359,Diplas2026_DOEInjection;Han2024_HierarchicalMCMC;Lu2022_BayesianOptimization;Wang2025_4DHistoryMatching,Attanasi2025_ResourceML;Baek2023_WellboreLeakage;Diplas2026_DOEInjection;ESR_Alkhowaildi2025_082;ESR_Chan2024_124;ESR_Chen2024_119;ESR_Ganesh2024_070;ESR_Lozano2025_215;ESR_Meng2025_211;ESR_Mishra2022_076;ESR_Moncada2025_046;ESR_Tang2022_226;ESR_Wu2025_042;ESR_Zheng2025_207;Han2024_HierarchicalMCMC;Lu2022_BayesianOptimization;Mo2018_EncoderDecoderUQ;Seabra2024_AIEnhancedDA;TARGET_DRLGeoRisk2026_214483;Tang2022_DLDataAssimilationForecasting;Teng2024_LikelihoodFreeDA;Wang2025_4DHistoryMatching;Wen2021_CCSNet;Wen2023_NestedFNO
IJGGC-V2-WP8-R2-FULL-57-PAPER-REVIEW-2026-07-30,full_57_paper_independent_review_with_author_adjudication,corpus_scope,all_verified_primary,any_physical_diagnostic_checked,70,24,47,23,0.511,0.343,0.372,0.647,Baek2023_WellboreLeakage;Crain2023_MonitoringHistory;Diplas2026_DOEInjection;ESR_Chan2024_124;ESR_Ganesh2024_070;ESR_Kanakaki2025_045;ESR_Tang2022_226;ESR_Tang2024_135;ESR_Um2024_091;ESR_Zheng2025_207;Han2024_HierarchicalMCMC;Jiang2024_DSIHistoryMatching;Leong2024_SeisCO2Net;Mo2018_EncoderDecoderUQ;TARGET_DRLGeoRisk2026_214483;Tang2024_GNNFaulted;VoThanh2026_DigitalTwinGNN;Wen2021_CCSNet;Wen2021_PlumeDNN;Wen2022_UFNO;Wen2023_NestedFNO;Yan2021_RobustDLWorkflow;Yin2022_XAILeakage;Zhong2019_PressureAnomaly,Arafath2025_MalayBasinML;Attanasi2025_ResourceML;Baek2023_WellboreLeakage;Crain2023_MonitoringHistory;Diplas2026_DOEInjection;ESR_Alkhowaildi2025_082;ESR_Celaya2024_100;ESR_Chan2024_124;ESR_Chen2024_119;ESR_Ganesh2024_070;ESR_Hassani2024_118;ESR_Kanakaki2025_045;ESR_Meng2025_211;ESR_Mishra2022_076;ESR_Moncada2025_046;ESR_RefNone_173;ESR_Tang2022_226;ESR_Tang2024_135;ESR_Um2024_091;ESR_Um2024_104;ESR_Wang2024_089;ESR_Zheng2025_207;ESR_Zhou2026_127;Gahlot2025_DigitalShadow;Han2024_HierarchicalMCMC;Jiang2024_DSIHistoryMatching;Leong2024_SeisCO2Net;Lin2020_PressureLeakage;Lu2022_BayesianOptimization;Lu2025_GISMLSite;Mo2018_EncoderDecoderUQ;Nassabeh2024_OffshoreSite;TARGET_DRLGeoRisk2026_214483;TARGET_JointInversion2023_2022JB025372;Tang2022_DLDataAssimilationForecasting;Tang2024_GNNFaulted;Teng2024_LikelihoodFreeDA;VoThanh2026_DigitalTwinGNN;Wang2025_4DHistoryMatching;Wen2021_CCSNet;Wen2021_PlumeDNN;Wen2022_UFNO;Wen2023_NestedFNO;Yan2021_RobustDLWorkflow;Yin2022_XAILeakage;Zhang2021_LearningInversionFreeForecast;Zhong2019_PressureAnomaly
IJGGC-V2-WP8-R2-FULL-57-PAPER-REVIEW-2026-07-30,full_57_paper_independent_review_with_author_adjudication,corpus_scope,all_verified_primary,red_zone_recode_criticality,70,0,0,70,,0.000,,,,
IJGGC-V2-WP8-R2-FULL-57-PAPER-REVIEW-2026-07-30,full_57_paper_independent_review_with_author_adjudication,conference_preprint,all_verified_reference,synthetic_led_evidence,70,55,68,2,0.809,0.786,0.700,0.885,Baek2023_WellboreLeakage;Crain2023_MonitoringHistory;Diplas2026_DOEInjection;ESR_Alkhowaildi2025_082;ESR_Celaya2024_100;ESR_Chan2024_124;ESR_Chen2023_229;ESR_Chen2024_119;ESR_Falola2024_123;ESR_Ganesh2024_070;ESR_Hassani2024_118;ESR_Kadeethum2024_128;ESR_Kanakaki2025_045;ESR_Lima2019_267;ESR_Liu2025_121;ESR_Lozano2025_215;ESR_Nunez2023_166;ESR_Owusu2025_086;ESR_Park2025_223;ESR_Pawar2023_168;ESR_Qiao2025_125;ESR_Sekar2025_239;ESR_Singh2025_084;ESR_Tang2024_135;ESR_Tariq2023_174;ESR_Wu2025_042;ESR_Zhang2025_115;ESR_Zheng2025_207;ESR_Zhou2026_127;Gahlot2025_DigitalShadow;Graham2020_BayesianGenerativeStorage;Han2024_HierarchicalMCMC;Jiang2024_DSIHistoryMatching;Lin2020_PressureLeakage;Lu2022_BayesianOptimization;Mo2018_EncoderDecoderUQ;Seabra2024_AIEnhancedDA;Shokouhi2021_PhysicsInformedSite;TARGET_DRLGeoRisk2026_214483;TARGET_JointInversion2023_2022JB025372;Tang2022_DLDataAssimilationForecasting;Tang2024_GNNFaulted;Teng2024_LikelihoodFreeDA;VoThanh2026_DigitalTwinGNN;Wang2025_4DHistoryMatching;Wen2021_CCSNet;Wen2021_PlumeDNN;Wen2022_UFNO;Wen2023_NestedFNO;Witte2023_WNO;Yan2021_RobustDLWorkflow;Yehia2026_E2CORL;Yin2022_XAILeakage;Zhang2021_LearningInversionFreeForecast;Zhong2019_PressureAnomaly,Arafath2025_MalayBasinML;Attanasi2025_ResourceML;Baek2023_WellboreLeakage;Crain2023_MonitoringHistory;Diplas2026_DOEInjection;ESR_Alkhowaildi2025_082;ESR_Celaya2024_100;ESR_Chan2024_124;ESR_Chen2023_229;ESR_Chen2024_119;ESR_Falola2024_123;ESR_Ganesh2024_070;ESR_Hassani2024_118;ESR_Kadeethum2024_128;ESR_Kanakaki2025_045;ESR_Lima2019_267;ESR_Liu2025_121;ESR_Lozano2025_215;ESR_Mishra2022_076;ESR_Moncada2025_046;ESR_Nunez2023_166;ESR_Owusu2025_086;ESR_Park2025_223;ESR_Pawar2023_168;ESR_Qiao2025_125;ESR_RefNone_173;ESR_Sekar2025_239;ESR_Singh2025_084;ESR_Tang2022_226;ESR_Tang2024_135;ESR_Tariq2023_174;ESR_Um2024_091;ESR_Vishal2025_213;ESR_Wang2024_089;ESR_Wu2025_042;ESR_Zhang2025_115;ESR_Zhang2025_178;ESR_Zheng2025_207;ESR_Zhou2026_127;Gahlot2025_DigitalShadow;Graham2020_BayesianGenerativeStorage;Han2024_HierarchicalMCMC;Jiang2024_DSIHistoryMatching;Leong2024_SeisCO2Net;Lin2020_PressureLeakage;Lu2022_BayesianOptimization;Lu2025_GISMLSite;Mo2018_EncoderDecoderUQ;Nassabeh2024_OffshoreSite;Seabra2024_AIEnhancedDA;Shokouhi2021_PhysicsInformedSite;TARGET_DRLGeoRisk2026_214483;TARGET_JointInversion2023_2022JB025372;Tang2022_DLDataAssimilationForecasting;Tang2024_GNNFaulted;Teng2024_LikelihoodFreeDA;VoThanh2026_DigitalTwinGNN;Wang2025_4DHistoryMatching;Wen2021_CCSNet;Wen2021_PlumeDNN;Wen2022_UFNO;Wen2023_NestedFNO;Witte2023_WNO;Yan2021_RobustDLWorkflow;Yehia2026_E2CORL;Yin2022_XAILeakage;Zhang2021_LearningInversionFreeForecast;Zhong2019_PressureAnomaly
IJGGC-V2-WP8-R2-FULL-57-PAPER-REVIEW-2026-07-30,full_57_paper_independent_review_with_author_adjudication,conference_preprint,all_verified_reference,score_ge3::field_evidence_score,70,9,69,1,0.130,0.129,0.070,0.230,Arafath2025_MalayBasinML;ESR_Mishra2022_076;ESR_Vishal2025_213;ESR_Wang2024_089;ESR_Zhang2025_178;Leong2024_SeisCO2Net;Lin2020_PressureLeakage;Lu2025_GISMLSite;Zhong2019_PressureAnomaly,Arafath2025_MalayBasinML;Attanasi2025_ResourceML;Baek2023_WellboreLeakage;Crain2023_MonitoringHistory;Diplas2026_DOEInjection;ESR_Alkhowaildi2025_082;ESR_Celaya2024_100;ESR_Chan2024_124;ESR_Chen2023_229;ESR_Chen2024_119;ESR_Falola2024_123;ESR_Ganesh2024_070;ESR_Hassani2024_118;ESR_Kadeethum2024_128;ESR_Kanakaki2025_045;ESR_Lima2019_267;ESR_Lozano2025_215;ESR_Meng2025_211;ESR_Mishra2022_076;ESR_Moncada2025_046;ESR_Nunez2023_166;ESR_Owusu2025_086;ESR_Park2025_223;ESR_Pawar2023_168;ESR_Qiao2025_125;ESR_RefNone_173;ESR_Sekar2025_239;ESR_Singh2025_084;ESR_Tang2022_226;ESR_Tang2024_135;ESR_Tariq2023_174;ESR_Um2024_091;ESR_Um2024_104;ESR_Vishal2025_213;ESR_Wang2024_089;ESR_Wu2025_042;ESR_Zhang2025_115;ESR_Zhang2025_178;ESR_Zheng2025_207;ESR_Zhou2026_127;Gahlot2025_DigitalShadow;Graham2020_BayesianGenerativeStorage;Han2024_HierarchicalMCMC;Jiang2024_DSIHistoryMatching;Leong2024_SeisCO2Net;Lin2020_PressureLeakage;Lu2022_BayesianOptimization;Lu2025_GISMLSite;Mo2018_EncoderDecoderUQ;Nassabeh2024_OffshoreSite;Seabra2024_AIEnhancedDA;Shokouhi2021_PhysicsInformedSite;TARGET_DRLGeoRisk2026_214483;TARGET_JointInversion2023_2022JB025372;Tang2022_DLDataAssimilationForecasting;Tang2024_GNNFaulted;Teng2024_LikelihoodFreeDA;VoThanh2026_DigitalTwinGNN;Wang2025_4DHistoryMatching;Wen2021_CCSNet;Wen2021_PlumeDNN;Wen2022_UFNO;Wen2023_NestedFNO;Witte2023_WNO;Yan2021_RobustDLWorkflow;Yehia2026_E2CORL;Yin2022_XAILeakage;Zhang2021_LearningInversionFreeForecast;Zhong2019_PressureAnomaly
IJGGC-V2-WP8-R2-FULL-57-PAPER-REVIEW-2026-07-30,full_57_paper_independent_review_with_author_adjudication,conference_preprint,all_verified_reference,score_ge3::physical_consistency_score,70,42,70,0,0.600,0.600,0.483,0.707,Baek2023_WellboreLeakage;Crain2023_MonitoringHistory;Diplas2026_DOEInjection;ESR_Chan2024_124;ESR_Chen2024_119;ESR_Falola2024_123;ESR_Kanakaki2025_045;ESR_Lozano2025_215;ESR_Meng2025_211;ESR_Nunez2023_166;ESR_Park2025_223;ESR_Tang2022_226;ESR_Tang2024_135;ESR_Tariq2023_174;ESR_Um2024_091;ESR_Um2024_104;ESR_Zhang2025_115;ESR_Zhang2025_178;ESR_Zheng2025_207;ESR_Zhou2026_127;Gahlot2025_DigitalShadow;Han2024_HierarchicalMCMC;Jiang2024_DSIHistoryMatching;Leong2024_SeisCO2Net;Lu2022_BayesianOptimization;Mo2018_EncoderDecoderUQ;Seabra2024_AIEnhancedDA;Shokouhi2021_PhysicsInformedSite;TARGET_DRLGeoRisk2026_214483;TARGET_JointInversion2023_2022JB025372;Tang2022_DLDataAssimilationForecasting;Tang2024_GNNFaulted;Teng2024_LikelihoodFreeDA;VoThanh2026_DigitalTwinGNN;Wang2025_4DHistoryMatching;Wen2021_CCSNet;Wen2021_PlumeDNN;Wen2022_UFNO;Wen2023_NestedFNO;Witte2023_WNO;Yan2021_RobustDLWorkflow;Yin2022_XAILeakage,Arafath2025_MalayBasinML;Attanasi2025_ResourceML;Baek2023_WellboreLeakage;Crain2023_MonitoringHistory;Diplas2026_DOEInjection;ESR_Alkhowaildi2025_082;ESR_Celaya2024_100;ESR_Chan2024_124;ESR_Chen2023_229;ESR_Chen2024_119;ESR_Falola2024_123;ESR_Ganesh2024_070;ESR_Hassani2024_118;ESR_Kadeethum2024_128;ESR_Kanakaki2025_045;ESR_Lima2019_267;ESR_Liu2025_121;ESR_Lozano2025_215;ESR_Meng2025_211;ESR_Mishra2022_076;ESR_Moncada2025_046;ESR_Nunez2023_166;ESR_Owusu2025_086;ESR_Park2025_223;ESR_Pawar2023_168;ESR_Qiao2025_125;ESR_RefNone_173;ESR_Sekar2025_239;ESR_Singh2025_084;ESR_Tang2022_226;ESR_Tang2024_135;ESR_Tariq2023_174;ESR_Um2024_091;ESR_Um2024_104;ESR_Vishal2025_213;ESR_Wang2024_089;ESR_Wu2025_042;ESR_Zhang2025_115;ESR_Zhang2025_178;ESR_Zheng2025_207;ESR_Zhou2026_127;Gahlot2025_DigitalShadow;Graham2020_BayesianGenerativeStorage;Han2024_HierarchicalMCMC;Jiang2024_DSIHistoryMatching;Leong2024_SeisCO2Net;Lin2020_PressureLeakage;Lu2022_BayesianOptimization;Lu2025_GISMLSite;Mo2018_EncoderDecoderUQ;Nassabeh2024_OffshoreSite;Seabra2024_AIEnhancedDA;Shokouhi2021_PhysicsInformedSite;TARGET_DRLGeoRisk2026_214483;TARGET_JointInversion2023_2022JB025372;Tang2022_DLDataAssimilationForecasting;Tang2024_GNNFaulted;Teng2024_LikelihoodFreeDA;VoThanh2026_DigitalTwinGNN;Wang2025_4DHistoryMatching;Wen2021_CCSNet;Wen2021_PlumeDNN;Wen2022_UFNO;Wen2023_NestedFNO;Witte2023_WNO;Yan2021_RobustDLWorkflow;Yehia2026_E2CORL;Yin2022_XAILeakage;Zhang2021_LearningInversionFreeForecast;Zhong2019_PressureAnomaly
IJGGC-V2-WP8-R2-FULL-57-PAPER-REVIEW-2026-07-30,full_57_paper_independent_review_with_author_adjudication,conference_preprint,all_verified_reference,score_ge3::uncertainty_score,70,14,63,7,0.222,0.200,0.137,0.339,Crain2023_MonitoringHistory;ESR_Lozano2025_215;ESR_Tang2022_226;Gahlot2025_DigitalShadow;Han2024_HierarchicalMCMC;Jiang2024_DSIHistoryMatching;Mo2018_EncoderDecoderUQ;Seabra2024_AIEnhancedDA;Tang2022_DLDataAssimilationForecasting;Teng2024_LikelihoodFreeDA;VoThanh2026_DigitalTwinGNN;Wang2025_4DHistoryMatching;Zhang2021_LearningInversionFreeForecast;Zhong2019_PressureAnomaly,Arafath2025_MalayBasinML;Attanasi2025_ResourceML;Baek2023_WellboreLeakage;Crain2023_MonitoringHistory;Diplas2026_DOEInjection;ESR_Alkhowaildi2025_082;ESR_Celaya2024_100;ESR_Chan2024_124;ESR_Chen2023_229;ESR_Chen2024_119;ESR_Falola2024_123;ESR_Ganesh2024_070;ESR_Hassani2024_118;ESR_Kadeethum2024_128;ESR_Kanakaki2025_045;ESR_Lozano2025_215;ESR_Meng2025_211;ESR_Mishra2022_076;ESR_Moncada2025_046;ESR_Nunez2023_166;ESR_Park2025_223;ESR_Pawar2023_168;ESR_RefNone_173;ESR_Tang2022_226;ESR_Tang2024_135;ESR_Tariq2023_174;ESR_Um2024_091;ESR_Um2024_104;ESR_Vishal2025_213;ESR_Wang2024_089;ESR_Wu2025_042;ESR_Zhang2025_115;ESR_Zhang2025_178;ESR_Zheng2025_207;ESR_Zhou2026_127;Gahlot2025_DigitalShadow;Graham2020_BayesianGenerativeStorage;Han2024_HierarchicalMCMC;Jiang2024_DSIHistoryMatching;Leong2024_SeisCO2Net;Lin2020_PressureLeakage;Lu2022_BayesianOptimization;Lu2025_GISMLSite;Mo2018_EncoderDecoderUQ;Nassabeh2024_OffshoreSite;Seabra2024_AIEnhancedDA;Shokouhi2021_PhysicsInformedSite;TARGET_DRLGeoRisk2026_214483;TARGET_JointInversion2023_2022JB025372;Tang2022_DLDataAssimilationForecasting;Tang2024_GNNFaulted;Teng2024_LikelihoodFreeDA;VoThanh2026_DigitalTwinGNN;Wang2025_4DHistoryMatching;Wen2021_CCSNet;Wen2021_PlumeDNN;Wen2022_UFNO;Wen2023_NestedFNO;Witte2023_WNO;Yan2021_RobustDLWorkflow;Yin2022_XAILeakage;Zhang2021_LearningInversionFreeForecast;Zhong2019_PressureAnomaly
IJGGC-V2-WP8-R2-FULL-57-PAPER-REVIEW-2026-07-30,full_57_paper_independent_review_with_author_adjudication,conference_preprint,all_verified_reference,score_ge3::transferability_score,70,7,62,8,0.113,0.100,0.056,0.215,ESR_Wu2025_042;ESR_Zhang2025_115;Seabra2024_AIEnhancedDA;Tang2022_DLDataAssimilationForecasting;Tang2024_GNNFaulted;VoThanh2026_DigitalTwinGNN;Wen2021_PlumeDNN,Arafath2025_MalayBasinML;Attanasi2025_ResourceML;Baek2023_WellboreLeakage;Crain2023_MonitoringHistory;Diplas2026_DOEInjection;ESR_Alkhowaildi2025_082;ESR_Celaya2024_100;ESR_Chan2024_124;ESR_Chen2023_229;ESR_Chen2024_119;ESR_Falola2024_123;ESR_Ganesh2024_070;ESR_Hassani2024_118;ESR_Kadeethum2024_128;ESR_Kanakaki2025_045;ESR_Lozano2025_215;ESR_Meng2025_211;ESR_Mishra2022_076;ESR_Moncada2025_046;ESR_Nunez2023_166;ESR_Park2025_223;ESR_Pawar2023_168;ESR_RefNone_173;ESR_Tang2022_226;ESR_Tang2024_135;ESR_Tariq2023_174;ESR_Um2024_091;ESR_Um2024_104;ESR_Vishal2025_213;ESR_Wang2024_089;ESR_Wu2025_042;ESR_Zhang2025_115;ESR_Zhang2025_178;ESR_Zheng2025_207;ESR_Zhou2026_127;Gahlot2025_DigitalShadow;Han2024_HierarchicalMCMC;Jiang2024_DSIHistoryMatching;Leong2024_SeisCO2Net;Lin2020_PressureLeakage;Lu2022_BayesianOptimization;Lu2025_GISMLSite;Mo2018_EncoderDecoderUQ;Nassabeh2024_OffshoreSite;Seabra2024_AIEnhancedDA;Shokouhi2021_PhysicsInformedSite;TARGET_DRLGeoRisk2026_214483;TARGET_JointInversion2023_2022JB025372;Tang2022_DLDataAssimilationForecasting;Tang2024_GNNFaulted;Teng2024_LikelihoodFreeDA;VoThanh2026_DigitalTwinGNN;Wang2025_4DHistoryMatching;Wen2021_CCSNet;Wen2021_PlumeDNN;Wen2022_UFNO;Wen2023_NestedFNO;Witte2023_WNO;Yan2021_RobustDLWorkflow;Yin2022_XAILeakage;Zhang2021_LearningInversionFreeForecast;Zhong2019_PressureAnomaly
IJGGC-V2-WP8-R2-FULL-57-PAPER-REVIEW-2026-07-30,full_57_paper_independent_review_with_author_adjudication,conference_preprint,all_verified_reference,score_ge3::decision_readiness_score,70,11,70,0,0.157,0.157,0.090,0.260,Baek2023_WellboreLeakage;Crain2023_MonitoringHistory;Diplas2026_DOEInjection;ESR_Tang2022_226;Leong2024_SeisCO2Net;Lin2020_PressureLeakage;Lu2022_BayesianOptimization;TARGET_DRLGeoRisk2026_214483;Wang2025_4DHistoryMatching;Wen2023_NestedFNO;Zhong2019_PressureAnomaly,Arafath2025_MalayBasinML;Attanasi2025_ResourceML;Baek2023_WellboreLeakage;Crain2023_MonitoringHistory;Diplas2026_DOEInjection;ESR_Alkhowaildi2025_082;ESR_Celaya2024_100;ESR_Chan2024_124;ESR_Chen2023_229;ESR_Chen2024_119;ESR_Falola2024_123;ESR_Ganesh2024_070;ESR_Hassani2024_118;ESR_Kadeethum2024_128;ESR_Kanakaki2025_045;ESR_Lima2019_267;ESR_Liu2025_121;ESR_Lozano2025_215;ESR_Meng2025_211;ESR_Mishra2022_076;ESR_Moncada2025_046;ESR_Nunez2023_166;ESR_Owusu2025_086;ESR_Park2025_223;ESR_Pawar2023_168;ESR_Qiao2025_125;ESR_RefNone_173;ESR_Sekar2025_239;ESR_Singh2025_084;ESR_Tang2022_226;ESR_Tang2024_135;ESR_Tariq2023_174;ESR_Um2024_091;ESR_Um2024_104;ESR_Vishal2025_213;ESR_Wang2024_089;ESR_Wu2025_042;ESR_Zhang2025_115;ESR_Zhang2025_178;ESR_Zheng2025_207;ESR_Zhou2026_127;Gahlot2025_DigitalShadow;Graham2020_BayesianGenerativeStorage;Han2024_HierarchicalMCMC;Jiang2024_DSIHistoryMatching;Leong2024_SeisCO2Net;Lin2020_PressureLeakage;Lu2022_BayesianOptimization;Lu2025_GISMLSite;Mo2018_EncoderDecoderUQ;Nassabeh2024_OffshoreSite;Seabra2024_AIEnhancedDA;Shokouhi2021_PhysicsInformedSite;TARGET_DRLGeoRisk2026_214483;TARGET_JointInversion2023_2022JB025372;Tang2022_DLDataAssimilationForecasting;Tang2024_GNNFaulted;Teng2024_LikelihoodFreeDA;VoThanh2026_DigitalTwinGNN;Wang2025_4DHistoryMatching;Wen2021_CCSNet;Wen2021_PlumeDNN;Wen2022_UFNO;Wen2023_NestedFNO;Witte2023_WNO;Yan2021_RobustDLWorkflow;Yehia2026_E2CORL;Yin2022_XAILeakage;Zhang2021_LearningInversionFreeForecast;Zhong2019_PressureAnomaly
IJGGC-V2-WP8-R2-FULL-57-PAPER-REVIEW-2026-07-30,full_57_paper_independent_review_with_author_adjudication,conference_preprint,all_verified_reference,direct_field_validation,70,9,61,9,0.148,0.129,0.080,0.257,Arafath2025_MalayBasinML;ESR_Mishra2022_076;ESR_Vishal2025_213;ESR_Wang2024_089;ESR_Zhang2025_178;Leong2024_SeisCO2Net;Lin2020_PressureLeakage;Lu2025_GISMLSite;Zhong2019_PressureAnomaly,Arafath2025_MalayBasinML;Attanasi2025_ResourceML;Baek2023_WellboreLeakage;Crain2023_MonitoringHistory;Diplas2026_DOEInjection;ESR_Alkhowaildi2025_082;ESR_Chan2024_124;ESR_Chen2023_229;ESR_Chen2024_119;ESR_Falola2024_123;ESR_Ganesh2024_070;ESR_Hassani2024_118;ESR_Kadeethum2024_128;ESR_Kanakaki2025_045;ESR_Lozano2025_215;ESR_Meng2025_211;ESR_Mishra2022_076;ESR_Moncada2025_046;ESR_Nunez2023_166;ESR_Park2025_223;ESR_Pawar2023_168;ESR_RefNone_173;ESR_Tang2022_226;ESR_Tang2024_135;ESR_Tariq2023_174;ESR_Um2024_091;ESR_Um2024_104;ESR_Vishal2025_213;ESR_Wang2024_089;ESR_Wu2025_042;ESR_Zhang2025_115;ESR_Zhang2025_178;ESR_Zheng2025_207;ESR_Zhou2026_127;Gahlot2025_DigitalShadow;Han2024_HierarchicalMCMC;Jiang2024_DSIHistoryMatching;Leong2024_SeisCO2Net;Lin2020_PressureLeakage;Lu2022_BayesianOptimization;Lu2025_GISMLSite;Mo2018_EncoderDecoderUQ;Nassabeh2024_OffshoreSite;Seabra2024_AIEnhancedDA;Shokouhi2021_PhysicsInformedSite;TARGET_DRLGeoRisk2026_214483;TARGET_JointInversion2023_2022JB025372;Tang2022_DLDataAssimilationForecasting;Tang2024_GNNFaulted;Teng2024_LikelihoodFreeDA;VoThanh2026_DigitalTwinGNN;Wang2025_4DHistoryMatching;Wen2021_CCSNet;Wen2021_PlumeDNN;Wen2022_UFNO;Wen2023_NestedFNO;Witte2023_WNO;Yan2021_RobustDLWorkflow;Yin2022_XAILeakage;Zhang2021_LearningInversionFreeForecast;Zhong2019_PressureAnomaly
IJGGC-V2-WP8-R2-FULL-57-PAPER-REVIEW-2026-07-30,full_57_paper_independent_review_with_author_adjudication,conference_preprint,all_verified_reference,controlled_release_ml_validation,70,5,61,9,0.082,0.071,0.036,0.178,ESR_Wang2024_089;ESR_Zhang2025_178;Leong2024_SeisCO2Net;Lin2020_PressureLeakage;Zhong2019_PressureAnomaly,Arafath2025_MalayBasinML;Attanasi2025_ResourceML;Baek2023_WellboreLeakage;Crain2023_MonitoringHistory;Diplas2026_DOEInjection;ESR_Alkhowaildi2025_082;ESR_Chan2024_124;ESR_Chen2023_229;ESR_Chen2024_119;ESR_Falola2024_123;ESR_Ganesh2024_070;ESR_Hassani2024_118;ESR_Kadeethum2024_128;ESR_Kanakaki2025_045;ESR_Lozano2025_215;ESR_Meng2025_211;ESR_Mishra2022_076;ESR_Moncada2025_046;ESR_Nunez2023_166;ESR_Park2025_223;ESR_Pawar2023_168;ESR_RefNone_173;ESR_Tang2022_226;ESR_Tang2024_135;ESR_Tariq2023_174;ESR_Um2024_091;ESR_Um2024_104;ESR_Vishal2025_213;ESR_Wang2024_089;ESR_Wu2025_042;ESR_Zhang2025_115;ESR_Zhang2025_178;ESR_Zheng2025_207;ESR_Zhou2026_127;Gahlot2025_DigitalShadow;Han2024_HierarchicalMCMC;Jiang2024_DSIHistoryMatching;Leong2024_SeisCO2Net;Lin2020_PressureLeakage;Lu2022_BayesianOptimization;Lu2025_GISMLSite;Mo2018_EncoderDecoderUQ;Nassabeh2024_OffshoreSite;Seabra2024_AIEnhancedDA;Shokouhi2021_PhysicsInformedSite;TARGET_DRLGeoRisk2026_214483;TARGET_JointInversion2023_2022JB025372;Tang2022_DLDataAssimilationForecasting;Tang2024_GNNFaulted;Teng2024_LikelihoodFreeDA;VoThanh2026_DigitalTwinGNN;Wang2025_4DHistoryMatching;Wen2021_CCSNet;Wen2021_PlumeDNN;Wen2022_UFNO;Wen2023_NestedFNO;Witte2023_WNO;Yan2021_RobustDLWorkflow;Yin2022_XAILeakage;Zhang2021_LearningInversionFreeForecast;Zhong2019_PressureAnomaly
IJGGC-V2-WP8-R2-FULL-57-PAPER-REVIEW-2026-07-30,full_57_paper_independent_review_with_author_adjudication,conference_preprint,all_verified_reference,explicit_ood_testing,70,15,60,10,0.250,0.214,0.158,0.372,ESR_Celaya2024_100;ESR_Chan2024_124;ESR_Hassani2024_118;ESR_Tang2022_226;ESR_Wu2025_042;ESR_Zhang2025_115;Leong2024_SeisCO2Net;Lin2020_PressureLeakage;Seabra2024_AIEnhancedDA;Tang2022_DLDataAssimilationForecasting;Tang2024_GNNFaulted;VoThanh2026_DigitalTwinGNN;Wen2021_PlumeDNN;Wen2022_UFNO;Zhong2019_PressureAnomaly,Arafath2025_MalayBasinML;Attanasi2025_ResourceML;Baek2023_WellboreLeakage;Crain2023_MonitoringHistory;Diplas2026_DOEInjection;ESR_Alkhowaildi2025_082;ESR_Celaya2024_100;ESR_Chan2024_124;ESR_Chen2023_229;ESR_Chen2024_119;ESR_Falola2024_123;ESR_Ganesh2024_070;ESR_Hassani2024_118;ESR_Kadeethum2024_128;ESR_Kanakaki2025_045;ESR_Lozano2025_215;ESR_Meng2025_211;ESR_Mishra2022_076;ESR_Moncada2025_046;ESR_Nunez2023_166;ESR_Park2025_223;ESR_Pawar2023_168;ESR_RefNone_173;ESR_Tang2022_226;ESR_Tang2024_135;ESR_Tariq2023_174;ESR_Um2024_091;ESR_Um2024_104;ESR_Wang2024_089;ESR_Wu2025_042;ESR_Zhang2025_115;ESR_Zhang2025_178;ESR_Zheng2025_207;ESR_Zhou2026_127;Gahlot2025_DigitalShadow;Han2024_HierarchicalMCMC;Jiang2024_DSIHistoryMatching;Leong2024_SeisCO2Net;Lin2020_PressureLeakage;Lu2022_BayesianOptimization;Lu2025_GISMLSite;Mo2018_EncoderDecoderUQ;Nassabeh2024_OffshoreSite;Seabra2024_AIEnhancedDA;TARGET_DRLGeoRisk2026_214483;TARGET_JointInversion2023_2022JB025372;Tang2022_DLDataAssimilationForecasting;Tang2024_GNNFaulted;Teng2024_LikelihoodFreeDA;VoThanh2026_DigitalTwinGNN;Wang2025_4DHistoryMatching;Wen2021_CCSNet;Wen2021_PlumeDNN;Wen2022_UFNO;Wen2023_NestedFNO;Witte2023_WNO;Yan2021_RobustDLWorkflow;Yin2022_XAILeakage;Zhang2021_LearningInversionFreeForecast;Zhong2019_PressureAnomaly
IJGGC-V2-WP8-R2-FULL-57-PAPER-REVIEW-2026-07-30,full_57_paper_independent_review_with_author_adjudication,conference_preprint,all_verified_reference,explicit_cross_site_testing,70,1,60,10,0.017,0.014,0.003,0.089,ESR_Wu2025_042,Arafath2025_MalayBasinML;Attanasi2025_ResourceML;Baek2023_WellboreLeakage;Crain2023_MonitoringHistory;Diplas2026_DOEInjection;ESR_Alkhowaildi2025_082;ESR_Chan2024_124;ESR_Chen2023_229;ESR_Chen2024_119;ESR_Falola2024_123;ESR_Ganesh2024_070;ESR_Hassani2024_118;ESR_Kadeethum2024_128;ESR_Kanakaki2025_045;ESR_Lozano2025_215;ESR_Meng2025_211;ESR_Mishra2022_076;ESR_Moncada2025_046;ESR_Nunez2023_166;ESR_Park2025_223;ESR_Pawar2023_168;ESR_RefNone_173;ESR_Tang2022_226;ESR_Tang2024_135;ESR_Tariq2023_174;ESR_Um2024_091;ESR_Um2024_104;ESR_Wang2024_089;ESR_Wu2025_042;ESR_Zhang2025_115;ESR_Zhang2025_178;ESR_Zheng2025_207;ESR_Zhou2026_127;Gahlot2025_DigitalShadow;Han2024_HierarchicalMCMC;Jiang2024_DSIHistoryMatching;Leong2024_SeisCO2Net;Lin2020_PressureLeakage;Lu2022_BayesianOptimization;Lu2025_GISMLSite;Mo2018_EncoderDecoderUQ;Nassabeh2024_OffshoreSite;Seabra2024_AIEnhancedDA;Shokouhi2021_PhysicsInformedSite;TARGET_DRLGeoRisk2026_214483;TARGET_JointInversion2023_2022JB025372;Tang2022_DLDataAssimilationForecasting;Tang2024_GNNFaulted;Teng2024_LikelihoodFreeDA;VoThanh2026_DigitalTwinGNN;Wang2025_4DHistoryMatching;Wen2021_CCSNet;Wen2021_PlumeDNN;Wen2022_UFNO;Wen2023_NestedFNO;Witte2023_WNO;Yan2021_RobustDLWorkflow;Yin2022_XAILeakage;Zhang2021_LearningInversionFreeForecast;Zhong2019_PressureAnomaly
IJGGC-V2-WP8-R2-FULL-57-PAPER-REVIEW-2026-07-30,full_57_paper_independent_review_with_author_adjudication,conference_preprint,all_verified_reference,uncertainty_calibration_or_posterior_check,70,13,49,21,0.265,0.186,0.162,0.403,Crain2023_MonitoringHistory;ESR_Lozano2025_215;ESR_Tang2022_226;Gahlot2025_DigitalShadow;Han2024_HierarchicalMCMC;Jiang2024_DSIHistoryMatching;Mo2018_EncoderDecoderUQ;Seabra2024_AIEnhancedDA;Tang2022_DLDataAssimilationForecasting;Teng2024_LikelihoodFreeDA;VoThanh2026_DigitalTwinGNN;Wang2025_4DHistoryMatching;Zhang2021_LearningInversionFreeForecast,Arafath2025_MalayBasinML;Attanasi2025_ResourceML;Crain2023_MonitoringHistory;Diplas2026_DOEInjection;ESR_Alkhowaildi2025_082;ESR_Chan2024_124;ESR_Chen2024_119;ESR_Falola2024_123;ESR_Hassani2024_118;ESR_Kadeethum2024_128;ESR_Kanakaki2025_045;ESR_Lozano2025_215;ESR_Meng2025_211;ESR_Mishra2022_076;ESR_Moncada2025_046;ESR_Nunez2023_166;ESR_Park2025_223;ESR_Pawar2023_168;ESR_RefNone_173;ESR_Tang2022_226;ESR_Tang2024_135;ESR_Tariq2023_174;ESR_Um2024_091;ESR_Um2024_104;ESR_Wang2024_089;ESR_Zhang2025_115;ESR_Zhang2025_178;ESR_Zheng2025_207;ESR_Zhou2026_127;Gahlot2025_DigitalShadow;Han2024_HierarchicalMCMC;Jiang2024_DSIHistoryMatching;Lu2022_BayesianOptimization;Lu2025_GISMLSite;Mo2018_EncoderDecoderUQ;Nassabeh2024_OffshoreSite;Seabra2024_AIEnhancedDA;Shokouhi2021_PhysicsInformedSite;Tang2022_DLDataAssimilationForecasting;Tang2024_GNNFaulted;Teng2024_LikelihoodFreeDA;VoThanh2026_DigitalTwinGNN;Wang2025_4DHistoryMatching;Wen2021_PlumeDNN;Wen2022_UFNO;Witte2023_WNO;Yan2021_RobustDLWorkflow;Yin2022_XAILeakage;Zhang2021_LearningInversionFreeForecast
IJGGC-V2-WP8-R2-FULL-57-PAPER-REVIEW-2026-07-30,full_57_paper_independent_review_with_author_adjudication,conference_preprint,all_verified_reference,surrogate_error_propagation,70,4,24,46,0.167,0.057,0.067,0.359,Diplas2026_DOEInjection;Han2024_HierarchicalMCMC;Lu2022_BayesianOptimization;Wang2025_4DHistoryMatching,Attanasi2025_ResourceML;Baek2023_WellboreLeakage;Diplas2026_DOEInjection;ESR_Alkhowaildi2025_082;ESR_Chan2024_124;ESR_Chen2024_119;ESR_Ganesh2024_070;ESR_Lozano2025_215;ESR_Meng2025_211;ESR_Mishra2022_076;ESR_Moncada2025_046;ESR_Tang2022_226;ESR_Wu2025_042;ESR_Zheng2025_207;Han2024_HierarchicalMCMC;Lu2022_BayesianOptimization;Mo2018_EncoderDecoderUQ;Seabra2024_AIEnhancedDA;TARGET_DRLGeoRisk2026_214483;Tang2022_DLDataAssimilationForecasting;Teng2024_LikelihoodFreeDA;Wang2025_4DHistoryMatching;Wen2021_CCSNet;Wen2023_NestedFNO
IJGGC-V2-WP8-R2-FULL-57-PAPER-REVIEW-2026-07-30,full_57_paper_independent_review_with_author_adjudication,conference_preprint,all_verified_reference,any_physical_diagnostic_checked,70,24,47,23,0.511,0.343,0.372,0.647,Baek2023_WellboreLeakage;Crain2023_MonitoringHistory;Diplas2026_DOEInjection;ESR_Chan2024_124;ESR_Ganesh2024_070;ESR_Kanakaki2025_045;ESR_Tang2022_226;ESR_Tang2024_135;ESR_Um2024_091;ESR_Zheng2025_207;Han2024_HierarchicalMCMC;Jiang2024_DSIHistoryMatching;Leong2024_SeisCO2Net;Mo2018_EncoderDecoderUQ;TARGET_DRLGeoRisk2026_214483;Tang2024_GNNFaulted;VoThanh2026_DigitalTwinGNN;Wen2021_CCSNet;Wen2021_PlumeDNN;Wen2022_UFNO;Wen2023_NestedFNO;Yan2021_RobustDLWorkflow;Yin2022_XAILeakage;Zhong2019_PressureAnomaly,Arafath2025_MalayBasinML;Attanasi2025_ResourceML;Baek2023_WellboreLeakage;Crain2023_MonitoringHistory;Diplas2026_DOEInjection;ESR_Alkhowaildi2025_082;ESR_Celaya2024_100;ESR_Chan2024_124;ESR_Chen2024_119;ESR_Ganesh2024_070;ESR_Hassani2024_118;ESR_Kanakaki2025_045;ESR_Meng2025_211;ESR_Mishra2022_076;ESR_Moncada2025_046;ESR_RefNone_173;ESR_Tang2022_226;ESR_Tang2024_135;ESR_Um2024_091;ESR_Um2024_104;ESR_Wang2024_089;ESR_Zheng2025_207;ESR_Zhou2026_127;Gahlot2025_DigitalShadow;Han2024_HierarchicalMCMC;Jiang2024_DSIHistoryMatching;Leong2024_SeisCO2Net;Lin2020_PressureLeakage;Lu2022_BayesianOptimization;Lu2025_GISMLSite;Mo2018_EncoderDecoderUQ;Nassabeh2024_OffshoreSite;TARGET_DRLGeoRisk2026_214483;TARGET_JointInversion2023_2022JB025372;Tang2022_DLDataAssimilationForecasting;Tang2024_GNNFaulted;Teng2024_LikelihoodFreeDA;VoThanh2026_DigitalTwinGNN;Wang2025_4DHistoryMatching;Wen2021_CCSNet;Wen2021_PlumeDNN;Wen2022_UFNO;Wen2023_NestedFNO;Yan2021_RobustDLWorkflow;Yin2022_XAILeakage;Zhang2021_LearningInversionFreeForecast;Zhong2019_PressureAnomaly
IJGGC-V2-WP8-R2-FULL-57-PAPER-REVIEW-2026-07-30,full_57_paper_independent_review_with_author_adjudication,conference_preprint,all_verified_reference,red_zone_recode_criticality,70,0,0,70,,0.000,,,,
IJGGC-V2-WP8-R2-FULL-57-PAPER-REVIEW-2026-07-30,full_57_paper_independent_review_with_author_adjudication,conference_preprint,exclude_conference_preprint,synthetic_led_evidence,43,33,42,1,0.786,0.767,0.641,0.883,Baek2023_WellboreLeakage;Crain2023_MonitoringHistory;Diplas2026_DOEInjection;ESR_Chan2024_124;ESR_Kadeethum2024_128;ESR_Kanakaki2025_045;ESR_Liu2025_121;ESR_Lozano2025_215;ESR_Nunez2023_166;ESR_Park2025_223;ESR_Tang2024_135;ESR_Zhang2025_115;ESR_Zheng2025_207;Gahlot2025_DigitalShadow;Lin2020_PressureLeakage;Lu2022_BayesianOptimization;Mo2018_EncoderDecoderUQ;Seabra2024_AIEnhancedDA;Shokouhi2021_PhysicsInformedSite;TARGET_DRLGeoRisk2026_214483;TARGET_JointInversion2023_2022JB025372;Tang2022_DLDataAssimilationForecasting;Teng2024_LikelihoodFreeDA;VoThanh2026_DigitalTwinGNN;Wen2021_CCSNet;Wen2021_PlumeDNN;Wen2022_UFNO;Wen2023_NestedFNO;Witte2023_WNO;Yan2021_RobustDLWorkflow;Yin2022_XAILeakage;Zhang2021_LearningInversionFreeForecast;Zhong2019_PressureAnomaly,Arafath2025_MalayBasinML;Attanasi2025_ResourceML;Baek2023_WellboreLeakage;Crain2023_MonitoringHistory;Diplas2026_DOEInjection;ESR_Chan2024_124;ESR_Kadeethum2024_128;ESR_Kanakaki2025_045;ESR_Liu2025_121;ESR_Lozano2025_215;ESR_Nunez2023_166;ESR_Park2025_223;ESR_RefNone_173;ESR_Tang2022_226;ESR_Tang2024_135;ESR_Wang2024_089;ESR_Zhang2025_115;ESR_Zhang2025_178;ESR_Zheng2025_207;Gahlot2025_DigitalShadow;Leong2024_SeisCO2Net;Lin2020_PressureLeakage;Lu2022_BayesianOptimization;Lu2025_GISMLSite;Mo2018_EncoderDecoderUQ;Nassabeh2024_OffshoreSite;Seabra2024_AIEnhancedDA;Shokouhi2021_PhysicsInformedSite;TARGET_DRLGeoRisk2026_214483;TARGET_JointInversion2023_2022JB025372;Tang2022_DLDataAssimilationForecasting;Teng2024_LikelihoodFreeDA;VoThanh2026_DigitalTwinGNN;Wen2021_CCSNet;Wen2021_PlumeDNN;Wen2022_UFNO;Wen2023_NestedFNO;Witte2023_WNO;Yan2021_RobustDLWorkflow;Yin2022_XAILeakage;Zhang2021_LearningInversionFreeForecast;Zhong2019_PressureAnomaly
IJGGC-V2-WP8-R2-FULL-57-PAPER-REVIEW-2026-07-30,full_57_paper_independent_review_with_author_adjudication,conference_preprint,exclude_conference_preprint,score_ge3::field_evidence_score,43,7,42,1,0.167,0.163,0.083,0.306,Arafath2025_MalayBasinML;ESR_Wang2024_089;ESR_Zhang2025_178;Leong2024_SeisCO2Net;Lin2020_PressureLeakage;Lu2025_GISMLSite;Zhong2019_PressureAnomaly,Arafath2025_MalayBasinML;Attanasi2025_ResourceML;Baek2023_WellboreLeakage;Crain2023_MonitoringHistory;Diplas2026_DOEInjection;ESR_Chan2024_124;ESR_Kadeethum2024_128;ESR_Kanakaki2025_045;ESR_Lozano2025_215;ESR_Meng2025_211;ESR_Nunez2023_166;ESR_Park2025_223;ESR_RefNone_173;ESR_Tang2022_226;ESR_Tang2024_135;ESR_Wang2024_089;ESR_Zhang2025_115;ESR_Zhang2025_178;ESR_Zheng2025_207;Gahlot2025_DigitalShadow;Leong2024_SeisCO2Net;Lin2020_PressureLeakage;Lu2022_BayesianOptimization;Lu2025_GISMLSite;Mo2018_EncoderDecoderUQ;Nassabeh2024_OffshoreSite;Seabra2024_AIEnhancedDA;Shokouhi2021_PhysicsInformedSite;TARGET_DRLGeoRisk2026_214483;TARGET_JointInversion2023_2022JB025372;Tang2022_DLDataAssimilationForecasting;Teng2024_LikelihoodFreeDA;VoThanh2026_DigitalTwinGNN;Wen2021_CCSNet;Wen2021_PlumeDNN;Wen2022_UFNO;Wen2023_NestedFNO;Witte2023_WNO;Yan2021_RobustDLWorkflow;Yin2022_XAILeakage;Zhang2021_LearningInversionFreeForecast;Zhong2019_PressureAnomaly
IJGGC-V2-WP8-R2-FULL-57-PAPER-REVIEW-2026-07-30,full_57_paper_independent_review_with_author_adjudication,conference_preprint,exclude_conference_preprint,score_ge3::physical_consistency_score,43,32,43,0,0.744,0.744,0.598,0.851,Baek2023_WellboreLeakage;Crain2023_MonitoringHistory;Diplas2026_DOEInjection;ESR_Chan2024_124;ESR_Kanakaki2025_045;ESR_Lozano2025_215;ESR_Meng2025_211;ESR_Nunez2023_166;ESR_Park2025_223;ESR_Tang2022_226;ESR_Tang2024_135;ESR_Zhang2025_115;ESR_Zhang2025_178;ESR_Zheng2025_207;Gahlot2025_DigitalShadow;Leong2024_SeisCO2Net;Lu2022_BayesianOptimization;Mo2018_EncoderDecoderUQ;Seabra2024_AIEnhancedDA;Shokouhi2021_PhysicsInformedSite;TARGET_DRLGeoRisk2026_214483;TARGET_JointInversion2023_2022JB025372;Tang2022_DLDataAssimilationForecasting;Teng2024_LikelihoodFreeDA;VoThanh2026_DigitalTwinGNN;Wen2021_CCSNet;Wen2021_PlumeDNN;Wen2022_UFNO;Wen2023_NestedFNO;Witte2023_WNO;Yan2021_RobustDLWorkflow;Yin2022_XAILeakage,Arafath2025_MalayBasinML;Attanasi2025_ResourceML;Baek2023_WellboreLeakage;Crain2023_MonitoringHistory;Diplas2026_DOEInjection;ESR_Chan2024_124;ESR_Kadeethum2024_128;ESR_Kanakaki2025_045;ESR_Liu2025_121;ESR_Lozano2025_215;ESR_Meng2025_211;ESR_Nunez2023_166;ESR_Park2025_223;ESR_RefNone_173;ESR_Tang2022_226;ESR_Tang2024_135;ESR_Wang2024_089;ESR_Zhang2025_115;ESR_Zhang2025_178;ESR_Zheng2025_207;Gahlot2025_DigitalShadow;Leong2024_SeisCO2Net;Lin2020_PressureLeakage;Lu2022_BayesianOptimization;Lu2025_GISMLSite;Mo2018_EncoderDecoderUQ;Nassabeh2024_OffshoreSite;Seabra2024_AIEnhancedDA;Shokouhi2021_PhysicsInformedSite;TARGET_DRLGeoRisk2026_214483;TARGET_JointInversion2023_2022JB025372;Tang2022_DLDataAssimilationForecasting;Teng2024_LikelihoodFreeDA;VoThanh2026_DigitalTwinGNN;Wen2021_CCSNet;Wen2021_PlumeDNN;Wen2022_UFNO;Wen2023_NestedFNO;Witte2023_WNO;Yan2021_RobustDLWorkflow;Yin2022_XAILeakage;Zhang2021_LearningInversionFreeForecast;Zhong2019_PressureAnomaly
IJGGC-V2-WP8-R2-FULL-57-PAPER-REVIEW-2026-07-30,full_57_paper_independent_review_with_author_adjudication,conference_preprint,exclude_conference_preprint,score_ge3::uncertainty_score,43,11,42,1,0.262,0.256,0.153,0.411,Crain2023_MonitoringHistory;ESR_Lozano2025_215;ESR_Tang2022_226;Gahlot2025_DigitalShadow;Mo2018_EncoderDecoderUQ;Seabra2024_AIEnhancedDA;Tang2022_DLDataAssimilationForecasting;Teng2024_LikelihoodFreeDA;VoThanh2026_DigitalTwinGNN;Zhang2021_LearningInversionFreeForecast;Zhong2019_PressureAnomaly,Arafath2025_MalayBasinML;Attanasi2025_ResourceML;Baek2023_WellboreLeakage;Crain2023_MonitoringHistory;Diplas2026_DOEInjection;ESR_Chan2024_124;ESR_Kadeethum2024_128;ESR_Kanakaki2025_045;ESR_Lozano2025_215;ESR_Meng2025_211;ESR_Nunez2023_166;ESR_Park2025_223;ESR_RefNone_173;ESR_Tang2022_226;ESR_Tang2024_135;ESR_Wang2024_089;ESR_Zhang2025_115;ESR_Zhang2025_178;ESR_Zheng2025_207;Gahlot2025_DigitalShadow;Leong2024_SeisCO2Net;Lin2020_PressureLeakage;Lu2022_BayesianOptimization;Lu2025_GISMLSite;Mo2018_EncoderDecoderUQ;Nassabeh2024_OffshoreSite;Seabra2024_AIEnhancedDA;Shokouhi2021_PhysicsInformedSite;TARGET_DRLGeoRisk2026_214483;TARGET_JointInversion2023_2022JB025372;Tang2022_DLDataAssimilationForecasting;Teng2024_LikelihoodFreeDA;VoThanh2026_DigitalTwinGNN;Wen2021_CCSNet;Wen2021_PlumeDNN;Wen2022_UFNO;Wen2023_NestedFNO;Witte2023_WNO;Yan2021_RobustDLWorkflow;Yin2022_XAILeakage;Zhang2021_LearningInversionFreeForecast;Zhong2019_PressureAnomaly
IJGGC-V2-WP8-R2-FULL-57-PAPER-REVIEW-2026-07-30,full_57_paper_independent_review_with_author_adjudication,conference_preprint,exclude_conference_preprint,score_ge3::transferability_score,43,5,42,1,0.119,0.116,0.052,0.250,ESR_Zhang2025_115;Seabra2024_AIEnhancedDA;Tang2022_DLDataAssimilationForecasting;VoThanh2026_DigitalTwinGNN;Wen2021_PlumeDNN,Arafath2025_MalayBasinML;Attanasi2025_ResourceML;Baek2023_WellboreLeakage;Crain2023_MonitoringHistory;Diplas2026_DOEInjection;ESR_Chan2024_124;ESR_Kadeethum2024_128;ESR_Kanakaki2025_045;ESR_Lozano2025_215;ESR_Meng2025_211;ESR_Nunez2023_166;ESR_Park2025_223;ESR_RefNone_173;ESR_Tang2022_226;ESR_Tang2024_135;ESR_Wang2024_089;ESR_Zhang2025_115;ESR_Zhang2025_178;ESR_Zheng2025_207;Gahlot2025_DigitalShadow;Leong2024_SeisCO2Net;Lin2020_PressureLeakage;Lu2022_BayesianOptimization;Lu2025_GISMLSite;Mo2018_EncoderDecoderUQ;Nassabeh2024_OffshoreSite;Seabra2024_AIEnhancedDA;Shokouhi2021_PhysicsInformedSite;TARGET_DRLGeoRisk2026_214483;TARGET_JointInversion2023_2022JB025372;Tang2022_DLDataAssimilationForecasting;Teng2024_LikelihoodFreeDA;VoThanh2026_DigitalTwinGNN;Wen2021_CCSNet;Wen2021_PlumeDNN;Wen2022_UFNO;Wen2023_NestedFNO;Witte2023_WNO;Yan2021_RobustDLWorkflow;Yin2022_XAILeakage;Zhang2021_LearningInversionFreeForecast;Zhong2019_PressureAnomaly
IJGGC-V2-WP8-R2-FULL-57-PAPER-REVIEW-2026-07-30,full_57_paper_independent_review_with_author_adjudication,conference_preprint,exclude_conference_preprint,score_ge3::decision_readiness_score,43,10,43,0,0.233,0.233,0.132,0.377,Baek2023_WellboreLeakage;Crain2023_MonitoringHistory;Diplas2026_DOEInjection;ESR_Tang2022_226;Leong2024_SeisCO2Net;Lin2020_PressureLeakage;Lu2022_BayesianOptimization;TARGET_DRLGeoRisk2026_214483;Wen2023_NestedFNO;Zhong2019_PressureAnomaly,Arafath2025_MalayBasinML;Attanasi2025_ResourceML;Baek2023_WellboreLeakage;Crain2023_MonitoringHistory;Diplas2026_DOEInjection;ESR_Chan2024_124;ESR_Kadeethum2024_128;ESR_Kanakaki2025_045;ESR_Liu2025_121;ESR_Lozano2025_215;ESR_Meng2025_211;ESR_Nunez2023_166;ESR_Park2025_223;ESR_RefNone_173;ESR_Tang2022_226;ESR_Tang2024_135;ESR_Wang2024_089;ESR_Zhang2025_115;ESR_Zhang2025_178;ESR_Zheng2025_207;Gahlot2025_DigitalShadow;Leong2024_SeisCO2Net;Lin2020_PressureLeakage;Lu2022_BayesianOptimization;Lu2025_GISMLSite;Mo2018_EncoderDecoderUQ;Nassabeh2024_OffshoreSite;Seabra2024_AIEnhancedDA;Shokouhi2021_PhysicsInformedSite;TARGET_DRLGeoRisk2026_214483;TARGET_JointInversion2023_2022JB025372;Tang2022_DLDataAssimilationForecasting;Teng2024_LikelihoodFreeDA;VoThanh2026_DigitalTwinGNN;Wen2021_CCSNet;Wen2021_PlumeDNN;Wen2022_UFNO;Wen2023_NestedFNO;Witte2023_WNO;Yan2021_RobustDLWorkflow;Yin2022_XAILeakage;Zhang2021_LearningInversionFreeForecast;Zhong2019_PressureAnomaly
IJGGC-V2-WP8-R2-FULL-57-PAPER-REVIEW-2026-07-30,full_57_paper_independent_review_with_author_adjudication,conference_preprint,exclude_conference_preprint,direct_field_validation,43,7,42,1,0.167,0.163,0.083,0.306,Arafath2025_MalayBasinML;ESR_Wang2024_089;ESR_Zhang2025_178;Leong2024_SeisCO2Net;Lin2020_PressureLeakage;Lu2025_GISMLSite;Zhong2019_PressureAnomaly,Arafath2025_MalayBasinML;Attanasi2025_ResourceML;Baek2023_WellboreLeakage;Crain2023_MonitoringHistory;Diplas2026_DOEInjection;ESR_Chan2024_124;ESR_Kadeethum2024_128;ESR_Kanakaki2025_045;ESR_Lozano2025_215;ESR_Meng2025_211;ESR_Nunez2023_166;ESR_Park2025_223;ESR_RefNone_173;ESR_Tang2022_226;ESR_Tang2024_135;ESR_Wang2024_089;ESR_Zhang2025_115;ESR_Zhang2025_178;ESR_Zheng2025_207;Gahlot2025_DigitalShadow;Leong2024_SeisCO2Net;Lin2020_PressureLeakage;Lu2022_BayesianOptimization;Lu2025_GISMLSite;Mo2018_EncoderDecoderUQ;Nassabeh2024_OffshoreSite;Seabra2024_AIEnhancedDA;Shokouhi2021_PhysicsInformedSite;TARGET_DRLGeoRisk2026_214483;TARGET_JointInversion2023_2022JB025372;Tang2022_DLDataAssimilationForecasting;Teng2024_LikelihoodFreeDA;VoThanh2026_DigitalTwinGNN;Wen2021_CCSNet;Wen2021_PlumeDNN;Wen2022_UFNO;Wen2023_NestedFNO;Witte2023_WNO;Yan2021_RobustDLWorkflow;Yin2022_XAILeakage;Zhang2021_LearningInversionFreeForecast;Zhong2019_PressureAnomaly
IJGGC-V2-WP8-R2-FULL-57-PAPER-REVIEW-2026-07-30,full_57_paper_independent_review_with_author_adjudication,conference_preprint,exclude_conference_preprint,controlled_release_ml_validation,43,5,42,1,0.119,0.116,0.052,0.250,ESR_Wang2024_089;ESR_Zhang2025_178;Leong2024_SeisCO2Net;Lin2020_PressureLeakage;Zhong2019_PressureAnomaly,Arafath2025_MalayBasinML;Attanasi2025_ResourceML;Baek2023_WellboreLeakage;Crain2023_MonitoringHistory;Diplas2026_DOEInjection;ESR_Chan2024_124;ESR_Kadeethum2024_128;ESR_Kanakaki2025_045;ESR_Lozano2025_215;ESR_Meng2025_211;ESR_Nunez2023_166;ESR_Park2025_223;ESR_RefNone_173;ESR_Tang2022_226;ESR_Tang2024_135;ESR_Wang2024_089;ESR_Zhang2025_115;ESR_Zhang2025_178;ESR_Zheng2025_207;Gahlot2025_DigitalShadow;Leong2024_SeisCO2Net;Lin2020_PressureLeakage;Lu2022_BayesianOptimization;Lu2025_GISMLSite;Mo2018_EncoderDecoderUQ;Nassabeh2024_OffshoreSite;Seabra2024_AIEnhancedDA;Shokouhi2021_PhysicsInformedSite;TARGET_DRLGeoRisk2026_214483;TARGET_JointInversion2023_2022JB025372;Tang2022_DLDataAssimilationForecasting;Teng2024_LikelihoodFreeDA;VoThanh2026_DigitalTwinGNN;Wen2021_CCSNet;Wen2021_PlumeDNN;Wen2022_UFNO;Wen2023_NestedFNO;Witte2023_WNO;Yan2021_RobustDLWorkflow;Yin2022_XAILeakage;Zhang2021_LearningInversionFreeForecast;Zhong2019_PressureAnomaly
IJGGC-V2-WP8-R2-FULL-57-PAPER-REVIEW-2026-07-30,full_57_paper_independent_review_with_author_adjudication,conference_preprint,exclude_conference_preprint,explicit_ood_testing,43,11,41,2,0.268,0.256,0.157,0.419,ESR_Chan2024_124;ESR_Tang2022_226;ESR_Zhang2025_115;Leong2024_SeisCO2Net;Lin2020_PressureLeakage;Seabra2024_AIEnhancedDA;Tang2022_DLDataAssimilationForecasting;VoThanh2026_DigitalTwinGNN;Wen2021_PlumeDNN;Wen2022_UFNO;Zhong2019_PressureAnomaly,Arafath2025_MalayBasinML;Attanasi2025_ResourceML;Baek2023_WellboreLeakage;Crain2023_MonitoringHistory;Diplas2026_DOEInjection;ESR_Chan2024_124;ESR_Kadeethum2024_128;ESR_Kanakaki2025_045;ESR_Lozano2025_215;ESR_Meng2025_211;ESR_Nunez2023_166;ESR_Park2025_223;ESR_RefNone_173;ESR_Tang2022_226;ESR_Tang2024_135;ESR_Wang2024_089;ESR_Zhang2025_115;ESR_Zhang2025_178;ESR_Zheng2025_207;Gahlot2025_DigitalShadow;Leong2024_SeisCO2Net;Lin2020_PressureLeakage;Lu2022_BayesianOptimization;Lu2025_GISMLSite;Mo2018_EncoderDecoderUQ;Nassabeh2024_OffshoreSite;Seabra2024_AIEnhancedDA;TARGET_DRLGeoRisk2026_214483;TARGET_JointInversion2023_2022JB025372;Tang2022_DLDataAssimilationForecasting;Teng2024_LikelihoodFreeDA;VoThanh2026_DigitalTwinGNN;Wen2021_CCSNet;Wen2021_PlumeDNN;Wen2022_UFNO;Wen2023_NestedFNO;Witte2023_WNO;Yan2021_RobustDLWorkflow;Yin2022_XAILeakage;Zhang2021_LearningInversionFreeForecast;Zhong2019_PressureAnomaly
IJGGC-V2-WP8-R2-FULL-57-PAPER-REVIEW-2026-07-30,full_57_paper_independent_review_with_author_adjudication,conference_preprint,exclude_conference_preprint,explicit_cross_site_testing,43,0,42,1,0.000,0.000,0.000,0.084,,Arafath2025_MalayBasinML;Attanasi2025_ResourceML;Baek2023_WellboreLeakage;Crain2023_MonitoringHistory;Diplas2026_DOEInjection;ESR_Chan2024_124;ESR_Kadeethum2024_128;ESR_Kanakaki2025_045;ESR_Lozano2025_215;ESR_Meng2025_211;ESR_Nunez2023_166;ESR_Park2025_223;ESR_RefNone_173;ESR_Tang2022_226;ESR_Tang2024_135;ESR_Wang2024_089;ESR_Zhang2025_115;ESR_Zhang2025_178;ESR_Zheng2025_207;Gahlot2025_DigitalShadow;Leong2024_SeisCO2Net;Lin2020_PressureLeakage;Lu2022_BayesianOptimization;Lu2025_GISMLSite;Mo2018_EncoderDecoderUQ;Nassabeh2024_OffshoreSite;Seabra2024_AIEnhancedDA;Shokouhi2021_PhysicsInformedSite;TARGET_DRLGeoRisk2026_214483;TARGET_JointInversion2023_2022JB025372;Tang2022_DLDataAssimilationForecasting;Teng2024_LikelihoodFreeDA;VoThanh2026_DigitalTwinGNN;Wen2021_CCSNet;Wen2021_PlumeDNN;Wen2022_UFNO;Wen2023_NestedFNO;Witte2023_WNO;Yan2021_RobustDLWorkflow;Yin2022_XAILeakage;Zhang2021_LearningInversionFreeForecast;Zhong2019_PressureAnomaly
IJGGC-V2-WP8-R2-FULL-57-PAPER-REVIEW-2026-07-30,full_57_paper_independent_review_with_author_adjudication,conference_preprint,exclude_conference_preprint,uncertainty_calibration_or_posterior_check,43,10,34,9,0.294,0.233,0.168,0.462,Crain2023_MonitoringHistory;ESR_Lozano2025_215;ESR_Tang2022_226;Gahlot2025_DigitalShadow;Mo2018_EncoderDecoderUQ;Seabra2024_AIEnhancedDA;Tang2022_DLDataAssimilationForecasting;Teng2024_LikelihoodFreeDA;VoThanh2026_DigitalTwinGNN;Zhang2021_LearningInversionFreeForecast,Arafath2025_MalayBasinML;Attanasi2025_ResourceML;Crain2023_MonitoringHistory;Diplas2026_DOEInjection;ESR_Chan2024_124;ESR_Kadeethum2024_128;ESR_Kanakaki2025_045;ESR_Lozano2025_215;ESR_Meng2025_211;ESR_Nunez2023_166;ESR_Park2025_223;ESR_RefNone_173;ESR_Tang2022_226;ESR_Tang2024_135;ESR_Wang2024_089;ESR_Zhang2025_115;ESR_Zhang2025_178;ESR_Zheng2025_207;Gahlot2025_DigitalShadow;Lu2022_BayesianOptimization;Lu2025_GISMLSite;Mo2018_EncoderDecoderUQ;Nassabeh2024_OffshoreSite;Seabra2024_AIEnhancedDA;Shokouhi2021_PhysicsInformedSite;Tang2022_DLDataAssimilationForecasting;Teng2024_LikelihoodFreeDA;VoThanh2026_DigitalTwinGNN;Wen2021_PlumeDNN;Wen2022_UFNO;Witte2023_WNO;Yan2021_RobustDLWorkflow;Yin2022_XAILeakage;Zhang2021_LearningInversionFreeForecast
IJGGC-V2-WP8-R2-FULL-57-PAPER-REVIEW-2026-07-30,full_57_paper_independent_review_with_author_adjudication,conference_preprint,exclude_conference_preprint,surrogate_error_propagation,43,2,16,27,0.125,0.047,0.035,0.360,Diplas2026_DOEInjection;Lu2022_BayesianOptimization,Attanasi2025_ResourceML;Baek2023_WellboreLeakage;Diplas2026_DOEInjection;ESR_Chan2024_124;ESR_Lozano2025_215;ESR_Meng2025_211;ESR_Tang2022_226;ESR_Zheng2025_207;Lu2022_BayesianOptimization;Mo2018_EncoderDecoderUQ;Seabra2024_AIEnhancedDA;TARGET_DRLGeoRisk2026_214483;Tang2022_DLDataAssimilationForecasting;Teng2024_LikelihoodFreeDA;Wen2021_CCSNet;Wen2023_NestedFNO
IJGGC-V2-WP8-R2-FULL-57-PAPER-REVIEW-2026-07-30,full_57_paper_independent_review_with_author_adjudication,conference_preprint,exclude_conference_preprint,any_physical_diagnostic_checked,43,19,33,10,0.576,0.442,0.408,0.728,Baek2023_WellboreLeakage;Crain2023_MonitoringHistory;Diplas2026_DOEInjection;ESR_Chan2024_124;ESR_Kanakaki2025_045;ESR_Tang2022_226;ESR_Tang2024_135;ESR_Zheng2025_207;Leong2024_SeisCO2Net;Mo2018_EncoderDecoderUQ;TARGET_DRLGeoRisk2026_214483;VoThanh2026_DigitalTwinGNN;Wen2021_CCSNet;Wen2021_PlumeDNN;Wen2022_UFNO;Wen2023_NestedFNO;Yan2021_RobustDLWorkflow;Yin2022_XAILeakage;Zhong2019_PressureAnomaly,Arafath2025_MalayBasinML;Attanasi2025_ResourceML;Baek2023_WellboreLeakage;Crain2023_MonitoringHistory;Diplas2026_DOEInjection;ESR_Chan2024_124;ESR_Kanakaki2025_045;ESR_Meng2025_211;ESR_RefNone_173;ESR_Tang2022_226;ESR_Tang2024_135;ESR_Wang2024_089;ESR_Zheng2025_207;Gahlot2025_DigitalShadow;Leong2024_SeisCO2Net;Lin2020_PressureLeakage;Lu2022_BayesianOptimization;Lu2025_GISMLSite;Mo2018_EncoderDecoderUQ;Nassabeh2024_OffshoreSite;TARGET_DRLGeoRisk2026_214483;TARGET_JointInversion2023_2022JB025372;Tang2022_DLDataAssimilationForecasting;Teng2024_LikelihoodFreeDA;VoThanh2026_DigitalTwinGNN;Wen2021_CCSNet;Wen2021_PlumeDNN;Wen2022_UFNO;Wen2023_NestedFNO;Yan2021_RobustDLWorkflow;Yin2022_XAILeakage;Zhang2021_LearningInversionFreeForecast;Zhong2019_PressureAnomaly
IJGGC-V2-WP8-R2-FULL-57-PAPER-REVIEW-2026-07-30,full_57_paper_independent_review_with_author_adjudication,conference_preprint,exclude_conference_preprint,red_zone_recode_criticality,43,0,0,43,,0.000,,,,
IJGGC-V2-WP8-R2-FULL-57-PAPER-REVIEW-2026-07-30,full_57_paper_independent_review_with_author_adjudication,denominator_rule,available_case,synthetic_led_evidence,57,44,55,2,0.800,0.772,0.676,0.884,Baek2023_WellboreLeakage;Crain2023_MonitoringHistory;Diplas2026_DOEInjection;ESR_Chan2024_124;ESR_Chen2024_119;ESR_Falola2024_123;ESR_Hassani2024_118;ESR_Kadeethum2024_128;ESR_Kanakaki2025_045;ESR_Liu2025_121;ESR_Lozano2025_215;ESR_Nunez2023_166;ESR_Park2025_223;ESR_Pawar2023_168;ESR_Tang2024_135;ESR_Tariq2023_174;ESR_Wu2025_042;ESR_Zhang2025_115;ESR_Zheng2025_207;ESR_Zhou2026_127;Gahlot2025_DigitalShadow;Han2024_HierarchicalMCMC;Jiang2024_DSIHistoryMatching;Lin2020_PressureLeakage;Lu2022_BayesianOptimization;Mo2018_EncoderDecoderUQ;Seabra2024_AIEnhancedDA;Shokouhi2021_PhysicsInformedSite;TARGET_DRLGeoRisk2026_214483;TARGET_JointInversion2023_2022JB025372;Tang2022_DLDataAssimilationForecasting;Tang2024_GNNFaulted;Teng2024_LikelihoodFreeDA;VoThanh2026_DigitalTwinGNN;Wang2025_4DHistoryMatching;Wen2021_CCSNet;Wen2021_PlumeDNN;Wen2022_UFNO;Wen2023_NestedFNO;Witte2023_WNO;Yan2021_RobustDLWorkflow;Yin2022_XAILeakage;Zhang2021_LearningInversionFreeForecast;Zhong2019_PressureAnomaly,Arafath2025_MalayBasinML;Attanasi2025_ResourceML;Baek2023_WellboreLeakage;Crain2023_MonitoringHistory;Diplas2026_DOEInjection;ESR_Chan2024_124;ESR_Chen2024_119;ESR_Falola2024_123;ESR_Hassani2024_118;ESR_Kadeethum2024_128;ESR_Kanakaki2025_045;ESR_Liu2025_121;ESR_Lozano2025_215;ESR_Nunez2023_166;ESR_Park2025_223;ESR_Pawar2023_168;ESR_RefNone_173;ESR_Tang2022_226;ESR_Tang2024_135;ESR_Tariq2023_174;ESR_Um2024_091;ESR_Vishal2025_213;ESR_Wang2024_089;ESR_Wu2025_042;ESR_Zhang2025_115;ESR_Zhang2025_178;ESR_Zheng2025_207;ESR_Zhou2026_127;Gahlot2025_DigitalShadow;Han2024_HierarchicalMCMC;Jiang2024_DSIHistoryMatching;Leong2024_SeisCO2Net;Lin2020_PressureLeakage;Lu2022_BayesianOptimization;Lu2025_GISMLSite;Mo2018_EncoderDecoderUQ;Nassabeh2024_OffshoreSite;Seabra2024_AIEnhancedDA;Shokouhi2021_PhysicsInformedSite;TARGET_DRLGeoRisk2026_214483;TARGET_JointInversion2023_2022JB025372;Tang2022_DLDataAssimilationForecasting;Tang2024_GNNFaulted;Teng2024_LikelihoodFreeDA;VoThanh2026_DigitalTwinGNN;Wang2025_4DHistoryMatching;Wen2021_CCSNet;Wen2021_PlumeDNN;Wen2022_UFNO;Wen2023_NestedFNO;Witte2023_WNO;Yan2021_RobustDLWorkflow;Yin2022_XAILeakage;Zhang2021_LearningInversionFreeForecast;Zhong2019_PressureAnomaly
IJGGC-V2-WP8-R2-FULL-57-PAPER-REVIEW-2026-07-30,full_57_paper_independent_review_with_author_adjudication,denominator_rule,available_case,score_ge3::field_evidence_score,57,8,56,1,0.143,0.140,0.074,0.257,Arafath2025_MalayBasinML;ESR_Vishal2025_213;ESR_Wang2024_089;ESR_Zhang2025_178;Leong2024_SeisCO2Net;Lin2020_PressureLeakage;Lu2025_GISMLSite;Zhong2019_PressureAnomaly,Arafath2025_MalayBasinML;Attanasi2025_ResourceML;Baek2023_WellboreLeakage;Crain2023_MonitoringHistory;Diplas2026_DOEInjection;ESR_Chan2024_124;ESR_Chen2024_119;ESR_Falola2024_123;ESR_Hassani2024_118;ESR_Kadeethum2024_128;ESR_Kanakaki2025_045;ESR_Lozano2025_215;ESR_Meng2025_211;ESR_Nunez2023_166;ESR_Park2025_223;ESR_Pawar2023_168;ESR_RefNone_173;ESR_Tang2022_226;ESR_Tang2024_135;ESR_Tariq2023_174;ESR_Um2024_091;ESR_Um2024_104;ESR_Vishal2025_213;ESR_Wang2024_089;ESR_Wu2025_042;ESR_Zhang2025_115;ESR_Zhang2025_178;ESR_Zheng2025_207;ESR_Zhou2026_127;Gahlot2025_DigitalShadow;Han2024_HierarchicalMCMC;Jiang2024_DSIHistoryMatching;Leong2024_SeisCO2Net;Lin2020_PressureLeakage;Lu2022_BayesianOptimization;Lu2025_GISMLSite;Mo2018_EncoderDecoderUQ;Nassabeh2024_OffshoreSite;Seabra2024_AIEnhancedDA;Shokouhi2021_PhysicsInformedSite;TARGET_DRLGeoRisk2026_214483;TARGET_JointInversion2023_2022JB025372;Tang2022_DLDataAssimilationForecasting;Tang2024_GNNFaulted;Teng2024_LikelihoodFreeDA;VoThanh2026_DigitalTwinGNN;Wang2025_4DHistoryMatching;Wen2021_CCSNet;Wen2021_PlumeDNN;Wen2022_UFNO;Wen2023_NestedFNO;Witte2023_WNO;Yan2021_RobustDLWorkflow;Yin2022_XAILeakage;Zhang2021_LearningInversionFreeForecast;Zhong2019_PressureAnomaly
IJGGC-V2-WP8-R2-FULL-57-PAPER-REVIEW-2026-07-30,full_57_paper_independent_review_with_author_adjudication,denominator_rule,available_case,score_ge3::physical_consistency_score,57,42,57,0,0.737,0.737,0.610,0.834,Baek2023_WellboreLeakage;Crain2023_MonitoringHistory;Diplas2026_DOEInjection;ESR_Chan2024_124;ESR_Chen2024_119;ESR_Falola2024_123;ESR_Kanakaki2025_045;ESR_Lozano2025_215;ESR_Meng2025_211;ESR_Nunez2023_166;ESR_Park2025_223;ESR_Tang2022_226;ESR_Tang2024_135;ESR_Tariq2023_174;ESR_Um2024_091;ESR_Um2024_104;ESR_Zhang2025_115;ESR_Zhang2025_178;ESR_Zheng2025_207;ESR_Zhou2026_127;Gahlot2025_DigitalShadow;Han2024_HierarchicalMCMC;Jiang2024_DSIHistoryMatching;Leong2024_SeisCO2Net;Lu2022_BayesianOptimization;Mo2018_EncoderDecoderUQ;Seabra2024_AIEnhancedDA;Shokouhi2021_PhysicsInformedSite;TARGET_DRLGeoRisk2026_214483;TARGET_JointInversion2023_2022JB025372;Tang2022_DLDataAssimilationForecasting;Tang2024_GNNFaulted;Teng2024_LikelihoodFreeDA;VoThanh2026_DigitalTwinGNN;Wang2025_4DHistoryMatching;Wen2021_CCSNet;Wen2021_PlumeDNN;Wen2022_UFNO;Wen2023_NestedFNO;Witte2023_WNO;Yan2021_RobustDLWorkflow;Yin2022_XAILeakage,Arafath2025_MalayBasinML;Attanasi2025_ResourceML;Baek2023_WellboreLeakage;Crain2023_MonitoringHistory;Diplas2026_DOEInjection;ESR_Chan2024_124;ESR_Chen2024_119;ESR_Falola2024_123;ESR_Hassani2024_118;ESR_Kadeethum2024_128;ESR_Kanakaki2025_045;ESR_Liu2025_121;ESR_Lozano2025_215;ESR_Meng2025_211;ESR_Nunez2023_166;ESR_Park2025_223;ESR_Pawar2023_168;ESR_RefNone_173;ESR_Tang2022_226;ESR_Tang2024_135;ESR_Tariq2023_174;ESR_Um2024_091;ESR_Um2024_104;ESR_Vishal2025_213;ESR_Wang2024_089;ESR_Wu2025_042;ESR_Zhang2025_115;ESR_Zhang2025_178;ESR_Zheng2025_207;ESR_Zhou2026_127;Gahlot2025_DigitalShadow;Han2024_HierarchicalMCMC;Jiang2024_DSIHistoryMatching;Leong2024_SeisCO2Net;Lin2020_PressureLeakage;Lu2022_BayesianOptimization;Lu2025_GISMLSite;Mo2018_EncoderDecoderUQ;Nassabeh2024_OffshoreSite;Seabra2024_AIEnhancedDA;Shokouhi2021_PhysicsInformedSite;TARGET_DRLGeoRisk2026_214483;TARGET_JointInversion2023_2022JB025372;Tang2022_DLDataAssimilationForecasting;Tang2024_GNNFaulted;Teng2024_LikelihoodFreeDA;VoThanh2026_DigitalTwinGNN;Wang2025_4DHistoryMatching;Wen2021_CCSNet;Wen2021_PlumeDNN;Wen2022_UFNO;Wen2023_NestedFNO;Witte2023_WNO;Yan2021_RobustDLWorkflow;Yin2022_XAILeakage;Zhang2021_LearningInversionFreeForecast;Zhong2019_PressureAnomaly
IJGGC-V2-WP8-R2-FULL-57-PAPER-REVIEW-2026-07-30,full_57_paper_independent_review_with_author_adjudication,denominator_rule,available_case,score_ge3::uncertainty_score,57,14,56,1,0.250,0.246,0.155,0.377,Crain2023_MonitoringHistory;ESR_Lozano2025_215;ESR_Tang2022_226;Gahlot2025_DigitalShadow;Han2024_HierarchicalMCMC;Jiang2024_DSIHistoryMatching;Mo2018_EncoderDecoderUQ;Seabra2024_AIEnhancedDA;Tang2022_DLDataAssimilationForecasting;Teng2024_LikelihoodFreeDA;VoThanh2026_DigitalTwinGNN;Wang2025_4DHistoryMatching;Zhang2021_LearningInversionFreeForecast;Zhong2019_PressureAnomaly,Arafath2025_MalayBasinML;Attanasi2025_ResourceML;Baek2023_WellboreLeakage;Crain2023_MonitoringHistory;Diplas2026_DOEInjection;ESR_Chan2024_124;ESR_Chen2024_119;ESR_Falola2024_123;ESR_Hassani2024_118;ESR_Kadeethum2024_128;ESR_Kanakaki2025_045;ESR_Lozano2025_215;ESR_Meng2025_211;ESR_Nunez2023_166;ESR_Park2025_223;ESR_Pawar2023_168;ESR_RefNone_173;ESR_Tang2022_226;ESR_Tang2024_135;ESR_Tariq2023_174;ESR_Um2024_091;ESR_Um2024_104;ESR_Vishal2025_213;ESR_Wang2024_089;ESR_Wu2025_042;ESR_Zhang2025_115;ESR_Zhang2025_178;ESR_Zheng2025_207;ESR_Zhou2026_127;Gahlot2025_DigitalShadow;Han2024_HierarchicalMCMC;Jiang2024_DSIHistoryMatching;Leong2024_SeisCO2Net;Lin2020_PressureLeakage;Lu2022_BayesianOptimization;Lu2025_GISMLSite;Mo2018_EncoderDecoderUQ;Nassabeh2024_OffshoreSite;Seabra2024_AIEnhancedDA;Shokouhi2021_PhysicsInformedSite;TARGET_DRLGeoRisk2026_214483;TARGET_JointInversion2023_2022JB025372;Tang2022_DLDataAssimilationForecasting;Tang2024_GNNFaulted;Teng2024_LikelihoodFreeDA;VoThanh2026_DigitalTwinGNN;Wang2025_4DHistoryMatching;Wen2021_CCSNet;Wen2021_PlumeDNN;Wen2022_UFNO;Wen2023_NestedFNO;Witte2023_WNO;Yan2021_RobustDLWorkflow;Yin2022_XAILeakage;Zhang2021_LearningInversionFreeForecast;Zhong2019_PressureAnomaly
IJGGC-V2-WP8-R2-FULL-57-PAPER-REVIEW-2026-07-30,full_57_paper_independent_review_with_author_adjudication,denominator_rule,available_case,score_ge3::transferability_score,57,7,56,1,0.125,0.123,0.062,0.236,ESR_Wu2025_042;ESR_Zhang2025_115;Seabra2024_AIEnhancedDA;Tang2022_DLDataAssimilationForecasting;Tang2024_GNNFaulted;VoThanh2026_DigitalTwinGNN;Wen2021_PlumeDNN,Arafath2025_MalayBasinML;Attanasi2025_ResourceML;Baek2023_WellboreLeakage;Crain2023_MonitoringHistory;Diplas2026_DOEInjection;ESR_Chan2024_124;ESR_Chen2024_119;ESR_Falola2024_123;ESR_Hassani2024_118;ESR_Kadeethum2024_128;ESR_Kanakaki2025_045;ESR_Lozano2025_215;ESR_Meng2025_211;ESR_Nunez2023_166;ESR_Park2025_223;ESR_Pawar2023_168;ESR_RefNone_173;ESR_Tang2022_226;ESR_Tang2024_135;ESR_Tariq2023_174;ESR_Um2024_091;ESR_Um2024_104;ESR_Vishal2025_213;ESR_Wang2024_089;ESR_Wu2025_042;ESR_Zhang2025_115;ESR_Zhang2025_178;ESR_Zheng2025_207;ESR_Zhou2026_127;Gahlot2025_DigitalShadow;Han2024_HierarchicalMCMC;Jiang2024_DSIHistoryMatching;Leong2024_SeisCO2Net;Lin2020_PressureLeakage;Lu2022_BayesianOptimization;Lu2025_GISMLSite;Mo2018_EncoderDecoderUQ;Nassabeh2024_OffshoreSite;Seabra2024_AIEnhancedDA;Shokouhi2021_PhysicsInformedSite;TARGET_DRLGeoRisk2026_214483;TARGET_JointInversion2023_2022JB025372;Tang2022_DLDataAssimilationForecasting;Tang2024_GNNFaulted;Teng2024_LikelihoodFreeDA;VoThanh2026_DigitalTwinGNN;Wang2025_4DHistoryMatching;Wen2021_CCSNet;Wen2021_PlumeDNN;Wen2022_UFNO;Wen2023_NestedFNO;Witte2023_WNO;Yan2021_RobustDLWorkflow;Yin2022_XAILeakage;Zhang2021_LearningInversionFreeForecast;Zhong2019_PressureAnomaly
IJGGC-V2-WP8-R2-FULL-57-PAPER-REVIEW-2026-07-30,full_57_paper_independent_review_with_author_adjudication,denominator_rule,available_case,score_ge3::decision_readiness_score,57,11,57,0,0.193,0.193,0.111,0.313,Baek2023_WellboreLeakage;Crain2023_MonitoringHistory;Diplas2026_DOEInjection;ESR_Tang2022_226;Leong2024_SeisCO2Net;Lin2020_PressureLeakage;Lu2022_BayesianOptimization;TARGET_DRLGeoRisk2026_214483;Wang2025_4DHistoryMatching;Wen2023_NestedFNO;Zhong2019_PressureAnomaly,Arafath2025_MalayBasinML;Attanasi2025_ResourceML;Baek2023_WellboreLeakage;Crain2023_MonitoringHistory;Diplas2026_DOEInjection;ESR_Chan2024_124;ESR_Chen2024_119;ESR_Falola2024_123;ESR_Hassani2024_118;ESR_Kadeethum2024_128;ESR_Kanakaki2025_045;ESR_Liu2025_121;ESR_Lozano2025_215;ESR_Meng2025_211;ESR_Nunez2023_166;ESR_Park2025_223;ESR_Pawar2023_168;ESR_RefNone_173;ESR_Tang2022_226;ESR_Tang2024_135;ESR_Tariq2023_174;ESR_Um2024_091;ESR_Um2024_104;ESR_Vishal2025_213;ESR_Wang2024_089;ESR_Wu2025_042;ESR_Zhang2025_115;ESR_Zhang2025_178;ESR_Zheng2025_207;ESR_Zhou2026_127;Gahlot2025_DigitalShadow;Han2024_HierarchicalMCMC;Jiang2024_DSIHistoryMatching;Leong2024_SeisCO2Net;Lin2020_PressureLeakage;Lu2022_BayesianOptimization;Lu2025_GISMLSite;Mo2018_EncoderDecoderUQ;Nassabeh2024_OffshoreSite;Seabra2024_AIEnhancedDA;Shokouhi2021_PhysicsInformedSite;TARGET_DRLGeoRisk2026_214483;TARGET_JointInversion2023_2022JB025372;Tang2022_DLDataAssimilationForecasting;Tang2024_GNNFaulted;Teng2024_LikelihoodFreeDA;VoThanh2026_DigitalTwinGNN;Wang2025_4DHistoryMatching;Wen2021_CCSNet;Wen2021_PlumeDNN;Wen2022_UFNO;Wen2023_NestedFNO;Witte2023_WNO;Yan2021_RobustDLWorkflow;Yin2022_XAILeakage;Zhang2021_LearningInversionFreeForecast;Zhong2019_PressureAnomaly
IJGGC-V2-WP8-R2-FULL-57-PAPER-REVIEW-2026-07-30,full_57_paper_independent_review_with_author_adjudication,denominator_rule,available_case,direct_field_validation,57,8,56,1,0.143,0.140,0.074,0.257,Arafath2025_MalayBasinML;ESR_Vishal2025_213;ESR_Wang2024_089;ESR_Zhang2025_178;Leong2024_SeisCO2Net;Lin2020_PressureLeakage;Lu2025_GISMLSite;Zhong2019_PressureAnomaly,Arafath2025_MalayBasinML;Attanasi2025_ResourceML;Baek2023_WellboreLeakage;Crain2023_MonitoringHistory;Diplas2026_DOEInjection;ESR_Chan2024_124;ESR_Chen2024_119;ESR_Falola2024_123;ESR_Hassani2024_118;ESR_Kadeethum2024_128;ESR_Kanakaki2025_045;ESR_Lozano2025_215;ESR_Meng2025_211;ESR_Nunez2023_166;ESR_Park2025_223;ESR_Pawar2023_168;ESR_RefNone_173;ESR_Tang2022_226;ESR_Tang2024_135;ESR_Tariq2023_174;ESR_Um2024_091;ESR_Um2024_104;ESR_Vishal2025_213;ESR_Wang2024_089;ESR_Wu2025_042;ESR_Zhang2025_115;ESR_Zhang2025_178;ESR_Zheng2025_207;ESR_Zhou2026_127;Gahlot2025_DigitalShadow;Han2024_HierarchicalMCMC;Jiang2024_DSIHistoryMatching;Leong2024_SeisCO2Net;Lin2020_PressureLeakage;Lu2022_BayesianOptimization;Lu2025_GISMLSite;Mo2018_EncoderDecoderUQ;Nassabeh2024_OffshoreSite;Seabra2024_AIEnhancedDA;Shokouhi2021_PhysicsInformedSite;TARGET_DRLGeoRisk2026_214483;TARGET_JointInversion2023_2022JB025372;Tang2022_DLDataAssimilationForecasting;Tang2024_GNNFaulted;Teng2024_LikelihoodFreeDA;VoThanh2026_DigitalTwinGNN;Wang2025_4DHistoryMatching;Wen2021_CCSNet;Wen2021_PlumeDNN;Wen2022_UFNO;Wen2023_NestedFNO;Witte2023_WNO;Yan2021_RobustDLWorkflow;Yin2022_XAILeakage;Zhang2021_LearningInversionFreeForecast;Zhong2019_PressureAnomaly
IJGGC-V2-WP8-R2-FULL-57-PAPER-REVIEW-2026-07-30,full_57_paper_independent_review_with_author_adjudication,denominator_rule,available_case,controlled_release_ml_validation,57,5,56,1,0.089,0.088,0.039,0.193,ESR_Wang2024_089;ESR_Zhang2025_178;Leong2024_SeisCO2Net;Lin2020_PressureLeakage;Zhong2019_PressureAnomaly,Arafath2025_MalayBasinML;Attanasi2025_ResourceML;Baek2023_WellboreLeakage;Crain2023_MonitoringHistory;Diplas2026_DOEInjection;ESR_Chan2024_124;ESR_Chen2024_119;ESR_Falola2024_123;ESR_Hassani2024_118;ESR_Kadeethum2024_128;ESR_Kanakaki2025_045;ESR_Lozano2025_215;ESR_Meng2025_211;ESR_Nunez2023_166;ESR_Park2025_223;ESR_Pawar2023_168;ESR_RefNone_173;ESR_Tang2022_226;ESR_Tang2024_135;ESR_Tariq2023_174;ESR_Um2024_091;ESR_Um2024_104;ESR_Vishal2025_213;ESR_Wang2024_089;ESR_Wu2025_042;ESR_Zhang2025_115;ESR_Zhang2025_178;ESR_Zheng2025_207;ESR_Zhou2026_127;Gahlot2025_DigitalShadow;Han2024_HierarchicalMCMC;Jiang2024_DSIHistoryMatching;Leong2024_SeisCO2Net;Lin2020_PressureLeakage;Lu2022_BayesianOptimization;Lu2025_GISMLSite;Mo2018_EncoderDecoderUQ;Nassabeh2024_OffshoreSite;Seabra2024_AIEnhancedDA;Shokouhi2021_PhysicsInformedSite;TARGET_DRLGeoRisk2026_214483;TARGET_JointInversion2023_2022JB025372;Tang2022_DLDataAssimilationForecasting;Tang2024_GNNFaulted;Teng2024_LikelihoodFreeDA;VoThanh2026_DigitalTwinGNN;Wang2025_4DHistoryMatching;Wen2021_CCSNet;Wen2021_PlumeDNN;Wen2022_UFNO;Wen2023_NestedFNO;Witte2023_WNO;Yan2021_RobustDLWorkflow;Yin2022_XAILeakage;Zhang2021_LearningInversionFreeForecast;Zhong2019_PressureAnomaly
IJGGC-V2-WP8-R2-FULL-57-PAPER-REVIEW-2026-07-30,full_57_paper_independent_review_with_author_adjudication,denominator_rule,available_case,explicit_ood_testing,57,14,54,3,0.259,0.246,0.161,0.389,ESR_Chan2024_124;ESR_Hassani2024_118;ESR_Tang2022_226;ESR_Wu2025_042;ESR_Zhang2025_115;Leong2024_SeisCO2Net;Lin2020_PressureLeakage;Seabra2024_AIEnhancedDA;Tang2022_DLDataAssimilationForecasting;Tang2024_GNNFaulted;VoThanh2026_DigitalTwinGNN;Wen2021_PlumeDNN;Wen2022_UFNO;Zhong2019_PressureAnomaly,Arafath2025_MalayBasinML;Attanasi2025_ResourceML;Baek2023_WellboreLeakage;Crain2023_MonitoringHistory;Diplas2026_DOEInjection;ESR_Chan2024_124;ESR_Chen2024_119;ESR_Falola2024_123;ESR_Hassani2024_118;ESR_Kadeethum2024_128;ESR_Kanakaki2025_045;ESR_Lozano2025_215;ESR_Meng2025_211;ESR_Nunez2023_166;ESR_Park2025_223;ESR_Pawar2023_168;ESR_RefNone_173;ESR_Tang2022_226;ESR_Tang2024_135;ESR_Tariq2023_174;ESR_Um2024_091;ESR_Um2024_104;ESR_Wang2024_089;ESR_Wu2025_042;ESR_Zhang2025_115;ESR_Zhang2025_178;ESR_Zheng2025_207;ESR_Zhou2026_127;Gahlot2025_DigitalShadow;Han2024_HierarchicalMCMC;Jiang2024_DSIHistoryMatching;Leong2024_SeisCO2Net;Lin2020_PressureLeakage;Lu2022_BayesianOptimization;Lu2025_GISMLSite;Mo2018_EncoderDecoderUQ;Nassabeh2024_OffshoreSite;Seabra2024_AIEnhancedDA;TARGET_DRLGeoRisk2026_214483;TARGET_JointInversion2023_2022JB025372;Tang2022_DLDataAssimilationForecasting;Tang2024_GNNFaulted;Teng2024_LikelihoodFreeDA;VoThanh2026_DigitalTwinGNN;Wang2025_4DHistoryMatching;Wen2021_CCSNet;Wen2021_PlumeDNN;Wen2022_UFNO;Wen2023_NestedFNO;Witte2023_WNO;Yan2021_RobustDLWorkflow;Yin2022_XAILeakage;Zhang2021_LearningInversionFreeForecast;Zhong2019_PressureAnomaly
IJGGC-V2-WP8-R2-FULL-57-PAPER-REVIEW-2026-07-30,full_57_paper_independent_review_with_author_adjudication,denominator_rule,available_case,explicit_cross_site_testing,57,1,55,2,0.018,0.018,0.003,0.096,ESR_Wu2025_042,Arafath2025_MalayBasinML;Attanasi2025_ResourceML;Baek2023_WellboreLeakage;Crain2023_MonitoringHistory;Diplas2026_DOEInjection;ESR_Chan2024_124;ESR_Chen2024_119;ESR_Falola2024_123;ESR_Hassani2024_118;ESR_Kadeethum2024_128;ESR_Kanakaki2025_045;ESR_Lozano2025_215;ESR_Meng2025_211;ESR_Nunez2023_166;ESR_Park2025_223;ESR_Pawar2023_168;ESR_RefNone_173;ESR_Tang2022_226;ESR_Tang2024_135;ESR_Tariq2023_174;ESR_Um2024_091;ESR_Um2024_104;ESR_Wang2024_089;ESR_Wu2025_042;ESR_Zhang2025_115;ESR_Zhang2025_178;ESR_Zheng2025_207;ESR_Zhou2026_127;Gahlot2025_DigitalShadow;Han2024_HierarchicalMCMC;Jiang2024_DSIHistoryMatching;Leong2024_SeisCO2Net;Lin2020_PressureLeakage;Lu2022_BayesianOptimization;Lu2025_GISMLSite;Mo2018_EncoderDecoderUQ;Nassabeh2024_OffshoreSite;Seabra2024_AIEnhancedDA;Shokouhi2021_PhysicsInformedSite;TARGET_DRLGeoRisk2026_214483;TARGET_JointInversion2023_2022JB025372;Tang2022_DLDataAssimilationForecasting;Tang2024_GNNFaulted;Teng2024_LikelihoodFreeDA;VoThanh2026_DigitalTwinGNN;Wang2025_4DHistoryMatching;Wen2021_CCSNet;Wen2021_PlumeDNN;Wen2022_UFNO;Wen2023_NestedFNO;Witte2023_WNO;Yan2021_RobustDLWorkflow;Yin2022_XAILeakage;Zhang2021_LearningInversionFreeForecast;Zhong2019_PressureAnomaly
IJGGC-V2-WP8-R2-FULL-57-PAPER-REVIEW-2026-07-30,full_57_paper_independent_review_with_author_adjudication,denominator_rule,available_case,uncertainty_calibration_or_posterior_check,57,13,46,11,0.283,0.228,0.173,0.425,Crain2023_MonitoringHistory;ESR_Lozano2025_215;ESR_Tang2022_226;Gahlot2025_DigitalShadow;Han2024_HierarchicalMCMC;Jiang2024_DSIHistoryMatching;Mo2018_EncoderDecoderUQ;Seabra2024_AIEnhancedDA;Tang2022_DLDataAssimilationForecasting;Teng2024_LikelihoodFreeDA;VoThanh2026_DigitalTwinGNN;Wang2025_4DHistoryMatching;Zhang2021_LearningInversionFreeForecast,Arafath2025_MalayBasinML;Attanasi2025_ResourceML;Crain2023_MonitoringHistory;Diplas2026_DOEInjection;ESR_Chan2024_124;ESR_Chen2024_119;ESR_Falola2024_123;ESR_Hassani2024_118;ESR_Kadeethum2024_128;ESR_Kanakaki2025_045;ESR_Lozano2025_215;ESR_Meng2025_211;ESR_Nunez2023_166;ESR_Park2025_223;ESR_Pawar2023_168;ESR_RefNone_173;ESR_Tang2022_226;ESR_Tang2024_135;ESR_Tariq2023_174;ESR_Um2024_091;ESR_Um2024_104;ESR_Wang2024_089;ESR_Zhang2025_115;ESR_Zhang2025_178;ESR_Zheng2025_207;ESR_Zhou2026_127;Gahlot2025_DigitalShadow;Han2024_HierarchicalMCMC;Jiang2024_DSIHistoryMatching;Lu2022_BayesianOptimization;Lu2025_GISMLSite;Mo2018_EncoderDecoderUQ;Nassabeh2024_OffshoreSite;Seabra2024_AIEnhancedDA;Shokouhi2021_PhysicsInformedSite;Tang2022_DLDataAssimilationForecasting;Tang2024_GNNFaulted;Teng2024_LikelihoodFreeDA;VoThanh2026_DigitalTwinGNN;Wang2025_4DHistoryMatching;Wen2021_PlumeDNN;Wen2022_UFNO;Witte2023_WNO;Yan2021_RobustDLWorkflow;Yin2022_XAILeakage;Zhang2021_LearningInversionFreeForecast
IJGGC-V2-WP8-R2-FULL-57-PAPER-REVIEW-2026-07-30,full_57_paper_independent_review_with_author_adjudication,denominator_rule,available_case,surrogate_error_propagation,57,4,20,37,0.200,0.070,0.081,0.416,Diplas2026_DOEInjection;Han2024_HierarchicalMCMC;Lu2022_BayesianOptimization;Wang2025_4DHistoryMatching,Attanasi2025_ResourceML;Baek2023_WellboreLeakage;Diplas2026_DOEInjection;ESR_Chan2024_124;ESR_Chen2024_119;ESR_Lozano2025_215;ESR_Meng2025_211;ESR_Tang2022_226;ESR_Wu2025_042;ESR_Zheng2025_207;Han2024_HierarchicalMCMC;Lu2022_BayesianOptimization;Mo2018_EncoderDecoderUQ;Seabra2024_AIEnhancedDA;TARGET_DRLGeoRisk2026_214483;Tang2022_DLDataAssimilationForecasting;Teng2024_LikelihoodFreeDA;Wang2025_4DHistoryMatching;Wen2021_CCSNet;Wen2023_NestedFNO
IJGGC-V2-WP8-R2-FULL-57-PAPER-REVIEW-2026-07-30,full_57_paper_independent_review_with_author_adjudication,denominator_rule,available_case,any_physical_diagnostic_checked,57,23,42,15,0.548,0.404,0.399,0.688,Baek2023_WellboreLeakage;Crain2023_MonitoringHistory;Diplas2026_DOEInjection;ESR_Chan2024_124;ESR_Kanakaki2025_045;ESR_Tang2022_226;ESR_Tang2024_135;ESR_Um2024_091;ESR_Zheng2025_207;Han2024_HierarchicalMCMC;Jiang2024_DSIHistoryMatching;Leong2024_SeisCO2Net;Mo2018_EncoderDecoderUQ;TARGET_DRLGeoRisk2026_214483;Tang2024_GNNFaulted;VoThanh2026_DigitalTwinGNN;Wen2021_CCSNet;Wen2021_PlumeDNN;Wen2022_UFNO;Wen2023_NestedFNO;Yan2021_RobustDLWorkflow;Yin2022_XAILeakage;Zhong2019_PressureAnomaly,Arafath2025_MalayBasinML;Attanasi2025_ResourceML;Baek2023_WellboreLeakage;Crain2023_MonitoringHistory;Diplas2026_DOEInjection;ESR_Chan2024_124;ESR_Chen2024_119;ESR_Hassani2024_118;ESR_Kanakaki2025_045;ESR_Meng2025_211;ESR_RefNone_173;ESR_Tang2022_226;ESR_Tang2024_135;ESR_Um2024_091;ESR_Um2024_104;ESR_Wang2024_089;ESR_Zheng2025_207;ESR_Zhou2026_127;Gahlot2025_DigitalShadow;Han2024_HierarchicalMCMC;Jiang2024_DSIHistoryMatching;Leong2024_SeisCO2Net;Lin2020_PressureLeakage;Lu2022_BayesianOptimization;Lu2025_GISMLSite;Mo2018_EncoderDecoderUQ;Nassabeh2024_OffshoreSite;TARGET_DRLGeoRisk2026_214483;TARGET_JointInversion2023_2022JB025372;Tang2022_DLDataAssimilationForecasting;Tang2024_GNNFaulted;Teng2024_LikelihoodFreeDA;VoThanh2026_DigitalTwinGNN;Wang2025_4DHistoryMatching;Wen2021_CCSNet;Wen2021_PlumeDNN;Wen2022_UFNO;Wen2023_NestedFNO;Yan2021_RobustDLWorkflow;Yin2022_XAILeakage;Zhang2021_LearningInversionFreeForecast;Zhong2019_PressureAnomaly
IJGGC-V2-WP8-R2-FULL-57-PAPER-REVIEW-2026-07-30,full_57_paper_independent_review_with_author_adjudication,denominator_rule,available_case,red_zone_recode_criticality,57,0,0,57,,0.000,,,,
IJGGC-V2-WP8-R2-FULL-57-PAPER-REVIEW-2026-07-30,full_57_paper_independent_review_with_author_adjudication,denominator_rule,complete_case,synthetic_led_evidence,56,43,54,2,0.796,0.768,0.671,0.882,Baek2023_WellboreLeakage;Crain2023_MonitoringHistory;Diplas2026_DOEInjection;ESR_Chan2024_124;ESR_Chen2024_119;ESR_Falola2024_123;ESR_Hassani2024_118;ESR_Kadeethum2024_128;ESR_Kanakaki2025_045;ESR_Lozano2025_215;ESR_Nunez2023_166;ESR_Park2025_223;ESR_Pawar2023_168;ESR_Tang2024_135;ESR_Tariq2023_174;ESR_Wu2025_042;ESR_Zhang2025_115;ESR_Zheng2025_207;ESR_Zhou2026_127;Gahlot2025_DigitalShadow;Han2024_HierarchicalMCMC;Jiang2024_DSIHistoryMatching;Lin2020_PressureLeakage;Lu2022_BayesianOptimization;Mo2018_EncoderDecoderUQ;Seabra2024_AIEnhancedDA;Shokouhi2021_PhysicsInformedSite;TARGET_DRLGeoRisk2026_214483;TARGET_JointInversion2023_2022JB025372;Tang2022_DLDataAssimilationForecasting;Tang2024_GNNFaulted;Teng2024_LikelihoodFreeDA;VoThanh2026_DigitalTwinGNN;Wang2025_4DHistoryMatching;Wen2021_CCSNet;Wen2021_PlumeDNN;Wen2022_UFNO;Wen2023_NestedFNO;Witte2023_WNO;Yan2021_RobustDLWorkflow;Yin2022_XAILeakage;Zhang2021_LearningInversionFreeForecast;Zhong2019_PressureAnomaly,Arafath2025_MalayBasinML;Attanasi2025_ResourceML;Baek2023_WellboreLeakage;Crain2023_MonitoringHistory;Diplas2026_DOEInjection;ESR_Chan2024_124;ESR_Chen2024_119;ESR_Falola2024_123;ESR_Hassani2024_118;ESR_Kadeethum2024_128;ESR_Kanakaki2025_045;ESR_Lozano2025_215;ESR_Nunez2023_166;ESR_Park2025_223;ESR_Pawar2023_168;ESR_RefNone_173;ESR_Tang2022_226;ESR_Tang2024_135;ESR_Tariq2023_174;ESR_Um2024_091;ESR_Vishal2025_213;ESR_Wang2024_089;ESR_Wu2025_042;ESR_Zhang2025_115;ESR_Zhang2025_178;ESR_Zheng2025_207;ESR_Zhou2026_127;Gahlot2025_DigitalShadow;Han2024_HierarchicalMCMC;Jiang2024_DSIHistoryMatching;Leong2024_SeisCO2Net;Lin2020_PressureLeakage;Lu2022_BayesianOptimization;Lu2025_GISMLSite;Mo2018_EncoderDecoderUQ;Nassabeh2024_OffshoreSite;Seabra2024_AIEnhancedDA;Shokouhi2021_PhysicsInformedSite;TARGET_DRLGeoRisk2026_214483;TARGET_JointInversion2023_2022JB025372;Tang2022_DLDataAssimilationForecasting;Tang2024_GNNFaulted;Teng2024_LikelihoodFreeDA;VoThanh2026_DigitalTwinGNN;Wang2025_4DHistoryMatching;Wen2021_CCSNet;Wen2021_PlumeDNN;Wen2022_UFNO;Wen2023_NestedFNO;Witte2023_WNO;Yan2021_RobustDLWorkflow;Yin2022_XAILeakage;Zhang2021_LearningInversionFreeForecast;Zhong2019_PressureAnomaly
IJGGC-V2-WP8-R2-FULL-57-PAPER-REVIEW-2026-07-30,full_57_paper_independent_review_with_author_adjudication,denominator_rule,complete_case,score_ge3::field_evidence_score,56,8,56,0,0.143,0.143,0.074,0.257,Arafath2025_MalayBasinML;ESR_Vishal2025_213;ESR_Wang2024_089;ESR_Zhang2025_178;Leong2024_SeisCO2Net;Lin2020_PressureLeakage;Lu2025_GISMLSite;Zhong2019_PressureAnomaly,Arafath2025_MalayBasinML;Attanasi2025_ResourceML;Baek2023_WellboreLeakage;Crain2023_MonitoringHistory;Diplas2026_DOEInjection;ESR_Chan2024_124;ESR_Chen2024_119;ESR_Falola2024_123;ESR_Hassani2024_118;ESR_Kadeethum2024_128;ESR_Kanakaki2025_045;ESR_Lozano2025_215;ESR_Meng2025_211;ESR_Nunez2023_166;ESR_Park2025_223;ESR_Pawar2023_168;ESR_RefNone_173;ESR_Tang2022_226;ESR_Tang2024_135;ESR_Tariq2023_174;ESR_Um2024_091;ESR_Um2024_104;ESR_Vishal2025_213;ESR_Wang2024_089;ESR_Wu2025_042;ESR_Zhang2025_115;ESR_Zhang2025_178;ESR_Zheng2025_207;ESR_Zhou2026_127;Gahlot2025_DigitalShadow;Han2024_HierarchicalMCMC;Jiang2024_DSIHistoryMatching;Leong2024_SeisCO2Net;Lin2020_PressureLeakage;Lu2022_BayesianOptimization;Lu2025_GISMLSite;Mo2018_EncoderDecoderUQ;Nassabeh2024_OffshoreSite;Seabra2024_AIEnhancedDA;Shokouhi2021_PhysicsInformedSite;TARGET_DRLGeoRisk2026_214483;TARGET_JointInversion2023_2022JB025372;Tang2022_DLDataAssimilationForecasting;Tang2024_GNNFaulted;Teng2024_LikelihoodFreeDA;VoThanh2026_DigitalTwinGNN;Wang2025_4DHistoryMatching;Wen2021_CCSNet;Wen2021_PlumeDNN;Wen2022_UFNO;Wen2023_NestedFNO;Witte2023_WNO;Yan2021_RobustDLWorkflow;Yin2022_XAILeakage;Zhang2021_LearningInversionFreeForecast;Zhong2019_PressureAnomaly
IJGGC-V2-WP8-R2-FULL-57-PAPER-REVIEW-2026-07-30,full_57_paper_independent_review_with_author_adjudication,denominator_rule,complete_case,score_ge3::physical_consistency_score,56,42,56,0,0.750,0.750,0.623,0.845,Baek2023_WellboreLeakage;Crain2023_MonitoringHistory;Diplas2026_DOEInjection;ESR_Chan2024_124;ESR_Chen2024_119;ESR_Falola2024_123;ESR_Kanakaki2025_045;ESR_Lozano2025_215;ESR_Meng2025_211;ESR_Nunez2023_166;ESR_Park2025_223;ESR_Tang2022_226;ESR_Tang2024_135;ESR_Tariq2023_174;ESR_Um2024_091;ESR_Um2024_104;ESR_Zhang2025_115;ESR_Zhang2025_178;ESR_Zheng2025_207;ESR_Zhou2026_127;Gahlot2025_DigitalShadow;Han2024_HierarchicalMCMC;Jiang2024_DSIHistoryMatching;Leong2024_SeisCO2Net;Lu2022_BayesianOptimization;Mo2018_EncoderDecoderUQ;Seabra2024_AIEnhancedDA;Shokouhi2021_PhysicsInformedSite;TARGET_DRLGeoRisk2026_214483;TARGET_JointInversion2023_2022JB025372;Tang2022_DLDataAssimilationForecasting;Tang2024_GNNFaulted;Teng2024_LikelihoodFreeDA;VoThanh2026_DigitalTwinGNN;Wang2025_4DHistoryMatching;Wen2021_CCSNet;Wen2021_PlumeDNN;Wen2022_UFNO;Wen2023_NestedFNO;Witte2023_WNO;Yan2021_RobustDLWorkflow;Yin2022_XAILeakage,Arafath2025_MalayBasinML;Attanasi2025_ResourceML;Baek2023_WellboreLeakage;Crain2023_MonitoringHistory;Diplas2026_DOEInjection;ESR_Chan2024_124;ESR_Chen2024_119;ESR_Falola2024_123;ESR_Hassani2024_118;ESR_Kadeethum2024_128;ESR_Kanakaki2025_045;ESR_Lozano2025_215;ESR_Meng2025_211;ESR_Nunez2023_166;ESR_Park2025_223;ESR_Pawar2023_168;ESR_RefNone_173;ESR_Tang2022_226;ESR_Tang2024_135;ESR_Tariq2023_174;ESR_Um2024_091;ESR_Um2024_104;ESR_Vishal2025_213;ESR_Wang2024_089;ESR_Wu2025_042;ESR_Zhang2025_115;ESR_Zhang2025_178;ESR_Zheng2025_207;ESR_Zhou2026_127;Gahlot2025_DigitalShadow;Han2024_HierarchicalMCMC;Jiang2024_DSIHistoryMatching;Leong2024_SeisCO2Net;Lin2020_PressureLeakage;Lu2022_BayesianOptimization;Lu2025_GISMLSite;Mo2018_EncoderDecoderUQ;Nassabeh2024_OffshoreSite;Seabra2024_AIEnhancedDA;Shokouhi2021_PhysicsInformedSite;TARGET_DRLGeoRisk2026_214483;TARGET_JointInversion2023_2022JB025372;Tang2022_DLDataAssimilationForecasting;Tang2024_GNNFaulted;Teng2024_LikelihoodFreeDA;VoThanh2026_DigitalTwinGNN;Wang2025_4DHistoryMatching;Wen2021_CCSNet;Wen2021_PlumeDNN;Wen2022_UFNO;Wen2023_NestedFNO;Witte2023_WNO;Yan2021_RobustDLWorkflow;Yin2022_XAILeakage;Zhang2021_LearningInversionFreeForecast;Zhong2019_PressureAnomaly
IJGGC-V2-WP8-R2-FULL-57-PAPER-REVIEW-2026-07-30,full_57_paper_independent_review_with_author_adjudication,denominator_rule,complete_case,score_ge3::uncertainty_score,56,14,56,0,0.250,0.250,0.155,0.377,Crain2023_MonitoringHistory;ESR_Lozano2025_215;ESR_Tang2022_226;Gahlot2025_DigitalShadow;Han2024_HierarchicalMCMC;Jiang2024_DSIHistoryMatching;Mo2018_EncoderDecoderUQ;Seabra2024_AIEnhancedDA;Tang2022_DLDataAssimilationForecasting;Teng2024_LikelihoodFreeDA;VoThanh2026_DigitalTwinGNN;Wang2025_4DHistoryMatching;Zhang2021_LearningInversionFreeForecast;Zhong2019_PressureAnomaly,Arafath2025_MalayBasinML;Attanasi2025_ResourceML;Baek2023_WellboreLeakage;Crain2023_MonitoringHistory;Diplas2026_DOEInjection;ESR_Chan2024_124;ESR_Chen2024_119;ESR_Falola2024_123;ESR_Hassani2024_118;ESR_Kadeethum2024_128;ESR_Kanakaki2025_045;ESR_Lozano2025_215;ESR_Meng2025_211;ESR_Nunez2023_166;ESR_Park2025_223;ESR_Pawar2023_168;ESR_RefNone_173;ESR_Tang2022_226;ESR_Tang2024_135;ESR_Tariq2023_174;ESR_Um2024_091;ESR_Um2024_104;ESR_Vishal2025_213;ESR_Wang2024_089;ESR_Wu2025_042;ESR_Zhang2025_115;ESR_Zhang2025_178;ESR_Zheng2025_207;ESR_Zhou2026_127;Gahlot2025_DigitalShadow;Han2024_HierarchicalMCMC;Jiang2024_DSIHistoryMatching;Leong2024_SeisCO2Net;Lin2020_PressureLeakage;Lu2022_BayesianOptimization;Lu2025_GISMLSite;Mo2018_EncoderDecoderUQ;Nassabeh2024_OffshoreSite;Seabra2024_AIEnhancedDA;Shokouhi2021_PhysicsInformedSite;TARGET_DRLGeoRisk2026_214483;TARGET_JointInversion2023_2022JB025372;Tang2022_DLDataAssimilationForecasting;Tang2024_GNNFaulted;Teng2024_LikelihoodFreeDA;VoThanh2026_DigitalTwinGNN;Wang2025_4DHistoryMatching;Wen2021_CCSNet;Wen2021_PlumeDNN;Wen2022_UFNO;Wen2023_NestedFNO;Witte2023_WNO;Yan2021_RobustDLWorkflow;Yin2022_XAILeakage;Zhang2021_LearningInversionFreeForecast;Zhong2019_PressureAnomaly
IJGGC-V2-WP8-R2-FULL-57-PAPER-REVIEW-2026-07-30,full_57_paper_independent_review_with_author_adjudication,denominator_rule,complete_case,score_ge3::transferability_score,56,7,56,0,0.125,0.125,0.062,0.236,ESR_Wu2025_042;ESR_Zhang2025_115;Seabra2024_AIEnhancedDA;Tang2022_DLDataAssimilationForecasting;Tang2024_GNNFaulted;VoThanh2026_DigitalTwinGNN;Wen2021_PlumeDNN,Arafath2025_MalayBasinML;Attanasi2025_ResourceML;Baek2023_WellboreLeakage;Crain2023_MonitoringHistory;Diplas2026_DOEInjection;ESR_Chan2024_124;ESR_Chen2024_119;ESR_Falola2024_123;ESR_Hassani2024_118;ESR_Kadeethum2024_128;ESR_Kanakaki2025_045;ESR_Lozano2025_215;ESR_Meng2025_211;ESR_Nunez2023_166;ESR_Park2025_223;ESR_Pawar2023_168;ESR_RefNone_173;ESR_Tang2022_226;ESR_Tang2024_135;ESR_Tariq2023_174;ESR_Um2024_091;ESR_Um2024_104;ESR_Vishal2025_213;ESR_Wang2024_089;ESR_Wu2025_042;ESR_Zhang2025_115;ESR_Zhang2025_178;ESR_Zheng2025_207;ESR_Zhou2026_127;Gahlot2025_DigitalShadow;Han2024_HierarchicalMCMC;Jiang2024_DSIHistoryMatching;Leong2024_SeisCO2Net;Lin2020_PressureLeakage;Lu2022_BayesianOptimization;Lu2025_GISMLSite;Mo2018_EncoderDecoderUQ;Nassabeh2024_OffshoreSite;Seabra2024_AIEnhancedDA;Shokouhi2021_PhysicsInformedSite;TARGET_DRLGeoRisk2026_214483;TARGET_JointInversion2023_2022JB025372;Tang2022_DLDataAssimilationForecasting;Tang2024_GNNFaulted;Teng2024_LikelihoodFreeDA;VoThanh2026_DigitalTwinGNN;Wang2025_4DHistoryMatching;Wen2021_CCSNet;Wen2021_PlumeDNN;Wen2022_UFNO;Wen2023_NestedFNO;Witte2023_WNO;Yan2021_RobustDLWorkflow;Yin2022_XAILeakage;Zhang2021_LearningInversionFreeForecast;Zhong2019_PressureAnomaly
IJGGC-V2-WP8-R2-FULL-57-PAPER-REVIEW-2026-07-30,full_57_paper_independent_review_with_author_adjudication,denominator_rule,complete_case,score_ge3::decision_readiness_score,56,11,56,0,0.196,0.196,0.113,0.318,Baek2023_WellboreLeakage;Crain2023_MonitoringHistory;Diplas2026_DOEInjection;ESR_Tang2022_226;Leong2024_SeisCO2Net;Lin2020_PressureLeakage;Lu2022_BayesianOptimization;TARGET_DRLGeoRisk2026_214483;Wang2025_4DHistoryMatching;Wen2023_NestedFNO;Zhong2019_PressureAnomaly,Arafath2025_MalayBasinML;Attanasi2025_ResourceML;Baek2023_WellboreLeakage;Crain2023_MonitoringHistory;Diplas2026_DOEInjection;ESR_Chan2024_124;ESR_Chen2024_119;ESR_Falola2024_123;ESR_Hassani2024_118;ESR_Kadeethum2024_128;ESR_Kanakaki2025_045;ESR_Lozano2025_215;ESR_Meng2025_211;ESR_Nunez2023_166;ESR_Park2025_223;ESR_Pawar2023_168;ESR_RefNone_173;ESR_Tang2022_226;ESR_Tang2024_135;ESR_Tariq2023_174;ESR_Um2024_091;ESR_Um2024_104;ESR_Vishal2025_213;ESR_Wang2024_089;ESR_Wu2025_042;ESR_Zhang2025_115;ESR_Zhang2025_178;ESR_Zheng2025_207;ESR_Zhou2026_127;Gahlot2025_DigitalShadow;Han2024_HierarchicalMCMC;Jiang2024_DSIHistoryMatching;Leong2024_SeisCO2Net;Lin2020_PressureLeakage;Lu2022_BayesianOptimization;Lu2025_GISMLSite;Mo2018_EncoderDecoderUQ;Nassabeh2024_OffshoreSite;Seabra2024_AIEnhancedDA;Shokouhi2021_PhysicsInformedSite;TARGET_DRLGeoRisk2026_214483;TARGET_JointInversion2023_2022JB025372;Tang2022_DLDataAssimilationForecasting;Tang2024_GNNFaulted;Teng2024_LikelihoodFreeDA;VoThanh2026_DigitalTwinGNN;Wang2025_4DHistoryMatching;Wen2021_CCSNet;Wen2021_PlumeDNN;Wen2022_UFNO;Wen2023_NestedFNO;Witte2023_WNO;Yan2021_RobustDLWorkflow;Yin2022_XAILeakage;Zhang2021_LearningInversionFreeForecast;Zhong2019_PressureAnomaly
IJGGC-V2-WP8-R2-FULL-57-PAPER-REVIEW-2026-07-30,full_57_paper_independent_review_with_author_adjudication,denominator_rule,complete_case,direct_field_validation,56,8,56,0,0.143,0.143,0.074,0.257,Arafath2025_MalayBasinML;ESR_Vishal2025_213;ESR_Wang2024_089;ESR_Zhang2025_178;Leong2024_SeisCO2Net;Lin2020_PressureLeakage;Lu2025_GISMLSite;Zhong2019_PressureAnomaly,Arafath2025_MalayBasinML;Attanasi2025_ResourceML;Baek2023_WellboreLeakage;Crain2023_MonitoringHistory;Diplas2026_DOEInjection;ESR_Chan2024_124;ESR_Chen2024_119;ESR_Falola2024_123;ESR_Hassani2024_118;ESR_Kadeethum2024_128;ESR_Kanakaki2025_045;ESR_Lozano2025_215;ESR_Meng2025_211;ESR_Nunez2023_166;ESR_Park2025_223;ESR_Pawar2023_168;ESR_RefNone_173;ESR_Tang2022_226;ESR_Tang2024_135;ESR_Tariq2023_174;ESR_Um2024_091;ESR_Um2024_104;ESR_Vishal2025_213;ESR_Wang2024_089;ESR_Wu2025_042;ESR_Zhang2025_115;ESR_Zhang2025_178;ESR_Zheng2025_207;ESR_Zhou2026_127;Gahlot2025_DigitalShadow;Han2024_HierarchicalMCMC;Jiang2024_DSIHistoryMatching;Leong2024_SeisCO2Net;Lin2020_PressureLeakage;Lu2022_BayesianOptimization;Lu2025_GISMLSite;Mo2018_EncoderDecoderUQ;Nassabeh2024_OffshoreSite;Seabra2024_AIEnhancedDA;Shokouhi2021_PhysicsInformedSite;TARGET_DRLGeoRisk2026_214483;TARGET_JointInversion2023_2022JB025372;Tang2022_DLDataAssimilationForecasting;Tang2024_GNNFaulted;Teng2024_LikelihoodFreeDA;VoThanh2026_DigitalTwinGNN;Wang2025_4DHistoryMatching;Wen2021_CCSNet;Wen2021_PlumeDNN;Wen2022_UFNO;Wen2023_NestedFNO;Witte2023_WNO;Yan2021_RobustDLWorkflow;Yin2022_XAILeakage;Zhang2021_LearningInversionFreeForecast;Zhong2019_PressureAnomaly
IJGGC-V2-WP8-R2-FULL-57-PAPER-REVIEW-2026-07-30,full_57_paper_independent_review_with_author_adjudication,denominator_rule,complete_case,controlled_release_ml_validation,56,5,56,0,0.089,0.089,0.039,0.193,ESR_Wang2024_089;ESR_Zhang2025_178;Leong2024_SeisCO2Net;Lin2020_PressureLeakage;Zhong2019_PressureAnomaly,Arafath2025_MalayBasinML;Attanasi2025_ResourceML;Baek2023_WellboreLeakage;Crain2023_MonitoringHistory;Diplas2026_DOEInjection;ESR_Chan2024_124;ESR_Chen2024_119;ESR_Falola2024_123;ESR_Hassani2024_118;ESR_Kadeethum2024_128;ESR_Kanakaki2025_045;ESR_Lozano2025_215;ESR_Meng2025_211;ESR_Nunez2023_166;ESR_Park2025_223;ESR_Pawar2023_168;ESR_RefNone_173;ESR_Tang2022_226;ESR_Tang2024_135;ESR_Tariq2023_174;ESR_Um2024_091;ESR_Um2024_104;ESR_Vishal2025_213;ESR_Wang2024_089;ESR_Wu2025_042;ESR_Zhang2025_115;ESR_Zhang2025_178;ESR_Zheng2025_207;ESR_Zhou2026_127;Gahlot2025_DigitalShadow;Han2024_HierarchicalMCMC;Jiang2024_DSIHistoryMatching;Leong2024_SeisCO2Net;Lin2020_PressureLeakage;Lu2022_BayesianOptimization;Lu2025_GISMLSite;Mo2018_EncoderDecoderUQ;Nassabeh2024_OffshoreSite;Seabra2024_AIEnhancedDA;Shokouhi2021_PhysicsInformedSite;TARGET_DRLGeoRisk2026_214483;TARGET_JointInversion2023_2022JB025372;Tang2022_DLDataAssimilationForecasting;Tang2024_GNNFaulted;Teng2024_LikelihoodFreeDA;VoThanh2026_DigitalTwinGNN;Wang2025_4DHistoryMatching;Wen2021_CCSNet;Wen2021_PlumeDNN;Wen2022_UFNO;Wen2023_NestedFNO;Witte2023_WNO;Yan2021_RobustDLWorkflow;Yin2022_XAILeakage;Zhang2021_LearningInversionFreeForecast;Zhong2019_PressureAnomaly
IJGGC-V2-WP8-R2-FULL-57-PAPER-REVIEW-2026-07-30,full_57_paper_independent_review_with_author_adjudication,denominator_rule,complete_case,explicit_ood_testing,56,14,54,2,0.259,0.250,0.161,0.389,ESR_Chan2024_124;ESR_Hassani2024_118;ESR_Tang2022_226;ESR_Wu2025_042;ESR_Zhang2025_115;Leong2024_SeisCO2Net;Lin2020_PressureLeakage;Seabra2024_AIEnhancedDA;Tang2022_DLDataAssimilationForecasting;Tang2024_GNNFaulted;VoThanh2026_DigitalTwinGNN;Wen2021_PlumeDNN;Wen2022_UFNO;Zhong2019_PressureAnomaly,Arafath2025_MalayBasinML;Attanasi2025_ResourceML;Baek2023_WellboreLeakage;Crain2023_MonitoringHistory;Diplas2026_DOEInjection;ESR_Chan2024_124;ESR_Chen2024_119;ESR_Falola2024_123;ESR_Hassani2024_118;ESR_Kadeethum2024_128;ESR_Kanakaki2025_045;ESR_Lozano2025_215;ESR_Meng2025_211;ESR_Nunez2023_166;ESR_Park2025_223;ESR_Pawar2023_168;ESR_RefNone_173;ESR_Tang2022_226;ESR_Tang2024_135;ESR_Tariq2023_174;ESR_Um2024_091;ESR_Um2024_104;ESR_Wang2024_089;ESR_Wu2025_042;ESR_Zhang2025_115;ESR_Zhang2025_178;ESR_Zheng2025_207;ESR_Zhou2026_127;Gahlot2025_DigitalShadow;Han2024_HierarchicalMCMC;Jiang2024_DSIHistoryMatching;Leong2024_SeisCO2Net;Lin2020_PressureLeakage;Lu2022_BayesianOptimization;Lu2025_GISMLSite;Mo2018_EncoderDecoderUQ;Nassabeh2024_OffshoreSite;Seabra2024_AIEnhancedDA;TARGET_DRLGeoRisk2026_214483;TARGET_JointInversion2023_2022JB025372;Tang2022_DLDataAssimilationForecasting;Tang2024_GNNFaulted;Teng2024_LikelihoodFreeDA;VoThanh2026_DigitalTwinGNN;Wang2025_4DHistoryMatching;Wen2021_CCSNet;Wen2021_PlumeDNN;Wen2022_UFNO;Wen2023_NestedFNO;Witte2023_WNO;Yan2021_RobustDLWorkflow;Yin2022_XAILeakage;Zhang2021_LearningInversionFreeForecast;Zhong2019_PressureAnomaly
IJGGC-V2-WP8-R2-FULL-57-PAPER-REVIEW-2026-07-30,full_57_paper_independent_review_with_author_adjudication,denominator_rule,complete_case,explicit_cross_site_testing,56,1,55,1,0.018,0.018,0.003,0.096,ESR_Wu2025_042,Arafath2025_MalayBasinML;Attanasi2025_ResourceML;Baek2023_WellboreLeakage;Crain2023_MonitoringHistory;Diplas2026_DOEInjection;ESR_Chan2024_124;ESR_Chen2024_119;ESR_Falola2024_123;ESR_Hassani2024_118;ESR_Kadeethum2024_128;ESR_Kanakaki2025_045;ESR_Lozano2025_215;ESR_Meng2025_211;ESR_Nunez2023_166;ESR_Park2025_223;ESR_Pawar2023_168;ESR_RefNone_173;ESR_Tang2022_226;ESR_Tang2024_135;ESR_Tariq2023_174;ESR_Um2024_091;ESR_Um2024_104;ESR_Wang2024_089;ESR_Wu2025_042;ESR_Zhang2025_115;ESR_Zhang2025_178;ESR_Zheng2025_207;ESR_Zhou2026_127;Gahlot2025_DigitalShadow;Han2024_HierarchicalMCMC;Jiang2024_DSIHistoryMatching;Leong2024_SeisCO2Net;Lin2020_PressureLeakage;Lu2022_BayesianOptimization;Lu2025_GISMLSite;Mo2018_EncoderDecoderUQ;Nassabeh2024_OffshoreSite;Seabra2024_AIEnhancedDA;Shokouhi2021_PhysicsInformedSite;TARGET_DRLGeoRisk2026_214483;TARGET_JointInversion2023_2022JB025372;Tang2022_DLDataAssimilationForecasting;Tang2024_GNNFaulted;Teng2024_LikelihoodFreeDA;VoThanh2026_DigitalTwinGNN;Wang2025_4DHistoryMatching;Wen2021_CCSNet;Wen2021_PlumeDNN;Wen2022_UFNO;Wen2023_NestedFNO;Witte2023_WNO;Yan2021_RobustDLWorkflow;Yin2022_XAILeakage;Zhang2021_LearningInversionFreeForecast;Zhong2019_PressureAnomaly
IJGGC-V2-WP8-R2-FULL-57-PAPER-REVIEW-2026-07-30,full_57_paper_independent_review_with_author_adjudication,denominator_rule,complete_case,uncertainty_calibration_or_posterior_check,56,13,46,10,0.283,0.232,0.173,0.425,Crain2023_MonitoringHistory;ESR_Lozano2025_215;ESR_Tang2022_226;Gahlot2025_DigitalShadow;Han2024_HierarchicalMCMC;Jiang2024_DSIHistoryMatching;Mo2018_EncoderDecoderUQ;Seabra2024_AIEnhancedDA;Tang2022_DLDataAssimilationForecasting;Teng2024_LikelihoodFreeDA;VoThanh2026_DigitalTwinGNN;Wang2025_4DHistoryMatching;Zhang2021_LearningInversionFreeForecast,Arafath2025_MalayBasinML;Attanasi2025_ResourceML;Crain2023_MonitoringHistory;Diplas2026_DOEInjection;ESR_Chan2024_124;ESR_Chen2024_119;ESR_Falola2024_123;ESR_Hassani2024_118;ESR_Kadeethum2024_128;ESR_Kanakaki2025_045;ESR_Lozano2025_215;ESR_Meng2025_211;ESR_Nunez2023_166;ESR_Park2025_223;ESR_Pawar2023_168;ESR_RefNone_173;ESR_Tang2022_226;ESR_Tang2024_135;ESR_Tariq2023_174;ESR_Um2024_091;ESR_Um2024_104;ESR_Wang2024_089;ESR_Zhang2025_115;ESR_Zhang2025_178;ESR_Zheng2025_207;ESR_Zhou2026_127;Gahlot2025_DigitalShadow;Han2024_HierarchicalMCMC;Jiang2024_DSIHistoryMatching;Lu2022_BayesianOptimization;Lu2025_GISMLSite;Mo2018_EncoderDecoderUQ;Nassabeh2024_OffshoreSite;Seabra2024_AIEnhancedDA;Shokouhi2021_PhysicsInformedSite;Tang2022_DLDataAssimilationForecasting;Tang2024_GNNFaulted;Teng2024_LikelihoodFreeDA;VoThanh2026_DigitalTwinGNN;Wang2025_4DHistoryMatching;Wen2021_PlumeDNN;Wen2022_UFNO;Witte2023_WNO;Yan2021_RobustDLWorkflow;Yin2022_XAILeakage;Zhang2021_LearningInversionFreeForecast
IJGGC-V2-WP8-R2-FULL-57-PAPER-REVIEW-2026-07-30,full_57_paper_independent_review_with_author_adjudication,denominator_rule,complete_case,surrogate_error_propagation,56,4,20,36,0.200,0.071,0.081,0.416,Diplas2026_DOEInjection;Han2024_HierarchicalMCMC;Lu2022_BayesianOptimization;Wang2025_4DHistoryMatching,Attanasi2025_ResourceML;Baek2023_WellboreLeakage;Diplas2026_DOEInjection;ESR_Chan2024_124;ESR_Chen2024_119;ESR_Lozano2025_215;ESR_Meng2025_211;ESR_Tang2022_226;ESR_Wu2025_042;ESR_Zheng2025_207;Han2024_HierarchicalMCMC;Lu2022_BayesianOptimization;Mo2018_EncoderDecoderUQ;Seabra2024_AIEnhancedDA;TARGET_DRLGeoRisk2026_214483;Tang2022_DLDataAssimilationForecasting;Teng2024_LikelihoodFreeDA;Wang2025_4DHistoryMatching;Wen2021_CCSNet;Wen2023_NestedFNO
IJGGC-V2-WP8-R2-FULL-57-PAPER-REVIEW-2026-07-30,full_57_paper_independent_review_with_author_adjudication,denominator_rule,complete_case,any_physical_diagnostic_checked,56,23,42,14,0.548,0.411,0.399,0.688,Baek2023_WellboreLeakage;Crain2023_MonitoringHistory;Diplas2026_DOEInjection;ESR_Chan2024_124;ESR_Kanakaki2025_045;ESR_Tang2022_226;ESR_Tang2024_135;ESR_Um2024_091;ESR_Zheng2025_207;Han2024_HierarchicalMCMC;Jiang2024_DSIHistoryMatching;Leong2024_SeisCO2Net;Mo2018_EncoderDecoderUQ;TARGET_DRLGeoRisk2026_214483;Tang2024_GNNFaulted;VoThanh2026_DigitalTwinGNN;Wen2021_CCSNet;Wen2021_PlumeDNN;Wen2022_UFNO;Wen2023_NestedFNO;Yan2021_RobustDLWorkflow;Yin2022_XAILeakage;Zhong2019_PressureAnomaly,Arafath2025_MalayBasinML;Attanasi2025_ResourceML;Baek2023_WellboreLeakage;Crain2023_MonitoringHistory;Diplas2026_DOEInjection;ESR_Chan2024_124;ESR_Chen2024_119;ESR_Hassani2024_118;ESR_Kanakaki2025_045;ESR_Meng2025_211;ESR_RefNone_173;ESR_Tang2022_226;ESR_Tang2024_135;ESR_Um2024_091;ESR_Um2024_104;ESR_Wang2024_089;ESR_Zheng2025_207;ESR_Zhou2026_127;Gahlot2025_DigitalShadow;Han2024_HierarchicalMCMC;Jiang2024_DSIHistoryMatching;Leong2024_SeisCO2Net;Lin2020_PressureLeakage;Lu2022_BayesianOptimization;Lu2025_GISMLSite;Mo2018_EncoderDecoderUQ;Nassabeh2024_OffshoreSite;TARGET_DRLGeoRisk2026_214483;TARGET_JointInversion2023_2022JB025372;Tang2022_DLDataAssimilationForecasting;Tang2024_GNNFaulted;Teng2024_LikelihoodFreeDA;VoThanh2026_DigitalTwinGNN;Wang2025_4DHistoryMatching;Wen2021_CCSNet;Wen2021_PlumeDNN;Wen2022_UFNO;Wen2023_NestedFNO;Yan2021_RobustDLWorkflow;Yin2022_XAILeakage;Zhang2021_LearningInversionFreeForecast;Zhong2019_PressureAnomaly
IJGGC-V2-WP8-R2-FULL-57-PAPER-REVIEW-2026-07-30,full_57_paper_independent_review_with_author_adjudication,denominator_rule,complete_case,red_zone_recode_criticality,56,0,0,56,,0.000,,,,
IJGGC-V2-WP8-R2-FULL-57-PAPER-REVIEW-2026-07-30,full_57_paper_independent_review_with_author_adjudication,cross_cutting_records,with_cross_cutting,synthetic_led_evidence,57,44,55,2,0.800,0.772,0.676,0.884,Baek2023_WellboreLeakage;Crain2023_MonitoringHistory;Diplas2026_DOEInjection;ESR_Chan2024_124;ESR_Chen2024_119;ESR_Falola2024_123;ESR_Hassani2024_118;ESR_Kadeethum2024_128;ESR_Kanakaki2025_045;ESR_Liu2025_121;ESR_Lozano2025_215;ESR_Nunez2023_166;ESR_Park2025_223;ESR_Pawar2023_168;ESR_Tang2024_135;ESR_Tariq2023_174;ESR_Wu2025_042;ESR_Zhang2025_115;ESR_Zheng2025_207;ESR_Zhou2026_127;Gahlot2025_DigitalShadow;Han2024_HierarchicalMCMC;Jiang2024_DSIHistoryMatching;Lin2020_PressureLeakage;Lu2022_BayesianOptimization;Mo2018_EncoderDecoderUQ;Seabra2024_AIEnhancedDA;Shokouhi2021_PhysicsInformedSite;TARGET_DRLGeoRisk2026_214483;TARGET_JointInversion2023_2022JB025372;Tang2022_DLDataAssimilationForecasting;Tang2024_GNNFaulted;Teng2024_LikelihoodFreeDA;VoThanh2026_DigitalTwinGNN;Wang2025_4DHistoryMatching;Wen2021_CCSNet;Wen2021_PlumeDNN;Wen2022_UFNO;Wen2023_NestedFNO;Witte2023_WNO;Yan2021_RobustDLWorkflow;Yin2022_XAILeakage;Zhang2021_LearningInversionFreeForecast;Zhong2019_PressureAnomaly,Arafath2025_MalayBasinML;Attanasi2025_ResourceML;Baek2023_WellboreLeakage;Crain2023_MonitoringHistory;Diplas2026_DOEInjection;ESR_Chan2024_124;ESR_Chen2024_119;ESR_Falola2024_123;ESR_Hassani2024_118;ESR_Kadeethum2024_128;ESR_Kanakaki2025_045;ESR_Liu2025_121;ESR_Lozano2025_215;ESR_Nunez2023_166;ESR_Park2025_223;ESR_Pawar2023_168;ESR_RefNone_173;ESR_Tang2022_226;ESR_Tang2024_135;ESR_Tariq2023_174;ESR_Um2024_091;ESR_Vishal2025_213;ESR_Wang2024_089;ESR_Wu2025_042;ESR_Zhang2025_115;ESR_Zhang2025_178;ESR_Zheng2025_207;ESR_Zhou2026_127;Gahlot2025_DigitalShadow;Han2024_HierarchicalMCMC;Jiang2024_DSIHistoryMatching;Leong2024_SeisCO2Net;Lin2020_PressureLeakage;Lu2022_BayesianOptimization;Lu2025_GISMLSite;Mo2018_EncoderDecoderUQ;Nassabeh2024_OffshoreSite;Seabra2024_AIEnhancedDA;Shokouhi2021_PhysicsInformedSite;TARGET_DRLGeoRisk2026_214483;TARGET_JointInversion2023_2022JB025372;Tang2022_DLDataAssimilationForecasting;Tang2024_GNNFaulted;Teng2024_LikelihoodFreeDA;VoThanh2026_DigitalTwinGNN;Wang2025_4DHistoryMatching;Wen2021_CCSNet;Wen2021_PlumeDNN;Wen2022_UFNO;Wen2023_NestedFNO;Witte2023_WNO;Yan2021_RobustDLWorkflow;Yin2022_XAILeakage;Zhang2021_LearningInversionFreeForecast;Zhong2019_PressureAnomaly
IJGGC-V2-WP8-R2-FULL-57-PAPER-REVIEW-2026-07-30,full_57_paper_independent_review_with_author_adjudication,cross_cutting_records,with_cross_cutting,score_ge3::field_evidence_score,57,8,56,1,0.143,0.140,0.074,0.257,Arafath2025_MalayBasinML;ESR_Vishal2025_213;ESR_Wang2024_089;ESR_Zhang2025_178;Leong2024_SeisCO2Net;Lin2020_PressureLeakage;Lu2025_GISMLSite;Zhong2019_PressureAnomaly,Arafath2025_MalayBasinML;Attanasi2025_ResourceML;Baek2023_WellboreLeakage;Crain2023_MonitoringHistory;Diplas2026_DOEInjection;ESR_Chan2024_124;ESR_Chen2024_119;ESR_Falola2024_123;ESR_Hassani2024_118;ESR_Kadeethum2024_128;ESR_Kanakaki2025_045;ESR_Lozano2025_215;ESR_Meng2025_211;ESR_Nunez2023_166;ESR_Park2025_223;ESR_Pawar2023_168;ESR_RefNone_173;ESR_Tang2022_226;ESR_Tang2024_135;ESR_Tariq2023_174;ESR_Um2024_091;ESR_Um2024_104;ESR_Vishal2025_213;ESR_Wang2024_089;ESR_Wu2025_042;ESR_Zhang2025_115;ESR_Zhang2025_178;ESR_Zheng2025_207;ESR_Zhou2026_127;Gahlot2025_DigitalShadow;Han2024_HierarchicalMCMC;Jiang2024_DSIHistoryMatching;Leong2024_SeisCO2Net;Lin2020_PressureLeakage;Lu2022_BayesianOptimization;Lu2025_GISMLSite;Mo2018_EncoderDecoderUQ;Nassabeh2024_OffshoreSite;Seabra2024_AIEnhancedDA;Shokouhi2021_PhysicsInformedSite;TARGET_DRLGeoRisk2026_214483;TARGET_JointInversion2023_2022JB025372;Tang2022_DLDataAssimilationForecasting;Tang2024_GNNFaulted;Teng2024_LikelihoodFreeDA;VoThanh2026_DigitalTwinGNN;Wang2025_4DHistoryMatching;Wen2021_CCSNet;Wen2021_PlumeDNN;Wen2022_UFNO;Wen2023_NestedFNO;Witte2023_WNO;Yan2021_RobustDLWorkflow;Yin2022_XAILeakage;Zhang2021_LearningInversionFreeForecast;Zhong2019_PressureAnomaly
IJGGC-V2-WP8-R2-FULL-57-PAPER-REVIEW-2026-07-30,full_57_paper_independent_review_with_author_adjudication,cross_cutting_records,with_cross_cutting,score_ge3::physical_consistency_score,57,42,57,0,0.737,0.737,0.610,0.834,Baek2023_WellboreLeakage;Crain2023_MonitoringHistory;Diplas2026_DOEInjection;ESR_Chan2024_124;ESR_Chen2024_119;ESR_Falola2024_123;ESR_Kanakaki2025_045;ESR_Lozano2025_215;ESR_Meng2025_211;ESR_Nunez2023_166;ESR_Park2025_223;ESR_Tang2022_226;ESR_Tang2024_135;ESR_Tariq2023_174;ESR_Um2024_091;ESR_Um2024_104;ESR_Zhang2025_115;ESR_Zhang2025_178;ESR_Zheng2025_207;ESR_Zhou2026_127;Gahlot2025_DigitalShadow;Han2024_HierarchicalMCMC;Jiang2024_DSIHistoryMatching;Leong2024_SeisCO2Net;Lu2022_BayesianOptimization;Mo2018_EncoderDecoderUQ;Seabra2024_AIEnhancedDA;Shokouhi2021_PhysicsInformedSite;TARGET_DRLGeoRisk2026_214483;TARGET_JointInversion2023_2022JB025372;Tang2022_DLDataAssimilationForecasting;Tang2024_GNNFaulted;Teng2024_LikelihoodFreeDA;VoThanh2026_DigitalTwinGNN;Wang2025_4DHistoryMatching;Wen2021_CCSNet;Wen2021_PlumeDNN;Wen2022_UFNO;Wen2023_NestedFNO;Witte2023_WNO;Yan2021_RobustDLWorkflow;Yin2022_XAILeakage,Arafath2025_MalayBasinML;Attanasi2025_ResourceML;Baek2023_WellboreLeakage;Crain2023_MonitoringHistory;Diplas2026_DOEInjection;ESR_Chan2024_124;ESR_Chen2024_119;ESR_Falola2024_123;ESR_Hassani2024_118;ESR_Kadeethum2024_128;ESR_Kanakaki2025_045;ESR_Liu2025_121;ESR_Lozano2025_215;ESR_Meng2025_211;ESR_Nunez2023_166;ESR_Park2025_223;ESR_Pawar2023_168;ESR_RefNone_173;ESR_Tang2022_226;ESR_Tang2024_135;ESR_Tariq2023_174;ESR_Um2024_091;ESR_Um2024_104;ESR_Vishal2025_213;ESR_Wang2024_089;ESR_Wu2025_042;ESR_Zhang2025_115;ESR_Zhang2025_178;ESR_Zheng2025_207;ESR_Zhou2026_127;Gahlot2025_DigitalShadow;Han2024_HierarchicalMCMC;Jiang2024_DSIHistoryMatching;Leong2024_SeisCO2Net;Lin2020_PressureLeakage;Lu2022_BayesianOptimization;Lu2025_GISMLSite;Mo2018_EncoderDecoderUQ;Nassabeh2024_OffshoreSite;Seabra2024_AIEnhancedDA;Shokouhi2021_PhysicsInformedSite;TARGET_DRLGeoRisk2026_214483;TARGET_JointInversion2023_2022JB025372;Tang2022_DLDataAssimilationForecasting;Tang2024_GNNFaulted;Teng2024_LikelihoodFreeDA;VoThanh2026_DigitalTwinGNN;Wang2025_4DHistoryMatching;Wen2021_CCSNet;Wen2021_PlumeDNN;Wen2022_UFNO;Wen2023_NestedFNO;Witte2023_WNO;Yan2021_RobustDLWorkflow;Yin2022_XAILeakage;Zhang2021_LearningInversionFreeForecast;Zhong2019_PressureAnomaly
IJGGC-V2-WP8-R2-FULL-57-PAPER-REVIEW-2026-07-30,full_57_paper_independent_review_with_author_adjudication,cross_cutting_records,with_cross_cutting,score_ge3::uncertainty_score,57,14,56,1,0.250,0.246,0.155,0.377,Crain2023_MonitoringHistory;ESR_Lozano2025_215;ESR_Tang2022_226;Gahlot2025_DigitalShadow;Han2024_HierarchicalMCMC;Jiang2024_DSIHistoryMatching;Mo2018_EncoderDecoderUQ;Seabra2024_AIEnhancedDA;Tang2022_DLDataAssimilationForecasting;Teng2024_LikelihoodFreeDA;VoThanh2026_DigitalTwinGNN;Wang2025_4DHistoryMatching;Zhang2021_LearningInversionFreeForecast;Zhong2019_PressureAnomaly,Arafath2025_MalayBasinML;Attanasi2025_ResourceML;Baek2023_WellboreLeakage;Crain2023_MonitoringHistory;Diplas2026_DOEInjection;ESR_Chan2024_124;ESR_Chen2024_119;ESR_Falola2024_123;ESR_Hassani2024_118;ESR_Kadeethum2024_128;ESR_Kanakaki2025_045;ESR_Lozano2025_215;ESR_Meng2025_211;ESR_Nunez2023_166;ESR_Park2025_223;ESR_Pawar2023_168;ESR_RefNone_173;ESR_Tang2022_226;ESR_Tang2024_135;ESR_Tariq2023_174;ESR_Um2024_091;ESR_Um2024_104;ESR_Vishal2025_213;ESR_Wang2024_089;ESR_Wu2025_042;ESR_Zhang2025_115;ESR_Zhang2025_178;ESR_Zheng2025_207;ESR_Zhou2026_127;Gahlot2025_DigitalShadow;Han2024_HierarchicalMCMC;Jiang2024_DSIHistoryMatching;Leong2024_SeisCO2Net;Lin2020_PressureLeakage;Lu2022_BayesianOptimization;Lu2025_GISMLSite;Mo2018_EncoderDecoderUQ;Nassabeh2024_OffshoreSite;Seabra2024_AIEnhancedDA;Shokouhi2021_PhysicsInformedSite;TARGET_DRLGeoRisk2026_214483;TARGET_JointInversion2023_2022JB025372;Tang2022_DLDataAssimilationForecasting;Tang2024_GNNFaulted;Teng2024_LikelihoodFreeDA;VoThanh2026_DigitalTwinGNN;Wang2025_4DHistoryMatching;Wen2021_CCSNet;Wen2021_PlumeDNN;Wen2022_UFNO;Wen2023_NestedFNO;Witte2023_WNO;Yan2021_RobustDLWorkflow;Yin2022_XAILeakage;Zhang2021_LearningInversionFreeForecast;Zhong2019_PressureAnomaly
IJGGC-V2-WP8-R2-FULL-57-PAPER-REVIEW-2026-07-30,full_57_paper_independent_review_with_author_adjudication,cross_cutting_records,with_cross_cutting,score_ge3::transferability_score,57,7,56,1,0.125,0.123,0.062,0.236,ESR_Wu2025_042;ESR_Zhang2025_115;Seabra2024_AIEnhancedDA;Tang2022_DLDataAssimilationForecasting;Tang2024_GNNFaulted;VoThanh2026_DigitalTwinGNN;Wen2021_PlumeDNN,Arafath2025_MalayBasinML;Attanasi2025_ResourceML;Baek2023_WellboreLeakage;Crain2023_MonitoringHistory;Diplas2026_DOEInjection;ESR_Chan2024_124;ESR_Chen2024_119;ESR_Falola2024_123;ESR_Hassani2024_118;ESR_Kadeethum2024_128;ESR_Kanakaki2025_045;ESR_Lozano2025_215;ESR_Meng2025_211;ESR_Nunez2023_166;ESR_Park2025_223;ESR_Pawar2023_168;ESR_RefNone_173;ESR_Tang2022_226;ESR_Tang2024_135;ESR_Tariq2023_174;ESR_Um2024_091;ESR_Um2024_104;ESR_Vishal2025_213;ESR_Wang2024_089;ESR_Wu2025_042;ESR_Zhang2025_115;ESR_Zhang2025_178;ESR_Zheng2025_207;ESR_Zhou2026_127;Gahlot2025_DigitalShadow;Han2024_HierarchicalMCMC;Jiang2024_DSIHistoryMatching;Leong2024_SeisCO2Net;Lin2020_PressureLeakage;Lu2022_BayesianOptimization;Lu2025_GISMLSite;Mo2018_EncoderDecoderUQ;Nassabeh2024_OffshoreSite;Seabra2024_AIEnhancedDA;Shokouhi2021_PhysicsInformedSite;TARGET_DRLGeoRisk2026_214483;TARGET_JointInversion2023_2022JB025372;Tang2022_DLDataAssimilationForecasting;Tang2024_GNNFaulted;Teng2024_LikelihoodFreeDA;VoThanh2026_DigitalTwinGNN;Wang2025_4DHistoryMatching;Wen2021_CCSNet;Wen2021_PlumeDNN;Wen2022_UFNO;Wen2023_NestedFNO;Witte2023_WNO;Yan2021_RobustDLWorkflow;Yin2022_XAILeakage;Zhang2021_LearningInversionFreeForecast;Zhong2019_PressureAnomaly
IJGGC-V2-WP8-R2-FULL-57-PAPER-REVIEW-2026-07-30,full_57_paper_independent_review_with_author_adjudication,cross_cutting_records,with_cross_cutting,score_ge3::decision_readiness_score,57,11,57,0,0.193,0.193,0.111,0.313,Baek2023_WellboreLeakage;Crain2023_MonitoringHistory;Diplas2026_DOEInjection;ESR_Tang2022_226;Leong2024_SeisCO2Net;Lin2020_PressureLeakage;Lu2022_BayesianOptimization;TARGET_DRLGeoRisk2026_214483;Wang2025_4DHistoryMatching;Wen2023_NestedFNO;Zhong2019_PressureAnomaly,Arafath2025_MalayBasinML;Attanasi2025_ResourceML;Baek2023_WellboreLeakage;Crain2023_MonitoringHistory;Diplas2026_DOEInjection;ESR_Chan2024_124;ESR_Chen2024_119;ESR_Falola2024_123;ESR_Hassani2024_118;ESR_Kadeethum2024_128;ESR_Kanakaki2025_045;ESR_Liu2025_121;ESR_Lozano2025_215;ESR_Meng2025_211;ESR_Nunez2023_166;ESR_Park2025_223;ESR_Pawar2023_168;ESR_RefNone_173;ESR_Tang2022_226;ESR_Tang2024_135;ESR_Tariq2023_174;ESR_Um2024_091;ESR_Um2024_104;ESR_Vishal2025_213;ESR_Wang2024_089;ESR_Wu2025_042;ESR_Zhang2025_115;ESR_Zhang2025_178;ESR_Zheng2025_207;ESR_Zhou2026_127;Gahlot2025_DigitalShadow;Han2024_HierarchicalMCMC;Jiang2024_DSIHistoryMatching;Leong2024_SeisCO2Net;Lin2020_PressureLeakage;Lu2022_BayesianOptimization;Lu2025_GISMLSite;Mo2018_EncoderDecoderUQ;Nassabeh2024_OffshoreSite;Seabra2024_AIEnhancedDA;Shokouhi2021_PhysicsInformedSite;TARGET_DRLGeoRisk2026_214483;TARGET_JointInversion2023_2022JB025372;Tang2022_DLDataAssimilationForecasting;Tang2024_GNNFaulted;Teng2024_LikelihoodFreeDA;VoThanh2026_DigitalTwinGNN;Wang2025_4DHistoryMatching;Wen2021_CCSNet;Wen2021_PlumeDNN;Wen2022_UFNO;Wen2023_NestedFNO;Witte2023_WNO;Yan2021_RobustDLWorkflow;Yin2022_XAILeakage;Zhang2021_LearningInversionFreeForecast;Zhong2019_PressureAnomaly
IJGGC-V2-WP8-R2-FULL-57-PAPER-REVIEW-2026-07-30,full_57_paper_independent_review_with_author_adjudication,cross_cutting_records,with_cross_cutting,direct_field_validation,57,8,56,1,0.143,0.140,0.074,0.257,Arafath2025_MalayBasinML;ESR_Vishal2025_213;ESR_Wang2024_089;ESR_Zhang2025_178;Leong2024_SeisCO2Net;Lin2020_PressureLeakage;Lu2025_GISMLSite;Zhong2019_PressureAnomaly,Arafath2025_MalayBasinML;Attanasi2025_ResourceML;Baek2023_WellboreLeakage;Crain2023_MonitoringHistory;Diplas2026_DOEInjection;ESR_Chan2024_124;ESR_Chen2024_119;ESR_Falola2024_123;ESR_Hassani2024_118;ESR_Kadeethum2024_128;ESR_Kanakaki2025_045;ESR_Lozano2025_215;ESR_Meng2025_211;ESR_Nunez2023_166;ESR_Park2025_223;ESR_Pawar2023_168;ESR_RefNone_173;ESR_Tang2022_226;ESR_Tang2024_135;ESR_Tariq2023_174;ESR_Um2024_091;ESR_Um2024_104;ESR_Vishal2025_213;ESR_Wang2024_089;ESR_Wu2025_042;ESR_Zhang2025_115;ESR_Zhang2025_178;ESR_Zheng2025_207;ESR_Zhou2026_127;Gahlot2025_DigitalShadow;Han2024_HierarchicalMCMC;Jiang2024_DSIHistoryMatching;Leong2024_SeisCO2Net;Lin2020_PressureLeakage;Lu2022_BayesianOptimization;Lu2025_GISMLSite;Mo2018_EncoderDecoderUQ;Nassabeh2024_OffshoreSite;Seabra2024_AIEnhancedDA;Shokouhi2021_PhysicsInformedSite;TARGET_DRLGeoRisk2026_214483;TARGET_JointInversion2023_2022JB025372;Tang2022_DLDataAssimilationForecasting;Tang2024_GNNFaulted;Teng2024_LikelihoodFreeDA;VoThanh2026_DigitalTwinGNN;Wang2025_4DHistoryMatching;Wen2021_CCSNet;Wen2021_PlumeDNN;Wen2022_UFNO;Wen2023_NestedFNO;Witte2023_WNO;Yan2021_RobustDLWorkflow;Yin2022_XAILeakage;Zhang2021_LearningInversionFreeForecast;Zhong2019_PressureAnomaly
IJGGC-V2-WP8-R2-FULL-57-PAPER-REVIEW-2026-07-30,full_57_paper_independent_review_with_author_adjudication,cross_cutting_records,with_cross_cutting,controlled_release_ml_validation,57,5,56,1,0.089,0.088,0.039,0.193,ESR_Wang2024_089;ESR_Zhang2025_178;Leong2024_SeisCO2Net;Lin2020_PressureLeakage;Zhong2019_PressureAnomaly,Arafath2025_MalayBasinML;Attanasi2025_ResourceML;Baek2023_WellboreLeakage;Crain2023_MonitoringHistory;Diplas2026_DOEInjection;ESR_Chan2024_124;ESR_Chen2024_119;ESR_Falola2024_123;ESR_Hassani2024_118;ESR_Kadeethum2024_128;ESR_Kanakaki2025_045;ESR_Lozano2025_215;ESR_Meng2025_211;ESR_Nunez2023_166;ESR_Park2025_223;ESR_Pawar2023_168;ESR_RefNone_173;ESR_Tang2022_226;ESR_Tang2024_135;ESR_Tariq2023_174;ESR_Um2024_091;ESR_Um2024_104;ESR_Vishal2025_213;ESR_Wang2024_089;ESR_Wu2025_042;ESR_Zhang2025_115;ESR_Zhang2025_178;ESR_Zheng2025_207;ESR_Zhou2026_127;Gahlot2025_DigitalShadow;Han2024_HierarchicalMCMC;Jiang2024_DSIHistoryMatching;Leong2024_SeisCO2Net;Lin2020_PressureLeakage;Lu2022_BayesianOptimization;Lu2025_GISMLSite;Mo2018_EncoderDecoderUQ;Nassabeh2024_OffshoreSite;Seabra2024_AIEnhancedDA;Shokouhi2021_PhysicsInformedSite;TARGET_DRLGeoRisk2026_214483;TARGET_JointInversion2023_2022JB025372;Tang2022_DLDataAssimilationForecasting;Tang2024_GNNFaulted;Teng2024_LikelihoodFreeDA;VoThanh2026_DigitalTwinGNN;Wang2025_4DHistoryMatching;Wen2021_CCSNet;Wen2021_PlumeDNN;Wen2022_UFNO;Wen2023_NestedFNO;Witte2023_WNO;Yan2021_RobustDLWorkflow;Yin2022_XAILeakage;Zhang2021_LearningInversionFreeForecast;Zhong2019_PressureAnomaly
IJGGC-V2-WP8-R2-FULL-57-PAPER-REVIEW-2026-07-30,full_57_paper_independent_review_with_author_adjudication,cross_cutting_records,with_cross_cutting,explicit_ood_testing,57,14,54,3,0.259,0.246,0.161,0.389,ESR_Chan2024_124;ESR_Hassani2024_118;ESR_Tang2022_226;ESR_Wu2025_042;ESR_Zhang2025_115;Leong2024_SeisCO2Net;Lin2020_PressureLeakage;Seabra2024_AIEnhancedDA;Tang2022_DLDataAssimilationForecasting;Tang2024_GNNFaulted;VoThanh2026_DigitalTwinGNN;Wen2021_PlumeDNN;Wen2022_UFNO;Zhong2019_PressureAnomaly,Arafath2025_MalayBasinML;Attanasi2025_ResourceML;Baek2023_WellboreLeakage;Crain2023_MonitoringHistory;Diplas2026_DOEInjection;ESR_Chan2024_124;ESR_Chen2024_119;ESR_Falola2024_123;ESR_Hassani2024_118;ESR_Kadeethum2024_128;ESR_Kanakaki2025_045;ESR_Lozano2025_215;ESR_Meng2025_211;ESR_Nunez2023_166;ESR_Park2025_223;ESR_Pawar2023_168;ESR_RefNone_173;ESR_Tang2022_226;ESR_Tang2024_135;ESR_Tariq2023_174;ESR_Um2024_091;ESR_Um2024_104;ESR_Wang2024_089;ESR_Wu2025_042;ESR_Zhang2025_115;ESR_Zhang2025_178;ESR_Zheng2025_207;ESR_Zhou2026_127;Gahlot2025_DigitalShadow;Han2024_HierarchicalMCMC;Jiang2024_DSIHistoryMatching;Leong2024_SeisCO2Net;Lin2020_PressureLeakage;Lu2022_BayesianOptimization;Lu2025_GISMLSite;Mo2018_EncoderDecoderUQ;Nassabeh2024_OffshoreSite;Seabra2024_AIEnhancedDA;TARGET_DRLGeoRisk2026_214483;TARGET_JointInversion2023_2022JB025372;Tang2022_DLDataAssimilationForecasting;Tang2024_GNNFaulted;Teng2024_LikelihoodFreeDA;VoThanh2026_DigitalTwinGNN;Wang2025_4DHistoryMatching;Wen2021_CCSNet;Wen2021_PlumeDNN;Wen2022_UFNO;Wen2023_NestedFNO;Witte2023_WNO;Yan2021_RobustDLWorkflow;Yin2022_XAILeakage;Zhang2021_LearningInversionFreeForecast;Zhong2019_PressureAnomaly
IJGGC-V2-WP8-R2-FULL-57-PAPER-REVIEW-2026-07-30,full_57_paper_independent_review_with_author_adjudication,cross_cutting_records,with_cross_cutting,explicit_cross_site_testing,57,1,55,2,0.018,0.018,0.003,0.096,ESR_Wu2025_042,Arafath2025_MalayBasinML;Attanasi2025_ResourceML;Baek2023_WellboreLeakage;Crain2023_MonitoringHistory;Diplas2026_DOEInjection;ESR_Chan2024_124;ESR_Chen2024_119;ESR_Falola2024_123;ESR_Hassani2024_118;ESR_Kadeethum2024_128;ESR_Kanakaki2025_045;ESR_Lozano2025_215;ESR_Meng2025_211;ESR_Nunez2023_166;ESR_Park2025_223;ESR_Pawar2023_168;ESR_RefNone_173;ESR_Tang2022_226;ESR_Tang2024_135;ESR_Tariq2023_174;ESR_Um2024_091;ESR_Um2024_104;ESR_Wang2024_089;ESR_Wu2025_042;ESR_Zhang2025_115;ESR_Zhang2025_178;ESR_Zheng2025_207;ESR_Zhou2026_127;Gahlot2025_DigitalShadow;Han2024_HierarchicalMCMC;Jiang2024_DSIHistoryMatching;Leong2024_SeisCO2Net;Lin2020_PressureLeakage;Lu2022_BayesianOptimization;Lu2025_GISMLSite;Mo2018_EncoderDecoderUQ;Nassabeh2024_OffshoreSite;Seabra2024_AIEnhancedDA;Shokouhi2021_PhysicsInformedSite;TARGET_DRLGeoRisk2026_214483;TARGET_JointInversion2023_2022JB025372;Tang2022_DLDataAssimilationForecasting;Tang2024_GNNFaulted;Teng2024_LikelihoodFreeDA;VoThanh2026_DigitalTwinGNN;Wang2025_4DHistoryMatching;Wen2021_CCSNet;Wen2021_PlumeDNN;Wen2022_UFNO;Wen2023_NestedFNO;Witte2023_WNO;Yan2021_RobustDLWorkflow;Yin2022_XAILeakage;Zhang2021_LearningInversionFreeForecast;Zhong2019_PressureAnomaly
IJGGC-V2-WP8-R2-FULL-57-PAPER-REVIEW-2026-07-30,full_57_paper_independent_review_with_author_adjudication,cross_cutting_records,with_cross_cutting,uncertainty_calibration_or_posterior_check,57,13,46,11,0.283,0.228,0.173,0.425,Crain2023_MonitoringHistory;ESR_Lozano2025_215;ESR_Tang2022_226;Gahlot2025_DigitalShadow;Han2024_HierarchicalMCMC;Jiang2024_DSIHistoryMatching;Mo2018_EncoderDecoderUQ;Seabra2024_AIEnhancedDA;Tang2022_DLDataAssimilationForecasting;Teng2024_LikelihoodFreeDA;VoThanh2026_DigitalTwinGNN;Wang2025_4DHistoryMatching;Zhang2021_LearningInversionFreeForecast,Arafath2025_MalayBasinML;Attanasi2025_ResourceML;Crain2023_MonitoringHistory;Diplas2026_DOEInjection;ESR_Chan2024_124;ESR_Chen2024_119;ESR_Falola2024_123;ESR_Hassani2024_118;ESR_Kadeethum2024_128;ESR_Kanakaki2025_045;ESR_Lozano2025_215;ESR_Meng2025_211;ESR_Nunez2023_166;ESR_Park2025_223;ESR_Pawar2023_168;ESR_RefNone_173;ESR_Tang2022_226;ESR_Tang2024_135;ESR_Tariq2023_174;ESR_Um2024_091;ESR_Um2024_104;ESR_Wang2024_089;ESR_Zhang2025_115;ESR_Zhang2025_178;ESR_Zheng2025_207;ESR_Zhou2026_127;Gahlot2025_DigitalShadow;Han2024_HierarchicalMCMC;Jiang2024_DSIHistoryMatching;Lu2022_BayesianOptimization;Lu2025_GISMLSite;Mo2018_EncoderDecoderUQ;Nassabeh2024_OffshoreSite;Seabra2024_AIEnhancedDA;Shokouhi2021_PhysicsInformedSite;Tang2022_DLDataAssimilationForecasting;Tang2024_GNNFaulted;Teng2024_LikelihoodFreeDA;VoThanh2026_DigitalTwinGNN;Wang2025_4DHistoryMatching;Wen2021_PlumeDNN;Wen2022_UFNO;Witte2023_WNO;Yan2021_RobustDLWorkflow;Yin2022_XAILeakage;Zhang2021_LearningInversionFreeForecast
IJGGC-V2-WP8-R2-FULL-57-PAPER-REVIEW-2026-07-30,full_57_paper_independent_review_with_author_adjudication,cross_cutting_records,with_cross_cutting,surrogate_error_propagation,57,4,20,37,0.200,0.070,0.081,0.416,Diplas2026_DOEInjection;Han2024_HierarchicalMCMC;Lu2022_BayesianOptimization;Wang2025_4DHistoryMatching,Attanasi2025_ResourceML;Baek2023_WellboreLeakage;Diplas2026_DOEInjection;ESR_Chan2024_124;ESR_Chen2024_119;ESR_Lozano2025_215;ESR_Meng2025_211;ESR_Tang2022_226;ESR_Wu2025_042;ESR_Zheng2025_207;Han2024_HierarchicalMCMC;Lu2022_BayesianOptimization;Mo2018_EncoderDecoderUQ;Seabra2024_AIEnhancedDA;TARGET_DRLGeoRisk2026_214483;Tang2022_DLDataAssimilationForecasting;Teng2024_LikelihoodFreeDA;Wang2025_4DHistoryMatching;Wen2021_CCSNet;Wen2023_NestedFNO
IJGGC-V2-WP8-R2-FULL-57-PAPER-REVIEW-2026-07-30,full_57_paper_independent_review_with_author_adjudication,cross_cutting_records,with_cross_cutting,any_physical_diagnostic_checked,57,23,42,15,0.548,0.404,0.399,0.688,Baek2023_WellboreLeakage;Crain2023_MonitoringHistory;Diplas2026_DOEInjection;ESR_Chan2024_124;ESR_Kanakaki2025_045;ESR_Tang2022_226;ESR_Tang2024_135;ESR_Um2024_091;ESR_Zheng2025_207;Han2024_HierarchicalMCMC;Jiang2024_DSIHistoryMatching;Leong2024_SeisCO2Net;Mo2018_EncoderDecoderUQ;TARGET_DRLGeoRisk2026_214483;Tang2024_GNNFaulted;VoThanh2026_DigitalTwinGNN;Wen2021_CCSNet;Wen2021_PlumeDNN;Wen2022_UFNO;Wen2023_NestedFNO;Yan2021_RobustDLWorkflow;Yin2022_XAILeakage;Zhong2019_PressureAnomaly,Arafath2025_MalayBasinML;Attanasi2025_ResourceML;Baek2023_WellboreLeakage;Crain2023_MonitoringHistory;Diplas2026_DOEInjection;ESR_Chan2024_124;ESR_Chen2024_119;ESR_Hassani2024_118;ESR_Kanakaki2025_045;ESR_Meng2025_211;ESR_RefNone_173;ESR_Tang2022_226;ESR_Tang2024_135;ESR_Um2024_091;ESR_Um2024_104;ESR_Wang2024_089;ESR_Zheng2025_207;ESR_Zhou2026_127;Gahlot2025_DigitalShadow;Han2024_HierarchicalMCMC;Jiang2024_DSIHistoryMatching;Leong2024_SeisCO2Net;Lin2020_PressureLeakage;Lu2022_BayesianOptimization;Lu2025_GISMLSite;Mo2018_EncoderDecoderUQ;Nassabeh2024_OffshoreSite;TARGET_DRLGeoRisk2026_214483;TARGET_JointInversion2023_2022JB025372;Tang2022_DLDataAssimilationForecasting;Tang2024_GNNFaulted;Teng2024_LikelihoodFreeDA;VoThanh2026_DigitalTwinGNN;Wang2025_4DHistoryMatching;Wen2021_CCSNet;Wen2021_PlumeDNN;Wen2022_UFNO;Wen2023_NestedFNO;Yan2021_RobustDLWorkflow;Yin2022_XAILeakage;Zhang2021_LearningInversionFreeForecast;Zhong2019_PressureAnomaly
IJGGC-V2-WP8-R2-FULL-57-PAPER-REVIEW-2026-07-30,full_57_paper_independent_review_with_author_adjudication,cross_cutting_records,with_cross_cutting,red_zone_recode_criticality,57,0,0,57,,0.000,,,,
IJGGC-V2-WP8-R2-FULL-57-PAPER-REVIEW-2026-07-30,full_57_paper_independent_review_with_author_adjudication,cross_cutting_records,without_cross_cutting,synthetic_led_evidence,56,43,54,2,0.796,0.768,0.671,0.882,Baek2023_WellboreLeakage;Crain2023_MonitoringHistory;Diplas2026_DOEInjection;ESR_Chan2024_124;ESR_Chen2024_119;ESR_Falola2024_123;ESR_Hassani2024_118;ESR_Kadeethum2024_128;ESR_Liu2025_121;ESR_Lozano2025_215;ESR_Nunez2023_166;ESR_Park2025_223;ESR_Pawar2023_168;ESR_Tang2024_135;ESR_Tariq2023_174;ESR_Wu2025_042;ESR_Zhang2025_115;ESR_Zheng2025_207;ESR_Zhou2026_127;Gahlot2025_DigitalShadow;Han2024_HierarchicalMCMC;Jiang2024_DSIHistoryMatching;Lin2020_PressureLeakage;Lu2022_BayesianOptimization;Mo2018_EncoderDecoderUQ;Seabra2024_AIEnhancedDA;Shokouhi2021_PhysicsInformedSite;TARGET_DRLGeoRisk2026_214483;TARGET_JointInversion2023_2022JB025372;Tang2022_DLDataAssimilationForecasting;Tang2024_GNNFaulted;Teng2024_LikelihoodFreeDA;VoThanh2026_DigitalTwinGNN;Wang2025_4DHistoryMatching;Wen2021_CCSNet;Wen2021_PlumeDNN;Wen2022_UFNO;Wen2023_NestedFNO;Witte2023_WNO;Yan2021_RobustDLWorkflow;Yin2022_XAILeakage;Zhang2021_LearningInversionFreeForecast;Zhong2019_PressureAnomaly,Arafath2025_MalayBasinML;Attanasi2025_ResourceML;Baek2023_WellboreLeakage;Crain2023_MonitoringHistory;Diplas2026_DOEInjection;ESR_Chan2024_124;ESR_Chen2024_119;ESR_Falola2024_123;ESR_Hassani2024_118;ESR_Kadeethum2024_128;ESR_Liu2025_121;ESR_Lozano2025_215;ESR_Nunez2023_166;ESR_Park2025_223;ESR_Pawar2023_168;ESR_RefNone_173;ESR_Tang2022_226;ESR_Tang2024_135;ESR_Tariq2023_174;ESR_Um2024_091;ESR_Vishal2025_213;ESR_Wang2024_089;ESR_Wu2025_042;ESR_Zhang2025_115;ESR_Zhang2025_178;ESR_Zheng2025_207;ESR_Zhou2026_127;Gahlot2025_DigitalShadow;Han2024_HierarchicalMCMC;Jiang2024_DSIHistoryMatching;Leong2024_SeisCO2Net;Lin2020_PressureLeakage;Lu2022_BayesianOptimization;Lu2025_GISMLSite;Mo2018_EncoderDecoderUQ;Nassabeh2024_OffshoreSite;Seabra2024_AIEnhancedDA;Shokouhi2021_PhysicsInformedSite;TARGET_DRLGeoRisk2026_214483;TARGET_JointInversion2023_2022JB025372;Tang2022_DLDataAssimilationForecasting;Tang2024_GNNFaulted;Teng2024_LikelihoodFreeDA;VoThanh2026_DigitalTwinGNN;Wang2025_4DHistoryMatching;Wen2021_CCSNet;Wen2021_PlumeDNN;Wen2022_UFNO;Wen2023_NestedFNO;Witte2023_WNO;Yan2021_RobustDLWorkflow;Yin2022_XAILeakage;Zhang2021_LearningInversionFreeForecast;Zhong2019_PressureAnomaly
IJGGC-V2-WP8-R2-FULL-57-PAPER-REVIEW-2026-07-30,full_57_paper_independent_review_with_author_adjudication,cross_cutting_records,without_cross_cutting,score_ge3::field_evidence_score,56,8,55,1,0.145,0.143,0.076,0.262,Arafath2025_MalayBasinML;ESR_Vishal2025_213;ESR_Wang2024_089;ESR_Zhang2025_178;Leong2024_SeisCO2Net;Lin2020_PressureLeakage;Lu2025_GISMLSite;Zhong2019_PressureAnomaly,Arafath2025_MalayBasinML;Attanasi2025_ResourceML;Baek2023_WellboreLeakage;Crain2023_MonitoringHistory;Diplas2026_DOEInjection;ESR_Chan2024_124;ESR_Chen2024_119;ESR_Falola2024_123;ESR_Hassani2024_118;ESR_Kadeethum2024_128;ESR_Lozano2025_215;ESR_Meng2025_211;ESR_Nunez2023_166;ESR_Park2025_223;ESR_Pawar2023_168;ESR_RefNone_173;ESR_Tang2022_226;ESR_Tang2024_135;ESR_Tariq2023_174;ESR_Um2024_091;ESR_Um2024_104;ESR_Vishal2025_213;ESR_Wang2024_089;ESR_Wu2025_042;ESR_Zhang2025_115;ESR_Zhang2025_178;ESR_Zheng2025_207;ESR_Zhou2026_127;Gahlot2025_DigitalShadow;Han2024_HierarchicalMCMC;Jiang2024_DSIHistoryMatching;Leong2024_SeisCO2Net;Lin2020_PressureLeakage;Lu2022_BayesianOptimization;Lu2025_GISMLSite;Mo2018_EncoderDecoderUQ;Nassabeh2024_OffshoreSite;Seabra2024_AIEnhancedDA;Shokouhi2021_PhysicsInformedSite;TARGET_DRLGeoRisk2026_214483;TARGET_JointInversion2023_2022JB025372;Tang2022_DLDataAssimilationForecasting;Tang2024_GNNFaulted;Teng2024_LikelihoodFreeDA;VoThanh2026_DigitalTwinGNN;Wang2025_4DHistoryMatching;Wen2021_CCSNet;Wen2021_PlumeDNN;Wen2022_UFNO;Wen2023_NestedFNO;Witte2023_WNO;Yan2021_RobustDLWorkflow;Yin2022_XAILeakage;Zhang2021_LearningInversionFreeForecast;Zhong2019_PressureAnomaly
IJGGC-V2-WP8-R2-FULL-57-PAPER-REVIEW-2026-07-30,full_57_paper_independent_review_with_author_adjudication,cross_cutting_records,without_cross_cutting,score_ge3::physical_consistency_score,56,41,56,0,0.732,0.732,0.604,0.830,Baek2023_WellboreLeakage;Crain2023_MonitoringHistory;Diplas2026_DOEInjection;ESR_Chan2024_124;ESR_Chen2024_119;ESR_Falola2024_123;ESR_Lozano2025_215;ESR_Meng2025_211;ESR_Nunez2023_166;ESR_Park2025_223;ESR_Tang2022_226;ESR_Tang2024_135;ESR_Tariq2023_174;ESR_Um2024_091;ESR_Um2024_104;ESR_Zhang2025_115;ESR_Zhang2025_178;ESR_Zheng2025_207;ESR_Zhou2026_127;Gahlot2025_DigitalShadow;Han2024_HierarchicalMCMC;Jiang2024_DSIHistoryMatching;Leong2024_SeisCO2Net;Lu2022_BayesianOptimization;Mo2018_EncoderDecoderUQ;Seabra2024_AIEnhancedDA;Shokouhi2021_PhysicsInformedSite;TARGET_DRLGeoRisk2026_214483;TARGET_JointInversion2023_2022JB025372;Tang2022_DLDataAssimilationForecasting;Tang2024_GNNFaulted;Teng2024_LikelihoodFreeDA;VoThanh2026_DigitalTwinGNN;Wang2025_4DHistoryMatching;Wen2021_CCSNet;Wen2021_PlumeDNN;Wen2022_UFNO;Wen2023_NestedFNO;Witte2023_WNO;Yan2021_RobustDLWorkflow;Yin2022_XAILeakage,Arafath2025_MalayBasinML;Attanasi2025_ResourceML;Baek2023_WellboreLeakage;Crain2023_MonitoringHistory;Diplas2026_DOEInjection;ESR_Chan2024_124;ESR_Chen2024_119;ESR_Falola2024_123;ESR_Hassani2024_118;ESR_Kadeethum2024_128;ESR_Liu2025_121;ESR_Lozano2025_215;ESR_Meng2025_211;ESR_Nunez2023_166;ESR_Park2025_223;ESR_Pawar2023_168;ESR_RefNone_173;ESR_Tang2022_226;ESR_Tang2024_135;ESR_Tariq2023_174;ESR_Um2024_091;ESR_Um2024_104;ESR_Vishal2025_213;ESR_Wang2024_089;ESR_Wu2025_042;ESR_Zhang2025_115;ESR_Zhang2025_178;ESR_Zheng2025_207;ESR_Zhou2026_127;Gahlot2025_DigitalShadow;Han2024_HierarchicalMCMC;Jiang2024_DSIHistoryMatching;Leong2024_SeisCO2Net;Lin2020_PressureLeakage;Lu2022_BayesianOptimization;Lu2025_GISMLSite;Mo2018_EncoderDecoderUQ;Nassabeh2024_OffshoreSite;Seabra2024_AIEnhancedDA;Shokouhi2021_PhysicsInformedSite;TARGET_DRLGeoRisk2026_214483;TARGET_JointInversion2023_2022JB025372;Tang2022_DLDataAssimilationForecasting;Tang2024_GNNFaulted;Teng2024_LikelihoodFreeDA;VoThanh2026_DigitalTwinGNN;Wang2025_4DHistoryMatching;Wen2021_CCSNet;Wen2021_PlumeDNN;Wen2022_UFNO;Wen2023_NestedFNO;Witte2023_WNO;Yan2021_RobustDLWorkflow;Yin2022_XAILeakage;Zhang2021_LearningInversionFreeForecast;Zhong2019_PressureAnomaly
IJGGC-V2-WP8-R2-FULL-57-PAPER-REVIEW-2026-07-30,full_57_paper_independent_review_with_author_adjudication,cross_cutting_records,without_cross_cutting,score_ge3::uncertainty_score,56,14,55,1,0.255,0.250,0.158,0.383,Crain2023_MonitoringHistory;ESR_Lozano2025_215;ESR_Tang2022_226;Gahlot2025_DigitalShadow;Han2024_HierarchicalMCMC;Jiang2024_DSIHistoryMatching;Mo2018_EncoderDecoderUQ;Seabra2024_AIEnhancedDA;Tang2022_DLDataAssimilationForecasting;Teng2024_LikelihoodFreeDA;VoThanh2026_DigitalTwinGNN;Wang2025_4DHistoryMatching;Zhang2021_LearningInversionFreeForecast;Zhong2019_PressureAnomaly,Arafath2025_MalayBasinML;Attanasi2025_ResourceML;Baek2023_WellboreLeakage;Crain2023_MonitoringHistory;Diplas2026_DOEInjection;ESR_Chan2024_124;ESR_Chen2024_119;ESR_Falola2024_123;ESR_Hassani2024_118;ESR_Kadeethum2024_128;ESR_Lozano2025_215;ESR_Meng2025_211;ESR_Nunez2023_166;ESR_Park2025_223;ESR_Pawar2023_168;ESR_RefNone_173;ESR_Tang2022_226;ESR_Tang2024_135;ESR_Tariq2023_174;ESR_Um2024_091;ESR_Um2024_104;ESR_Vishal2025_213;ESR_Wang2024_089;ESR_Wu2025_042;ESR_Zhang2025_115;ESR_Zhang2025_178;ESR_Zheng2025_207;ESR_Zhou2026_127;Gahlot2025_DigitalShadow;Han2024_HierarchicalMCMC;Jiang2024_DSIHistoryMatching;Leong2024_SeisCO2Net;Lin2020_PressureLeakage;Lu2022_BayesianOptimization;Lu2025_GISMLSite;Mo2018_EncoderDecoderUQ;Nassabeh2024_OffshoreSite;Seabra2024_AIEnhancedDA;Shokouhi2021_PhysicsInformedSite;TARGET_DRLGeoRisk2026_214483;TARGET_JointInversion2023_2022JB025372;Tang2022_DLDataAssimilationForecasting;Tang2024_GNNFaulted;Teng2024_LikelihoodFreeDA;VoThanh2026_DigitalTwinGNN;Wang2025_4DHistoryMatching;Wen2021_CCSNet;Wen2021_PlumeDNN;Wen2022_UFNO;Wen2023_NestedFNO;Witte2023_WNO;Yan2021_RobustDLWorkflow;Yin2022_XAILeakage;Zhang2021_LearningInversionFreeForecast;Zhong2019_PressureAnomaly
IJGGC-V2-WP8-R2-FULL-57-PAPER-REVIEW-2026-07-30,full_57_paper_independent_review_with_author_adjudication,cross_cutting_records,without_cross_cutting,score_ge3::transferability_score,56,7,55,1,0.127,0.125,0.063,0.240,ESR_Wu2025_042;ESR_Zhang2025_115;Seabra2024_AIEnhancedDA;Tang2022_DLDataAssimilationForecasting;Tang2024_GNNFaulted;VoThanh2026_DigitalTwinGNN;Wen2021_PlumeDNN,Arafath2025_MalayBasinML;Attanasi2025_ResourceML;Baek2023_WellboreLeakage;Crain2023_MonitoringHistory;Diplas2026_DOEInjection;ESR_Chan2024_124;ESR_Chen2024_119;ESR_Falola2024_123;ESR_Hassani2024_118;ESR_Kadeethum2024_128;ESR_Lozano2025_215;ESR_Meng2025_211;ESR_Nunez2023_166;ESR_Park2025_223;ESR_Pawar2023_168;ESR_RefNone_173;ESR_Tang2022_226;ESR_Tang2024_135;ESR_Tariq2023_174;ESR_Um2024_091;ESR_Um2024_104;ESR_Vishal2025_213;ESR_Wang2024_089;ESR_Wu2025_042;ESR_Zhang2025_115;ESR_Zhang2025_178;ESR_Zheng2025_207;ESR_Zhou2026_127;Gahlot2025_DigitalShadow;Han2024_HierarchicalMCMC;Jiang2024_DSIHistoryMatching;Leong2024_SeisCO2Net;Lin2020_PressureLeakage;Lu2022_BayesianOptimization;Lu2025_GISMLSite;Mo2018_EncoderDecoderUQ;Nassabeh2024_OffshoreSite;Seabra2024_AIEnhancedDA;Shokouhi2021_PhysicsInformedSite;TARGET_DRLGeoRisk2026_214483;TARGET_JointInversion2023_2022JB025372;Tang2022_DLDataAssimilationForecasting;Tang2024_GNNFaulted;Teng2024_LikelihoodFreeDA;VoThanh2026_DigitalTwinGNN;Wang2025_4DHistoryMatching;Wen2021_CCSNet;Wen2021_PlumeDNN;Wen2022_UFNO;Wen2023_NestedFNO;Witte2023_WNO;Yan2021_RobustDLWorkflow;Yin2022_XAILeakage;Zhang2021_LearningInversionFreeForecast;Zhong2019_PressureAnomaly
IJGGC-V2-WP8-R2-FULL-57-PAPER-REVIEW-2026-07-30,full_57_paper_independent_review_with_author_adjudication,cross_cutting_records,without_cross_cutting,score_ge3::decision_readiness_score,56,11,56,0,0.196,0.196,0.113,0.318,Baek2023_WellboreLeakage;Crain2023_MonitoringHistory;Diplas2026_DOEInjection;ESR_Tang2022_226;Leong2024_SeisCO2Net;Lin2020_PressureLeakage;Lu2022_BayesianOptimization;TARGET_DRLGeoRisk2026_214483;Wang2025_4DHistoryMatching;Wen2023_NestedFNO;Zhong2019_PressureAnomaly,Arafath2025_MalayBasinML;Attanasi2025_ResourceML;Baek2023_WellboreLeakage;Crain2023_MonitoringHistory;Diplas2026_DOEInjection;ESR_Chan2024_124;ESR_Chen2024_119;ESR_Falola2024_123;ESR_Hassani2024_118;ESR_Kadeethum2024_128;ESR_Liu2025_121;ESR_Lozano2025_215;ESR_Meng2025_211;ESR_Nunez2023_166;ESR_Park2025_223;ESR_Pawar2023_168;ESR_RefNone_173;ESR_Tang2022_226;ESR_Tang2024_135;ESR_Tariq2023_174;ESR_Um2024_091;ESR_Um2024_104;ESR_Vishal2025_213;ESR_Wang2024_089;ESR_Wu2025_042;ESR_Zhang2025_115;ESR_Zhang2025_178;ESR_Zheng2025_207;ESR_Zhou2026_127;Gahlot2025_DigitalShadow;Han2024_HierarchicalMCMC;Jiang2024_DSIHistoryMatching;Leong2024_SeisCO2Net;Lin2020_PressureLeakage;Lu2022_BayesianOptimization;Lu2025_GISMLSite;Mo2018_EncoderDecoderUQ;Nassabeh2024_OffshoreSite;Seabra2024_AIEnhancedDA;Shokouhi2021_PhysicsInformedSite;TARGET_DRLGeoRisk2026_214483;TARGET_JointInversion2023_2022JB025372;Tang2022_DLDataAssimilationForecasting;Tang2024_GNNFaulted;Teng2024_LikelihoodFreeDA;VoThanh2026_DigitalTwinGNN;Wang2025_4DHistoryMatching;Wen2021_CCSNet;Wen2021_PlumeDNN;Wen2022_UFNO;Wen2023_NestedFNO;Witte2023_WNO;Yan2021_RobustDLWorkflow;Yin2022_XAILeakage;Zhang2021_LearningInversionFreeForecast;Zhong2019_PressureAnomaly
IJGGC-V2-WP8-R2-FULL-57-PAPER-REVIEW-2026-07-30,full_57_paper_independent_review_with_author_adjudication,cross_cutting_records,without_cross_cutting,direct_field_validation,56,8,55,1,0.145,0.143,0.076,0.262,Arafath2025_MalayBasinML;ESR_Vishal2025_213;ESR_Wang2024_089;ESR_Zhang2025_178;Leong2024_SeisCO2Net;Lin2020_PressureLeakage;Lu2025_GISMLSite;Zhong2019_PressureAnomaly,Arafath2025_MalayBasinML;Attanasi2025_ResourceML;Baek2023_WellboreLeakage;Crain2023_MonitoringHistory;Diplas2026_DOEInjection;ESR_Chan2024_124;ESR_Chen2024_119;ESR_Falola2024_123;ESR_Hassani2024_118;ESR_Kadeethum2024_128;ESR_Lozano2025_215;ESR_Meng2025_211;ESR_Nunez2023_166;ESR_Park2025_223;ESR_Pawar2023_168;ESR_RefNone_173;ESR_Tang2022_226;ESR_Tang2024_135;ESR_Tariq2023_174;ESR_Um2024_091;ESR_Um2024_104;ESR_Vishal2025_213;ESR_Wang2024_089;ESR_Wu2025_042;ESR_Zhang2025_115;ESR_Zhang2025_178;ESR_Zheng2025_207;ESR_Zhou2026_127;Gahlot2025_DigitalShadow;Han2024_HierarchicalMCMC;Jiang2024_DSIHistoryMatching;Leong2024_SeisCO2Net;Lin2020_PressureLeakage;Lu2022_BayesianOptimization;Lu2025_GISMLSite;Mo2018_EncoderDecoderUQ;Nassabeh2024_OffshoreSite;Seabra2024_AIEnhancedDA;Shokouhi2021_PhysicsInformedSite;TARGET_DRLGeoRisk2026_214483;TARGET_JointInversion2023_2022JB025372;Tang2022_DLDataAssimilationForecasting;Tang2024_GNNFaulted;Teng2024_LikelihoodFreeDA;VoThanh2026_DigitalTwinGNN;Wang2025_4DHistoryMatching;Wen2021_CCSNet;Wen2021_PlumeDNN;Wen2022_UFNO;Wen2023_NestedFNO;Witte2023_WNO;Yan2021_RobustDLWorkflow;Yin2022_XAILeakage;Zhang2021_LearningInversionFreeForecast;Zhong2019_PressureAnomaly
IJGGC-V2-WP8-R2-FULL-57-PAPER-REVIEW-2026-07-30,full_57_paper_independent_review_with_author_adjudication,cross_cutting_records,without_cross_cutting,controlled_release_ml_validation,56,5,55,1,0.091,0.089,0.039,0.196,ESR_Wang2024_089;ESR_Zhang2025_178;Leong2024_SeisCO2Net;Lin2020_PressureLeakage;Zhong2019_PressureAnomaly,Arafath2025_MalayBasinML;Attanasi2025_ResourceML;Baek2023_WellboreLeakage;Crain2023_MonitoringHistory;Diplas2026_DOEInjection;ESR_Chan2024_124;ESR_Chen2024_119;ESR_Falola2024_123;ESR_Hassani2024_118;ESR_Kadeethum2024_128;ESR_Lozano2025_215;ESR_Meng2025_211;ESR_Nunez2023_166;ESR_Park2025_223;ESR_Pawar2023_168;ESR_RefNone_173;ESR_Tang2022_226;ESR_Tang2024_135;ESR_Tariq2023_174;ESR_Um2024_091;ESR_Um2024_104;ESR_Vishal2025_213;ESR_Wang2024_089;ESR_Wu2025_042;ESR_Zhang2025_115;ESR_Zhang2025_178;ESR_Zheng2025_207;ESR_Zhou2026_127;Gahlot2025_DigitalShadow;Han2024_HierarchicalMCMC;Jiang2024_DSIHistoryMatching;Leong2024_SeisCO2Net;Lin2020_PressureLeakage;Lu2022_BayesianOptimization;Lu2025_GISMLSite;Mo2018_EncoderDecoderUQ;Nassabeh2024_OffshoreSite;Seabra2024_AIEnhancedDA;Shokouhi2021_PhysicsInformedSite;TARGET_DRLGeoRisk2026_214483;TARGET_JointInversion2023_2022JB025372;Tang2022_DLDataAssimilationForecasting;Tang2024_GNNFaulted;Teng2024_LikelihoodFreeDA;VoThanh2026_DigitalTwinGNN;Wang2025_4DHistoryMatching;Wen2021_CCSNet;Wen2021_PlumeDNN;Wen2022_UFNO;Wen2023_NestedFNO;Witte2023_WNO;Yan2021_RobustDLWorkflow;Yin2022_XAILeakage;Zhang2021_LearningInversionFreeForecast;Zhong2019_PressureAnomaly
IJGGC-V2-WP8-R2-FULL-57-PAPER-REVIEW-2026-07-30,full_57_paper_independent_review_with_author_adjudication,cross_cutting_records,without_cross_cutting,explicit_ood_testing,56,14,53,3,0.264,0.250,0.164,0.396,ESR_Chan2024_124;ESR_Hassani2024_118;ESR_Tang2022_226;ESR_Wu2025_042;ESR_Zhang2025_115;Leong2024_SeisCO2Net;Lin2020_PressureLeakage;Seabra2024_AIEnhancedDA;Tang2022_DLDataAssimilationForecasting;Tang2024_GNNFaulted;VoThanh2026_DigitalTwinGNN;Wen2021_PlumeDNN;Wen2022_UFNO;Zhong2019_PressureAnomaly,Arafath2025_MalayBasinML;Attanasi2025_ResourceML;Baek2023_WellboreLeakage;Crain2023_MonitoringHistory;Diplas2026_DOEInjection;ESR_Chan2024_124;ESR_Chen2024_119;ESR_Falola2024_123;ESR_Hassani2024_118;ESR_Kadeethum2024_128;ESR_Lozano2025_215;ESR_Meng2025_211;ESR_Nunez2023_166;ESR_Park2025_223;ESR_Pawar2023_168;ESR_RefNone_173;ESR_Tang2022_226;ESR_Tang2024_135;ESR_Tariq2023_174;ESR_Um2024_091;ESR_Um2024_104;ESR_Wang2024_089;ESR_Wu2025_042;ESR_Zhang2025_115;ESR_Zhang2025_178;ESR_Zheng2025_207;ESR_Zhou2026_127;Gahlot2025_DigitalShadow;Han2024_HierarchicalMCMC;Jiang2024_DSIHistoryMatching;Leong2024_SeisCO2Net;Lin2020_PressureLeakage;Lu2022_BayesianOptimization;Lu2025_GISMLSite;Mo2018_EncoderDecoderUQ;Nassabeh2024_OffshoreSite;Seabra2024_AIEnhancedDA;TARGET_DRLGeoRisk2026_214483;TARGET_JointInversion2023_2022JB025372;Tang2022_DLDataAssimilationForecasting;Tang2024_GNNFaulted;Teng2024_LikelihoodFreeDA;VoThanh2026_DigitalTwinGNN;Wang2025_4DHistoryMatching;Wen2021_CCSNet;Wen2021_PlumeDNN;Wen2022_UFNO;Wen2023_NestedFNO;Witte2023_WNO;Yan2021_RobustDLWorkflow;Yin2022_XAILeakage;Zhang2021_LearningInversionFreeForecast;Zhong2019_PressureAnomaly
IJGGC-V2-WP8-R2-FULL-57-PAPER-REVIEW-2026-07-30,full_57_paper_independent_review_with_author_adjudication,cross_cutting_records,without_cross_cutting,explicit_cross_site_testing,56,1,54,2,0.019,0.018,0.003,0.098,ESR_Wu2025_042,Arafath2025_MalayBasinML;Attanasi2025_ResourceML;Baek2023_WellboreLeakage;Crain2023_MonitoringHistory;Diplas2026_DOEInjection;ESR_Chan2024_124;ESR_Chen2024_119;ESR_Falola2024_123;ESR_Hassani2024_118;ESR_Kadeethum2024_128;ESR_Lozano2025_215;ESR_Meng2025_211;ESR_Nunez2023_166;ESR_Park2025_223;ESR_Pawar2023_168;ESR_RefNone_173;ESR_Tang2022_226;ESR_Tang2024_135;ESR_Tariq2023_174;ESR_Um2024_091;ESR_Um2024_104;ESR_Wang2024_089;ESR_Wu2025_042;ESR_Zhang2025_115;ESR_Zhang2025_178;ESR_Zheng2025_207;ESR_Zhou2026_127;Gahlot2025_DigitalShadow;Han2024_HierarchicalMCMC;Jiang2024_DSIHistoryMatching;Leong2024_SeisCO2Net;Lin2020_PressureLeakage;Lu2022_BayesianOptimization;Lu2025_GISMLSite;Mo2018_EncoderDecoderUQ;Nassabeh2024_OffshoreSite;Seabra2024_AIEnhancedDA;Shokouhi2021_PhysicsInformedSite;TARGET_DRLGeoRisk2026_214483;TARGET_JointInversion2023_2022JB025372;Tang2022_DLDataAssimilationForecasting;Tang2024_GNNFaulted;Teng2024_LikelihoodFreeDA;VoThanh2026_DigitalTwinGNN;Wang2025_4DHistoryMatching;Wen2021_CCSNet;Wen2021_PlumeDNN;Wen2022_UFNO;Wen2023_NestedFNO;Witte2023_WNO;Yan2021_RobustDLWorkflow;Yin2022_XAILeakage;Zhang2021_LearningInversionFreeForecast;Zhong2019_PressureAnomaly
IJGGC-V2-WP8-R2-FULL-57-PAPER-REVIEW-2026-07-30,full_57_paper_independent_review_with_author_adjudication,cross_cutting_records,without_cross_cutting,uncertainty_calibration_or_posterior_check,56,13,45,11,0.289,0.232,0.177,0.434,Crain2023_MonitoringHistory;ESR_Lozano2025_215;ESR_Tang2022_226;Gahlot2025_DigitalShadow;Han2024_HierarchicalMCMC;Jiang2024_DSIHistoryMatching;Mo2018_EncoderDecoderUQ;Seabra2024_AIEnhancedDA;Tang2022_DLDataAssimilationForecasting;Teng2024_LikelihoodFreeDA;VoThanh2026_DigitalTwinGNN;Wang2025_4DHistoryMatching;Zhang2021_LearningInversionFreeForecast,Arafath2025_MalayBasinML;Attanasi2025_ResourceML;Crain2023_MonitoringHistory;Diplas2026_DOEInjection;ESR_Chan2024_124;ESR_Chen2024_119;ESR_Falola2024_123;ESR_Hassani2024_118;ESR_Kadeethum2024_128;ESR_Lozano2025_215;ESR_Meng2025_211;ESR_Nunez2023_166;ESR_Park2025_223;ESR_Pawar2023_168;ESR_RefNone_173;ESR_Tang2022_226;ESR_Tang2024_135;ESR_Tariq2023_174;ESR_Um2024_091;ESR_Um2024_104;ESR_Wang2024_089;ESR_Zhang2025_115;ESR_Zhang2025_178;ESR_Zheng2025_207;ESR_Zhou2026_127;Gahlot2025_DigitalShadow;Han2024_HierarchicalMCMC;Jiang2024_DSIHistoryMatching;Lu2022_BayesianOptimization;Lu2025_GISMLSite;Mo2018_EncoderDecoderUQ;Nassabeh2024_OffshoreSite;Seabra2024_AIEnhancedDA;Shokouhi2021_PhysicsInformedSite;Tang2022_DLDataAssimilationForecasting;Tang2024_GNNFaulted;Teng2024_LikelihoodFreeDA;VoThanh2026_DigitalTwinGNN;Wang2025_4DHistoryMatching;Wen2021_PlumeDNN;Wen2022_UFNO;Witte2023_WNO;Yan2021_RobustDLWorkflow;Yin2022_XAILeakage;Zhang2021_LearningInversionFreeForecast
IJGGC-V2-WP8-R2-FULL-57-PAPER-REVIEW-2026-07-30,full_57_paper_independent_review_with_author_adjudication,cross_cutting_records,without_cross_cutting,surrogate_error_propagation,56,4,20,36,0.200,0.071,0.081,0.416,Diplas2026_DOEInjection;Han2024_HierarchicalMCMC;Lu2022_BayesianOptimization;Wang2025_4DHistoryMatching,Attanasi2025_ResourceML;Baek2023_WellboreLeakage;Diplas2026_DOEInjection;ESR_Chan2024_124;ESR_Chen2024_119;ESR_Lozano2025_215;ESR_Meng2025_211;ESR_Tang2022_226;ESR_Wu2025_042;ESR_Zheng2025_207;Han2024_HierarchicalMCMC;Lu2022_BayesianOptimization;Mo2018_EncoderDecoderUQ;Seabra2024_AIEnhancedDA;TARGET_DRLGeoRisk2026_214483;Tang2022_DLDataAssimilationForecasting;Teng2024_LikelihoodFreeDA;Wang2025_4DHistoryMatching;Wen2021_CCSNet;Wen2023_NestedFNO
IJGGC-V2-WP8-R2-FULL-57-PAPER-REVIEW-2026-07-30,full_57_paper_independent_review_with_author_adjudication,cross_cutting_records,without_cross_cutting,any_physical_diagnostic_checked,56,22,41,15,0.537,0.393,0.387,0.679,Baek2023_WellboreLeakage;Crain2023_MonitoringHistory;Diplas2026_DOEInjection;ESR_Chan2024_124;ESR_Tang2022_226;ESR_Tang2024_135;ESR_Um2024_091;ESR_Zheng2025_207;Han2024_HierarchicalMCMC;Jiang2024_DSIHistoryMatching;Leong2024_SeisCO2Net;Mo2018_EncoderDecoderUQ;TARGET_DRLGeoRisk2026_214483;Tang2024_GNNFaulted;VoThanh2026_DigitalTwinGNN;Wen2021_CCSNet;Wen2021_PlumeDNN;Wen2022_UFNO;Wen2023_NestedFNO;Yan2021_RobustDLWorkflow;Yin2022_XAILeakage;Zhong2019_PressureAnomaly,Arafath2025_MalayBasinML;Attanasi2025_ResourceML;Baek2023_WellboreLeakage;Crain2023_MonitoringHistory;Diplas2026_DOEInjection;ESR_Chan2024_124;ESR_Chen2024_119;ESR_Hassani2024_118;ESR_Meng2025_211;ESR_RefNone_173;ESR_Tang2022_226;ESR_Tang2024_135;ESR_Um2024_091;ESR_Um2024_104;ESR_Wang2024_089;ESR_Zheng2025_207;ESR_Zhou2026_127;Gahlot2025_DigitalShadow;Han2024_HierarchicalMCMC;Jiang2024_DSIHistoryMatching;Leong2024_SeisCO2Net;Lin2020_PressureLeakage;Lu2022_BayesianOptimization;Lu2025_GISMLSite;Mo2018_EncoderDecoderUQ;Nassabeh2024_OffshoreSite;TARGET_DRLGeoRisk2026_214483;TARGET_JointInversion2023_2022JB025372;Tang2022_DLDataAssimilationForecasting;Tang2024_GNNFaulted;Teng2024_LikelihoodFreeDA;VoThanh2026_DigitalTwinGNN;Wang2025_4DHistoryMatching;Wen2021_CCSNet;Wen2021_PlumeDNN;Wen2022_UFNO;Wen2023_NestedFNO;Yan2021_RobustDLWorkflow;Yin2022_XAILeakage;Zhang2021_LearningInversionFreeForecast;Zhong2019_PressureAnomaly
IJGGC-V2-WP8-R2-FULL-57-PAPER-REVIEW-2026-07-30,full_57_paper_independent_review_with_author_adjudication,cross_cutting_records,without_cross_cutting,red_zone_recode_criticality,56,0,0,56,,0.000,,,,
IJGGC-V2-WP8-R2-FULL-57-PAPER-REVIEW-2026-07-30,full_57_paper_independent_review_with_author_adjudication,decision_criticality_rule,recoded_criticality,synthetic_led_evidence,57,44,55,2,0.800,0.772,0.676,0.884,Baek2023_WellboreLeakage;Crain2023_MonitoringHistory;Diplas2026_DOEInjection;ESR_Chan2024_124;ESR_Chen2024_119;ESR_Falola2024_123;ESR_Hassani2024_118;ESR_Kadeethum2024_128;ESR_Kanakaki2025_045;ESR_Liu2025_121;ESR_Lozano2025_215;ESR_Nunez2023_166;ESR_Park2025_223;ESR_Pawar2023_168;ESR_Tang2024_135;ESR_Tariq2023_174;ESR_Wu2025_042;ESR_Zhang2025_115;ESR_Zheng2025_207;ESR_Zhou2026_127;Gahlot2025_DigitalShadow;Han2024_HierarchicalMCMC;Jiang2024_DSIHistoryMatching;Lin2020_PressureLeakage;Lu2022_BayesianOptimization;Mo2018_EncoderDecoderUQ;Seabra2024_AIEnhancedDA;Shokouhi2021_PhysicsInformedSite;TARGET_DRLGeoRisk2026_214483;TARGET_JointInversion2023_2022JB025372;Tang2022_DLDataAssimilationForecasting;Tang2024_GNNFaulted;Teng2024_LikelihoodFreeDA;VoThanh2026_DigitalTwinGNN;Wang2025_4DHistoryMatching;Wen2021_CCSNet;Wen2021_PlumeDNN;Wen2022_UFNO;Wen2023_NestedFNO;Witte2023_WNO;Yan2021_RobustDLWorkflow;Yin2022_XAILeakage;Zhang2021_LearningInversionFreeForecast;Zhong2019_PressureAnomaly,Arafath2025_MalayBasinML;Attanasi2025_ResourceML;Baek2023_WellboreLeakage;Crain2023_MonitoringHistory;Diplas2026_DOEInjection;ESR_Chan2024_124;ESR_Chen2024_119;ESR_Falola2024_123;ESR_Hassani2024_118;ESR_Kadeethum2024_128;ESR_Kanakaki2025_045;ESR_Liu2025_121;ESR_Lozano2025_215;ESR_Nunez2023_166;ESR_Park2025_223;ESR_Pawar2023_168;ESR_RefNone_173;ESR_Tang2022_226;ESR_Tang2024_135;ESR_Tariq2023_174;ESR_Um2024_091;ESR_Vishal2025_213;ESR_Wang2024_089;ESR_Wu2025_042;ESR_Zhang2025_115;ESR_Zhang2025_178;ESR_Zheng2025_207;ESR_Zhou2026_127;Gahlot2025_DigitalShadow;Han2024_HierarchicalMCMC;Jiang2024_DSIHistoryMatching;Leong2024_SeisCO2Net;Lin2020_PressureLeakage;Lu2022_BayesianOptimization;Lu2025_GISMLSite;Mo2018_EncoderDecoderUQ;Nassabeh2024_OffshoreSite;Seabra2024_AIEnhancedDA;Shokouhi2021_PhysicsInformedSite;TARGET_DRLGeoRisk2026_214483;TARGET_JointInversion2023_2022JB025372;Tang2022_DLDataAssimilationForecasting;Tang2024_GNNFaulted;Teng2024_LikelihoodFreeDA;VoThanh2026_DigitalTwinGNN;Wang2025_4DHistoryMatching;Wen2021_CCSNet;Wen2021_PlumeDNN;Wen2022_UFNO;Wen2023_NestedFNO;Witte2023_WNO;Yan2021_RobustDLWorkflow;Yin2022_XAILeakage;Zhang2021_LearningInversionFreeForecast;Zhong2019_PressureAnomaly
IJGGC-V2-WP8-R2-FULL-57-PAPER-REVIEW-2026-07-30,full_57_paper_independent_review_with_author_adjudication,decision_criticality_rule,recoded_criticality,score_ge3::field_evidence_score,57,8,56,1,0.143,0.140,0.074,0.257,Arafath2025_MalayBasinML;ESR_Vishal2025_213;ESR_Wang2024_089;ESR_Zhang2025_178;Leong2024_SeisCO2Net;Lin2020_PressureLeakage;Lu2025_GISMLSite;Zhong2019_PressureAnomaly,Arafath2025_MalayBasinML;Attanasi2025_ResourceML;Baek2023_WellboreLeakage;Crain2023_MonitoringHistory;Diplas2026_DOEInjection;ESR_Chan2024_124;ESR_Chen2024_119;ESR_Falola2024_123;ESR_Hassani2024_118;ESR_Kadeethum2024_128;ESR_Kanakaki2025_045;ESR_Lozano2025_215;ESR_Meng2025_211;ESR_Nunez2023_166;ESR_Park2025_223;ESR_Pawar2023_168;ESR_RefNone_173;ESR_Tang2022_226;ESR_Tang2024_135;ESR_Tariq2023_174;ESR_Um2024_091;ESR_Um2024_104;ESR_Vishal2025_213;ESR_Wang2024_089;ESR_Wu2025_042;ESR_Zhang2025_115;ESR_Zhang2025_178;ESR_Zheng2025_207;ESR_Zhou2026_127;Gahlot2025_DigitalShadow;Han2024_HierarchicalMCMC;Jiang2024_DSIHistoryMatching;Leong2024_SeisCO2Net;Lin2020_PressureLeakage;Lu2022_BayesianOptimization;Lu2025_GISMLSite;Mo2018_EncoderDecoderUQ;Nassabeh2024_OffshoreSite;Seabra2024_AIEnhancedDA;Shokouhi2021_PhysicsInformedSite;TARGET_DRLGeoRisk2026_214483;TARGET_JointInversion2023_2022JB025372;Tang2022_DLDataAssimilationForecasting;Tang2024_GNNFaulted;Teng2024_LikelihoodFreeDA;VoThanh2026_DigitalTwinGNN;Wang2025_4DHistoryMatching;Wen2021_CCSNet;Wen2021_PlumeDNN;Wen2022_UFNO;Wen2023_NestedFNO;Witte2023_WNO;Yan2021_RobustDLWorkflow;Yin2022_XAILeakage;Zhang2021_LearningInversionFreeForecast;Zhong2019_PressureAnomaly
IJGGC-V2-WP8-R2-FULL-57-PAPER-REVIEW-2026-07-30,full_57_paper_independent_review_with_author_adjudication,decision_criticality_rule,recoded_criticality,score_ge3::physical_consistency_score,57,42,57,0,0.737,0.737,0.610,0.834,Baek2023_WellboreLeakage;Crain2023_MonitoringHistory;Diplas2026_DOEInjection;ESR_Chan2024_124;ESR_Chen2024_119;ESR_Falola2024_123;ESR_Kanakaki2025_045;ESR_Lozano2025_215;ESR_Meng2025_211;ESR_Nunez2023_166;ESR_Park2025_223;ESR_Tang2022_226;ESR_Tang2024_135;ESR_Tariq2023_174;ESR_Um2024_091;ESR_Um2024_104;ESR_Zhang2025_115;ESR_Zhang2025_178;ESR_Zheng2025_207;ESR_Zhou2026_127;Gahlot2025_DigitalShadow;Han2024_HierarchicalMCMC;Jiang2024_DSIHistoryMatching;Leong2024_SeisCO2Net;Lu2022_BayesianOptimization;Mo2018_EncoderDecoderUQ;Seabra2024_AIEnhancedDA;Shokouhi2021_PhysicsInformedSite;TARGET_DRLGeoRisk2026_214483;TARGET_JointInversion2023_2022JB025372;Tang2022_DLDataAssimilationForecasting;Tang2024_GNNFaulted;Teng2024_LikelihoodFreeDA;VoThanh2026_DigitalTwinGNN;Wang2025_4DHistoryMatching;Wen2021_CCSNet;Wen2021_PlumeDNN;Wen2022_UFNO;Wen2023_NestedFNO;Witte2023_WNO;Yan2021_RobustDLWorkflow;Yin2022_XAILeakage,Arafath2025_MalayBasinML;Attanasi2025_ResourceML;Baek2023_WellboreLeakage;Crain2023_MonitoringHistory;Diplas2026_DOEInjection;ESR_Chan2024_124;ESR_Chen2024_119;ESR_Falola2024_123;ESR_Hassani2024_118;ESR_Kadeethum2024_128;ESR_Kanakaki2025_045;ESR_Liu2025_121;ESR_Lozano2025_215;ESR_Meng2025_211;ESR_Nunez2023_166;ESR_Park2025_223;ESR_Pawar2023_168;ESR_RefNone_173;ESR_Tang2022_226;ESR_Tang2024_135;ESR_Tariq2023_174;ESR_Um2024_091;ESR_Um2024_104;ESR_Vishal2025_213;ESR_Wang2024_089;ESR_Wu2025_042;ESR_Zhang2025_115;ESR_Zhang2025_178;ESR_Zheng2025_207;ESR_Zhou2026_127;Gahlot2025_DigitalShadow;Han2024_HierarchicalMCMC;Jiang2024_DSIHistoryMatching;Leong2024_SeisCO2Net;Lin2020_PressureLeakage;Lu2022_BayesianOptimization;Lu2025_GISMLSite;Mo2018_EncoderDecoderUQ;Nassabeh2024_OffshoreSite;Seabra2024_AIEnhancedDA;Shokouhi2021_PhysicsInformedSite;TARGET_DRLGeoRisk2026_214483;TARGET_JointInversion2023_2022JB025372;Tang2022_DLDataAssimilationForecasting;Tang2024_GNNFaulted;Teng2024_LikelihoodFreeDA;VoThanh2026_DigitalTwinGNN;Wang2025_4DHistoryMatching;Wen2021_CCSNet;Wen2021_PlumeDNN;Wen2022_UFNO;Wen2023_NestedFNO;Witte2023_WNO;Yan2021_RobustDLWorkflow;Yin2022_XAILeakage;Zhang2021_LearningInversionFreeForecast;Zhong2019_PressureAnomaly
IJGGC-V2-WP8-R2-FULL-57-PAPER-REVIEW-2026-07-30,full_57_paper_independent_review_with_author_adjudication,decision_criticality_rule,recoded_criticality,score_ge3::uncertainty_score,57,14,56,1,0.250,0.246,0.155,0.377,Crain2023_MonitoringHistory;ESR_Lozano2025_215;ESR_Tang2022_226;Gahlot2025_DigitalShadow;Han2024_HierarchicalMCMC;Jiang2024_DSIHistoryMatching;Mo2018_EncoderDecoderUQ;Seabra2024_AIEnhancedDA;Tang2022_DLDataAssimilationForecasting;Teng2024_LikelihoodFreeDA;VoThanh2026_DigitalTwinGNN;Wang2025_4DHistoryMatching;Zhang2021_LearningInversionFreeForecast;Zhong2019_PressureAnomaly,Arafath2025_MalayBasinML;Attanasi2025_ResourceML;Baek2023_WellboreLeakage;Crain2023_MonitoringHistory;Diplas2026_DOEInjection;ESR_Chan2024_124;ESR_Chen2024_119;ESR_Falola2024_123;ESR_Hassani2024_118;ESR_Kadeethum2024_128;ESR_Kanakaki2025_045;ESR_Lozano2025_215;ESR_Meng2025_211;ESR_Nunez2023_166;ESR_Park2025_223;ESR_Pawar2023_168;ESR_RefNone_173;ESR_Tang2022_226;ESR_Tang2024_135;ESR_Tariq2023_174;ESR_Um2024_091;ESR_Um2024_104;ESR_Vishal2025_213;ESR_Wang2024_089;ESR_Wu2025_042;ESR_Zhang2025_115;ESR_Zhang2025_178;ESR_Zheng2025_207;ESR_Zhou2026_127;Gahlot2025_DigitalShadow;Han2024_HierarchicalMCMC;Jiang2024_DSIHistoryMatching;Leong2024_SeisCO2Net;Lin2020_PressureLeakage;Lu2022_BayesianOptimization;Lu2025_GISMLSite;Mo2018_EncoderDecoderUQ;Nassabeh2024_OffshoreSite;Seabra2024_AIEnhancedDA;Shokouhi2021_PhysicsInformedSite;TARGET_DRLGeoRisk2026_214483;TARGET_JointInversion2023_2022JB025372;Tang2022_DLDataAssimilationForecasting;Tang2024_GNNFaulted;Teng2024_LikelihoodFreeDA;VoThanh2026_DigitalTwinGNN;Wang2025_4DHistoryMatching;Wen2021_CCSNet;Wen2021_PlumeDNN;Wen2022_UFNO;Wen2023_NestedFNO;Witte2023_WNO;Yan2021_RobustDLWorkflow;Yin2022_XAILeakage;Zhang2021_LearningInversionFreeForecast;Zhong2019_PressureAnomaly
IJGGC-V2-WP8-R2-FULL-57-PAPER-REVIEW-2026-07-30,full_57_paper_independent_review_with_author_adjudication,decision_criticality_rule,recoded_criticality,score_ge3::transferability_score,57,7,56,1,0.125,0.123,0.062,0.236,ESR_Wu2025_042;ESR_Zhang2025_115;Seabra2024_AIEnhancedDA;Tang2022_DLDataAssimilationForecasting;Tang2024_GNNFaulted;VoThanh2026_DigitalTwinGNN;Wen2021_PlumeDNN,Arafath2025_MalayBasinML;Attanasi2025_ResourceML;Baek2023_WellboreLeakage;Crain2023_MonitoringHistory;Diplas2026_DOEInjection;ESR_Chan2024_124;ESR_Chen2024_119;ESR_Falola2024_123;ESR_Hassani2024_118;ESR_Kadeethum2024_128;ESR_Kanakaki2025_045;ESR_Lozano2025_215;ESR_Meng2025_211;ESR_Nunez2023_166;ESR_Park2025_223;ESR_Pawar2023_168;ESR_RefNone_173;ESR_Tang2022_226;ESR_Tang2024_135;ESR_Tariq2023_174;ESR_Um2024_091;ESR_Um2024_104;ESR_Vishal2025_213;ESR_Wang2024_089;ESR_Wu2025_042;ESR_Zhang2025_115;ESR_Zhang2025_178;ESR_Zheng2025_207;ESR_Zhou2026_127;Gahlot2025_DigitalShadow;Han2024_HierarchicalMCMC;Jiang2024_DSIHistoryMatching;Leong2024_SeisCO2Net;Lin2020_PressureLeakage;Lu2022_BayesianOptimization;Lu2025_GISMLSite;Mo2018_EncoderDecoderUQ;Nassabeh2024_OffshoreSite;Seabra2024_AIEnhancedDA;Shokouhi2021_PhysicsInformedSite;TARGET_DRLGeoRisk2026_214483;TARGET_JointInversion2023_2022JB025372;Tang2022_DLDataAssimilationForecasting;Tang2024_GNNFaulted;Teng2024_LikelihoodFreeDA;VoThanh2026_DigitalTwinGNN;Wang2025_4DHistoryMatching;Wen2021_CCSNet;Wen2021_PlumeDNN;Wen2022_UFNO;Wen2023_NestedFNO;Witte2023_WNO;Yan2021_RobustDLWorkflow;Yin2022_XAILeakage;Zhang2021_LearningInversionFreeForecast;Zhong2019_PressureAnomaly
IJGGC-V2-WP8-R2-FULL-57-PAPER-REVIEW-2026-07-30,full_57_paper_independent_review_with_author_adjudication,decision_criticality_rule,recoded_criticality,score_ge3::decision_readiness_score,57,11,57,0,0.193,0.193,0.111,0.313,Baek2023_WellboreLeakage;Crain2023_MonitoringHistory;Diplas2026_DOEInjection;ESR_Tang2022_226;Leong2024_SeisCO2Net;Lin2020_PressureLeakage;Lu2022_BayesianOptimization;TARGET_DRLGeoRisk2026_214483;Wang2025_4DHistoryMatching;Wen2023_NestedFNO;Zhong2019_PressureAnomaly,Arafath2025_MalayBasinML;Attanasi2025_ResourceML;Baek2023_WellboreLeakage;Crain2023_MonitoringHistory;Diplas2026_DOEInjection;ESR_Chan2024_124;ESR_Chen2024_119;ESR_Falola2024_123;ESR_Hassani2024_118;ESR_Kadeethum2024_128;ESR_Kanakaki2025_045;ESR_Liu2025_121;ESR_Lozano2025_215;ESR_Meng2025_211;ESR_Nunez2023_166;ESR_Park2025_223;ESR_Pawar2023_168;ESR_RefNone_173;ESR_Tang2022_226;ESR_Tang2024_135;ESR_Tariq2023_174;ESR_Um2024_091;ESR_Um2024_104;ESR_Vishal2025_213;ESR_Wang2024_089;ESR_Wu2025_042;ESR_Zhang2025_115;ESR_Zhang2025_178;ESR_Zheng2025_207;ESR_Zhou2026_127;Gahlot2025_DigitalShadow;Han2024_HierarchicalMCMC;Jiang2024_DSIHistoryMatching;Leong2024_SeisCO2Net;Lin2020_PressureLeakage;Lu2022_BayesianOptimization;Lu2025_GISMLSite;Mo2018_EncoderDecoderUQ;Nassabeh2024_OffshoreSite;Seabra2024_AIEnhancedDA;Shokouhi2021_PhysicsInformedSite;TARGET_DRLGeoRisk2026_214483;TARGET_JointInversion2023_2022JB025372;Tang2022_DLDataAssimilationForecasting;Tang2024_GNNFaulted;Teng2024_LikelihoodFreeDA;VoThanh2026_DigitalTwinGNN;Wang2025_4DHistoryMatching;Wen2021_CCSNet;Wen2021_PlumeDNN;Wen2022_UFNO;Wen2023_NestedFNO;Witte2023_WNO;Yan2021_RobustDLWorkflow;Yin2022_XAILeakage;Zhang2021_LearningInversionFreeForecast;Zhong2019_PressureAnomaly
IJGGC-V2-WP8-R2-FULL-57-PAPER-REVIEW-2026-07-30,full_57_paper_independent_review_with_author_adjudication,decision_criticality_rule,recoded_criticality,direct_field_validation,57,8,56,1,0.143,0.140,0.074,0.257,Arafath2025_MalayBasinML;ESR_Vishal2025_213;ESR_Wang2024_089;ESR_Zhang2025_178;Leong2024_SeisCO2Net;Lin2020_PressureLeakage;Lu2025_GISMLSite;Zhong2019_PressureAnomaly,Arafath2025_MalayBasinML;Attanasi2025_ResourceML;Baek2023_WellboreLeakage;Crain2023_MonitoringHistory;Diplas2026_DOEInjection;ESR_Chan2024_124;ESR_Chen2024_119;ESR_Falola2024_123;ESR_Hassani2024_118;ESR_Kadeethum2024_128;ESR_Kanakaki2025_045;ESR_Lozano2025_215;ESR_Meng2025_211;ESR_Nunez2023_166;ESR_Park2025_223;ESR_Pawar2023_168;ESR_RefNone_173;ESR_Tang2022_226;ESR_Tang2024_135;ESR_Tariq2023_174;ESR_Um2024_091;ESR_Um2024_104;ESR_Vishal2025_213;ESR_Wang2024_089;ESR_Wu2025_042;ESR_Zhang2025_115;ESR_Zhang2025_178;ESR_Zheng2025_207;ESR_Zhou2026_127;Gahlot2025_DigitalShadow;Han2024_HierarchicalMCMC;Jiang2024_DSIHistoryMatching;Leong2024_SeisCO2Net;Lin2020_PressureLeakage;Lu2022_BayesianOptimization;Lu2025_GISMLSite;Mo2018_EncoderDecoderUQ;Nassabeh2024_OffshoreSite;Seabra2024_AIEnhancedDA;Shokouhi2021_PhysicsInformedSite;TARGET_DRLGeoRisk2026_214483;TARGET_JointInversion2023_2022JB025372;Tang2022_DLDataAssimilationForecasting;Tang2024_GNNFaulted;Teng2024_LikelihoodFreeDA;VoThanh2026_DigitalTwinGNN;Wang2025_4DHistoryMatching;Wen2021_CCSNet;Wen2021_PlumeDNN;Wen2022_UFNO;Wen2023_NestedFNO;Witte2023_WNO;Yan2021_RobustDLWorkflow;Yin2022_XAILeakage;Zhang2021_LearningInversionFreeForecast;Zhong2019_PressureAnomaly
IJGGC-V2-WP8-R2-FULL-57-PAPER-REVIEW-2026-07-30,full_57_paper_independent_review_with_author_adjudication,decision_criticality_rule,recoded_criticality,controlled_release_ml_validation,57,5,56,1,0.089,0.088,0.039,0.193,ESR_Wang2024_089;ESR_Zhang2025_178;Leong2024_SeisCO2Net;Lin2020_PressureLeakage;Zhong2019_PressureAnomaly,Arafath2025_MalayBasinML;Attanasi2025_ResourceML;Baek2023_WellboreLeakage;Crain2023_MonitoringHistory;Diplas2026_DOEInjection;ESR_Chan2024_124;ESR_Chen2024_119;ESR_Falola2024_123;ESR_Hassani2024_118;ESR_Kadeethum2024_128;ESR_Kanakaki2025_045;ESR_Lozano2025_215;ESR_Meng2025_211;ESR_Nunez2023_166;ESR_Park2025_223;ESR_Pawar2023_168;ESR_RefNone_173;ESR_Tang2022_226;ESR_Tang2024_135;ESR_Tariq2023_174;ESR_Um2024_091;ESR_Um2024_104;ESR_Vishal2025_213;ESR_Wang2024_089;ESR_Wu2025_042;ESR_Zhang2025_115;ESR_Zhang2025_178;ESR_Zheng2025_207;ESR_Zhou2026_127;Gahlot2025_DigitalShadow;Han2024_HierarchicalMCMC;Jiang2024_DSIHistoryMatching;Leong2024_SeisCO2Net;Lin2020_PressureLeakage;Lu2022_BayesianOptimization;Lu2025_GISMLSite;Mo2018_EncoderDecoderUQ;Nassabeh2024_OffshoreSite;Seabra2024_AIEnhancedDA;Shokouhi2021_PhysicsInformedSite;TARGET_DRLGeoRisk2026_214483;TARGET_JointInversion2023_2022JB025372;Tang2022_DLDataAssimilationForecasting;Tang2024_GNNFaulted;Teng2024_LikelihoodFreeDA;VoThanh2026_DigitalTwinGNN;Wang2025_4DHistoryMatching;Wen2021_CCSNet;Wen2021_PlumeDNN;Wen2022_UFNO;Wen2023_NestedFNO;Witte2023_WNO;Yan2021_RobustDLWorkflow;Yin2022_XAILeakage;Zhang2021_LearningInversionFreeForecast;Zhong2019_PressureAnomaly
IJGGC-V2-WP8-R2-FULL-57-PAPER-REVIEW-2026-07-30,full_57_paper_independent_review_with_author_adjudication,decision_criticality_rule,recoded_criticality,explicit_ood_testing,57,14,54,3,0.259,0.246,0.161,0.389,ESR_Chan2024_124;ESR_Hassani2024_118;ESR_Tang2022_226;ESR_Wu2025_042;ESR_Zhang2025_115;Leong2024_SeisCO2Net;Lin2020_PressureLeakage;Seabra2024_AIEnhancedDA;Tang2022_DLDataAssimilationForecasting;Tang2024_GNNFaulted;VoThanh2026_DigitalTwinGNN;Wen2021_PlumeDNN;Wen2022_UFNO;Zhong2019_PressureAnomaly,Arafath2025_MalayBasinML;Attanasi2025_ResourceML;Baek2023_WellboreLeakage;Crain2023_MonitoringHistory;Diplas2026_DOEInjection;ESR_Chan2024_124;ESR_Chen2024_119;ESR_Falola2024_123;ESR_Hassani2024_118;ESR_Kadeethum2024_128;ESR_Kanakaki2025_045;ESR_Lozano2025_215;ESR_Meng2025_211;ESR_Nunez2023_166;ESR_Park2025_223;ESR_Pawar2023_168;ESR_RefNone_173;ESR_Tang2022_226;ESR_Tang2024_135;ESR_Tariq2023_174;ESR_Um2024_091;ESR_Um2024_104;ESR_Wang2024_089;ESR_Wu2025_042;ESR_Zhang2025_115;ESR_Zhang2025_178;ESR_Zheng2025_207;ESR_Zhou2026_127;Gahlot2025_DigitalShadow;Han2024_HierarchicalMCMC;Jiang2024_DSIHistoryMatching;Leong2024_SeisCO2Net;Lin2020_PressureLeakage;Lu2022_BayesianOptimization;Lu2025_GISMLSite;Mo2018_EncoderDecoderUQ;Nassabeh2024_OffshoreSite;Seabra2024_AIEnhancedDA;TARGET_DRLGeoRisk2026_214483;TARGET_JointInversion2023_2022JB025372;Tang2022_DLDataAssimilationForecasting;Tang2024_GNNFaulted;Teng2024_LikelihoodFreeDA;VoThanh2026_DigitalTwinGNN;Wang2025_4DHistoryMatching;Wen2021_CCSNet;Wen2021_PlumeDNN;Wen2022_UFNO;Wen2023_NestedFNO;Witte2023_WNO;Yan2021_RobustDLWorkflow;Yin2022_XAILeakage;Zhang2021_LearningInversionFreeForecast;Zhong2019_PressureAnomaly
IJGGC-V2-WP8-R2-FULL-57-PAPER-REVIEW-2026-07-30,full_57_paper_independent_review_with_author_adjudication,decision_criticality_rule,recoded_criticality,explicit_cross_site_testing,57,1,55,2,0.018,0.018,0.003,0.096,ESR_Wu2025_042,Arafath2025_MalayBasinML;Attanasi2025_ResourceML;Baek2023_WellboreLeakage;Crain2023_MonitoringHistory;Diplas2026_DOEInjection;ESR_Chan2024_124;ESR_Chen2024_119;ESR_Falola2024_123;ESR_Hassani2024_118;ESR_Kadeethum2024_128;ESR_Kanakaki2025_045;ESR_Lozano2025_215;ESR_Meng2025_211;ESR_Nunez2023_166;ESR_Park2025_223;ESR_Pawar2023_168;ESR_RefNone_173;ESR_Tang2022_226;ESR_Tang2024_135;ESR_Tariq2023_174;ESR_Um2024_091;ESR_Um2024_104;ESR_Wang2024_089;ESR_Wu2025_042;ESR_Zhang2025_115;ESR_Zhang2025_178;ESR_Zheng2025_207;ESR_Zhou2026_127;Gahlot2025_DigitalShadow;Han2024_HierarchicalMCMC;Jiang2024_DSIHistoryMatching;Leong2024_SeisCO2Net;Lin2020_PressureLeakage;Lu2022_BayesianOptimization;Lu2025_GISMLSite;Mo2018_EncoderDecoderUQ;Nassabeh2024_OffshoreSite;Seabra2024_AIEnhancedDA;Shokouhi2021_PhysicsInformedSite;TARGET_DRLGeoRisk2026_214483;TARGET_JointInversion2023_2022JB025372;Tang2022_DLDataAssimilationForecasting;Tang2024_GNNFaulted;Teng2024_LikelihoodFreeDA;VoThanh2026_DigitalTwinGNN;Wang2025_4DHistoryMatching;Wen2021_CCSNet;Wen2021_PlumeDNN;Wen2022_UFNO;Wen2023_NestedFNO;Witte2023_WNO;Yan2021_RobustDLWorkflow;Yin2022_XAILeakage;Zhang2021_LearningInversionFreeForecast;Zhong2019_PressureAnomaly
IJGGC-V2-WP8-R2-FULL-57-PAPER-REVIEW-2026-07-30,full_57_paper_independent_review_with_author_adjudication,decision_criticality_rule,recoded_criticality,uncertainty_calibration_or_posterior_check,57,13,46,11,0.283,0.228,0.173,0.425,Crain2023_MonitoringHistory;ESR_Lozano2025_215;ESR_Tang2022_226;Gahlot2025_DigitalShadow;Han2024_HierarchicalMCMC;Jiang2024_DSIHistoryMatching;Mo2018_EncoderDecoderUQ;Seabra2024_AIEnhancedDA;Tang2022_DLDataAssimilationForecasting;Teng2024_LikelihoodFreeDA;VoThanh2026_DigitalTwinGNN;Wang2025_4DHistoryMatching;Zhang2021_LearningInversionFreeForecast,Arafath2025_MalayBasinML;Attanasi2025_ResourceML;Crain2023_MonitoringHistory;Diplas2026_DOEInjection;ESR_Chan2024_124;ESR_Chen2024_119;ESR_Falola2024_123;ESR_Hassani2024_118;ESR_Kadeethum2024_128;ESR_Kanakaki2025_045;ESR_Lozano2025_215;ESR_Meng2025_211;ESR_Nunez2023_166;ESR_Park2025_223;ESR_Pawar2023_168;ESR_RefNone_173;ESR_Tang2022_226;ESR_Tang2024_135;ESR_Tariq2023_174;ESR_Um2024_091;ESR_Um2024_104;ESR_Wang2024_089;ESR_Zhang2025_115;ESR_Zhang2025_178;ESR_Zheng2025_207;ESR_Zhou2026_127;Gahlot2025_DigitalShadow;Han2024_HierarchicalMCMC;Jiang2024_DSIHistoryMatching;Lu2022_BayesianOptimization;Lu2025_GISMLSite;Mo2018_EncoderDecoderUQ;Nassabeh2024_OffshoreSite;Seabra2024_AIEnhancedDA;Shokouhi2021_PhysicsInformedSite;Tang2022_DLDataAssimilationForecasting;Tang2024_GNNFaulted;Teng2024_LikelihoodFreeDA;VoThanh2026_DigitalTwinGNN;Wang2025_4DHistoryMatching;Wen2021_PlumeDNN;Wen2022_UFNO;Witte2023_WNO;Yan2021_RobustDLWorkflow;Yin2022_XAILeakage;Zhang2021_LearningInversionFreeForecast
IJGGC-V2-WP8-R2-FULL-57-PAPER-REVIEW-2026-07-30,full_57_paper_independent_review_with_author_adjudication,decision_criticality_rule,recoded_criticality,surrogate_error_propagation,57,4,20,37,0.200,0.070,0.081,0.416,Diplas2026_DOEInjection;Han2024_HierarchicalMCMC;Lu2022_BayesianOptimization;Wang2025_4DHistoryMatching,Attanasi2025_ResourceML;Baek2023_WellboreLeakage;Diplas2026_DOEInjection;ESR_Chan2024_124;ESR_Chen2024_119;ESR_Lozano2025_215;ESR_Meng2025_211;ESR_Tang2022_226;ESR_Wu2025_042;ESR_Zheng2025_207;Han2024_HierarchicalMCMC;Lu2022_BayesianOptimization;Mo2018_EncoderDecoderUQ;Seabra2024_AIEnhancedDA;TARGET_DRLGeoRisk2026_214483;Tang2022_DLDataAssimilationForecasting;Teng2024_LikelihoodFreeDA;Wang2025_4DHistoryMatching;Wen2021_CCSNet;Wen2023_NestedFNO
IJGGC-V2-WP8-R2-FULL-57-PAPER-REVIEW-2026-07-30,full_57_paper_independent_review_with_author_adjudication,decision_criticality_rule,recoded_criticality,any_physical_diagnostic_checked,57,23,42,15,0.548,0.404,0.399,0.688,Baek2023_WellboreLeakage;Crain2023_MonitoringHistory;Diplas2026_DOEInjection;ESR_Chan2024_124;ESR_Kanakaki2025_045;ESR_Tang2022_226;ESR_Tang2024_135;ESR_Um2024_091;ESR_Zheng2025_207;Han2024_HierarchicalMCMC;Jiang2024_DSIHistoryMatching;Leong2024_SeisCO2Net;Mo2018_EncoderDecoderUQ;TARGET_DRLGeoRisk2026_214483;Tang2024_GNNFaulted;VoThanh2026_DigitalTwinGNN;Wen2021_CCSNet;Wen2021_PlumeDNN;Wen2022_UFNO;Wen2023_NestedFNO;Yan2021_RobustDLWorkflow;Yin2022_XAILeakage;Zhong2019_PressureAnomaly,Arafath2025_MalayBasinML;Attanasi2025_ResourceML;Baek2023_WellboreLeakage;Crain2023_MonitoringHistory;Diplas2026_DOEInjection;ESR_Chan2024_124;ESR_Chen2024_119;ESR_Hassani2024_118;ESR_Kanakaki2025_045;ESR_Meng2025_211;ESR_RefNone_173;ESR_Tang2022_226;ESR_Tang2024_135;ESR_Um2024_091;ESR_Um2024_104;ESR_Wang2024_089;ESR_Zheng2025_207;ESR_Zhou2026_127;Gahlot2025_DigitalShadow;Han2024_HierarchicalMCMC;Jiang2024_DSIHistoryMatching;Leong2024_SeisCO2Net;Lin2020_PressureLeakage;Lu2022_BayesianOptimization;Lu2025_GISMLSite;Mo2018_EncoderDecoderUQ;Nassabeh2024_OffshoreSite;TARGET_DRLGeoRisk2026_214483;TARGET_JointInversion2023_2022JB025372;Tang2022_DLDataAssimilationForecasting;Tang2024_GNNFaulted;Teng2024_LikelihoodFreeDA;VoThanh2026_DigitalTwinGNN;Wang2025_4DHistoryMatching;Wen2021_CCSNet;Wen2021_PlumeDNN;Wen2022_UFNO;Wen2023_NestedFNO;Yan2021_RobustDLWorkflow;Yin2022_XAILeakage;Zhang2021_LearningInversionFreeForecast;Zhong2019_PressureAnomaly
IJGGC-V2-WP8-R2-FULL-57-PAPER-REVIEW-2026-07-30,full_57_paper_independent_review_with_author_adjudication,decision_criticality_rule,recoded_criticality,red_zone_recode_criticality,57,0,0,57,,0.000,,,,
IJGGC-V2-WP8-R2-FULL-57-PAPER-REVIEW-2026-07-30,full_57_paper_independent_review_with_author_adjudication,decision_criticality_rule,application_map_criticality,red_zone_application_map_criticality,57,40,53,4,0.755,0.702,0.624,0.851,Baek2023_WellboreLeakage;Crain2023_MonitoringHistory;Diplas2026_DOEInjection;ESR_Chan2024_124;ESR_Chen2024_119;ESR_Falola2024_123;ESR_Hassani2024_118;ESR_Kadeethum2024_128;ESR_Kanakaki2025_045;ESR_Lozano2025_215;ESR_Meng2025_211;ESR_Nunez2023_166;ESR_Park2025_223;ESR_Pawar2023_168;ESR_Tang2022_226;ESR_Tang2024_135;ESR_Wu2025_042;ESR_Zhang2025_115;ESR_Zheng2025_207;ESR_Zhou2026_127;Gahlot2025_DigitalShadow;Han2024_HierarchicalMCMC;Jiang2024_DSIHistoryMatching;Lu2022_BayesianOptimization;Mo2018_EncoderDecoderUQ;Seabra2024_AIEnhancedDA;TARGET_DRLGeoRisk2026_214483;Tang2022_DLDataAssimilationForecasting;Tang2024_GNNFaulted;Teng2024_LikelihoodFreeDA;VoThanh2026_DigitalTwinGNN;Wang2025_4DHistoryMatching;Wen2021_CCSNet;Wen2021_PlumeDNN;Wen2022_UFNO;Wen2023_NestedFNO;Witte2023_WNO;Yan2021_RobustDLWorkflow;Yin2022_XAILeakage;Zhang2021_LearningInversionFreeForecast,Arafath2025_MalayBasinML;Attanasi2025_ResourceML;Baek2023_WellboreLeakage;Crain2023_MonitoringHistory;Diplas2026_DOEInjection;ESR_Chan2024_124;ESR_Chen2024_119;ESR_Falola2024_123;ESR_Hassani2024_118;ESR_Kadeethum2024_128;ESR_Kanakaki2025_045;ESR_Lozano2025_215;ESR_Meng2025_211;ESR_Nunez2023_166;ESR_Park2025_223;ESR_Pawar2023_168;ESR_RefNone_173;ESR_Tang2022_226;ESR_Tang2024_135;ESR_Um2024_091;ESR_Um2024_104;ESR_Vishal2025_213;ESR_Wang2024_089;ESR_Wu2025_042;ESR_Zhang2025_115;ESR_Zheng2025_207;ESR_Zhou2026_127;Gahlot2025_DigitalShadow;Han2024_HierarchicalMCMC;Jiang2024_DSIHistoryMatching;Leong2024_SeisCO2Net;Lin2020_PressureLeakage;Lu2022_BayesianOptimization;Lu2025_GISMLSite;Mo2018_EncoderDecoderUQ;Nassabeh2024_OffshoreSite;Seabra2024_AIEnhancedDA;TARGET_DRLGeoRisk2026_214483;TARGET_JointInversion2023_2022JB025372;Tang2022_DLDataAssimilationForecasting;Tang2024_GNNFaulted;Teng2024_LikelihoodFreeDA;VoThanh2026_DigitalTwinGNN;Wang2025_4DHistoryMatching;Wen2021_CCSNet;Wen2021_PlumeDNN;Wen2022_UFNO;Wen2023_NestedFNO;Witte2023_WNO;Yan2021_RobustDLWorkflow;Yin2022_XAILeakage;Zhang2021_LearningInversionFreeForecast;Zhong2019_PressureAnomaly
IJGGC-V2-WP8-R2-FULL-57-PAPER-REVIEW-2026-07-30,full_57_paper_independent_review_with_author_adjudication,coding_version,original_locked_coding,score_ge3::field_evidence_score,57,6,55,2,0.109,0.105,0.051,0.218,Arafath2025_MalayBasinML;ESR_Vishal2025_213;ESR_Wang2024_089;Leong2024_SeisCO2Net;Lin2020_PressureLeakage;Zhong2019_PressureAnomaly,Arafath2025_MalayBasinML;Attanasi2025_ResourceML;Baek2023_WellboreLeakage;Crain2023_MonitoringHistory;Diplas2026_DOEInjection;ESR_Chan2024_124;ESR_Chen2024_119;ESR_Falola2024_123;ESR_Hassani2024_118;ESR_Kadeethum2024_128;ESR_Kanakaki2025_045;ESR_Lozano2025_215;ESR_Meng2025_211;ESR_Nunez2023_166;ESR_Park2025_223;ESR_Pawar2023_168;ESR_RefNone_173;ESR_Tang2022_226;ESR_Tang2024_135;ESR_Tariq2023_174;ESR_Um2024_091;ESR_Um2024_104;ESR_Vishal2025_213;ESR_Wang2024_089;ESR_Wu2025_042;ESR_Zhang2025_115;ESR_Zhang2025_178;ESR_Zheng2025_207;ESR_Zhou2026_127;Gahlot2025_DigitalShadow;Han2024_HierarchicalMCMC;Jiang2024_DSIHistoryMatching;Leong2024_SeisCO2Net;Lin2020_PressureLeakage;Lu2022_BayesianOptimization;Mo2018_EncoderDecoderUQ;Nassabeh2024_OffshoreSite;Seabra2024_AIEnhancedDA;Shokouhi2021_PhysicsInformedSite;TARGET_DRLGeoRisk2026_214483;TARGET_JointInversion2023_2022JB025372;Tang2022_DLDataAssimilationForecasting;Tang2024_GNNFaulted;Teng2024_LikelihoodFreeDA;VoThanh2026_DigitalTwinGNN;Wang2025_4DHistoryMatching;Wen2021_CCSNet;Wen2021_PlumeDNN;Wen2022_UFNO;Wen2023_NestedFNO;Witte2023_WNO;Yan2021_RobustDLWorkflow;Yin2022_XAILeakage;Zhang2021_LearningInversionFreeForecast;Zhong2019_PressureAnomaly
IJGGC-V2-WP8-R2-FULL-57-PAPER-REVIEW-2026-07-30,full_57_paper_independent_review_with_author_adjudication,coding_version,original_locked_coding,score_ge3::physical_consistency_score,57,16,54,3,0.296,0.281,0.191,0.428,Baek2023_WellboreLeakage;ESR_Chan2024_124;ESR_Meng2025_211;ESR_Tang2022_226;ESR_Zhou2026_127;Han2024_HierarchicalMCMC;Jiang2024_DSIHistoryMatching;Leong2024_SeisCO2Net;Mo2018_EncoderDecoderUQ;Shokouhi2021_PhysicsInformedSite;TARGET_DRLGeoRisk2026_214483;TARGET_JointInversion2023_2022JB025372;VoThanh2026_DigitalTwinGNN;Wang2025_4DHistoryMatching;Wen2021_CCSNet;Wen2023_NestedFNO,Arafath2025_MalayBasinML;Attanasi2025_ResourceML;Baek2023_WellboreLeakage;Crain2023_MonitoringHistory;Diplas2026_DOEInjection;ESR_Chan2024_124;ESR_Chen2024_119;ESR_Falola2024_123;ESR_Hassani2024_118;ESR_Kadeethum2024_128;ESR_Kanakaki2025_045;ESR_Liu2025_121;ESR_Lozano2025_215;ESR_Meng2025_211;ESR_Nunez2023_166;ESR_Park2025_223;ESR_Pawar2023_168;ESR_RefNone_173;ESR_Tang2022_226;ESR_Tang2024_135;ESR_Tariq2023_174;ESR_Um2024_091;ESR_Vishal2025_213;ESR_Wang2024_089;ESR_Wu2025_042;ESR_Zhang2025_115;ESR_Zhang2025_178;ESR_Zheng2025_207;ESR_Zhou2026_127;Gahlot2025_DigitalShadow;Han2024_HierarchicalMCMC;Jiang2024_DSIHistoryMatching;Leong2024_SeisCO2Net;Lin2020_PressureLeakage;Lu2022_BayesianOptimization;Mo2018_EncoderDecoderUQ;Nassabeh2024_OffshoreSite;Seabra2024_AIEnhancedDA;Shokouhi2021_PhysicsInformedSite;TARGET_DRLGeoRisk2026_214483;TARGET_JointInversion2023_2022JB025372;Tang2022_DLDataAssimilationForecasting;Tang2024_GNNFaulted;Teng2024_LikelihoodFreeDA;VoThanh2026_DigitalTwinGNN;Wang2025_4DHistoryMatching;Wen2021_CCSNet;Wen2021_PlumeDNN;Wen2023_NestedFNO;Witte2023_WNO;Yan2021_RobustDLWorkflow;Yin2022_XAILeakage;Zhang2021_LearningInversionFreeForecast;Zhong2019_PressureAnomaly
IJGGC-V2-WP8-R2-FULL-57-PAPER-REVIEW-2026-07-30,full_57_paper_independent_review_with_author_adjudication,coding_version,original_locked_coding,score_ge3::uncertainty_score,57,8,39,18,0.205,0.140,0.108,0.355,ESR_Tang2022_226;Han2024_HierarchicalMCMC;Jiang2024_DSIHistoryMatching;Mo2018_EncoderDecoderUQ;VoThanh2026_DigitalTwinGNN;Wang2025_4DHistoryMatching;Zhang2021_LearningInversionFreeForecast;Zhong2019_PressureAnomaly,Arafath2025_MalayBasinML;Baek2023_WellboreLeakage;Crain2023_MonitoringHistory;Diplas2026_DOEInjection;ESR_Chan2024_124;ESR_Kadeethum2024_128;ESR_Lozano2025_215;ESR_Meng2025_211;ESR_Pawar2023_168;ESR_RefNone_173;ESR_Tang2022_226;ESR_Um2024_091;ESR_Um2024_104;ESR_Vishal2025_213;ESR_Wang2024_089;ESR_Wu2025_042;ESR_Zhou2026_127;Gahlot2025_DigitalShadow;Han2024_HierarchicalMCMC;Jiang2024_DSIHistoryMatching;Leong2024_SeisCO2Net;Lin2020_PressureLeakage;Lu2022_BayesianOptimization;Mo2018_EncoderDecoderUQ;Seabra2024_AIEnhancedDA;Shokouhi2021_PhysicsInformedSite;TARGET_DRLGeoRisk2026_214483;TARGET_JointInversion2023_2022JB025372;Tang2022_DLDataAssimilationForecasting;Tang2024_GNNFaulted;Teng2024_LikelihoodFreeDA;VoThanh2026_DigitalTwinGNN;Wang2025_4DHistoryMatching;Wen2021_CCSNet;Wen2021_PlumeDNN;Wen2023_NestedFNO;Yan2021_RobustDLWorkflow;Zhang2021_LearningInversionFreeForecast;Zhong2019_PressureAnomaly
IJGGC-V2-WP8-R2-FULL-57-PAPER-REVIEW-2026-07-30,full_57_paper_independent_review_with_author_adjudication,coding_version,original_locked_coding,score_ge3::transferability_score,57,2,34,23,0.059,0.035,0.016,0.191,ESR_Nunez2023_166;ESR_Wu2025_042,Arafath2025_MalayBasinML;Baek2023_WellboreLeakage;Diplas2026_DOEInjection;ESR_Chan2024_124;ESR_Chen2024_119;ESR_Kadeethum2024_128;ESR_Meng2025_211;ESR_Nunez2023_166;ESR_Pawar2023_168;ESR_RefNone_173;ESR_Tang2022_226;ESR_Vishal2025_213;ESR_Wang2024_089;ESR_Wu2025_042;ESR_Zhang2025_115;ESR_Zhou2026_127;Han2024_HierarchicalMCMC;Jiang2024_DSIHistoryMatching;Leong2024_SeisCO2Net;Lin2020_PressureLeakage;Mo2018_EncoderDecoderUQ;Nassabeh2024_OffshoreSite;Shokouhi2021_PhysicsInformedSite;TARGET_DRLGeoRisk2026_214483;TARGET_JointInversion2023_2022JB025372;Tang2024_GNNFaulted;VoThanh2026_DigitalTwinGNN;Wang2025_4DHistoryMatching;Wen2021_CCSNet;Wen2021_PlumeDNN;Wen2023_NestedFNO;Yan2021_RobustDLWorkflow;Zhang2021_LearningInversionFreeForecast;Zhong2019_PressureAnomaly
IJGGC-V2-WP8-R2-FULL-57-PAPER-REVIEW-2026-07-30,full_57_paper_independent_review_with_author_adjudication,coding_version,original_locked_coding,score_ge3::decision_readiness_score,57,9,55,2,0.164,0.158,0.089,0.283,Baek2023_WellboreLeakage;Diplas2026_DOEInjection;ESR_Tang2022_226;Leong2024_SeisCO2Net;Lin2020_PressureLeakage;TARGET_DRLGeoRisk2026_214483;Wang2025_4DHistoryMatching;Wen2023_NestedFNO;Zhong2019_PressureAnomaly,Arafath2025_MalayBasinML;Attanasi2025_ResourceML;Baek2023_WellboreLeakage;Crain2023_MonitoringHistory;Diplas2026_DOEInjection;ESR_Chan2024_124;ESR_Chen2024_119;ESR_Falola2024_123;ESR_Hassani2024_118;ESR_Kadeethum2024_128;ESR_Kanakaki2025_045;ESR_Liu2025_121;ESR_Lozano2025_215;ESR_Meng2025_211;ESR_Nunez2023_166;ESR_Park2025_223;ESR_Pawar2023_168;ESR_RefNone_173;ESR_Tang2022_226;ESR_Tang2024_135;ESR_Tariq2023_174;ESR_Um2024_091;ESR_Um2024_104;ESR_Vishal2025_213;ESR_Wang2024_089;ESR_Wu2025_042;ESR_Zhang2025_115;ESR_Zhang2025_178;ESR_Zheng2025_207;ESR_Zhou2026_127;Gahlot2025_DigitalShadow;Han2024_HierarchicalMCMC;Jiang2024_DSIHistoryMatching;Leong2024_SeisCO2Net;Lin2020_PressureLeakage;Lu2022_BayesianOptimization;Mo2018_EncoderDecoderUQ;Nassabeh2024_OffshoreSite;Seabra2024_AIEnhancedDA;Shokouhi2021_PhysicsInformedSite;TARGET_DRLGeoRisk2026_214483;TARGET_JointInversion2023_2022JB025372;Tang2022_DLDataAssimilationForecasting;Tang2024_GNNFaulted;Teng2024_LikelihoodFreeDA;VoThanh2026_DigitalTwinGNN;Wang2025_4DHistoryMatching;Wen2021_CCSNet;Wen2021_PlumeDNN;Wen2023_NestedFNO;Witte2023_WNO;Yan2021_RobustDLWorkflow;Yin2022_XAILeakage;Zhang2021_LearningInversionFreeForecast;Zhong2019_PressureAnomaly
IJGGC-V2-WP8-R2-FULL-57-PAPER-REVIEW-2026-07-30,full_57_paper_independent_review_with_author_adjudication,coding_version,original_locked_coding,red_zone_application_map_criticality,57,40,52,5,0.769,0.702,0.639,0.863,Baek2023_WellboreLeakage;Crain2023_MonitoringHistory;Diplas2026_DOEInjection;ESR_Chan2024_124;ESR_Chen2024_119;ESR_Falola2024_123;ESR_Hassani2024_118;ESR_Kadeethum2024_128;ESR_Kanakaki2025_045;ESR_Lozano2025_215;ESR_Meng2025_211;ESR_Nunez2023_166;ESR_Park2025_223;ESR_Pawar2023_168;ESR_Tang2022_226;ESR_Tang2024_135;ESR_Wu2025_042;ESR_Zhang2025_115;ESR_Zheng2025_207;ESR_Zhou2026_127;Gahlot2025_DigitalShadow;Han2024_HierarchicalMCMC;Jiang2024_DSIHistoryMatching;Lu2022_BayesianOptimization;Mo2018_EncoderDecoderUQ;Seabra2024_AIEnhancedDA;TARGET_DRLGeoRisk2026_214483;Tang2022_DLDataAssimilationForecasting;Tang2024_GNNFaulted;Teng2024_LikelihoodFreeDA;VoThanh2026_DigitalTwinGNN;Wang2025_4DHistoryMatching;Wen2021_CCSNet;Wen2021_PlumeDNN;Wen2022_UFNO;Wen2023_NestedFNO;Witte2023_WNO;Yan2021_RobustDLWorkflow;Yin2022_XAILeakage;Zhang2021_LearningInversionFreeForecast,Arafath2025_MalayBasinML;Attanasi2025_ResourceML;Baek2023_WellboreLeakage;Crain2023_MonitoringHistory;Diplas2026_DOEInjection;ESR_Chan2024_124;ESR_Chen2024_119;ESR_Falola2024_123;ESR_Hassani2024_118;ESR_Kadeethum2024_128;ESR_Kanakaki2025_045;ESR_Lozano2025_215;ESR_Meng2025_211;ESR_Nunez2023_166;ESR_Park2025_223;ESR_Pawar2023_168;ESR_RefNone_173;ESR_Tang2022_226;ESR_Tang2024_135;ESR_Um2024_091;ESR_Um2024_104;ESR_Vishal2025_213;ESR_Wang2024_089;ESR_Wu2025_042;ESR_Zhang2025_115;ESR_Zheng2025_207;ESR_Zhou2026_127;Gahlot2025_DigitalShadow;Han2024_HierarchicalMCMC;Jiang2024_DSIHistoryMatching;Leong2024_SeisCO2Net;Lin2020_PressureLeakage;Lu2022_BayesianOptimization;Mo2018_EncoderDecoderUQ;Nassabeh2024_OffshoreSite;Seabra2024_AIEnhancedDA;TARGET_DRLGeoRisk2026_214483;TARGET_JointInversion2023_2022JB025372;Tang2022_DLDataAssimilationForecasting;Tang2024_GNNFaulted;Teng2024_LikelihoodFreeDA;VoThanh2026_DigitalTwinGNN;Wang2025_4DHistoryMatching;Wen2021_CCSNet;Wen2021_PlumeDNN;Wen2022_UFNO;Wen2023_NestedFNO;Witte2023_WNO;Yan2021_RobustDLWorkflow;Yin2022_XAILeakage;Zhang2021_LearningInversionFreeForecast;Zhong2019_PressureAnomaly
IJGGC-V2-WP8-R2-FULL-57-PAPER-REVIEW-2026-07-30,full_57_paper_independent_review_with_author_adjudication,coding_version,conservative_author_verified_coding,score_ge3::field_evidence_score,57,8,56,1,0.143,0.140,0.074,0.257,Arafath2025_MalayBasinML;ESR_Vishal2025_213;ESR_Wang2024_089;ESR_Zhang2025_178;Leong2024_SeisCO2Net;Lin2020_PressureLeakage;Lu2025_GISMLSite;Zhong2019_PressureAnomaly,Arafath2025_MalayBasinML;Attanasi2025_ResourceML;Baek2023_WellboreLeakage;Crain2023_MonitoringHistory;Diplas2026_DOEInjection;ESR_Chan2024_124;ESR_Chen2024_119;ESR_Falola2024_123;ESR_Hassani2024_118;ESR_Kadeethum2024_128;ESR_Kanakaki2025_045;ESR_Lozano2025_215;ESR_Meng2025_211;ESR_Nunez2023_166;ESR_Park2025_223;ESR_Pawar2023_168;ESR_RefNone_173;ESR_Tang2022_226;ESR_Tang2024_135;ESR_Tariq2023_174;ESR_Um2024_091;ESR_Um2024_104;ESR_Vishal2025_213;ESR_Wang2024_089;ESR_Wu2025_042;ESR_Zhang2025_115;ESR_Zhang2025_178;ESR_Zheng2025_207;ESR_Zhou2026_127;Gahlot2025_DigitalShadow;Han2024_HierarchicalMCMC;Jiang2024_DSIHistoryMatching;Leong2024_SeisCO2Net;Lin2020_PressureLeakage;Lu2022_BayesianOptimization;Lu2025_GISMLSite;Mo2018_EncoderDecoderUQ;Nassabeh2024_OffshoreSite;Seabra2024_AIEnhancedDA;Shokouhi2021_PhysicsInformedSite;TARGET_DRLGeoRisk2026_214483;TARGET_JointInversion2023_2022JB025372;Tang2022_DLDataAssimilationForecasting;Tang2024_GNNFaulted;Teng2024_LikelihoodFreeDA;VoThanh2026_DigitalTwinGNN;Wang2025_4DHistoryMatching;Wen2021_CCSNet;Wen2021_PlumeDNN;Wen2022_UFNO;Wen2023_NestedFNO;Witte2023_WNO;Yan2021_RobustDLWorkflow;Yin2022_XAILeakage;Zhang2021_LearningInversionFreeForecast;Zhong2019_PressureAnomaly
IJGGC-V2-WP8-R2-FULL-57-PAPER-REVIEW-2026-07-30,full_57_paper_independent_review_with_author_adjudication,coding_version,conservative_author_verified_coding,score_ge3::physical_consistency_score,57,42,57,0,0.737,0.737,0.610,0.834,Baek2023_WellboreLeakage;Crain2023_MonitoringHistory;Diplas2026_DOEInjection;ESR_Chan2024_124;ESR_Chen2024_119;ESR_Falola2024_123;ESR_Kanakaki2025_045;ESR_Lozano2025_215;ESR_Meng2025_211;ESR_Nunez2023_166;ESR_Park2025_223;ESR_Tang2022_226;ESR_Tang2024_135;ESR_Tariq2023_174;ESR_Um2024_091;ESR_Um2024_104;ESR_Zhang2025_115;ESR_Zhang2025_178;ESR_Zheng2025_207;ESR_Zhou2026_127;Gahlot2025_DigitalShadow;Han2024_HierarchicalMCMC;Jiang2024_DSIHistoryMatching;Leong2024_SeisCO2Net;Lu2022_BayesianOptimization;Mo2018_EncoderDecoderUQ;Seabra2024_AIEnhancedDA;Shokouhi2021_PhysicsInformedSite;TARGET_DRLGeoRisk2026_214483;TARGET_JointInversion2023_2022JB025372;Tang2022_DLDataAssimilationForecasting;Tang2024_GNNFaulted;Teng2024_LikelihoodFreeDA;VoThanh2026_DigitalTwinGNN;Wang2025_4DHistoryMatching;Wen2021_CCSNet;Wen2021_PlumeDNN;Wen2022_UFNO;Wen2023_NestedFNO;Witte2023_WNO;Yan2021_RobustDLWorkflow;Yin2022_XAILeakage,Arafath2025_MalayBasinML;Attanasi2025_ResourceML;Baek2023_WellboreLeakage;Crain2023_MonitoringHistory;Diplas2026_DOEInjection;ESR_Chan2024_124;ESR_Chen2024_119;ESR_Falola2024_123;ESR_Hassani2024_118;ESR_Kadeethum2024_128;ESR_Kanakaki2025_045;ESR_Liu2025_121;ESR_Lozano2025_215;ESR_Meng2025_211;ESR_Nunez2023_166;ESR_Park2025_223;ESR_Pawar2023_168;ESR_RefNone_173;ESR_Tang2022_226;ESR_Tang2024_135;ESR_Tariq2023_174;ESR_Um2024_091;ESR_Um2024_104;ESR_Vishal2025_213;ESR_Wang2024_089;ESR_Wu2025_042;ESR_Zhang2025_115;ESR_Zhang2025_178;ESR_Zheng2025_207;ESR_Zhou2026_127;Gahlot2025_DigitalShadow;Han2024_HierarchicalMCMC;Jiang2024_DSIHistoryMatching;Leong2024_SeisCO2Net;Lin2020_PressureLeakage;Lu2022_BayesianOptimization;Lu2025_GISMLSite;Mo2018_EncoderDecoderUQ;Nassabeh2024_OffshoreSite;Seabra2024_AIEnhancedDA;Shokouhi2021_PhysicsInformedSite;TARGET_DRLGeoRisk2026_214483;TARGET_JointInversion2023_2022JB025372;Tang2022_DLDataAssimilationForecasting;Tang2024_GNNFaulted;Teng2024_LikelihoodFreeDA;VoThanh2026_DigitalTwinGNN;Wang2025_4DHistoryMatching;Wen2021_CCSNet;Wen2021_PlumeDNN;Wen2022_UFNO;Wen2023_NestedFNO;Witte2023_WNO;Yan2021_RobustDLWorkflow;Yin2022_XAILeakage;Zhang2021_LearningInversionFreeForecast;Zhong2019_PressureAnomaly
IJGGC-V2-WP8-R2-FULL-57-PAPER-REVIEW-2026-07-30,full_57_paper_independent_review_with_author_adjudication,coding_version,conservative_author_verified_coding,score_ge3::uncertainty_score,57,14,56,1,0.250,0.246,0.155,0.377,Crain2023_MonitoringHistory;ESR_Lozano2025_215;ESR_Tang2022_226;Gahlot2025_DigitalShadow;Han2024_HierarchicalMCMC;Jiang2024_DSIHistoryMatching;Mo2018_EncoderDecoderUQ;Seabra2024_AIEnhancedDA;Tang2022_DLDataAssimilationForecasting;Teng2024_LikelihoodFreeDA;VoThanh2026_DigitalTwinGNN;Wang2025_4DHistoryMatching;Zhang2021_LearningInversionFreeForecast;Zhong2019_PressureAnomaly,Arafath2025_MalayBasinML;Attanasi2025_ResourceML;Baek2023_WellboreLeakage;Crain2023_MonitoringHistory;Diplas2026_DOEInjection;ESR_Chan2024_124;ESR_Chen2024_119;ESR_Falola2024_123;ESR_Hassani2024_118;ESR_Kadeethum2024_128;ESR_Kanakaki2025_045;ESR_Lozano2025_215;ESR_Meng2025_211;ESR_Nunez2023_166;ESR_Park2025_223;ESR_Pawar2023_168;ESR_RefNone_173;ESR_Tang2022_226;ESR_Tang2024_135;ESR_Tariq2023_174;ESR_Um2024_091;ESR_Um2024_104;ESR_Vishal2025_213;ESR_Wang2024_089;ESR_Wu2025_042;ESR_Zhang2025_115;ESR_Zhang2025_178;ESR_Zheng2025_207;ESR_Zhou2026_127;Gahlot2025_DigitalShadow;Han2024_HierarchicalMCMC;Jiang2024_DSIHistoryMatching;Leong2024_SeisCO2Net;Lin2020_PressureLeakage;Lu2022_BayesianOptimization;Lu2025_GISMLSite;Mo2018_EncoderDecoderUQ;Nassabeh2024_OffshoreSite;Seabra2024_AIEnhancedDA;Shokouhi2021_PhysicsInformedSite;TARGET_DRLGeoRisk2026_214483;TARGET_JointInversion2023_2022JB025372;Tang2022_DLDataAssimilationForecasting;Tang2024_GNNFaulted;Teng2024_LikelihoodFreeDA;VoThanh2026_DigitalTwinGNN;Wang2025_4DHistoryMatching;Wen2021_CCSNet;Wen2021_PlumeDNN;Wen2022_UFNO;Wen2023_NestedFNO;Witte2023_WNO;Yan2021_RobustDLWorkflow;Yin2022_XAILeakage;Zhang2021_LearningInversionFreeForecast;Zhong2019_PressureAnomaly
IJGGC-V2-WP8-R2-FULL-57-PAPER-REVIEW-2026-07-30,full_57_paper_independent_review_with_author_adjudication,coding_version,conservative_author_verified_coding,score_ge3::transferability_score,57,7,56,1,0.125,0.123,0.062,0.236,ESR_Wu2025_042;ESR_Zhang2025_115;Seabra2024_AIEnhancedDA;Tang2022_DLDataAssimilationForecasting;Tang2024_GNNFaulted;VoThanh2026_DigitalTwinGNN;Wen2021_PlumeDNN,Arafath2025_MalayBasinML;Attanasi2025_ResourceML;Baek2023_WellboreLeakage;Crain2023_MonitoringHistory;Diplas2026_DOEInjection;ESR_Chan2024_124;ESR_Chen2024_119;ESR_Falola2024_123;ESR_Hassani2024_118;ESR_Kadeethum2024_128;ESR_Kanakaki2025_045;ESR_Lozano2025_215;ESR_Meng2025_211;ESR_Nunez2023_166;ESR_Park2025_223;ESR_Pawar2023_168;ESR_RefNone_173;ESR_Tang2022_226;ESR_Tang2024_135;ESR_Tariq2023_174;ESR_Um2024_091;ESR_Um2024_104;ESR_Vishal2025_213;ESR_Wang2024_089;ESR_Wu2025_042;ESR_Zhang2025_115;ESR_Zhang2025_178;ESR_Zheng2025_207;ESR_Zhou2026_127;Gahlot2025_DigitalShadow;Han2024_HierarchicalMCMC;Jiang2024_DSIHistoryMatching;Leong2024_SeisCO2Net;Lin2020_PressureLeakage;Lu2022_BayesianOptimization;Lu2025_GISMLSite;Mo2018_EncoderDecoderUQ;Nassabeh2024_OffshoreSite;Seabra2024_AIEnhancedDA;Shokouhi2021_PhysicsInformedSite;TARGET_DRLGeoRisk2026_214483;TARGET_JointInversion2023_2022JB025372;Tang2022_DLDataAssimilationForecasting;Tang2024_GNNFaulted;Teng2024_LikelihoodFreeDA;VoThanh2026_DigitalTwinGNN;Wang2025_4DHistoryMatching;Wen2021_CCSNet;Wen2021_PlumeDNN;Wen2022_UFNO;Wen2023_NestedFNO;Witte2023_WNO;Yan2021_RobustDLWorkflow;Yin2022_XAILeakage;Zhang2021_LearningInversionFreeForecast;Zhong2019_PressureAnomaly
IJGGC-V2-WP8-R2-FULL-57-PAPER-REVIEW-2026-07-30,full_57_paper_independent_review_with_author_adjudication,coding_version,conservative_author_verified_coding,score_ge3::decision_readiness_score,57,11,57,0,0.193,0.193,0.111,0.313,Baek2023_WellboreLeakage;Crain2023_MonitoringHistory;Diplas2026_DOEInjection;ESR_Tang2022_226;Leong2024_SeisCO2Net;Lin2020_PressureLeakage;Lu2022_BayesianOptimization;TARGET_DRLGeoRisk2026_214483;Wang2025_4DHistoryMatching;Wen2023_NestedFNO;Zhong2019_PressureAnomaly,Arafath2025_MalayBasinML;Attanasi2025_ResourceML;Baek2023_WellboreLeakage;Crain2023_MonitoringHistory;Diplas2026_DOEInjection;ESR_Chan2024_124;ESR_Chen2024_119;ESR_Falola2024_123;ESR_Hassani2024_118;ESR_Kadeethum2024_128;ESR_Kanakaki2025_045;ESR_Liu2025_121;ESR_Lozano2025_215;ESR_Meng2025_211;ESR_Nunez2023_166;ESR_Park2025_223;ESR_Pawar2023_168;ESR_RefNone_173;ESR_Tang2022_226;ESR_Tang2024_135;ESR_Tariq2023_174;ESR_Um2024_091;ESR_Um2024_104;ESR_Vishal2025_213;ESR_Wang2024_089;ESR_Wu2025_042;ESR_Zhang2025_115;ESR_Zhang2025_178;ESR_Zheng2025_207;ESR_Zhou2026_127;Gahlot2025_DigitalShadow;Han2024_HierarchicalMCMC;Jiang2024_DSIHistoryMatching;Leong2024_SeisCO2Net;Lin2020_PressureLeakage;Lu2022_BayesianOptimization;Lu2025_GISMLSite;Mo2018_EncoderDecoderUQ;Nassabeh2024_OffshoreSite;Seabra2024_AIEnhancedDA;Shokouhi2021_PhysicsInformedSite;TARGET_DRLGeoRisk2026_214483;TARGET_JointInversion2023_2022JB025372;Tang2022_DLDataAssimilationForecasting;Tang2024_GNNFaulted;Teng2024_LikelihoodFreeDA;VoThanh2026_DigitalTwinGNN;Wang2025_4DHistoryMatching;Wen2021_CCSNet;Wen2021_PlumeDNN;Wen2022_UFNO;Wen2023_NestedFNO;Witte2023_WNO;Yan2021_RobustDLWorkflow;Yin2022_XAILeakage;Zhang2021_LearningInversionFreeForecast;Zhong2019_PressureAnomaly
IJGGC-V2-WP8-R2-FULL-57-PAPER-REVIEW-2026-07-30,full_57_paper_independent_review_with_author_adjudication,coding_version,conservative_author_verified_coding,red_zone_application_map_criticality,57,40,53,4,0.755,0.702,0.624,0.851,Baek2023_WellboreLeakage;Crain2023_MonitoringHistory;Diplas2026_DOEInjection;ESR_Chan2024_124;ESR_Chen2024_119;ESR_Falola2024_123;ESR_Hassani2024_118;ESR_Kadeethum2024_128;ESR_Kanakaki2025_045;ESR_Lozano2025_215;ESR_Meng2025_211;ESR_Nunez2023_166;ESR_Park2025_223;ESR_Pawar2023_168;ESR_Tang2022_226;ESR_Tang2024_135;ESR_Wu2025_042;ESR_Zhang2025_115;ESR_Zheng2025_207;ESR_Zhou2026_127;Gahlot2025_DigitalShadow;Han2024_HierarchicalMCMC;Jiang2024_DSIHistoryMatching;Lu2022_BayesianOptimization;Mo2018_EncoderDecoderUQ;Seabra2024_AIEnhancedDA;TARGET_DRLGeoRisk2026_214483;Tang2022_DLDataAssimilationForecasting;Tang2024_GNNFaulted;Teng2024_LikelihoodFreeDA;VoThanh2026_DigitalTwinGNN;Wang2025_4DHistoryMatching;Wen2021_CCSNet;Wen2021_PlumeDNN;Wen2022_UFNO;Wen2023_NestedFNO;Witte2023_WNO;Yan2021_RobustDLWorkflow;Yin2022_XAILeakage;Zhang2021_LearningInversionFreeForecast,Arafath2025_MalayBasinML;Attanasi2025_ResourceML;Baek2023_WellboreLeakage;Crain2023_MonitoringHistory;Diplas2026_DOEInjection;ESR_Chan2024_124;ESR_Chen2024_119;ESR_Falola2024_123;ESR_Hassani2024_118;ESR_Kadeethum2024_128;ESR_Kanakaki2025_045;ESR_Lozano2025_215;ESR_Meng2025_211;ESR_Nunez2023_166;ESR_Park2025_223;ESR_Pawar2023_168;ESR_RefNone_173;ESR_Tang2022_226;ESR_Tang2024_135;ESR_Um2024_091;ESR_Um2024_104;ESR_Vishal2025_213;ESR_Wang2024_089;ESR_Wu2025_042;ESR_Zhang2025_115;ESR_Zheng2025_207;ESR_Zhou2026_127;Gahlot2025_DigitalShadow;Han2024_HierarchicalMCMC;Jiang2024_DSIHistoryMatching;Leong2024_SeisCO2Net;Lin2020_PressureLeakage;Lu2022_BayesianOptimization;Lu2025_GISMLSite;Mo2018_EncoderDecoderUQ;Nassabeh2024_OffshoreSite;Seabra2024_AIEnhancedDA;TARGET_DRLGeoRisk2026_214483;TARGET_JointInversion2023_2022JB025372;Tang2022_DLDataAssimilationForecasting;Tang2024_GNNFaulted;Teng2024_LikelihoodFreeDA;VoThanh2026_DigitalTwinGNN;Wang2025_4DHistoryMatching;Wen2021_CCSNet;Wen2021_PlumeDNN;Wen2022_UFNO;Wen2023_NestedFNO;Witte2023_WNO;Yan2021_RobustDLWorkflow;Yin2022_XAILeakage;Zhang2021_LearningInversionFreeForecast;Zhong2019_PressureAnomaly
IJGGC-V2-WP8-R2-FULL-57-PAPER-REVIEW-2026-07-30,full_57_paper_independent_review_with_author_adjudication,peer_review_status,peer_reviewed_journal_only,synthetic_led_evidence,49,37,47,2,0.787,0.755,0.651,0.880,Baek2023_WellboreLeakage;Crain2023_MonitoringHistory;Diplas2026_DOEInjection;ESR_Chan2024_124;ESR_Chen2024_119;ESR_Kadeethum2024_128;ESR_Kanakaki2025_045;ESR_Liu2025_121;ESR_Lozano2025_215;ESR_Nunez2023_166;ESR_Park2025_223;ESR_Tang2024_135;ESR_Zhang2025_115;ESR_Zheng2025_207;Gahlot2025_DigitalShadow;Han2024_HierarchicalMCMC;Jiang2024_DSIHistoryMatching;Lin2020_PressureLeakage;Lu2022_BayesianOptimization;Mo2018_EncoderDecoderUQ;Seabra2024_AIEnhancedDA;Shokouhi2021_PhysicsInformedSite;TARGET_DRLGeoRisk2026_214483;TARGET_JointInversion2023_2022JB025372;Tang2022_DLDataAssimilationForecasting;Tang2024_GNNFaulted;Teng2024_LikelihoodFreeDA;VoThanh2026_DigitalTwinGNN;Wang2025_4DHistoryMatching;Wen2021_CCSNet;Wen2021_PlumeDNN;Wen2022_UFNO;Wen2023_NestedFNO;Witte2023_WNO;Yan2021_RobustDLWorkflow;Zhang2021_LearningInversionFreeForecast;Zhong2019_PressureAnomaly,Arafath2025_MalayBasinML;Attanasi2025_ResourceML;Baek2023_WellboreLeakage;Crain2023_MonitoringHistory;Diplas2026_DOEInjection;ESR_Chan2024_124;ESR_Chen2024_119;ESR_Kadeethum2024_128;ESR_Kanakaki2025_045;ESR_Liu2025_121;ESR_Lozano2025_215;ESR_Nunez2023_166;ESR_Park2025_223;ESR_RefNone_173;ESR_Tang2022_226;ESR_Tang2024_135;ESR_Um2024_091;ESR_Wang2024_089;ESR_Zhang2025_115;ESR_Zhang2025_178;ESR_Zheng2025_207;Gahlot2025_DigitalShadow;Han2024_HierarchicalMCMC;Jiang2024_DSIHistoryMatching;Leong2024_SeisCO2Net;Lin2020_PressureLeakage;Lu2022_BayesianOptimization;Lu2025_GISMLSite;Mo2018_EncoderDecoderUQ;Nassabeh2024_OffshoreSite;Seabra2024_AIEnhancedDA;Shokouhi2021_PhysicsInformedSite;TARGET_DRLGeoRisk2026_214483;TARGET_JointInversion2023_2022JB025372;Tang2022_DLDataAssimilationForecasting;Tang2024_GNNFaulted;Teng2024_LikelihoodFreeDA;VoThanh2026_DigitalTwinGNN;Wang2025_4DHistoryMatching;Wen2021_CCSNet;Wen2021_PlumeDNN;Wen2022_UFNO;Wen2023_NestedFNO;Witte2023_WNO;Yan2021_RobustDLWorkflow;Zhang2021_LearningInversionFreeForecast;Zhong2019_PressureAnomaly
IJGGC-V2-WP8-R2-FULL-57-PAPER-REVIEW-2026-07-30,full_57_paper_independent_review_with_author_adjudication,peer_review_status,peer_reviewed_journal_only,score_ge3::field_evidence_score,49,7,48,1,0.146,0.143,0.072,0.272,Arafath2025_MalayBasinML;ESR_Wang2024_089;ESR_Zhang2025_178;Leong2024_SeisCO2Net;Lin2020_PressureLeakage;Lu2025_GISMLSite;Zhong2019_PressureAnomaly,Arafath2025_MalayBasinML;Attanasi2025_ResourceML;Baek2023_WellboreLeakage;Crain2023_MonitoringHistory;Diplas2026_DOEInjection;ESR_Chan2024_124;ESR_Chen2024_119;ESR_Kadeethum2024_128;ESR_Kanakaki2025_045;ESR_Lozano2025_215;ESR_Meng2025_211;ESR_Nunez2023_166;ESR_Park2025_223;ESR_RefNone_173;ESR_Tang2022_226;ESR_Tang2024_135;ESR_Um2024_091;ESR_Um2024_104;ESR_Wang2024_089;ESR_Zhang2025_115;ESR_Zhang2025_178;ESR_Zheng2025_207;Gahlot2025_DigitalShadow;Han2024_HierarchicalMCMC;Jiang2024_DSIHistoryMatching;Leong2024_SeisCO2Net;Lin2020_PressureLeakage;Lu2022_BayesianOptimization;Lu2025_GISMLSite;Mo2018_EncoderDecoderUQ;Nassabeh2024_OffshoreSite;Seabra2024_AIEnhancedDA;Shokouhi2021_PhysicsInformedSite;TARGET_DRLGeoRisk2026_214483;TARGET_JointInversion2023_2022JB025372;Tang2022_DLDataAssimilationForecasting;Tang2024_GNNFaulted;Teng2024_LikelihoodFreeDA;VoThanh2026_DigitalTwinGNN;Wang2025_4DHistoryMatching;Wen2021_CCSNet;Wen2021_PlumeDNN;Wen2022_UFNO;Wen2023_NestedFNO;Witte2023_WNO;Yan2021_RobustDLWorkflow;Zhang2021_LearningInversionFreeForecast;Zhong2019_PressureAnomaly
IJGGC-V2-WP8-R2-FULL-57-PAPER-REVIEW-2026-07-30,full_57_paper_independent_review_with_author_adjudication,peer_review_status,peer_reviewed_journal_only,score_ge3::physical_consistency_score,49,38,49,0,0.776,0.776,0.641,0.870,Baek2023_WellboreLeakage;Crain2023_MonitoringHistory;Diplas2026_DOEInjection;ESR_Chan2024_124;ESR_Chen2024_119;ESR_Kanakaki2025_045;ESR_Lozano2025_215;ESR_Meng2025_211;ESR_Nunez2023_166;ESR_Park2025_223;ESR_Tang2022_226;ESR_Tang2024_135;ESR_Um2024_091;ESR_Um2024_104;ESR_Zhang2025_115;ESR_Zhang2025_178;ESR_Zheng2025_207;Gahlot2025_DigitalShadow;Han2024_HierarchicalMCMC;Jiang2024_DSIHistoryMatching;Leong2024_SeisCO2Net;Lu2022_BayesianOptimization;Mo2018_EncoderDecoderUQ;Seabra2024_AIEnhancedDA;Shokouhi2021_PhysicsInformedSite;TARGET_DRLGeoRisk2026_214483;TARGET_JointInversion2023_2022JB025372;Tang2022_DLDataAssimilationForecasting;Tang2024_GNNFaulted;Teng2024_LikelihoodFreeDA;VoThanh2026_DigitalTwinGNN;Wang2025_4DHistoryMatching;Wen2021_CCSNet;Wen2021_PlumeDNN;Wen2022_UFNO;Wen2023_NestedFNO;Witte2023_WNO;Yan2021_RobustDLWorkflow,Arafath2025_MalayBasinML;Attanasi2025_ResourceML;Baek2023_WellboreLeakage;Crain2023_MonitoringHistory;Diplas2026_DOEInjection;ESR_Chan2024_124;ESR_Chen2024_119;ESR_Kadeethum2024_128;ESR_Kanakaki2025_045;ESR_Liu2025_121;ESR_Lozano2025_215;ESR_Meng2025_211;ESR_Nunez2023_166;ESR_Park2025_223;ESR_RefNone_173;ESR_Tang2022_226;ESR_Tang2024_135;ESR_Um2024_091;ESR_Um2024_104;ESR_Wang2024_089;ESR_Zhang2025_115;ESR_Zhang2025_178;ESR_Zheng2025_207;Gahlot2025_DigitalShadow;Han2024_HierarchicalMCMC;Jiang2024_DSIHistoryMatching;Leong2024_SeisCO2Net;Lin2020_PressureLeakage;Lu2022_BayesianOptimization;Lu2025_GISMLSite;Mo2018_EncoderDecoderUQ;Nassabeh2024_OffshoreSite;Seabra2024_AIEnhancedDA;Shokouhi2021_PhysicsInformedSite;TARGET_DRLGeoRisk2026_214483;TARGET_JointInversion2023_2022JB025372;Tang2022_DLDataAssimilationForecasting;Tang2024_GNNFaulted;Teng2024_LikelihoodFreeDA;VoThanh2026_DigitalTwinGNN;Wang2025_4DHistoryMatching;Wen2021_CCSNet;Wen2021_PlumeDNN;Wen2022_UFNO;Wen2023_NestedFNO;Witte2023_WNO;Yan2021_RobustDLWorkflow;Zhang2021_LearningInversionFreeForecast;Zhong2019_PressureAnomaly
IJGGC-V2-WP8-R2-FULL-57-PAPER-REVIEW-2026-07-30,full_57_paper_independent_review_with_author_adjudication,peer_review_status,peer_reviewed_journal_only,score_ge3::uncertainty_score,49,14,48,1,0.292,0.286,0.182,0.432,Crain2023_MonitoringHistory;ESR_Lozano2025_215;ESR_Tang2022_226;Gahlot2025_DigitalShadow;Han2024_HierarchicalMCMC;Jiang2024_DSIHistoryMatching;Mo2018_EncoderDecoderUQ;Seabra2024_AIEnhancedDA;Tang2022_DLDataAssimilationForecasting;Teng2024_LikelihoodFreeDA;VoThanh2026_DigitalTwinGNN;Wang2025_4DHistoryMatching;Zhang2021_LearningInversionFreeForecast;Zhong2019_PressureAnomaly,Arafath2025_MalayBasinML;Attanasi2025_ResourceML;Baek2023_WellboreLeakage;Crain2023_MonitoringHistory;Diplas2026_DOEInjection;ESR_Chan2024_124;ESR_Chen2024_119;ESR_Kadeethum2024_128;ESR_Kanakaki2025_045;ESR_Lozano2025_215;ESR_Meng2025_211;ESR_Nunez2023_166;ESR_Park2025_223;ESR_RefNone_173;ESR_Tang2022_226;ESR_Tang2024_135;ESR_Um2024_091;ESR_Um2024_104;ESR_Wang2024_089;ESR_Zhang2025_115;ESR_Zhang2025_178;ESR_Zheng2025_207;Gahlot2025_DigitalShadow;Han2024_HierarchicalMCMC;Jiang2024_DSIHistoryMatching;Leong2024_SeisCO2Net;Lin2020_PressureLeakage;Lu2022_BayesianOptimization;Lu2025_GISMLSite;Mo2018_EncoderDecoderUQ;Nassabeh2024_OffshoreSite;Seabra2024_AIEnhancedDA;Shokouhi2021_PhysicsInformedSite;TARGET_DRLGeoRisk2026_214483;TARGET_JointInversion2023_2022JB025372;Tang2022_DLDataAssimilationForecasting;Tang2024_GNNFaulted;Teng2024_LikelihoodFreeDA;VoThanh2026_DigitalTwinGNN;Wang2025_4DHistoryMatching;Wen2021_CCSNet;Wen2021_PlumeDNN;Wen2022_UFNO;Wen2023_NestedFNO;Witte2023_WNO;Yan2021_RobustDLWorkflow;Zhang2021_LearningInversionFreeForecast;Zhong2019_PressureAnomaly
IJGGC-V2-WP8-R2-FULL-57-PAPER-REVIEW-2026-07-30,full_57_paper_independent_review_with_author_adjudication,peer_review_status,peer_reviewed_journal_only,score_ge3::transferability_score,49,6,48,1,0.125,0.122,0.059,0.247,ESR_Zhang2025_115;Seabra2024_AIEnhancedDA;Tang2022_DLDataAssimilationForecasting;Tang2024_GNNFaulted;VoThanh2026_DigitalTwinGNN;Wen2021_PlumeDNN,Arafath2025_MalayBasinML;Attanasi2025_ResourceML;Baek2023_WellboreLeakage;Crain2023_MonitoringHistory;Diplas2026_DOEInjection;ESR_Chan2024_124;ESR_Chen2024_119;ESR_Kadeethum2024_128;ESR_Kanakaki2025_045;ESR_Lozano2025_215;ESR_Meng2025_211;ESR_Nunez2023_166;ESR_Park2025_223;ESR_RefNone_173;ESR_Tang2022_226;ESR_Tang2024_135;ESR_Um2024_091;ESR_Um2024_104;ESR_Wang2024_089;ESR_Zhang2025_115;ESR_Zhang2025_178;ESR_Zheng2025_207;Gahlot2025_DigitalShadow;Han2024_HierarchicalMCMC;Jiang2024_DSIHistoryMatching;Leong2024_SeisCO2Net;Lin2020_PressureLeakage;Lu2022_BayesianOptimization;Lu2025_GISMLSite;Mo2018_EncoderDecoderUQ;Nassabeh2024_OffshoreSite;Seabra2024_AIEnhancedDA;Shokouhi2021_PhysicsInformedSite;TARGET_DRLGeoRisk2026_214483;TARGET_JointInversion2023_2022JB025372;Tang2022_DLDataAssimilationForecasting;Tang2024_GNNFaulted;Teng2024_LikelihoodFreeDA;VoThanh2026_DigitalTwinGNN;Wang2025_4DHistoryMatching;Wen2021_CCSNet;Wen2021_PlumeDNN;Wen2022_UFNO;Wen2023_NestedFNO;Witte2023_WNO;Yan2021_RobustDLWorkflow;Zhang2021_LearningInversionFreeForecast;Zhong2019_PressureAnomaly
IJGGC-V2-WP8-R2-FULL-57-PAPER-REVIEW-2026-07-30,full_57_paper_independent_review_with_author_adjudication,peer_review_status,peer_reviewed_journal_only,score_ge3::decision_readiness_score,49,11,49,0,0.224,0.224,0.130,0.359,Baek2023_WellboreLeakage;Crain2023_MonitoringHistory;Diplas2026_DOEInjection;ESR_Tang2022_226;Leong2024_SeisCO2Net;Lin2020_PressureLeakage;Lu2022_BayesianOptimization;TARGET_DRLGeoRisk2026_214483;Wang2025_4DHistoryMatching;Wen2023_NestedFNO;Zhong2019_PressureAnomaly,Arafath2025_MalayBasinML;Attanasi2025_ResourceML;Baek2023_WellboreLeakage;Crain2023_MonitoringHistory;Diplas2026_DOEInjection;ESR_Chan2024_124;ESR_Chen2024_119;ESR_Kadeethum2024_128;ESR_Kanakaki2025_045;ESR_Liu2025_121;ESR_Lozano2025_215;ESR_Meng2025_211;ESR_Nunez2023_166;ESR_Park2025_223;ESR_RefNone_173;ESR_Tang2022_226;ESR_Tang2024_135;ESR_Um2024_091;ESR_Um2024_104;ESR_Wang2024_089;ESR_Zhang2025_115;ESR_Zhang2025_178;ESR_Zheng2025_207;Gahlot2025_DigitalShadow;Han2024_HierarchicalMCMC;Jiang2024_DSIHistoryMatching;Leong2024_SeisCO2Net;Lin2020_PressureLeakage;Lu2022_BayesianOptimization;Lu2025_GISMLSite;Mo2018_EncoderDecoderUQ;Nassabeh2024_OffshoreSite;Seabra2024_AIEnhancedDA;Shokouhi2021_PhysicsInformedSite;TARGET_DRLGeoRisk2026_214483;TARGET_JointInversion2023_2022JB025372;Tang2022_DLDataAssimilationForecasting;Tang2024_GNNFaulted;Teng2024_LikelihoodFreeDA;VoThanh2026_DigitalTwinGNN;Wang2025_4DHistoryMatching;Wen2021_CCSNet;Wen2021_PlumeDNN;Wen2022_UFNO;Wen2023_NestedFNO;Witte2023_WNO;Yan2021_RobustDLWorkflow;Zhang2021_LearningInversionFreeForecast;Zhong2019_PressureAnomaly
IJGGC-V2-WP8-R2-FULL-57-PAPER-REVIEW-2026-07-30,full_57_paper_independent_review_with_author_adjudication,peer_review_status,peer_reviewed_journal_only,direct_field_validation,49,7,48,1,0.146,0.143,0.072,0.272,Arafath2025_MalayBasinML;ESR_Wang2024_089;ESR_Zhang2025_178;Leong2024_SeisCO2Net;Lin2020_PressureLeakage;Lu2025_GISMLSite;Zhong2019_PressureAnomaly,Arafath2025_MalayBasinML;Attanasi2025_ResourceML;Baek2023_WellboreLeakage;Crain2023_MonitoringHistory;Diplas2026_DOEInjection;ESR_Chan2024_124;ESR_Chen2024_119;ESR_Kadeethum2024_128;ESR_Kanakaki2025_045;ESR_Lozano2025_215;ESR_Meng2025_211;ESR_Nunez2023_166;ESR_Park2025_223;ESR_RefNone_173;ESR_Tang2022_226;ESR_Tang2024_135;ESR_Um2024_091;ESR_Um2024_104;ESR_Wang2024_089;ESR_Zhang2025_115;ESR_Zhang2025_178;ESR_Zheng2025_207;Gahlot2025_DigitalShadow;Han2024_HierarchicalMCMC;Jiang2024_DSIHistoryMatching;Leong2024_SeisCO2Net;Lin2020_PressureLeakage;Lu2022_BayesianOptimization;Lu2025_GISMLSite;Mo2018_EncoderDecoderUQ;Nassabeh2024_OffshoreSite;Seabra2024_AIEnhancedDA;Shokouhi2021_PhysicsInformedSite;TARGET_DRLGeoRisk2026_214483;TARGET_JointInversion2023_2022JB025372;Tang2022_DLDataAssimilationForecasting;Tang2024_GNNFaulted;Teng2024_LikelihoodFreeDA;VoThanh2026_DigitalTwinGNN;Wang2025_4DHistoryMatching;Wen2021_CCSNet;Wen2021_PlumeDNN;Wen2022_UFNO;Wen2023_NestedFNO;Witte2023_WNO;Yan2021_RobustDLWorkflow;Zhang2021_LearningInversionFreeForecast;Zhong2019_PressureAnomaly
IJGGC-V2-WP8-R2-FULL-57-PAPER-REVIEW-2026-07-30,full_57_paper_independent_review_with_author_adjudication,peer_review_status,peer_reviewed_journal_only,controlled_release_ml_validation,49,5,48,1,0.104,0.102,0.045,0.222,ESR_Wang2024_089;ESR_Zhang2025_178;Leong2024_SeisCO2Net;Lin2020_PressureLeakage;Zhong2019_PressureAnomaly,Arafath2025_MalayBasinML;Attanasi2025_ResourceML;Baek2023_WellboreLeakage;Crain2023_MonitoringHistory;Diplas2026_DOEInjection;ESR_Chan2024_124;ESR_Chen2024_119;ESR_Kadeethum2024_128;ESR_Kanakaki2025_045;ESR_Lozano2025_215;ESR_Meng2025_211;ESR_Nunez2023_166;ESR_Park2025_223;ESR_RefNone_173;ESR_Tang2022_226;ESR_Tang2024_135;ESR_Um2024_091;ESR_Um2024_104;ESR_Wang2024_089;ESR_Zhang2025_115;ESR_Zhang2025_178;ESR_Zheng2025_207;Gahlot2025_DigitalShadow;Han2024_HierarchicalMCMC;Jiang2024_DSIHistoryMatching;Leong2024_SeisCO2Net;Lin2020_PressureLeakage;Lu2022_BayesianOptimization;Lu2025_GISMLSite;Mo2018_EncoderDecoderUQ;Nassabeh2024_OffshoreSite;Seabra2024_AIEnhancedDA;Shokouhi2021_PhysicsInformedSite;TARGET_DRLGeoRisk2026_214483;TARGET_JointInversion2023_2022JB025372;Tang2022_DLDataAssimilationForecasting;Tang2024_GNNFaulted;Teng2024_LikelihoodFreeDA;VoThanh2026_DigitalTwinGNN;Wang2025_4DHistoryMatching;Wen2021_CCSNet;Wen2021_PlumeDNN;Wen2022_UFNO;Wen2023_NestedFNO;Witte2023_WNO;Yan2021_RobustDLWorkflow;Zhang2021_LearningInversionFreeForecast;Zhong2019_PressureAnomaly
IJGGC-V2-WP8-R2-FULL-57-PAPER-REVIEW-2026-07-30,full_57_paper_independent_review_with_author_adjudication,peer_review_status,peer_reviewed_journal_only,explicit_ood_testing,49,12,47,2,0.255,0.245,0.153,0.395,ESR_Chan2024_124;ESR_Tang2022_226;ESR_Zhang2025_115;Leong2024_SeisCO2Net;Lin2020_PressureLeakage;Seabra2024_AIEnhancedDA;Tang2022_DLDataAssimilationForecasting;Tang2024_GNNFaulted;VoThanh2026_DigitalTwinGNN;Wen2021_PlumeDNN;Wen2022_UFNO;Zhong2019_PressureAnomaly,Arafath2025_MalayBasinML;Attanasi2025_ResourceML;Baek2023_WellboreLeakage;Crain2023_MonitoringHistory;Diplas2026_DOEInjection;ESR_Chan2024_124;ESR_Chen2024_119;ESR_Kadeethum2024_128;ESR_Kanakaki2025_045;ESR_Lozano2025_215;ESR_Meng2025_211;ESR_Nunez2023_166;ESR_Park2025_223;ESR_RefNone_173;ESR_Tang2022_226;ESR_Tang2024_135;ESR_Um2024_091;ESR_Um2024_104;ESR_Wang2024_089;ESR_Zhang2025_115;ESR_Zhang2025_178;ESR_Zheng2025_207;Gahlot2025_DigitalShadow;Han2024_HierarchicalMCMC;Jiang2024_DSIHistoryMatching;Leong2024_SeisCO2Net;Lin2020_PressureLeakage;Lu2022_BayesianOptimization;Lu2025_GISMLSite;Mo2018_EncoderDecoderUQ;Nassabeh2024_OffshoreSite;Seabra2024_AIEnhancedDA;TARGET_DRLGeoRisk2026_214483;TARGET_JointInversion2023_2022JB025372;Tang2022_DLDataAssimilationForecasting;Tang2024_GNNFaulted;Teng2024_LikelihoodFreeDA;VoThanh2026_DigitalTwinGNN;Wang2025_4DHistoryMatching;Wen2021_CCSNet;Wen2021_PlumeDNN;Wen2022_UFNO;Wen2023_NestedFNO;Witte2023_WNO;Yan2021_RobustDLWorkflow;Zhang2021_LearningInversionFreeForecast;Zhong2019_PressureAnomaly
IJGGC-V2-WP8-R2-FULL-57-PAPER-REVIEW-2026-07-30,full_57_paper_independent_review_with_author_adjudication,peer_review_status,peer_reviewed_journal_only,explicit_cross_site_testing,49,0,48,1,0.000,0.000,0.000,0.074,,Arafath2025_MalayBasinML;Attanasi2025_ResourceML;Baek2023_WellboreLeakage;Crain2023_MonitoringHistory;Diplas2026_DOEInjection;ESR_Chan2024_124;ESR_Chen2024_119;ESR_Kadeethum2024_128;ESR_Kanakaki2025_045;ESR_Lozano2025_215;ESR_Meng2025_211;ESR_Nunez2023_166;ESR_Park2025_223;ESR_RefNone_173;ESR_Tang2022_226;ESR_Tang2024_135;ESR_Um2024_091;ESR_Um2024_104;ESR_Wang2024_089;ESR_Zhang2025_115;ESR_Zhang2025_178;ESR_Zheng2025_207;Gahlot2025_DigitalShadow;Han2024_HierarchicalMCMC;Jiang2024_DSIHistoryMatching;Leong2024_SeisCO2Net;Lin2020_PressureLeakage;Lu2022_BayesianOptimization;Lu2025_GISMLSite;Mo2018_EncoderDecoderUQ;Nassabeh2024_OffshoreSite;Seabra2024_AIEnhancedDA;Shokouhi2021_PhysicsInformedSite;TARGET_DRLGeoRisk2026_214483;TARGET_JointInversion2023_2022JB025372;Tang2022_DLDataAssimilationForecasting;Tang2024_GNNFaulted;Teng2024_LikelihoodFreeDA;VoThanh2026_DigitalTwinGNN;Wang2025_4DHistoryMatching;Wen2021_CCSNet;Wen2021_PlumeDNN;Wen2022_UFNO;Wen2023_NestedFNO;Witte2023_WNO;Yan2021_RobustDLWorkflow;Zhang2021_LearningInversionFreeForecast;Zhong2019_PressureAnomaly
IJGGC-V2-WP8-R2-FULL-57-PAPER-REVIEW-2026-07-30,full_57_paper_independent_review_with_author_adjudication,peer_review_status,peer_reviewed_journal_only,uncertainty_calibration_or_posterior_check,49,13,40,9,0.325,0.265,0.201,0.480,Crain2023_MonitoringHistory;ESR_Lozano2025_215;ESR_Tang2022_226;Gahlot2025_DigitalShadow;Han2024_HierarchicalMCMC;Jiang2024_DSIHistoryMatching;Mo2018_EncoderDecoderUQ;Seabra2024_AIEnhancedDA;Tang2022_DLDataAssimilationForecasting;Teng2024_LikelihoodFreeDA;VoThanh2026_DigitalTwinGNN;Wang2025_4DHistoryMatching;Zhang2021_LearningInversionFreeForecast,Arafath2025_MalayBasinML;Attanasi2025_ResourceML;Crain2023_MonitoringHistory;Diplas2026_DOEInjection;ESR_Chan2024_124;ESR_Chen2024_119;ESR_Kadeethum2024_128;ESR_Kanakaki2025_045;ESR_Lozano2025_215;ESR_Meng2025_211;ESR_Nunez2023_166;ESR_Park2025_223;ESR_RefNone_173;ESR_Tang2022_226;ESR_Tang2024_135;ESR_Um2024_091;ESR_Um2024_104;ESR_Wang2024_089;ESR_Zhang2025_115;ESR_Zhang2025_178;ESR_Zheng2025_207;Gahlot2025_DigitalShadow;Han2024_HierarchicalMCMC;Jiang2024_DSIHistoryMatching;Lu2022_BayesianOptimization;Lu2025_GISMLSite;Mo2018_EncoderDecoderUQ;Nassabeh2024_OffshoreSite;Seabra2024_AIEnhancedDA;Shokouhi2021_PhysicsInformedSite;Tang2022_DLDataAssimilationForecasting;Tang2024_GNNFaulted;Teng2024_LikelihoodFreeDA;VoThanh2026_DigitalTwinGNN;Wang2025_4DHistoryMatching;Wen2021_PlumeDNN;Wen2022_UFNO;Witte2023_WNO;Yan2021_RobustDLWorkflow;Zhang2021_LearningInversionFreeForecast
IJGGC-V2-WP8-R2-FULL-57-PAPER-REVIEW-2026-07-30,full_57_paper_independent_review_with_author_adjudication,peer_review_status,peer_reviewed_journal_only,surrogate_error_propagation,49,4,19,30,0.211,0.082,0.085,0.433,Diplas2026_DOEInjection;Han2024_HierarchicalMCMC;Lu2022_BayesianOptimization;Wang2025_4DHistoryMatching,Attanasi2025_ResourceML;Baek2023_WellboreLeakage;Diplas2026_DOEInjection;ESR_Chan2024_124;ESR_Chen2024_119;ESR_Lozano2025_215;ESR_Meng2025_211;ESR_Tang2022_226;ESR_Zheng2025_207;Han2024_HierarchicalMCMC;Lu2022_BayesianOptimization;Mo2018_EncoderDecoderUQ;Seabra2024_AIEnhancedDA;TARGET_DRLGeoRisk2026_214483;Tang2022_DLDataAssimilationForecasting;Teng2024_LikelihoodFreeDA;Wang2025_4DHistoryMatching;Wen2021_CCSNet;Wen2023_NestedFNO
IJGGC-V2-WP8-R2-FULL-57-PAPER-REVIEW-2026-07-30,full_57_paper_independent_review_with_author_adjudication,peer_review_status,peer_reviewed_journal_only,any_physical_diagnostic_checked,49,22,39,10,0.564,0.449,0.410,0.707,Baek2023_WellboreLeakage;Crain2023_MonitoringHistory;Diplas2026_DOEInjection;ESR_Chan2024_124;ESR_Kanakaki2025_045;ESR_Tang2022_226;ESR_Tang2024_135;ESR_Um2024_091;ESR_Zheng2025_207;Han2024_HierarchicalMCMC;Jiang2024_DSIHistoryMatching;Leong2024_SeisCO2Net;Mo2018_EncoderDecoderUQ;TARGET_DRLGeoRisk2026_214483;Tang2024_GNNFaulted;VoThanh2026_DigitalTwinGNN;Wen2021_CCSNet;Wen2021_PlumeDNN;Wen2022_UFNO;Wen2023_NestedFNO;Yan2021_RobustDLWorkflow;Zhong2019_PressureAnomaly,Arafath2025_MalayBasinML;Attanasi2025_ResourceML;Baek2023_WellboreLeakage;Crain2023_MonitoringHistory;Diplas2026_DOEInjection;ESR_Chan2024_124;ESR_Chen2024_119;ESR_Kanakaki2025_045;ESR_Meng2025_211;ESR_RefNone_173;ESR_Tang2022_226;ESR_Tang2024_135;ESR_Um2024_091;ESR_Um2024_104;ESR_Wang2024_089;ESR_Zheng2025_207;Gahlot2025_DigitalShadow;Han2024_HierarchicalMCMC;Jiang2024_DSIHistoryMatching;Leong2024_SeisCO2Net;Lin2020_PressureLeakage;Lu2022_BayesianOptimization;Lu2025_GISMLSite;Mo2018_EncoderDecoderUQ;Nassabeh2024_OffshoreSite;TARGET_DRLGeoRisk2026_214483;TARGET_JointInversion2023_2022JB025372;Tang2022_DLDataAssimilationForecasting;Tang2024_GNNFaulted;Teng2024_LikelihoodFreeDA;VoThanh2026_DigitalTwinGNN;Wang2025_4DHistoryMatching;Wen2021_CCSNet;Wen2021_PlumeDNN;Wen2022_UFNO;Wen2023_NestedFNO;Yan2021_RobustDLWorkflow;Zhang2021_LearningInversionFreeForecast;Zhong2019_PressureAnomaly
IJGGC-V2-WP8-R2-FULL-57-PAPER-REVIEW-2026-07-30,full_57_paper_independent_review_with_author_adjudication,peer_review_status,peer_reviewed_journal_only,red_zone_recode_criticality,49,0,0,49,,0.000,,,,
